hu_0,hu_1,hu_2,hu_3,hu_4,hu_5,hu_6,glcm_contrast,glcm_homogeneity,glcm_energy,glcm_correlation,baseline_ratio,ink_intensity_mean,ink_intensity_std,filename,writer_id,label
2.1777833221844403,4.637524919173306,7.713886504324607,7.804821219234639,15.637806355041315,10.184083489044829,15.834797412136487,225.1506740196079,0.9517793633435573,0.9504613142201803,0.7513059049297898,2.433962260870671,148.4293563579278,26.14072744090885,10_genuine_original_10_1.png,10,genuine
2.188246982094232,4.638521654636945,7.754262616202448,7.663463375941833,15.395727169669136,10.008251300787007,15.867683534049156,247.41795343137252,0.9423429501443199,0.9407958593133137,0.7743760123024116,1.9428571410068025,147.91844660194175,25.685447559993595,10_genuine_original_10_10.png,10,genuine
2.122860679398803,4.412354034758976,7.567805573515417,7.500883798242807,15.03524915761805,9.754975927870154,17.04590901503073,187.67904411764707,0.9592776982454461,0.9581048872743516,0.7528750126801305,1.5017502899629518,149.10307835820896,26.756766298686333,10_genuine_original_10_11.png,10,genuine
2.232207014400729,4.827457803954123,7.664046511307406,7.78826601575304,15.558317842047353,10.204781387881832,15.883167311329377,249.24745710784308,0.9395404522565814,0.9374414682504324,0.7897787120140775,7.537662318083994,146.47094615150593,24.24855432357838,10_genuine_original_10_12.png,10,genuine
2.1988126150085203,4.598546686934562,7.778297770066237,7.744105929508274,15.50569055299512,10.086334796691759,16.882405250987336,216.87561274509804,0.9458379606579975,0.9444876287669042,0.7571342323611544,1.5996360313015139,155.1389569478474,25.929104455321813,10_genuine_original_10_13.png,10,genuine
2.176422553959582,4.696262905765971,7.605307080760753,8.153077570627138,16.277058209469704,-12.516987138288687,16.117267404811372,223.11311274509805,0.9472873530794985,0.9459889554187801,0.7321272759497536,1.1831999990534399,156.22425796995236,24.761839235930292,10_genuine_original_10_14.png,10,genuine
2.186905958376347,4.561895042003848,8.431794262474424,8.1196421503334,16.404061157050887,10.421046954102888,-17.09829378789908,195.3437806372549,0.9546265293917301,0.9536014470608626,0.7624689580214135,0.8517374510797393,150.42702251876563,25.691753389343482,10_genuine_original_10_15.png,10,genuine
2.107903214171432,4.38454563514892,7.549386473646533,7.516729434412177,15.055089210463473,9.735134818366319,15.858597491266885,206.30882352941174,0.9561992503765423,0.9550260848122784,0.7489380754233936,1.64179104289117,148.11864406779662,25.211100131210888,10_genuine_original_10_16.png,10,genuine
2.081661615912485,4.348532688176986,7.4499584819201194,7.4041475398304115,14.831805454479843,9.63340580725781,-16.10903694309803,169.6229166666667,0.9563253503032555,0.9551484034895977,0.7887282597549087,1.0469157245465543,150.87224108658742,25.91572917971652,10_genuine_original_10_17.png,10,genuine
2.0490453761548464,4.279496368680815,7.724291304695837,7.673497091744454,15.373024682260072,9.921670485646066,16.6402486787756,209.68507965686277,0.9564822856799589,0.9554857502023038,0.7251158035744351,1.3215767621145469,150.9763181411975,25.98554063514462,10_genuine_original_10_18.png,10,genuine
1.9791703628842443,4.127740046983523,7.24078391836541,8.062053163811612,15.855292829246233,-10.757920739638763,15.873043220361849,186.1910232843138,0.9608469162351484,0.959881771638767,0.737709639031135,0.614104595392944,149.8217967599411,25.71346503022317,10_genuine_original_10_19.png,10,genuine
2.187048846339669,4.655147724348219,9.279226343094605,8.542542668397427,17.481731697322477,10.9222252589989,17.909874968177647,196.84975490196078,0.9558066697523308,0.9546891233105378,0.7355882994344658,1.2869910612840207,153.50282240555796,24.762105042531626,10_genuine_original_10_2.png,10,genuine
2.098046548176619,4.395935986599254,8.03152982953703,7.781973651701198,15.694892097984559,10.072368696404716,-16.465151996016175,196.28250612745097,0.956162586629154,0.9550719017988403,0.7617044290066288,1.316999998683,148.4984894259819,25.759128301552522,10_genuine_original_10_20.png,10,genuine
2.0532010293703618,4.264127889562991,7.922401334129196,7.865775655325944,15.770990469182811,10.079440609297608,-16.41060495772582,195.53566176470582,0.960147515600948,0.9592996465178892,0.74008909507623,1.0717846449932356,147.79547641963427,26.267833462643,10_genuine_original_10_21.png,10,genuine
2.0581314708690304,4.314062798573896,7.7057090513938284,7.737011777048576,15.476633430721954,10.00643891412501,16.00505085949576,189.91482843137254,0.963064345272253,0.962424609089099,0.7036608432951524,1.7303206971861214,151.14095034703683,26.2861658331201,10_genuine_original_10_22.png,10,genuine
2.0754057180124335,4.33303362019255,8.23646550429743,8.49813880208933,17.076198515203448,11.715369759511109,16.96884807446412,182.41400122549018,0.9591949881163788,0.9582580909060108,0.7395247211031147,2.3783783745971725,152.69270588235295,25.114292503917333,10_genuine_original_10_23.png,10,genuine
2.163942570146326,4.557625469097121,7.797037349984335,7.758877223919698,15.556560856030524,10.114894466093928,16.067476865647414,208.55912990196077,0.9557009818373198,0.9546739567988611,0.7250091680662657,6.077881601003484,151.9986795774648,25.604960354106343,10_genuine_original_10_24.png,10,genuine
2.101613632264721,4.500748759003807,7.814354482405842,7.821768712219338,15.649839880661304,10.271864212997425,16.31298529326144,277.18155637254904,0.9520745276107497,0.9511817455859768,0.6836904176509722,3.9999999916492692,146.6455114822547,25.151267118815674,10_genuine_original_10_3.png,10,genuine
2.1339466904181275,4.505830783748644,10.277417211609938,9.281777928371097,-19.437324431416062,12.099493714780772,19.103689440811323,231.1163909313726,0.953737324565566,0.9528052650564744,0.6990502957083844,1.3171936745877533,153.00724946695095,25.72906959204111,10_genuine_original_10_4.png,10,genuine
2.13215848864428,4.540980509607684,7.852566729101948,7.884736879041565,15.768140161021266,10.232899896168126,-16.34468206017606,237.53255208333331,0.9507933751045855,0.9498029441616612,0.7220132416972312,0.7903340435036715,151.0782056371576,26.26029047235633,10_genuine_original_10_5.png,10,genuine
2.106121232559588,4.501760117343324,7.769369567089962,7.64395209824816,15.361902063750769,9.995921141061887,15.998279909784866,271.90548406862746,0.9473138272204006,0.9462188487520996,0.6963865360582858,1.5366317777957832,151.11290322580646,24.75246557792645,10_genuine_original_10_6.png,10,genuine
2.0578145602001143,4.317912794467281,7.787939370420236,7.429767692549412,15.038697877063786,9.613628163540934,-16.764772045183754,238.62742034313726,0.9554608919430682,0.9543520728942083,0.7223075055820329,1.1844843886617933,145.9051537462105,25.819762295955996,10_genuine_original_10_7.png,10,genuine
2.0319274473260496,4.242760268261537,7.972734754935362,7.753581298098515,15.626258447168698,9.952202982433626,-16.30056019776939,189.31927083333335,0.961928638168288,0.961107197239838,0.7205112043108796,1.2888888873814166,150.29228410832908,25.742234825316853,10_genuine_original_10_8.png,10,genuine
2.120217999889205,4.478661885275387,7.8318280563002265,8.123083480558241,16.118276723855434,10.782091424985893,16.65327888147412,190.86393995098038,0.9568117403054632,0.9558226569145105,0.7522450842296738,1.5452488670302615,151.0568888888889,27.272230224756076,10_genuine_original_10_9.png,10,genuine
1.8387260711273907,3.698365209344646,7.252333541093288,7.313947704720852,14.597265825329822,9.168606373593324,-16.140957860988994,112.28549325980394,0.9757414324037074,0.9743263172121178,0.8438703667034902,1.438144327425869,128.0,28.029155262865554,11_genuine_original_11_1.png,11,genuine
1.8623129619538163,3.754292765611164,6.729650623736995,6.977286130459704,13.838764490690185,8.920375379069755,-14.551308545197857,98.73170955882354,0.9744868212562304,0.9728863983274668,0.8681668127254064,5.752212363928264,130.00720838794234,28.573912809683502,11_genuine_original_11_10.png,11,genuine
1.849335359071032,3.7129335002211303,6.417604846249484,6.450714801713883,12.884877465175506,8.309199049661444,-15.326633800871964,93.98992034313726,0.9775507287574281,0.9761032303840363,0.8549808144020399,1.5112781926479733,130.7567365269461,27.272273479249748,11_genuine_original_11_11.png,11,genuine
1.8949811466140611,3.808123596362096,6.995304401351944,7.011787320070239,14.015333182489082,8.933599905680943,18.067498082309303,114.94816176470587,0.9731480355146985,0.9716149501355004,0.8464694169698096,13.390908969173555,132.40303221730892,28.74079671360923,11_genuine_original_11_12.png,11,genuine
1.8714647785552272,3.7643481331284794,7.336674168881348,7.63595139485598,15.137015921713312,9.639677116073974,-15.71355375432393,114.5934129901961,0.9741375702537497,0.9722889843923265,0.8583548365406273,3.8895898930927766,125.83032258064516,27.812371056184862,11_genuine_original_11_13.png,11,genuine
1.9271537953749034,3.8814934910309415,6.661502858632572,6.738818101947778,13.439128704323542,8.68899434563212,-15.019208502139133,119.97870710784315,0.9720447601814619,0.9703895336138926,0.8528435605579133,0.6143277717229364,129.15136778115502,28.00149050985593,11_genuine_original_11_14.png,11,genuine
1.868953639294816,3.8343515896019267,6.417464782475835,6.997022352628755,13.727063521126954,8.926037319019473,14.204997586932226,186.2880361519608,0.9682605856296523,0.9666825755969611,0.800077464229972,0.16928886081227887,125.52637244348762,27.766123117505323,11_genuine_original_11_15.png,11,genuine
1.8944209192313273,3.8189652367902274,6.808020298761357,6.928831643415352,13.797475505423158,8.846182804274495,-15.296624142915691,105.97314644607846,0.9747695902621888,0.9729170525145286,0.8635692607343742,0.9550128522429141,127.46679815910585,28.725074359874142,11_genuine_original_11_16.png,11,genuine
1.8143491444387077,3.6672114967538034,6.646701175260833,7.2103813684810385,14.326380158019113,9.404153404271923,-14.257875714449305,95.34469975490198,0.9753261386200569,0.973529797369713,0.867402128460195,5.270042171856362,130.90444145356662,27.82170728325369,11_genuine_original_11_17.png,11,genuine
1.7946120299635233,3.6553838924943465,6.244150472207725,6.727543553198373,13.214998288481992,8.55524422545412,14.279465533288265,145.19448529411767,0.9738094646464066,0.9722277937803991,0.8124379098798548,0.11563169156628715,126.0467050543826,27.971121092709186,11_genuine_original_11_18.png,11,genuine
1.8644281367088895,3.755673734493177,7.416181474159007,8.032887986909481,15.940473397519185,10.315362793089346,-15.879647693200413,136.16337316176472,0.9694111584029145,0.9674637724864784,0.8581196022954612,5.659340638610474,124.74642464246425,27.995207252867587,11_genuine_original_11_19.png,11,genuine
1.8045872123488245,3.624639925168458,6.54538919453198,6.616829309508072,13.198034780109612,8.436443824917518,-14.874734351808781,94.50523897058824,0.9763653821142517,0.9748624511148495,0.854120137276651,3.464968141831312,134.3601997146933,29.50276346668632,11_genuine_original_11_2.png,11,genuine
1.870263922352648,3.781458977519586,6.5536773349701045,6.817878244103061,13.515081783572068,8.776575234749163,-14.148778659863508,108.03379289215685,0.9730506435470684,0.9711248178533414,0.8684668460288767,2.812206566168529,127.89162561576354,27.90599241432401,11_genuine_original_11_20.png,11,genuine
1.990935627960704,4.020525157597336,7.562392351747969,8.506209126443581,-16.861894876102646,-10.733085187120952,16.59659723794693,130.22357536764704,0.9704053689867972,0.9691334416011541,0.849183582773841,0.21677327632070129,128.01343457943926,28.379116184263488,11_genuine_original_11_21.png,11,genuine
1.8549009949824933,3.737468239701503,7.134199240529458,7.761044564292929,15.428270210729092,10.455504670952298,-15.30684957046115,119.78633578431375,0.9743226572728763,0.9725953673768513,0.8468616643550793,1.4836065549449073,126.65214521452145,27.85300501090194,11_genuine_original_11_22.png,11,genuine
1.8280818640972287,3.6920379034822286,6.340895047540777,6.517848832913705,12.947228828693051,8.366755984083944,-15.162554303169935,115.82746629901962,0.9735239935408478,0.9716762769070423,0.853241254929883,0.5827482441497008,128.56527249683143,28.018369143530368,11_genuine_original_11_23.png,11,genuine
1.8426183421237727,3.7095394704508373,6.673438702947284,6.8567962350818705,13.62449733105933,8.75537943145722,-14.585466490451571,99.74321384803922,0.9759145271948102,0.974142480918918,0.8596079659511884,26.471697613741554,130.79807692307693,29.671537896390543,11_genuine_original_11_24.png,11,genuine
1.9140042525263674,3.850009452607855,7.628709277684493,8.231010354750033,16.319644770375586,10.647212793943647,-16.30342825835326,121.18642769607843,0.9740769906057232,0.9726106651887194,0.8365816071411897,1.3599374000626958,130.16976127320956,29.1518313540641,11_genuine_original_11_3.png,11,genuine
1.8686784858947023,3.753568657005134,7.479579806243103,7.800373862648054,15.455420540459077,9.76239207690267,-16.027164832725436,103.22354473039216,0.9748588467275411,0.9733306230459483,0.8621797018089414,2.830769223510848,128.7496653279786,28.394363455787254,11_genuine_original_11_4.png,11,genuine
1.8881764313017118,3.803519893636941,6.827479951409644,7.131691832356157,14.123067275177403,9.124575166881515,-14.749774356206231,104.98670343137258,0.9736884390825116,0.9722277146131529,0.8531469259244074,2.2280334681421894,134.0758263123785,29.552288186949994,11_genuine_original_11_5.png,11,genuine
1.9010530401683583,3.86049679332051,6.521599879255768,6.85627472521344,13.54544897779404,8.78678979943863,15.026378976070742,176.43783700980393,0.9690636710205528,0.9671574531220442,0.7980243514904274,0.5909909904585666,129.28255945639864,28.138268887915604,11_genuine_original_11_6.png,11,genuine
1.8845347438053457,3.7856993596659265,7.1273463282520515,7.287209524107302,14.495954652281085,9.216023945824402,-15.580352841748747,98.13723958333334,0.9737296286470988,0.9720132556643166,0.8723890409019206,1.3133235705515027,130.8373417721519,29.51137087048556,11_genuine_original_11_7.png,11,genuine
1.8033819221899132,3.6299955722227923,6.651661431207603,6.694750678976287,13.368038150939293,8.516478618837446,-15.08101739506901,116.38837316176469,0.9714775357781044,0.9699146401686485,0.8557542190770074,2.2451737408394328,131.1421772754313,27.88570856542503,11_genuine_original_11_8.png,11,genuine
1.8444620033659505,3.716459564393651,6.736524113738224,6.885592055731059,13.698297309431009,8.784244111207416,-14.757481286636756,112.94365808823525,0.9750177590949,0.9738667908358137,0.8390083122325358,1.6759776505102837,130.56924147529577,28.808734570002358,11_genuine_original_11_9.png,11,genuine
2.0190594872060967,4.253157221937104,8.530651172547081,7.662218506659375,15.758777937716427,9.832674570208562,-17.379348670059997,442.7223345588234,0.9474241823511751,0.9457594922054917,0.6695593830132934,1.071093749163208,126.78046020369672,26.89562532413435,12_genuine_original_12_1.png,12,genuine
2.0711993542783014,4.386809223506082,7.602758622725082,7.552693707323462,15.130691677249095,9.782169333658894,16.581804276467583,425.22576593137256,0.9501388085137666,0.9487769001829929,0.6648213381608109,0.7475524470296836,126.53941576630652,26.453269310270294,12_genuine_original_12_10.png,12,genuine
2.0704064067356,4.432869479473282,7.798698758114187,7.828216483214253,15.667645612770924,10.166921077030487,-16.115659012400222,522.1303615196078,0.9381736121642503,0.9366617431255685,0.626086323661496,0.6798661457446368,131.8824701195219,25.955360560779667,12_genuine_original_12_11.png,12,genuine
1.9992328429359028,4.24692176666295,7.9302208245833645,8.581450653635146,-17.250138293403214,10.735500992714359,-16.872418926585034,388.69420955882345,0.9498324715667646,0.9481947040954124,0.6921680260814483,1.1919451575047597,128.37333854573885,26.566705853855154,12_genuine_original_12_12.png,12,genuine
2.1246280307308614,4.514794038270623,8.281189318705426,7.83264466753304,15.889620080489212,10.107872100537994,17.67468785749805,505.7525735294119,0.9347425433224034,0.9318052274571713,0.7140457246519334,1.3292600126753156,124.35062663946371,25.563364995439066,12_genuine_original_12_13.png,12,genuine
2.0279820877083234,4.269140758551393,8.59587591353614,7.687982583201886,15.848717507123508,9.823429678525377,-16.370479502088763,430.61237745098043,0.9456992735991764,0.9443810636983221,0.6472431550442848,1.6025267234183411,133.38760268857357,26.369492554253018,12_genuine_original_12_14.png,12,genuine
2.021462327309271,4.229375995967509,7.398202003813206,7.344747396463403,14.716542269740485,9.499907103636122,16.13206687453358,393.5340379901962,0.9503985831718109,0.9487615417734722,0.6813668955238104,0.7645818687529291,128.84707287933094,27.42301977417353,12_genuine_original_12_15.png,12,genuine
2.036066675835755,4.309209628871762,8.188976952845884,7.861023344447152,15.886471991507445,10.205397242272133,-17.22874440582333,444.1262254901961,0.950547350651825,0.9495585507224186,0.6100018022799097,0.714080459257126,130.73093042749372,26.45866359091013,12_genuine_original_12_16.png,12,genuine
2.0384850328918116,4.361334578010126,8.077417918650841,8.649746566605746,-17.06566298628431,10.844207081768028,17.347955070712725,421.47117034313726,0.9458554644452004,0.9440285531880466,0.6881109471353638,1.5901027062650768,128.6665465032444,24.871483335637397,12_genuine_original_12_17.png,12,genuine
1.9641388589014115,4.092850684399266,7.8426244837871675,7.84550807090394,15.689857961670857,10.017665327556871,17.13172990784234,386.53734681372543,0.9545431651275349,0.95351006831908,0.6413774326387656,0.6716529538731092,130.21700223713646,27.61369625731127,12_genuine_original_12_18.png,12,genuine
1.9469454649120237,4.073045452832308,7.479576045083438,7.195464735689518,14.533207143436425,9.239939833885037,-16.02827981561178,419.5362438725491,0.9519602003950962,0.9508143132955301,0.6404322921994757,1.0801056328520195,128.54845535336437,26.56084131003624,12_genuine_original_12_19.png,12,genuine
2.120385757863341,4.454600573239765,8.224029683152848,7.789966070915126,15.855429389718783,10.017622541559485,-16.110468711748233,410.6357230392157,0.9450742336572583,0.943002124728648,0.7045656841671387,1.4302822913342323,128.63111580429427,26.358542436323017,12_genuine_original_12_2.png,12,genuine
2.0243577306770417,4.210784828623963,7.839944452396001,8.317858642079784,16.46064473448484,10.672834778145528,-16.69359916429317,412.27686887254913,0.9502864003247931,0.9489609186016584,0.6457095974803223,1.5660770014921155,131.3057583130576,26.07780064011242,12_genuine_original_12_20.png,12,genuine
2.0831283928313487,4.360529035333059,7.498175724285552,7.5159366261956615,15.023640772328118,9.769658379809107,-16.285916115670076,423.8336397058823,0.9470488572237936,0.9450699904859646,0.6912834180593613,0.761658030594781,126.73235294117647,26.600842761840052,12_genuine_original_12_21.png,12,genuine
1.9567023313858483,4.082632842139049,7.48532800641776,7.976746233076668,15.811735629412006,10.419720232273905,-15.917650099557852,445.394975490196,0.9512063701322615,0.9498955609566295,0.6067815624398768,0.6134800545987069,130.1014492753623,26.835483240104892,12_genuine_original_12_22.png,12,genuine
2.035376578374734,4.289287772996149,8.069056427114493,7.665975065102711,15.536747791311099,9.814151335465873,16.447086871100964,436.98281249999997,0.9461677211946755,0.9449478190177436,0.6450984769755341,1.3064236099770627,132.33684606699285,26.30291339054051,12_genuine_original_12_23.png,12,genuine
1.9758888517415882,4.224149938264879,7.898705443288096,7.8483856589860626,-15.81927479267295,9.978186705782994,15.943011300494037,380.55266544117654,0.9531502077560883,0.9520395106911357,0.6669536243903299,1.5986622055756274,128.994422994423,26.257665649521194,12_genuine_original_12_24.png,12,genuine
1.9965496014259263,4.188240736338822,7.511264692417047,7.656881191485186,15.252467960382512,9.818255053205311,-15.884452919015342,393.5205882352941,0.9568058357239566,0.955593463248147,0.6294883904593089,0.38608010480231114,127.49360492657509,26.266279052902416,12_genuine_original_12_3.png,12,genuine
1.9731309902659409,4.109303670054948,8.016954136500194,8.11038914401433,16.174896942260805,10.168622359879615,-17.381711715096543,444.2764399509803,0.9501985427579115,0.9490222268199001,0.6326886020810228,0.9877149869060482,127.94561186650185,26.90794345541375,12_genuine_original_12_4.png,12,genuine
2.0564008545596506,4.299991457285298,7.800302149943413,7.683340491325137,15.426972565807317,9.861795845533042,-16.465514009172278,442.3317708333333,0.9461087276036556,0.9446108976538116,0.6501266764182627,0.8502080437931983,130.90704647676162,26.40343319873381,12_genuine_original_12_5.png,12,genuine
2.0162078044154788,4.25101918961292,8.114393999696391,8.317351396371814,16.563152212362812,10.820406757290133,-16.9783537676514,493.5233762254902,0.9446936405205871,0.9434470057857994,0.6159894673464511,0.8359535195926496,130.26693968726732,26.98436990192301,12_genuine_original_12_6.png,12,genuine
2.081273084486933,4.360264660363664,9.093525842120679,7.990270565715166,17.064217286835685,10.17256485692846,-16.5517618655305,471.3939950980391,0.9433283101033471,0.9417309741357297,0.6642062070030651,2.3228070148271263,128.05455825413586,26.731120695017985,12_genuine_original_12_7.png,12,genuine
2.072741986691582,4.365981862089488,8.14886088772686,7.720540690365453,15.677363441502916,9.90469914620535,-16.16217390101965,437.706862745098,0.9459576899025439,0.9445956979468408,0.6225934181922497,0.8179291168742674,135.44113149847095,27.369560916732976,12_genuine_original_12_8.png,12,genuine
1.915834662812961,4.071812741166796,6.606975056370426,8.022289731019901,-15.37364095905465,-10.185166459475496,-15.740955609006614,443.3963541666666,0.9511821772377204,0.9499104906456082,0.6366703638587711,0.2354709417657961,126.93430656934306,27.45542252709315,12_genuine_original_12_9.png,12,genuine
1.9983292389265845,4.057704170736866,7.128749887599904,7.229724568034483,14.410056453663078,9.264185343078942,15.558246862395839,159.45153186274513,0.9636524640849689,0.9628382739664001,0.6763519027486833,0.053683609335417694,164.0390243902439,26.042108805288898,13_genuine_original_13_1.png,13,genuine
2.0271838602043504,4.128622741428468,7.2137617829295,7.370614051268508,14.666425666986983,9.453218517699296,15.553412420594587,193.70608149509803,0.9615594113422797,0.9607549115002434,0.6868187445854966,0.6985230228509791,155.26598465473145,26.166041599406313,13_genuine_original_13_10.png,13,genuine
2.026898293936201,4.1242835917297,7.247942451276039,7.43709436611774,14.787953487856777,9.551979427009558,15.491545350672624,188.01449142156866,0.9628305925524456,0.9620416609557397,0.6805477933830991,0.04505005559229696,155.8270356572645,25.970536244775502,13_genuine_original_13_11.png,13,genuine
1.9496595819822071,3.9443775626319177,7.044410386111777,7.1070469144499295,14.18406905956965,9.097409329592141,15.295916798829484,161.95937500000002,0.9638121382203423,0.962868891196895,0.6736827756542427,0.007099945381157866,163.55260303687635,25.754744919119815,13_genuine_original_13_12.png,13,genuine
2.006783590552031,4.0958723285028364,6.80138474961852,6.975988624842273,13.86701208732492,9.033172388135942,14.849911337457428,192.27189031862744,0.9637630496749714,0.962991409354679,0.6547796533476246,0.8035892315019051,157.01990049751242,26.834724205911755,13_genuine_original_13_13.png,13,genuine
1.9390642996391656,3.937320129191861,6.767651190653945,6.888337873362887,13.718246860154261,8.86902982194778,14.744643530652768,175.73776041666665,0.966078841027645,0.9654268762203252,0.6575310119795863,0.4105960261501688,158.22241784037558,26.770704150746912,13_genuine_original_13_14.png,13,genuine
2.000086720635512,4.0633900080415,7.124784914110849,7.275618034740371,14.480517266841247,9.32810077262284,15.310596005816853,204.47984068627454,0.9624039422232252,0.9616586531743874,0.6771189972089121,0.30189959273955247,153.0901511203752,27.25623309923552,13_genuine_original_13_15.png,13,genuine
1.9760850126393354,4.013809601334012,7.012826126595515,7.072378580288498,14.116065785106374,9.090270844072744,15.266215169350899,189.256081495098,0.9638705178713314,0.9632364551339442,0.6550551397066503,0.011185682320365948,157.57024336283186,26.103129782730054,13_genuine_original_13_16.png,13,genuine
1.9776518313469935,4.031822984973925,7.137450661461874,7.290352942703134,14.50908478220829,9.316797015145868,15.333067197048544,195.5288909313726,0.9623356836793635,0.9616588867589229,0.6430722151776652,0.0,158.80430107526882,25.11599718972123,13_genuine_original_13_17.png,13,genuine
1.9579872185240634,3.9979302061631534,6.934205382557974,7.200079657756393,14.290518737777136,9.29014656518019,14.763497588172976,213.56979166666667,0.9617228074975054,0.9611226163780213,0.6413996949421413,0.27688172024403107,156.00473684210527,26.918991118269734,13_genuine_original_13_18.png,13,genuine
1.9413838111568018,3.9612300213570375,6.691392262208549,6.894780177812482,13.694758458195233,8.908320957271357,14.440505934872943,187.38858762254904,0.9648843772722568,0.9640942140562557,0.6702734996839371,0.35944700433222193,154.80169491525425,26.939117326389937,13_genuine_original_13_19.png,13,genuine
1.9773680440676142,4.0244025583495695,7.315659058111458,7.528129448135806,14.958811199997307,9.58089763278485,15.650847153662518,162.60237438725488,0.9646827344591019,0.9639410587478359,0.6865029949083885,0.7689282194995789,160.35297387437464,26.497704197381832,13_genuine_original_13_2.png,13,genuine
1.9624814731973212,4.012461251834204,6.7955501335432595,6.988729124989437,13.885172306667648,9.009954567095019,14.734480586279568,174.22326899509798,0.9631368003745021,0.9624094852976873,0.6305465298671034,0.36411411384075515,165.47220693450743,26.189971554855394,13_genuine_original_13_20.png,13,genuine
2.0201574740316133,4.122367633061309,6.880166955003947,6.91247783032839,13.809628719824085,8.977111160387729,15.01844607211336,200.6870098039216,0.9622478513970558,0.9613675924087034,0.6842315045888806,0.6445578225811582,153.09720785935883,25.71838301453529,13_genuine_original_13_21.png,13,genuine
2.035489970790123,4.1645296340565885,7.5347926430912695,7.4803791948846055,14.990593685299238,9.571082982577213,15.947795340275308,221.23114276960786,0.95652820990481,0.9556388588579517,0.6695224309304071,0.4464871960298836,157.29641398093509,26.649022925988724,13_genuine_original_13_22.png,13,genuine
1.9879473515671728,4.074493596326163,7.189992401757572,7.284977338485827,14.52620505304996,9.329980470173663,15.406107211781482,178.52195159313726,0.9629888281190314,0.9623481515624118,0.6336503422770887,0.5646958007157704,163.9791894852136,25.732778875454414,13_genuine_original_13_23.png,13,genuine
1.957343168572915,3.976987469935633,7.093280018179477,7.230590219347151,14.395590617822899,9.235521606522202,15.31919827745731,183.9027726715686,0.9653215128194411,0.9645537881801958,0.6618412047877639,0.29533678734616076,156.46971428571428,26.43789374425756,13_genuine_original_13_24.png,13,genuine
2.019403357337534,4.1089264870602245,7.178140792262804,7.231186681127397,14.437303919091123,9.298967196627018,15.523746213311735,164.30963541666665,0.9638943978051724,0.9630065926015414,0.6961118269071308,0.7293790540042825,159.93890675241158,26.178882485581337,13_genuine_original_13_3.png,13,genuine
1.9661854543263186,3.985884230157635,7.348525034103057,7.5027286635107755,14.930274749240628,9.495934961012855,15.956127286732913,177.2237898284314,0.9656615589078765,0.9648754326624372,0.6778163876404377,0.04059701490113611,155.54561101549052,26.06439930306114,13_genuine_original_13_4.png,13,genuine
2.0025827866668773,4.071296139548315,7.295196019200182,7.445530109852557,14.819151415330804,9.487956875943848,15.729405816681977,174.62605698529407,0.9617808224444765,0.9611685835511011,0.6704774141642003,0.4534443599898226,162.2546875,25.76367413841972,13_genuine_original_13_5.png,13,genuine
1.966278494840432,3.995510229175117,7.4352108127009835,7.594976705555636,15.117194496975227,9.63918425400887,15.855636960700156,186.23622855392156,0.9651582235924993,0.9643088097796045,0.6432684673332639,0.05063291136188492,157.85656913367757,24.71912374585149,13_genuine_original_13_6.png,13,genuine
2.0459685457301777,4.164483013326094,7.45729176194142,7.672304309415978,15.241201813154271,9.760974172848757,16.101162258741407,194.00410539215682,0.9596264820946018,0.958763710571859,0.6700389409767302,0.7811682643581793,160.0753793441018,25.844241376475065,13_genuine_original_13_7.png,13,genuine
2.0649978731064764,4.20811806539682,7.493969793824363,7.779634877174267,15.41670810439797,9.887683695966107,16.868551933399235,202.50873161764704,0.9560835812188531,0.9549494867638713,0.7051033764457694,0.45646606884989366,157.25714285714287,25.262025285140233,13_genuine_original_13_8.png,13,genuine
1.9837216467232375,4.033725011285373,7.067066983569879,7.237622591439732,14.392189636265229,9.265459410788601,15.386057545051857,200.68077512254902,0.9619556581073798,0.9611838247053699,0.6839681524891233,0.04425256338680379,153.01136950904393,25.059100683484502,13_genuine_original_13_9.png,13,genuine
1.9819750721911427,4.1375659184673195,7.7873207989478574,9.094523759609611,-17.895258131591813,-11.717627212400759,-17.581394228564697,128.88417585784316,0.9641593566649647,0.9623322443744623,0.8264195330375046,1.8571428545670696,147.7233009708738,25.143686902388417,14_genuine_original_14_1.png,14,genuine
1.999124881470033,4.45242507312715,6.3155624609485495,7.229887184800825,14.336324090711495,10.072738952865517,-14.05519599545848,249.62587316176467,0.9514810614353028,0.9494501350487297,0.7764299756138764,2.941877789952492,137.93156899810964,25.277175116065955,14_genuine_original_14_10.png,14,genuine
1.9354946425365183,4.088558137859537,6.848938586342909,7.298839790713022,14.403543060129687,9.352613135825726,14.811956405426647,186.16233149509796,0.9572307324054408,0.9554086127997918,0.8054039130504211,0.759970457341233,141.15358791439363,25.14666827295619,14_genuine_original_14_11.png,14,genuine
2.0161740683075875,4.217361864202231,7.826441447454749,8.977148141187712,17.384109231950852,11.116723296142673,18.193308458938272,134.51286764705884,0.9560098359363389,0.9539533726004948,0.8442547228773601,1.182601204838414,150.32596685082873,24.820831941258575,14_genuine_original_14_12.png,14,genuine
1.9341273649341606,4.05646056679913,6.605147837284946,7.000457650297075,13.803272167331917,9.040242775437275,15.936195369171708,161.82896752450978,0.9603715367147079,0.9589930244706504,0.8047531877718573,1.3266384763989023,145.06406179009542,25.71310952595355,14_genuine_original_14_13.png,14,genuine
1.923139011482304,4.0392208125236975,6.39733380376233,6.749794172091068,13.323973943025862,8.803635131162759,-14.597329286171663,165.0532781862745,0.9607783490984865,0.9592075216072362,0.8024950993768892,1.111758988229583,143.93419236079154,25.579447620942517,14_genuine_original_14_14.png,14,genuine
1.8589639351162317,3.851676274552364,6.685378876623424,7.014014668606086,13.8748509449789,8.94255260973827,14.51420161889882,155.60932904411766,0.9638581549201493,0.9623629112317902,0.8186408423581425,0.9709864594091039,138.60353287536802,25.55270923495149,14_genuine_original_14_15.png,14,genuine
1.9103078906142004,3.981939317831587,6.328789637647666,6.604540239722992,13.071773165991946,8.59912052762727,14.362696847110207,155.87521446078426,0.9634812048464994,0.9618573994968974,0.8142159036382901,1.020608438645134,140.63477416221465,25.37967497775889,14_genuine_original_14_16.png,14,genuine
1.8894461355144019,4.04886138731629,6.104222919486603,6.58040771741216,12.92395000475863,8.646194856538242,-14.04729661237547,172.02683823529412,0.9599867855369305,0.9578902093721673,0.8011596716127783,0.9597902089512322,143.53122212310438,25.167948926953375,14_genuine_original_14_17.png,14,genuine
1.9217944496239536,4.060321286329193,6.772902359880946,7.290075899390183,14.365380972372478,9.328440177782063,14.690665817915974,171.04816176470587,0.9618801623638924,0.9600958795759761,0.7857639706243946,0.6674509798686659,145.73047977422388,27.050617729087552,14_genuine_original_14_18.png,14,genuine
1.894498907860749,3.9322410326850217,6.545268527861006,6.83960078547297,13.532056227651246,8.811417971585795,-15.541542636688042,153.74840686274513,0.9646827046667378,0.9631747433783661,0.8113867492461967,1.418491482459256,140.5281690140845,26.27822256459772,14_genuine_original_14_19.png,14,genuine
2.0787201093775565,4.424142716607997,7.034677188983239,7.810299780728834,15.370160044867562,10.386730317515354,-15.397293543477357,161.7313112745098,0.9547913640611206,0.9524062244760005,0.8343440497562067,1.67595459063369,145.1531045121481,26.504016078749533,14_genuine_original_14_2.png,14,genuine
1.8401317666892465,3.8429866146386362,6.26142604913993,6.4835186643897345,12.856138077395789,8.423103429465714,14.440699972369288,149.61481311274514,0.9655532664528654,0.9641705126783983,0.8000871837904324,0.81499051156073,142.98902247778358,24.650836866494465,14_genuine_original_14_20.png,14,genuine
1.77760680704796,3.66374113351024,6.348430760027952,6.762578082643501,13.318252606414685,8.608369623112432,-14.8711894416081,126.1456341911765,0.9688789798774743,0.967509768786952,0.8187031500951335,1.156288154876327,142.69762174405437,25.70569702568016,14_genuine_original_14_21.png,14,genuine
1.9446198956433633,4.1361937407929545,6.743683818455438,7.469246689349281,14.60432371765788,9.697245452371694,-15.029965533795693,176.55562193627446,0.9591021334642456,0.9571242342102265,0.8132174263931448,0.8692120220396328,140.00217296827466,25.8689824750806,14_genuine_original_14_22.png,14,genuine
1.8354923303035195,3.931128891610059,6.94918680425101,8.592187712600316,16.64975694829342,-10.565422070398846,-16.430272880777434,143.8248468137255,0.9635479067633594,0.962010659617766,0.8047897477023502,0.4099722988850607,147.6345776031434,25.666901753946235,14_genuine_original_14_23.png,14,genuine
1.9406753675616981,4.139797814172809,7.0423204524737715,8.073576932438517,15.727909544846641,10.347644753992371,-15.85431280981888,181.1560968137255,0.9610885049213341,0.9593606111616875,0.8012994935617506,1.71999999785,138.6672794117647,24.6610208917216,14_genuine_original_14_24.png,14,genuine
1.9780209227448944,4.249270801014485,6.893173942520175,7.6439672341272065,14.953702366808125,9.768615425674385,15.293910545455178,169.6259803921568,0.9612265924742179,0.9593299653140267,0.7864289474497224,0.5210084029964926,146.73434622467772,24.870860916561718,14_genuine_original_14_3.png,14,genuine
1.9575600122520866,4.2252232620070735,7.855682860669386,10.272861169013426,19.355276327290547,12.675814230308529,19.885162487379564,179.1398131127451,0.9575206294024641,0.9555310855434086,0.8018000262098891,1.0323129242922509,144.60753138075313,24.791902649900702,14_genuine_original_14_4.png,14,genuine
1.9675555921151548,4.2314059965505795,7.025063414243064,7.608585331507929,14.92567992889568,9.750663187383179,-16.37805958963322,205.7151194852941,0.9543666167634753,0.9521306941512725,0.7947787502520567,2.4264507389656536,142.05671524222134,25.20118211032621,14_genuine_original_14_5.png,14,genuine
1.97466645792399,4.166580250114586,6.778557839590261,7.2271049604341355,14.240978678763732,9.314047377631702,14.882281150002608,171.17354473039217,0.9607256294626139,0.9590695443098368,0.803594420237131,1.2781799366306308,142.10122560145257,25.01829041943244,14_genuine_original_14_6.png,14,genuine
1.9955328719576126,4.357883907609241,6.82877765331087,7.447772933138337,14.598844904586374,9.62672365491476,15.207243677749375,219.23602941176472,0.9558194933757794,0.9537083611017972,0.7854733137461644,0.5860284601642765,138.79486133768353,24.863836492208485,14_genuine_original_14_7.png,14,genuine
2.056236909821719,4.514930759611766,7.000819963131882,7.971358959862502,15.471400573366871,10.260880439117368,-16.060443704607454,203.94218750000002,0.9536000670121335,0.9511807072082492,0.8174007398432935,0.9579646010634478,138.03352165725047,24.831090533632544,14_genuine_original_14_8.png,14,genuine
1.8970968948235842,4.068687962829826,6.807975616024582,7.4141743439360415,14.786157427697088,9.50993094660736,14.602928389062841,179.7623161764706,0.9599523962180054,0.9580739569430384,0.7981119548701793,0.5474048439118305,141.6851520572451,25.05004246466163,14_genuine_original_14_9.png,14,genuine
1.8479032591957834,3.7393382930747316,6.751299446094022,6.777707325764281,13.54245109586948,8.649865860931188,15.020255112692972,91.17285539215686,0.9777145880654089,0.9768998753423548,0.8000133471901167,0.3090909087603306,146.75816993464053,25.701727045501222,15_genuine_original_15_1.png,15,genuine
1.823801666521899,3.684321286740159,7.38595709660847,7.329886157567051,14.688306801047576,9.174359316048575,16.007376996638925,102.42601102941178,0.9755546396307129,0.9748013273197774,0.7841714946051308,0.01698841697529852,148.3287775246773,24.746653123172926,15_genuine_original_15_10.png,15,genuine
1.8246654337838306,3.689947462811442,7.320677374797689,7.415992295440125,14.786612372965699,9.310531842969537,15.774379770231048,105.98026960784313,0.973450439178792,0.9725495311897375,0.7929616440907448,0.6099999993222223,149.1863354037267,24.139228222102005,15_genuine_original_15_11.png,15,genuine
1.8458542546985262,3.725567885175147,7.313719333075276,7.5564426318925415,14.99222556570916,9.434295569843124,16.237098151855655,89.43992034313726,0.9779886587646266,0.9771602830862683,0.7991922181991696,0.5162499993546875,147.6760098928277,26.089289130353663,15_genuine_original_15_12.png,15,genuine
1.8129287134062773,3.6655466561762884,7.451133791937605,7.444156284439643,14.891964830666156,9.300087776034836,16.45349067583646,108.53621323529413,0.9751803148952175,0.9746021915792009,0.7654479853504019,0.683738795539387,149.99011406844107,26.092477704554117,15_genuine_original_15_13.png,15,genuine
1.7968694284120086,3.6258589087258852,6.962403506403313,6.933034238605986,13.880963405059482,8.747232563984232,15.387822019339675,95.28535539215686,0.9761907577762063,0.9754293419671403,0.7896065020212277,1.8968609822940337,149.9171826625387,25.011021387064932,15_genuine_original_15_14.png,15,genuine
1.7512424154770057,3.5405657337174166,7.831111571661743,7.682608765244755,15.45499098344647,9.473720219661672,16.020086351921393,104.24188112745097,0.9771322871250757,0.9763178328526678,0.7660338552246246,305.4999236250191,147.92740619902122,24.78726023802213,15_genuine_original_15_15.png,15,genuine
1.8498889265677085,3.7441472457824934,8.55223333600782,8.152803032590654,16.58066393823758,10.040017398465878,16.771760951063964,117.54010416666668,0.9747574286808821,0.9740201061248296,0.7571114710939053,3.3183279636066625,148.29635145197318,24.93461370518982,15_genuine_original_15_16.png,15,genuine
1.8894886192666385,3.8211570185410175,8.470283040228797,8.442229149327366,16.898491470341877,10.450254977498208,19.16975270968323,104.94319852941175,0.9740385835028811,0.973131639631129,0.7762038078073303,0.47634069350542513,152.67094017094018,25.60139851001865,15_genuine_original_15_17.png,15,genuine
1.8059424320307975,3.6535913242984486,7.933315421362383,8.628101264935388,16.935034533921822,10.5527196919743,17.380810144220586,118.93769914215689,0.9742913463692827,0.9736371720868955,0.7490201833034188,1.1803542654100576,150.14918759231907,25.68327516919918,15_genuine_original_15_18.png,15,genuine
1.8736830318598616,3.800864008788733,9.60437046018138,8.756716274856121,18.008829282893952,10.724846868380741,-18.213075229706895,116.67898284313725,0.9742658226476452,0.9734226866496722,0.7735355253958446,0.4542586746012001,146.54085321764282,25.44248247574729,15_genuine_original_15_19.png,15,genuine
1.9495654191036746,3.9487932667862244,7.828543751442309,8.176281225470637,16.208650681007832,10.287809610175595,16.62362826269635,88.60061274509802,0.9745515138920003,0.9733613529256642,0.8254725577171783,42.57575628558315,149.47774687065368,25.16549931911608,15_genuine_original_15_2.png,15,genuine
1.8132785269030833,3.6625806216685977,6.631000071804383,6.68062722751268,13.336665473363883,8.519951189002677,14.829229128468572,86.46403186274509,0.9786471537107228,0.9779415298619495,0.7809002874301375,0.509803920902217,151.412987012987,24.734888783101198,15_genuine_original_15_20.png,15,genuine
1.803743814925786,3.6477596321484342,6.895199377511449,6.861220931775326,13.739469879618166,8.68628843713963,15.613449840885007,108.43661151960782,0.9752725823770416,0.9744949733397109,0.7680618993683591,6.2010869228201795,149.45811320754717,24.742827057141973,15_genuine_original_15_21.png,15,genuine
1.8497850752213758,3.7439753834887277,7.867343564487694,8.123904913071945,16.119673790332072,9.999561133525704,-17.707836699837802,115.31292892156861,0.9740729408836237,0.9734073677288342,0.7622498046843468,2.6230366423480715,149.82080924855492,24.804693184343044,15_genuine_original_15_22.png,15,genuine
1.8474890419170973,3.733068207364285,7.1591407964619185,7.141492719940873,14.292369669376152,9.008730583862437,15.586298517106327,83.19325980392156,0.9767731512357228,0.9759195231068156,0.8020807218515015,3.8446969551337236,153.30805316653635,24.256813154323073,15_genuine_original_15_23.png,15,genuine
1.8387385912107634,3.727447447347654,10.24975432847714,10.958292711709447,-21.60331758649755,-12.868942985210433,21.94447247236007,116.11548713235294,0.9732173253751514,0.9723350842744637,0.7856099675703954,13.264705752306806,146.23986254295534,24.423853024137685,15_genuine_original_15_24.png,15,genuine
1.8799574655754299,3.8069542971675494,8.349194766774794,8.660747478172034,17.18514975437982,10.986966082876933,17.69948959738575,114.70912990196078,0.9732373175799303,0.9719061253329151,0.8146694405972034,1510000000.0,140.47814569536425,24.085647106971287,15_genuine_original_15_3.png,15,genuine
1.7736359839742728,3.575815680530329,7.558938642836351,7.445404310365783,14.948750817866658,9.236604115974114,16.081515551599807,91.6686274509804,0.9764222403989884,0.9754752509204847,0.8248443627061117,1.0354391355386146,143.04542013626042,25.517791136585558,15_genuine_original_15_4.png,15,genuine
1.8846546115855405,3.811204573050549,8.726008496724475,9.561242999618345,18.955050556642004,11.812471547028034,18.787328986446486,101.11219362745098,0.9747145951176565,0.9738822010197995,0.7897488312710658,0.8185430452734529,149.91478514202475,24.93892072309732,15_genuine_original_15_5.png,15,genuine
1.8476044167825563,3.7321569375160393,7.787362680942802,7.9884524932225895,15.876923511385419,9.874664039209131,-17.169598492759977,108.53500306372551,0.9743668662277367,0.9735605304231563,0.7830458385858667,0.7319201985886282,148.21094312455003,24.640382455689277,15_genuine_original_15_6.png,15,genuine
1.8901501142715198,3.8231803071968966,7.464547700440455,7.564695303004932,15.080990872686556,9.50024073929067,16.136643916657096,112.94892769607841,0.973608590388215,0.972641447912264,0.7880618872026707,0.6716937347196128,146.78972935461485,24.908984747717124,15_genuine_original_15_7.png,15,genuine
1.8313087336865195,3.70567216424284,6.933428974313709,6.921420928488708,13.8491621434712,8.774273256671417,15.267356558076429,90.2875306372549,0.9767171825710564,0.9757969928355037,0.8009473456278757,0.011820330959952456,149.26168224299064,23.869127774626797,15_genuine_original_15_8.png,15,genuine
1.8224993883224452,3.6866005683501997,8.007389797532529,7.93603898129579,15.9086065169636,9.791918077114984,17.11104521797326,119.17227328431372,0.973337720749733,0.9725955176894989,0.7684302536398326,5.0168776159625414,148.17461430575034,25.04614984476039,15_genuine_original_15_9.png,15,genuine
1.7345691247562103,3.488510881875584,6.758149566888193,6.820895266491456,13.610750818686057,8.598722496091062,15.017650926849958,127.52867647058822,0.9729328323173453,0.9724576626069201,0.739069087808746,0.22116218541096078,151.47230113636363,29.03765335419527,16_genuine_original_16_1.png,16,genuine
1.8221494173955612,3.663257963463146,7.585340255523782,7.770404685019963,15.453252182981473,9.69433655695434,16.270739326594956,141.951868872549,0.9695290103750925,0.9687353113620711,0.7636638599030824,0.24675324656474157,147.52267156862746,28.038130124919828,16_genuine_original_16_10.png,16,genuine
1.747278420744054,3.5142020380147225,6.609436960498798,6.65784889290085,13.291676692534294,8.443020908107842,14.826524740931417,114.6314338235294,0.9748253864461106,0.9741426146726053,0.7632805801645288,0.33069306897951184,149.00669642857142,27.515133007920547,16_genuine_original_16_11.png,16,genuine
1.7805003296908,3.584315583044687,6.734725907064858,6.789715562834075,13.552359028124707,8.605266088707888,14.907493076422243,142.02359068627453,0.9713920807262403,0.9707573320096561,0.7335704930498871,0.25630252079302307,149.75785953177257,28.565366512269165,16_genuine_original_16_12.png,16,genuine
1.7031058308041669,3.419705063883825,6.741887969520186,6.76881452503772,13.524229194898126,8.494121076517848,15.291452683207487,96.0905943627451,0.9757546347659074,0.975153654197849,0.7524503689442261,1286000000.0,158.13763608087092,25.58492458062019,16_genuine_original_16_13.png,16,genuine
1.7443736565355252,3.503649893925154,7.137997402746615,7.336745006187901,14.578859189281136,9.176391128977611,15.406834957489883,95.62852328431373,0.9750900604254379,0.9744336665308934,0.7691959654253159,3.369281034740912,156.6020942408377,25.121310970442835,16_genuine_original_16_14.png,16,genuine
1.7495455237589712,3.5141489865967204,6.525059174678649,6.55494507327228,13.095008741247028,8.318336740333562,14.86876226915334,118.60045955882354,0.9739310236980768,0.9732848297429246,0.7482943203424587,0.9272727259758423,151.86865021770683,27.371804718243837,16_genuine_original_16_15.png,16,genuine
1.7225096615082847,3.4602545962216382,7.326790116814947,7.490563892657582,14.901335032156101,9.277860228868665,15.908161968082533,114.73184742647061,0.9747701385672626,0.9741426377377373,0.7535368244579906,57.13043229867685,150.85789080029917,27.360648483799572,16_genuine_original_16_16.png,16,genuine
1.778175074418703,3.5744343238231133,7.013231146873168,7.1009817474558625,14.158671491295669,8.913299217986676,15.443812184980997,113.28380821078431,0.9736054771849828,0.9729324784648945,0.7612893111450324,0.28675799060570045,152.4733853797019,26.79416125437737,16_genuine_original_16_17.png,16,genuine
1.7965126239641807,3.610345886050656,7.254597425111076,7.441485201782702,14.793906447095106,9.316897338332284,15.63935628064205,120.86470588235295,0.9719192835531711,0.9713088097512322,0.7467136338952161,0.33212996359916064,154.80149051490514,27.19679904946854,16_genuine_original_16_18.png,16,genuine
1.7748511097209387,3.564988254209007,6.743534003264058,6.785155939978057,13.549606369660076,8.580369277805348,15.206390905427131,116.4734068627451,0.9729660582477233,0.9724423532786544,0.744619549187882,0.2196382427048766,154.70127118644066,25.91060029068476,16_genuine_original_16_19.png,16,genuine
1.7144942745941203,3.44574026054774,6.718627123671429,6.756062413889593,13.493554949870845,8.5032345364308,15.077069196773717,114.74903492647057,0.9747476715363734,0.974050699036281,0.7666704361165838,2.402010044216055,148.67503692762187,28.310905982050198,16_genuine_original_16_2.png,16,genuine
1.724622637355553,3.4635688530984456,7.039290663223981,7.092909733288653,14.159307665562428,8.847085241652826,15.59062171056651,113.56642156862748,0.9751338316791216,0.974449002369336,0.7413456354420607,0.29133858239041477,152.87423780487805,26.51524310273446,16_genuine_original_16_20.png,16,genuine
1.7634472334658051,3.5431500489921355,7.052805589890212,7.137252247015721,14.232941932503234,8.936922284681351,15.49096443900479,119.90098039215687,0.9724642131477538,0.9717836489377545,0.765166996876881,2.0436590394102723,150.65300546448088,27.190229063782336,16_genuine_original_16_21.png,16,genuine
1.8047519137882666,3.627168162506666,7.5942374140609035,7.995947579828184,15.835948492909571,10.110664550206852,16.155320730090942,121.5568933823529,0.9716603666718314,0.9708798483252451,0.7737153661444435,0.2659486327539779,150.4502617801047,28.504640706668937,16_genuine_original_16_22.png,16,genuine
1.7239195425009068,3.4625788907385657,7.086911828869666,7.432680011039702,14.716944659361305,9.352957867229339,15.178666881872942,108.5908700980392,0.9751352120415476,0.9745562463139114,0.7457271368499989,0.01161890006845941,154.43568147013784,27.61307113915819,16_genuine_original_16_23.png,16,genuine
1.7680697582521958,3.5545690474070275,6.538774147162649,6.5638302201726315,13.115185027416043,8.351512685865385,14.922945695384104,105.3731617647059,0.9736242473417287,0.9730397593864626,0.7640351166523779,0.3173708917207785,155.5630791161796,26.717752960057343,16_genuine_original_16_24.png,16,genuine
1.8046500880594318,3.627831894889097,6.883238285635915,6.885253689322335,13.769570947499432,8.703930585439004,15.511456963011671,139.02447916666668,0.9712187758054325,0.9706194771996829,0.7408811027119079,0.33480956569104553,150.0630391506304,29.377833046467167,16_genuine_original_16_3.png,16,genuine
1.7520100429945091,3.522239488087609,6.772879011302848,6.833380578309555,13.636724136265695,8.62253154787127,15.140027983513653,117.86859681372549,0.9738366061168432,0.973269516247081,0.7470484119099419,1.2928452557523373,152.5464441219158,27.606418023587043,16_genuine_original_16_4.png,16,genuine
1.750033067979585,3.517377545544897,6.960651469455345,7.069760101468642,14.086014742841105,8.878541737410476,15.243509346682268,109.33875612745096,0.9742774741116319,0.973759711641441,0.7504560261073475,0.1855760772334423,155.03189910979228,28.671520784717988,16_genuine_original_16_5.png,16,genuine
1.7883163645481002,3.6024160435125037,6.950299610741535,7.1221598835994495,14.162543395615561,8.991994984486745,15.01961940710081,133.52205882352942,0.97153552783027,0.9709258443012102,0.7481187701152708,0.2929991354425245,149.83155080213905,27.547547019523783,16_genuine_original_16_6.png,16,genuine
1.740245788277671,3.4986118123553585,6.556905616947429,6.553007623058778,13.108000990544113,8.313327807819055,14.99374598007262,126.06207107843136,0.9738007622718869,0.9732082169949694,0.745586781117984,0.23634735878572302,149.42288196958725,28.29262929643086,16_genuine_original_16_7.png,16,genuine
1.6680362186061533,3.3542344807529356,6.631463651699138,6.973123650373184,13.796738359784564,8.764670999160039,-14.289963388603763,103.80670955882353,0.9765292147737832,0.9759808240390587,0.7613462854570258,4.114754081496909,150.51041666666666,26.491288247865885,16_genuine_original_16_8.png,16,genuine
1.7783764218377032,3.5794775852841947,6.843563924324015,6.915178520288055,13.795089828378547,8.744665535639248,15.096965514128582,134.0347120098039,0.9709345247357417,0.9700986086931385,0.7726411913465344,1.1504787945957882,146.37531806615777,27.84211852266511,16_genuine_original_16_9.png,16,genuine
2.100929765548377,4.31938393923599,9.358239578568515,8.141422037925118,16.897186578390368,10.30213387176391,-17.675926142488517,325.74047181372543,0.9518921460713496,0.9503844888812102,0.7360781503053321,1.018282988061778,130.19338322174085,29.929022303920654,17_genuine_original_17_1.png,17,genuine
2.0696651943673405,4.219551486322352,8.590394521851415,9.850381366722495,19.301382575329185,-12.104940486175561,-19.162900426641166,293.8467218137254,0.9537557454784459,0.9525902221204616,0.7560235221944079,1.0982066600356901,129.2946682946683,28.638645618376746,17_genuine_original_17_10.png,17,genuine
2.084524451944034,4.349747859639305,7.917238962454493,8.102521528876528,16.12330093642603,10.691648015456217,-16.767509168197215,334.4892156862746,0.9469933930641856,0.9450690896551763,0.7491426944138239,0.10377718424121436,132.33252678880055,28.45491220807328,17_genuine_original_17_11.png,17,genuine
2.141246829739239,4.388826420983753,10.285609381588706,8.94891026403191,18.745185369071898,11.14333863634414,-18.691495143219996,332.3265012254903,0.9496427992602567,0.9482859063006684,0.7480668135080778,1.2102648996603766,128.8550561797753,29.393615110539006,17_genuine_original_17_12.png,17,genuine
2.11664063814891,4.321168312478558,9.622646078356086,9.182236493740003,18.994284494255975,11.381142511953682,-18.620385256810035,333.4369791666667,0.9490433250971639,0.9478877343062785,0.7311878268690215,0.6983418362893228,132.87495306045813,30.422567562780653,17_genuine_original_17_13.png,17,genuine
2.0842530835039463,4.249515224966879,11.011973044414137,8.488595967803889,-18.901467217687298,10.616781123963957,18.24940153172018,277.96328125,0.9547476784286105,0.9534479387475532,0.7490673650395049,0.6657477597065832,133.90939180802647,29.421657133547964,17_genuine_original_17_14.png,17,genuine
2.107968914497404,4.304386726410457,8.576041762345731,9.737653672833565,18.90498828724717,13.409907496451765,-19.557777397148566,299.8231004901961,0.9525900684716176,0.9511042702184557,0.7656072621853366,0.5238379019524207,128.12553773953852,29.616679643330414,17_genuine_original_17_15.png,17,genuine
2.046185427592071,4.172171469836997,7.804627518865305,8.596145087359758,16.836068733196317,10.732778462414817,-17.185873613436115,304.0393075980392,0.9550681189647363,0.9538769705198236,0.7304671889923049,0.3645833331223476,131.34860050890586,29.613909764861457,17_genuine_original_17_16.png,17,genuine
2.1170382032128097,4.322779599210366,8.712441086187374,8.399454614934667,17.055689333841205,10.588928614137348,-17.171374595536623,281.5404718137255,0.9529558409358038,0.9514719516617097,0.7661022960112543,0.7775438591034779,131.41650217133832,28.850634239411107,17_genuine_original_17_17.png,17,genuine
2.0909530696085157,4.259017261355216,8.793101314904336,8.29969302775329,16.854648123541168,10.43640755489594,-17.552548041916417,292.33544730392157,0.9539886388005706,0.9525594682643681,0.7649200293340831,0.6402116397882198,127.9899193548387,29.40437445500704,17_genuine_original_17_18.png,17,genuine
2.097716471814592,4.265861886614925,8.814066379612594,9.778637487894098,19.291945608715768,12.071515696049849,19.174700730289647,290.78082107843136,0.95372922874418,0.9523909773827741,0.7693503621581324,0.8500371188938105,127.26565008025682,28.62466847184683,17_genuine_original_17_19.png,17,genuine
2.105155251065953,4.321109408206943,8.66869946908968,9.034191035690109,-17.918520961038876,11.196492362101253,-18.31175155683568,301.54731924019615,0.9536950158084274,0.9522839896711854,0.7296043258219781,0.47122955755831036,133.88184438040346,29.526502733356292,17_genuine_original_17_2.png,17,genuine
2.094921024944797,4.259747101780652,9.827956467066384,8.663619431050073,17.967904043185737,10.795700536670324,-18.222811126201737,256.4758578431372,0.9554181376970827,0.9538920901090372,0.788569075853577,0.6385542164400574,128.69893790849673,28.89534245973606,17_genuine_original_17_20.png,17,genuine
2.0915379811125554,4.273000069591716,8.441206478235749,9.678618587428458,18.739392220944012,11.81680210075245,19.939811718539687,331.8207107843137,0.9500159567536791,0.9486077018234088,0.7409495686817248,0.38885969501373635,129.92697692016648,29.04917032961602,17_genuine_original_17_21.png,17,genuine
2.1075711222117968,4.300269798063994,7.988096054124059,8.525676163040522,16.82356243665252,10.72780305414128,17.164724248935922,278.3969362745098,0.9543497286090592,0.9530649844576656,0.7759391688023812,1.1641791034555056,127.826369168357,30.131151361250485,17_genuine_original_17_22.png,17,genuine
2.151717277802505,4.406995254692413,8.364303185545634,8.602026303876375,17.14791484275427,10.951266667740896,-17.385459550413422,276.48720894607845,0.9529394163020027,0.9514259927622049,0.7680448975571081,0.8039772721562661,132.35787401574802,29.50319409185933,17_genuine_original_17_23.png,17,genuine
2.0418293733674124,4.162779082182599,7.782457963582167,8.2400424005983,16.257311085024178,10.332432807010665,-17.03292782459307,329.6659773284314,0.9526949655054872,0.9514720798469988,0.7286556709732317,0.3370488320928615,129.17109964271538,29.718657323538864,17_genuine_original_17_24.png,17,genuine
2.0833145554387063,4.2448508412257535,8.474460135940346,8.081672862692256,16.36438526769543,10.207054477709598,-17.196900136388393,290.4121170343137,0.9542646444802396,0.9530497459952135,0.7510422184656329,0.6602608094301573,130.84208350558083,30.207356119743256,17_genuine_original_17_3.png,17,genuine
2.0983574279720685,4.292542920972182,9.332226944183391,8.40506620106872,17.30937794641038,10.551755526436825,-17.683556332064036,325.1837928921568,0.9521445302921182,0.9507215463991734,0.7344109060472311,0.5056784216941551,130.05637157602223,29.48279852704263,17_genuine_original_17_4.png,17,genuine
2.086060819085278,4.270603657053665,8.57364544129761,7.988380637061131,16.288008824135783,10.127561148796051,-16.812078674884944,267.71219362745103,0.9563628908201023,0.9551942292262308,0.7555786790382711,0.7590909085158402,132.17915590008613,29.119282078707105,17_genuine_original_17_5.png,17,genuine
2.021386674916267,4.110177443864093,8.507628773319981,8.103996619080506,16.437106514903356,10.177112413367642,-16.873633065403645,261.3257199754902,0.9575798826406495,0.9563123774341493,0.7693532244285854,0.7708978322206672,128.98776223776224,29.398765920523992,17_genuine_original_17_6.png,17,genuine
2.0790764678246307,4.234220657028811,8.867736222374019,10.202930649695423,-19.739536271205203,12.320325537992929,-20.85500180496862,258.04620098039214,0.9569289723631303,0.9553472700168552,0.7831053482178341,0.32176832662464,127.88230313293819,29.701287902687067,17_genuine_original_17_7.png,17,genuine
2.089481761557454,4.265674384164478,9.116907335884463,8.322656712359427,17.10812486680496,10.45916882612765,-17.334094843572327,275.30762867647064,0.9541907097074798,0.9527740179848123,0.7600169072534582,0.8688024402221186,132.32897959183674,28.73644377788566,17_genuine_original_17_8.png,17,genuine
2.0556501408474435,4.195268500992698,9.25407877773896,9.10045595561375,-18.569458837043488,11.221546541900338,18.343381410223213,319.8781096813725,0.9531086841553966,0.9519469400996353,0.7423166643966661,0.2622699385162219,127.34345889023896,27.81515351442111,17_genuine_original_17_9.png,17,genuine
1.905107522005463,3.837678506578785,7.240227636884783,7.191044077794878,14.406783714131858,9.111679565228355,-16.067054245556825,128.39491421568624,0.9681434058314426,0.9673721732095183,0.7508554649147952,0.6228239839237678,156.72288438617403,25.050249157648963,18_genuine_original_18_1.png,18,genuine
1.8680207696464683,3.760812722489555,7.587862404566155,7.427231585288626,14.93493579087347,9.318375945887862,16.504993346663323,105.06289828431372,0.9732369077974344,0.9725189201310576,0.7750210577364283,0.3095890408131607,154.00976290097628,25.581383018251568,18_genuine_original_18_10.png,18,genuine
1.9916511599428361,4.079111726926631,6.936891924490167,7.01169178752648,13.986277322191171,9.065532100000016,-15.420571431869938,122.9782781862745,0.9673298768259979,0.9664683742560887,0.7571411782771634,0.7737973380002074,159.11079053664167,24.221243271766642,18_genuine_original_18_11.png,18,genuine
1.9021387194170214,3.84080108183862,8.703339856998252,8.078820474430009,16.473631075407567,10.003675958733606,-17.354260591436482,126.25082720588235,0.9698757862675307,0.9691337830708444,0.7327653428368593,5.696581172236833,157.81429483088704,24.945619985774204,18_genuine_original_18_12.png,18,genuine
1.8917213509931938,3.81646634153795,7.879225269790124,7.592247168310873,15.327997798720885,9.510120399895978,17.417015274583306,138.28544730392156,0.9673024870730359,0.9664224411779024,0.7576664331431343,0.28784489165708804,152.76143601621308,24.674273078698327,18_genuine_original_18_13.png,18,genuine
1.9103508981424293,3.848342154757452,7.848263082221751,7.667263785204531,15.42569256061617,9.591440929435969,-16.682214591374734,116.15989583333331,0.9694553125656248,0.9686282343299908,0.7507221092937758,3.526610634379242,159.9529702970297,24.576744140822928,18_genuine_original_18_14.png,18,genuine
1.899611960312221,3.8327855729265172,7.265985392880532,7.14537886960861,14.35147053407409,9.061828576704162,-15.713498324579172,141.83180147058823,0.9671484179679468,0.9663458514487558,0.750545948761455,0.36034618382348843,152.95026026604975,24.3946931526052,18_genuine_original_18_15.png,18,genuine
1.9732478394883715,3.9763193112584547,7.778418602206343,7.625910291066899,15.328209762911206,9.614379579968315,-16.931311977649305,122.90772058823529,0.9692673653993829,0.968352469694734,0.7687883414208275,0.022374145418039684,153.90881458966567,24.201111810834572,18_genuine_original_18_16.png,18,genuine
1.9103208093793853,3.8423427071440863,7.465833440767565,7.402815035499209,14.837521648236907,9.326147189423803,-16.21446307041029,109.5845894607843,0.9729247862389457,0.9720594170246539,0.7618435942340623,0.034236804540487296,154.84827586206896,23.45785098617129,18_genuine_original_18_17.png,18,genuine
1.8997323342121764,3.838364467004605,7.83089278390981,7.505613178381039,15.175086304457029,9.425583893061175,-16.29964739421459,144.29739583333335,0.9688419718789048,0.9680614377554722,0.7426817778079553,0.39863130846994754,150.98103975535167,25.415644634576555,18_genuine_original_18_18.png,18,genuine
1.8623255694477407,3.7471146251012506,7.333253083596126,7.238099151050045,14.524056459392973,9.111671433434285,-15.967792283090931,121.44641544117647,0.9707173628077947,0.9699301747166739,0.7627679964509407,0.3866666663229629,153.31602564102565,24.87222732078449,18_genuine_original_18_19.png,18,genuine
1.9436491270449994,3.917245493054033,8.054947966538823,7.84184893508324,15.7941302779927,9.80067426179234,-16.66598543573282,109.24270833333333,0.9694191478734112,0.9686741257975082,0.7773933375897176,0.2662538697629614,157.98349633251834,24.790054329178655,18_genuine_original_18_2.png,18,genuine
1.8793314638165284,3.7788494996814985,7.004559557238132,6.972451046191466,13.96098245974191,8.86188331230491,-15.92092785975662,114.97098651960786,0.9719043910558588,0.9711556460427924,0.7697023857411345,0.022464261387022285,152.49334221038615,24.142986087994082,18_genuine_original_18_20.png,18,genuine
1.8841678006844709,3.7997258182263467,7.689839107135513,7.530249879703593,15.140347786971747,9.437896611416454,16.944871301768682,129.33636642156864,0.9698100280177252,0.9691490164555118,0.7442904663340539,0.531007751423442,154.7405063291139,25.300893159735285,18_genuine_original_18_21.png,18,genuine
1.8556342489882507,3.7338062114036807,6.739936950832428,6.696501653845024,13.41473601474887,8.563479957771674,-15.494213847543865,116.44635416666667,0.9709851036246234,0.9702212371531878,0.7684980252141006,0.7075055179828857,153.9082094376212,25.208285103137708,18_genuine_original_18_22.png,18,genuine
1.8218698245052292,3.666875484620771,7.468454699678894,7.3885164495084625,14.818440130103212,9.23041654367991,-15.907202388803855,95.4238664215686,0.9755438727282307,0.9748932664804357,0.747851957894194,0.0,159.15224111282845,23.358026009442327,18_genuine_original_18_23.png,18,genuine
1.942544690761548,3.9192800901425007,8.561466985672533,8.301701673431518,16.762876037775655,10.271339859176454,-17.180717460050875,159.3663602941176,0.9651535401698214,0.9644464189181085,0.7438038925951107,0.7054408999010873,151.1936193619362,26.314651078394846,18_genuine_original_18_24.png,18,genuine
1.8871035085500407,3.8041430996458354,7.691640330188548,7.5509294448356945,15.173435438932916,9.453546957617782,-16.297824970701907,126.609068627451,0.9697716277793419,0.9691337398499045,0.7306677634368699,2.4451754332342643,158.04519414385743,24.346373215395747,18_genuine_original_18_3.png,18,genuine
1.8305276382448898,3.6881014251679987,8.864775001221188,8.707323094344895,17.598961998522384,10.67857844710929,17.700597992906378,103.94571078431372,0.9741481338574527,0.9735912258103214,0.7452275485802629,0.17530224509904813,158.17634092578987,24.602851010962226,18_genuine_original_18_4.png,18,genuine
1.8655773206676753,3.753711216269895,7.913138656604222,7.693871790393969,15.497846051746661,9.57198685445159,-16.8303847015382,99.00321691176471,0.9720912395388562,0.9712475631244396,0.7723749688748611,0.41242937814272185,159.66,24.154510965863082,18_genuine_original_18_5.png,18,genuine
1.9372518567290127,3.9160375282857323,7.91519170516238,8.632499036902344,17.227399199225783,10.951022122567911,16.962529197356364,130.30983455882352,0.9694413485054105,0.9686588059701625,0.769077734508563,0.9461077832980745,150.18523076923077,24.9397457952434,18_genuine_original_18_6.png,18,genuine
1.8659220195476822,3.756303725411245,8.192240447672065,7.897020669018053,15.943207961408627,9.775217124586383,-17.014699075459408,124.17454044117649,0.97212223237987,0.971416122390623,0.7285209658070294,0.5026014562928185,155.4702216066482,25.533608826981034,18_genuine_original_18_7.png,18,genuine
1.8743909154403793,3.7717693523703835,6.948591613229598,6.887968839857786,13.806383174189683,8.774032061360842,-15.410966274712884,105.80049019607844,0.9729343692622628,0.9721819747796331,0.7570054060556509,0.4193867453814177,157.4452961672474,24.40894986013643,18_genuine_original_18_8.png,18,genuine
1.9277497785858275,3.8885501230436708,7.177755373994793,7.122823053300067,14.273177281067282,9.067725761759347,-16.03501808746952,149.3560355392157,0.9684142023402817,0.9677091634395345,0.7238322571180202,0.9011627896498107,152.94189602446482,25.32783796974398,18_genuine_original_18_9.png,18,genuine
2.3258146248410636,5.532782877248511,8.428657423929646,8.120375986263321,-16.599007690584756,11.231569346140686,16.502453569405663,278.5073223039216,0.9147608644759433,0.9112940634533256,0.8499458828011639,0.5399622402328628,142.0014303228443,23.81760907910668,19_genuine_original_19_1.png,19,genuine
2.337300867260204,5.701410459687166,8.77803999652141,8.197226858659777,-16.784807795556134,11.542642694949906,16.90141177638841,305.55143995098035,0.9031245586971327,0.8980286761636391,0.8661231060464673,0.4680306904173835,138.13728222996517,22.85204579014559,19_genuine_original_19_10.png,19,genuine
2.3399668098605613,6.159081871960544,8.52235097173755,8.054923655675573,-16.367302417611203,12.254363088011415,16.835947102823273,291.43939950980393,0.9113128088338301,0.907265282011174,0.8531564947229836,0.47873563204634034,140.7741935483871,23.86409576403233,19_genuine_original_19_11.png,19,genuine
2.3556969754058303,5.704979576982186,8.39167415902283,8.23238842728196,-16.733051713698046,11.360944401798386,16.662520071169457,280.97331495098035,0.9096509059028193,0.9051055393951131,0.8596347447258865,0.6352686841768781,141.70972615675166,23.35888597786905,19_genuine_original_19_12.png,19,genuine
2.2821128874529744,5.26985274705002,8.476863450476648,8.003915701333927,-16.99206161206608,11.043535509698053,16.251356654353444,281.4359987745098,0.9167646034531114,0.9131623828683321,0.8485153122547372,0.38160919529264103,141.11314475873544,24.44244508482057,19_genuine_original_19_13.png,19,genuine
2.335887157470915,5.856542217741845,8.258852480345979,8.201587587033424,-16.547329551073055,11.727098039684371,16.624058810397514,298.96090686274516,0.9069751354522578,0.9030226175873949,0.8423628928905946,0.598625223969329,145.53355767433166,23.908934956631057,19_genuine_original_19_14.png,19,genuine
2.3633428596176067,5.481166341143639,8.768783069225039,8.197226397763126,-17.287679411408195,11.358966387428639,16.693890983536573,319.1046875,0.8993803523015511,0.8942455455503977,0.860466189050762,0.402323375912204,139.85849535080305,23.736061214164693,19_genuine_original_19_15.png,19,genuine
2.3952497522393306,6.036923335252735,8.415602600911354,8.201518930699084,-16.556504275878886,11.902844653368238,16.867881760383394,307.47542892156866,0.9000877746777466,0.8953021230545559,0.8664361524689157,0.4598612486472098,139.31704005431092,24.04630267416978,19_genuine_original_19_16.png,19,genuine
2.3787995240026962,5.411482053934736,8.334499466705328,8.261996089337005,-17.082745535411625,11.156201292397624,16.580760500156863,307.6793504901961,0.8974136291210039,0.8926523160425878,0.863407007876125,0.4517216468933971,141.78371205838448,23.67885135334599,19_genuine_original_19_17.png,19,genuine
2.310363615925648,5.422181071867207,8.736134529365225,8.121956014662107,16.98575081566629,10.97789387052968,16.58250628117926,275.8497242647058,0.908916465227329,0.9046609111248277,0.8706986485822328,0.5270768356883819,138.93835870776087,23.869047736785213,19_genuine_original_19_18.png,19,genuine
2.3221851646942104,5.587875631588708,8.473787363709446,8.109127832853995,-16.680547362130458,11.44119379057225,16.470557592511295,282.60965073529417,0.9088692766672933,0.9044160135133791,0.8676594941912011,0.47082990948484527,138.80651769087524,24.280368770115818,19_genuine_original_19_19.png,19,genuine
2.3437615522136954,5.731386424014259,8.391762904974795,8.161298929964504,-16.507290416177725,11.2563084105721,16.719143123174636,310.2741727941176,0.9052331082254127,0.9006635666734708,0.8540810025612104,0.4825362706924943,140.39869517941284,23.54607611393901,19_genuine_original_19_2.png,19,genuine
2.2567590717948565,5.1309808835076,8.021492669800384,7.932097077184045,16.648529973061727,10.85986212825625,15.916216522709131,234.499693627451,0.9270922219680985,0.9237775095614478,0.8548098492644033,0.43143245063427277,142.31586435854874,24.974785808364423,19_genuine_original_19_20.png,19,genuine
2.323142143930773,5.265232257895775,8.351367333602042,8.118126586511528,-17.200431903623738,11.06281786194712,16.357300006549842,320.8030330882353,0.9057943797680792,0.9010157629823081,0.8594164427981067,0.47251867650146245,136.2736002899076,24.318926672884892,19_genuine_original_19_21.png,19,genuine
2.3329762682911173,5.835276545129727,8.231039312583757,8.098772313134306,-16.541810844112447,11.569570491757139,16.334349830606772,318.00683210784314,0.9043317270587847,0.8994994954201626,0.8575510599717361,0.5209352907773422,138.3836253128352,24.32693810949292,19_genuine_original_19_22.png,19,genuine
2.3475313122805863,5.6766442992457895,8.616239163880415,8.153354897601336,-16.866083546249758,11.297414457441919,16.592346969542625,277.74197303921574,0.9125534307589918,0.9082452910704819,0.8631240730357692,0.5070422533723468,139.32204049844236,23.810745176653306,19_genuine_original_19_23.png,19,genuine
2.3235177821593207,6.177902253574647,7.9045369773390695,8.247243625663806,-16.423937551593063,-11.664090545069397,-16.538228527874256,295.725949754902,0.9053483816528494,0.9007401726834713,0.8593763048210888,0.5642978001792731,141.1782945736434,22.799874227015867,19_genuine_original_19_24.png,19,genuine
2.3586192707759372,5.683283755739635,8.481019389307397,8.182323364715211,-16.76292265263874,11.154217249080157,16.597036621452805,306.9632352941177,0.9018419022216554,0.8960835431537811,0.8687352759103169,0.47698533118943215,137.8126712328767,23.784128551340842,19_genuine_original_19_3.png,19,genuine
2.3412648494871715,5.7029262338046856,8.330359346845178,8.217106799763819,-16.621302992630394,11.457513038212552,16.663448526235594,341.6073529411765,0.8970580630798856,0.8909982952646386,0.862748935111464,0.5140094221388521,136.3732394366197,23.42317234785246,19_genuine_original_19_4.png,19,genuine
2.2865315504995993,5.499482652071,8.1512885118997,8.096697011882338,-16.49626144509146,11.130352066842605,16.292354713142014,315.5159007352941,0.9083166383654847,0.9041257183739835,0.842606480016821,0.622723062481407,141.37766362252663,24.047064051948404,19_genuine_original_19_5.png,19,genuine
2.357016313598217,5.621062524217095,7.928007569664265,8.299528763667313,-16.583971737823813,11.557415607362882,16.545365773388315,299.44742647058825,0.9066856938007886,0.9022263072834639,0.8546151589185261,0.6237653395319469,141.32460829493087,23.325433063751337,19_genuine_original_19_6.png,19,genuine
2.3667042994810243,5.470255705771797,7.963203868328552,8.10109004679118,-16.58259828060525,10.943192242137386,16.16254673788057,244.97775735294118,0.9331615875115248,0.9304867042790389,0.8359003412559963,0.562242374046891,140.96068601583113,24.632984848314628,19_genuine_original_19_7.png,19,genuine
2.337639903830821,5.784750122713027,8.522886740849863,8.253104451696633,-16.68031548914719,11.21477851049939,17.032061367889337,288.7401654411765,0.9099701331561091,0.9061169918754178,0.8412842693346958,0.54861944761446,145.9017441860465,23.368032826879652,19_genuine_original_19_8.png,19,genuine
2.338849590714637,5.651363758130603,8.206030658083979,8.353723791766342,-16.633926980104757,-11.950782554075031,-18.045556707427224,321.29077818627457,0.8985802051316035,0.893802123008639,0.8568551041412912,0.540936437211369,140.8348327957902,24.053716453350425,19_genuine_original_19_9.png,19,genuine
1.9167557808863869,3.970327804968758,6.390495022924375,6.800889499048823,13.416447170479625,8.842579606689888,-13.925767133781726,53.89015012254903,0.9740902354970853,0.9725343754393921,0.8022357774631791,1.589065252929338,178.06607629427793,16.57389099777624,1_genuine_original_1_1.png,1,genuine
1.8408874441748617,3.7821783121394104,6.269270192958357,6.951986174737062,13.763368518483704,9.176867338741577,-13.672357388671495,43.73147977941177,0.976949868037524,0.9751384808058705,0.8142691087427889,0.4600219053011808,179.95423855963992,15.918307213401762,1_genuine_original_1_10.png,1,genuine
1.742431547684347,3.693292584594351,6.206401415825896,6.958155925117701,13.671535723325995,-9.072258057992997,-13.712271089166228,130.79178921568626,0.9710163845024891,0.9690418771954357,0.6583979215854112,2.7606635005671483,170.14744801512288,29.150733757772677,1_genuine_original_1_11.png,1,genuine
1.9217441318167734,3.9301885673916006,6.4191377244237255,6.792644013136997,13.41717840742142,8.825336942742085,-13.940903091415544,44.19261642156863,0.9764201549341831,0.9742959199158504,0.8313535982614938,1.3722504206899315,177.81954350927248,16.48457854758421,1_genuine_original_1_12.png,1,genuine
1.892951776804636,3.9027795273393515,6.394489344399899,6.78268621862006,13.380687609505754,8.781474093619973,-14.057462872575085,54.65246629901961,0.9728387308345746,0.9707576213594082,0.7930477139944246,0.7636986292651842,181.06925566343043,15.709284242767813,1_genuine_original_1_13.png,1,genuine
1.9710115357756364,4.1716218755663474,6.611960631613652,7.3241445726536005,14.349269483059748,9.480223577992026,-14.610273119599155,56.53469669117647,0.9720640290466207,0.9706504788823808,0.7492330121834456,1.182344426653626,186.04641909814325,15.450201312568472,1_genuine_original_1_14.png,1,genuine
3.114624073405558,6.788983901255858,15.398451563500663,16.55007645800459,29.99913317629797,20.076107010869006,29.99903503343174,25.519684436274517,0.6901605255342456,0.4496085081544644,0.9277942044720155,1.0124876223450057,235.0060137222207,11.805435371944702,1_genuine_original_1_15.png,1,genuine
2.0226793211852194,4.283067283712842,6.759586884307481,7.708872606607215,-15.608055130711914,-10.660499868699162,-14.95350661895083,69.4373468137255,0.9649431895667873,0.9621182764346611,0.8022550485786305,3.5797752728544374,180.48969578017665,15.796070423682066,1_genuine_original_1_16.png,1,genuine
1.944474723966925,4.043872126964302,6.5390389987246085,7.051263475534486,13.88071727598853,9.163629552963224,-14.264054130604077,58.04091605392157,0.9706348167717863,0.9684139338282066,0.7868477475634076,2.3661971783376314,182.8302450687388,15.528001231170073,1_genuine_original_1_17.png,1,genuine
3.1359794973168102,6.968784123868917,0.0,0.0,0.0,0.0,0.0,26.383164828431372,0.6600347321599662,0.39410093512272404,0.9221148264941096,0.9999999999505538,235.44541139240508,11.289835271067728,1_genuine_original_1_18.png,1,genuine
3.0971319194081572,6.6738302426009835,14.620864941224717,15.329930211859216,29.841106488967352,18.73949941973731,29.91240007638418,25.55252757352941,0.7127371601562887,0.4859980838046366,0.9120004159856917,1.0131415378551387,237.26449658903786,11.314508785975358,1_genuine_original_1_19.png,1,genuine
1.9084286223891285,3.984822401492185,6.778146728204495,7.890764955400514,-15.70545177987671,-9.914482016071057,15.250411455134223,57.795419730392155,0.97430562334178,0.9731012782644345,0.7497739615044222,5.056768536870006,182.46575342465752,17.09511799689634,1_genuine_original_1_2.png,1,genuine
1.97405274411076,4.130273704415418,6.657799618111974,7.143157204396174,14.116739123420787,9.321964335491062,-14.31557094440471,53.74868259803921,0.971384207827383,0.9695168870012586,0.7769960989284982,4.768953051375621,185.80976220275343,15.92170627577139,1_genuine_original_1_20.png,1,genuine
3.1429922868045246,7.0435362441953435,0.0,0.0,0.0,0.0,0.0,23.178691789215687,0.6502281430437872,0.37320356127758986,0.9242866634853303,0.9999999999523628,236.06709698932926,10.473166373441762,1_genuine_original_1_21.png,1,genuine
1.9336679593127557,4.039274811166801,6.679717907962026,7.566554633443191,15.36535636475858,10.230901766229477,-14.699582758157211,58.66942401960785,0.9708167412186935,0.9685978222880852,0.7873562539152971,2.352226715886181,181.96135265700482,15.558436023702779,1_genuine_original_1_22.png,1,genuine
1.8844424443336736,3.891157123626905,6.48782072076724,7.046274518966982,13.842331756676167,9.097837720353843,-14.264771645855353,49.40200674019608,0.9732237397009209,0.9715694240076881,0.7891047571465215,0.5191919186674829,184.74468085106383,16.32942857739062,1_genuine_original_1_23.png,1,genuine
1.9735720557478038,4.066872119457527,7.037262917379438,7.791437610547196,15.412584750182925,10.185623996730682,-15.31164679651036,53.300582107843155,0.9695097294692758,0.9673109748662758,0.832325889299823,0.9582875949963913,179.39181614349775,16.08597139203566,1_genuine_original_1_24.png,1,genuine
1.9247345758196475,3.949068173737165,7.019996616744369,7.499815461870715,14.767809046279131,9.491511591917043,-15.478221523212666,49.02251838235294,0.9736322774840069,0.9712629859938355,0.8262828254778075,0.5740181263101529,179.14715291106845,16.78348354154042,1_genuine_original_1_3.png,1,genuine
1.915153587921817,3.9563703526063434,6.781056973276139,7.301402925372447,14.375747341385699,9.33660820825512,-14.76734801233249,48.87440257352942,0.9739917020219362,0.9723046024016391,0.8099296619731532,0.7354312345740894,180.81799865681666,16.165731601058027,1_genuine_original_1_4.png,1,genuine
1.9314912690427326,3.9899789822080733,7.536893357165766,8.345528251753253,16.641342770584703,-10.61228659422302,16.333933018226197,50.32189031862745,0.9734011018787712,0.9714927695805117,0.8016696116813212,2.103869649482954,182.16535433070865,16.038264830872787,1_genuine_original_1_5.png,1,genuine
2.004064237311213,4.13395761056343,7.285590029961099,8.04662396699137,16.235486773117895,10.775248254262694,-15.733222431756824,53.356372549019596,0.9722968808234478,0.9698078108818635,0.8263702290586782,0.24353120224997624,177.33965728274174,16.071872123892582,1_genuine_original_1_6.png,1,genuine
1.9070472037743162,3.9328588758772494,6.340513892828516,6.738201058384922,13.29559082372867,8.763360016837263,-13.826864008785295,44.5063419117647,0.9757340226165296,0.9739742477827138,0.8180717860532296,1.289902278029475,180.67069701280226,16.613130694211854,1_genuine_original_1_7.png,1,genuine
1.896692522048739,3.8769269937358772,6.527389354751106,6.936952538985266,13.687139875161202,8.957429299505971,-14.218612679965945,41.04595588235294,0.9762669188215193,0.9745257055124722,0.8226570780204642,0.5930635831294062,181.88824383164007,15.990399640422687,1_genuine_original_1_8.png,1,genuine
1.8765658787262571,3.8338065346223624,6.711410304152206,7.118112596751418,14.046230158675678,9.078253332547316,-14.645055015265319,41.376838235294116,0.9765119172273534,0.9747095023893632,0.8303313649645352,6.549450513464557,179.84352256186318,16.235784451693846,1_genuine_original_1_9.png,1,genuine
2.1521437591796992,4.690039983626823,8.394590899751675,8.720425518386882,17.444462188087915,11.119182409605658,17.413535498484972,121.7937193627451,0.9512763434892316,0.9485612826702614,0.8697010246487276,0.16579686866086035,152.982782369146,23.695345545547227,20_genuine_original_20_1.png,20,genuine
2.14716204050327,4.505888901674745,8.486132686179419,8.578561265169581,17.181379563855277,10.85454649239545,17.389562756424336,97.4368412990196,0.9504755016979515,0.9474122224584711,0.8925570639705405,0.4196261680282121,156.9940750493746,24.267232689502954,20_genuine_original_20_10.png,20,genuine
2.161610206888685,4.675105063526059,9.616004629157661,10.866710906794811,-21.650131348791316,13.969405761782554,21.126739611805885,111.98803615196078,0.9423787167908327,0.9385431011929746,0.8978675743284008,0.8802742611390958,154.72650771388498,23.139108228260852,20_genuine_original_20_11.png,20,genuine
2.1163519717828727,4.521728317208841,8.086808247796863,9.391738171903125,-18.650795206239195,-12.030062888787072,18.151799187402926,119.74914215686277,0.9530641005702529,0.9506445953421977,0.8720227846542018,0.22002635036450316,150.5755939524838,23.529408289475448,20_genuine_original_20_12.png,20,genuine
2.118322108331947,4.464508884922374,8.772089220633095,9.990001139109072,19.37715431290902,12.39418535682367,20.1495210163722,107.45772058823532,0.9545398882496289,0.9521609052484838,0.8827500788032854,0.4502923974214288,150.7298387096774,23.401662120527057,20_genuine_original_20_13.png,20,genuine
2.159971573570563,4.608377694881757,8.311623897104386,8.426151362609454,16.797978571096053,10.74755276024968,17.73074174079333,110.05848651960785,0.9526101321216252,0.9499858492581584,0.8804199097903156,0.4907846232276015,152.45425644648535,23.491641765829215,20_genuine_original_20_14.png,20,genuine
2.114565625470341,4.464260050265798,8.810314650352549,8.308325188439012,17.689715884160332,10.554514725447458,16.8726292145971,118.88174019607844,0.9514119792082477,0.9485919524773112,0.8723175547198821,0.23685335603383784,153.1372277912202,24.260187461513553,20_genuine_original_20_15.png,20,genuine
2.116410288410047,4.457074325713703,9.841152770319376,10.121448286701362,20.279030293555497,-12.621360646261515,20.2302330120762,102.87294730392156,0.9501364959247643,0.9476576675718429,0.8844036796221845,0.46607231279540745,156.71858108108108,24.332178797092876,20_genuine_original_20_16.png,20,genuine
2.0701528910426443,4.289660701207518,9.139719705768103,9.776229061727253,-19.24522849781405,-12.044150436202063,-19.88687947624085,95.13103553921569,0.9590114799950855,0.9566798403497909,0.874976311647183,0.3466223696862556,155.06291118421052,24.429336994660556,20_genuine_original_20_17.png,20,genuine
2.068146436693477,4.40929238669484,10.443971876961406,9.146769020214427,-19.04582182501631,-11.460334281907501,19.15244654200679,112.0863664215686,0.9542858603636353,0.9519774201647471,0.8503937993638421,0.2597340929440959,159.68337730870712,22.394907114311017,20_genuine_original_20_18.png,20,genuine
2.104695923416853,4.426184567683084,9.105955411217067,9.212601651250994,19.06377805542202,11.690458674408841,-18.381044295885616,101.11473651960783,0.954282871402348,0.9516095561197369,0.875976234661328,0.3617866003167312,157.52478134110788,24.40942616272631,20_genuine_original_20_19.png,20,genuine
2.1165495069541502,4.521702842757709,7.861133448395444,8.827647174717809,17.203089517908214,11.298702395922898,-17.60971066325291,119.32242647058824,0.9529757522251181,0.9501544708319078,0.8657221814268373,0.32856461596158104,153.59224694903088,23.7951806438097,20_genuine_original_20_2.png,20,genuine
2.1151690781453607,4.420417455975788,8.800491841467792,9.476212347386959,-19.46810502980704,12.328316132005689,18.618869420503497,102.60821078431373,0.9538613803249365,0.9510887733513593,0.8724411849828547,0.11339790148773289,158.24610366074666,23.46644667325618,20_genuine_original_20_20.png,20,genuine
2.132957602252308,4.508232440209421,8.629525783003984,8.835543629559147,-17.572029298125162,-11.129861669120329,-18.440076537518895,120.40741421568626,0.9550372654472756,0.9526357746369859,0.8784475377846673,0.22841480117477625,145.85868352547416,24.552766469260494,20_genuine_original_20_21.png,20,genuine
2.1089002852451966,4.390005874494942,8.361973008463622,8.962066329631702,-17.704671355721864,-11.323806867780226,17.878383112531843,111.12573529411765,0.9539307350786643,0.9516708195860143,0.8792765243445336,0.3382280957717924,150.86576444769568,24.48738336858499,20_genuine_original_20_22.png,20,genuine
2.0801504345847315,4.331557504941692,8.329372435894538,8.92726750804607,17.737696850136178,11.932376346129466,17.678526519152246,108.64160539215686,0.9581591052627765,0.9560825306688959,0.8567227768583392,0.634343433916267,155.1104243922538,24.30367219547184,20_genuine_original_20_23.png,20,genuine
2.200506746252149,4.645625893577206,8.551803664566153,9.057059896034245,19.10887113830844,-11.854974679435763,-17.862187807916236,131.4888786764706,0.9402710447092647,0.9367205173684723,0.8943913644871119,0.4020139425243943,148.81629834254144,24.00867038594697,20_genuine_original_20_24.png,20,genuine
2.1630208906266932,4.5841737209726725,8.681886162257914,9.095826923052238,-18.674145437015287,-11.39097962465077,17.99395319664157,125.45125612745099,0.9480800224072282,0.9451759992752296,0.884821413985278,0.1665419161053361,148.34071222329163,23.928002393897327,20_genuine_original_20_3.png,20,genuine
2.143575203868511,4.49371307186,8.188051075343907,8.512569933803633,16.90842096040294,10.765439288692129,17.224431048899845,111.5686887254902,0.9547041549381916,0.9522988095928275,0.8723152563118312,0.2696470586966367,152.89065974796145,23.98933189376653,20_genuine_original_20_4.png,20,genuine
2.2029144014896795,4.736627851275995,8.262668461841907,9.228230100040408,-18.045973217475254,-11.598524270265163,-18.247650893122316,106.2485906862745,0.9618150945638032,0.9599427301747195,0.8460370798108179,0.4125964007631128,154.7575068243858,23.185211383662097,20_genuine_original_20_5.png,20,genuine
2.170811047830204,4.62135307840157,8.935931230607444,9.027230193463268,-18.205226146265645,-11.51790655252677,-18.12145530870188,129.01997549019603,0.9527235581246798,0.9502769774593071,0.8617541355343179,0.27143512137944287,150.69816083663903,23.84055977032367,20_genuine_original_20_6.png,20,genuine
2.0843586193746453,4.367471831807313,8.725620503991358,9.863779798582051,19.281340914204932,12.061287928231748,19.340691892762894,102.24252450980391,0.9591826895952794,0.9571087282852891,0.8608959796692717,1.2270620933947523,156.15813566375365,23.948706357192037,20_genuine_original_20_7.png,20,genuine
2.084033846879016,4.36303545188488,8.455939408962516,8.931640562727152,18.08112076181755,11.127247929710235,17.653840754935427,96.06669730392156,0.961048294380315,0.9589622555363351,0.8584433629540253,0.7783825810432483,157.66506340183648,23.31146345015548,20_genuine_original_20_8.png,20,genuine
2.099164052346633,4.457462101046309,7.685292142199632,8.318287677495757,16.873291765402207,10.853960121434612,-16.337774720082912,113.52578125000001,0.9482820958913479,0.9453292151159981,0.8859905003099063,0.9771573597860675,153.0250320924262,23.06800550301843,20_genuine_original_20_9.png,20,genuine
2.336283576049245,4.977844688925827,8.237489770260801,8.659109543122275,17.143100813098265,11.223829125760222,-17.51710469296482,209.68943014705877,0.9255140697658945,0.9216331605115375,0.8521854351915021,0.6006624951782619,150.87629340078178,22.96436423676295,21_genuine_original_21_1.png,21,genuine
2.3882499859829287,5.140745024322718,8.188556338546189,9.698731893937493,-18.957611220087298,-12.332792595791608,18.70030956645467,203.6835171568628,0.9182777772721664,0.9144644757141674,0.8644034258282189,0.6393442620767267,152.6,22.354585659322787,21_genuine_original_21_10.png,21,genuine
2.3219251439055895,4.903099281120361,8.422684516124232,9.70624291672966,19.072503584756095,-12.447820094051933,18.83292095026752,188.00793504901964,0.9242437652302488,0.9212044434179502,0.8492049389825957,0.627377843854018,157.98349759339905,23.326435195282556,21_genuine_original_21_11.png,21,genuine
2.3363298503312717,4.9731014424011315,8.1048188093628,8.940394888711928,17.64774878350947,12.840320511493927,17.583953506617043,232.3880514705882,0.9225182736975905,0.9192129089215482,0.8507840050309021,0.5428866687761328,147.3027461486939,23.374598201586117,21_genuine_original_21_12.png,21,genuine
2.415293713608279,5.148066578535777,8.495532697926008,9.929206069726863,-19.265492761091185,-12.585424742583605,19.322406790480308,160.75232843137258,0.952212126311835,0.9505835238289176,0.8265581063092183,0.709287531355415,149.06103461109043,22.30527106653519,21_genuine_original_21_13.png,21,genuine
2.41623475567302,5.208280241783688,8.236497782451439,9.157790139372132,17.91326015364523,12.166962116444436,18.16889061221674,168.1254901960785,0.9438733193278838,0.9418984531784838,0.8346958693025345,0.489901361911742,152.67276166456494,22.44076078996042,21_genuine_original_21_14.png,21,genuine
2.4748744074112143,5.229022542772062,8.43759899394052,9.604073285993366,-18.625209105816083,-12.218602118552626,20.055107629587962,212.5769914215686,0.9087248829788254,0.9037568853900056,0.8869303210741442,0.658947368222873,147.60261058738217,23.776229447304743,21_genuine_original_21_15.png,21,genuine
2.4390218816944027,5.249113746042027,8.104353323698172,8.935782661052992,17.46755556900109,11.745159304215083,18.095869838111323,187.8329963235294,0.9302609590898689,0.9270093021358378,0.8661906987877391,0.2608428175143517,148.414735301293,23.038058131403325,21_genuine_original_21_16.png,21,genuine
2.3692867887522024,5.078375441893473,7.990968315796805,8.824493140995543,17.23238568023512,11.594997629342462,18.7961781167275,171.13535539215684,0.9395207565512994,0.9368740816914264,0.848367220954527,0.6028531980658752,152.1498708010336,23.722954544801723,21_genuine_original_21_17.png,21,genuine
2.444767825501012,5.285695528850686,8.216490017136335,9.34369027906643,18.272626511845147,-13.330321071147472,18.27597726420932,191.74957107843136,0.9259975682437736,0.9222299890794612,0.8786586786399015,0.1483116882731658,145.664329337254,22.851585238577343,21_genuine_original_21_18.png,21,genuine
2.355439129248962,4.936968600886883,8.101697515214896,9.051170698268802,18.22239727547424,13.254030115914283,-17.64211242690848,211.12012867647064,0.9155429452132552,0.9115538254269503,0.8744347366389212,0.638325702865165,148.86047904191616,23.51575458161983,21_genuine_original_21_19.png,21,genuine
2.3049259346622146,4.888422235375842,8.389261466121507,9.092428079747298,17.833596206882223,11.883004111188598,19.24697241382812,162.43164828431372,0.944702747096577,0.9427563710910992,0.8288260250779946,0.4405204458919515,155.46354838709678,23.542842765338793,21_genuine_original_21_2.png,21,genuine
2.3543429246972027,5.008355751419806,8.196468285614447,8.808303103049326,17.31593274140107,11.613078195271244,-18.12185362724346,146.2160845588235,0.9528690409932216,0.9513495252846778,0.8231644396408984,0.02933124754425841,154.29407294832828,22.828323768640217,21_genuine_original_21_20.png,21,genuine
2.466648841725826,5.212919744945318,8.749409220580732,9.32317835639022,18.370938963425445,12.451569471949567,19.003836012197215,169.35701593137256,0.9368015785991416,0.9345916161486157,0.8578520424297936,0.38948170716864267,151.37410861217774,22.962857962765742,21_genuine_original_21_21.png,21,genuine
2.4491976661876973,5.196177267422283,8.84949811786414,9.168468966201049,18.189144818773187,11.848908451259721,-18.817699419018428,131.5481617647059,0.9576775216385424,0.9563584022120899,0.8218201616833775,0.6480446922848849,154.6771186440678,22.585074233627523,21_genuine_original_21_22.png,21,genuine
2.394738651485053,5.139810432528597,8.25262889236367,8.622810027576932,17.105000103715117,11.225782531448846,-17.426726039660892,192.28985906862746,0.9208186885350639,0.9170223198685321,0.8698522273632481,0.661336176026533,152.27743315508022,22.785872202330392,21_genuine_original_21_23.png,21,genuine
2.451353083666824,5.250799581209751,8.286271653182423,8.787341659997994,17.32561492434518,11.545028732546708,18.4101013767058,186.71798406862746,0.935612323582761,0.9334736039004848,0.8457799428063492,0.9897074750868323,150.85597604138306,22.87660772202429,21_genuine_original_21_24.png,21,genuine
2.3688647950464223,4.989698372825429,8.202595839540036,9.039328457165086,18.147259673417928,-12.186669800042699,17.684666708513927,183.54062499999998,0.9488442570880943,0.9467540573479458,0.8279325027592185,0.12807497066455487,145.31810314987885,23.52951692161668,21_genuine_original_21_3.png,21,genuine
2.3706870140051293,5.036981231525702,8.308014068437618,9.564815246331317,-19.08589316515308,-12.2312857541255,18.516455141155607,172.8019301470588,0.9434764841836051,0.9413622521314438,0.838482515239833,0.35428089398807217,150.62877608221737,22.75328731859541,21_genuine_original_21_4.png,21,genuine
2.3082415235889133,4.851853503664418,8.216632713279605,9.270197545357625,18.665645816845842,-12.069744528797823,18.024671262953685,174.4534926470588,0.9344541816892886,0.9316203058252884,0.8566764854720933,0.5881363060209776,152.2169536423841,23.893767731671566,21_genuine_original_21_5.png,21,genuine
2.4439611044592415,5.223457495737948,8.803595569448484,9.501904157504354,18.66129198426697,12.337375842591143,19.41532428259359,176.61547181372552,0.938584458462885,0.9359396286294014,0.8534275367266653,0.6765957443609477,149.60631697687535,24.22773612095137,21_genuine_original_21_6.png,21,genuine
2.3829095304812045,5.187773190659474,7.929057751315662,9.227553180008778,19.18631294754396,-12.313761999147884,17.806235542561076,239.93394607843138,0.9067829834863859,0.9017969113662339,0.8730484942250413,0.6628742512985407,147.60785019805544,23.562480237119026,21_genuine_original_21_7.png,21,genuine
2.3791244544027688,5.031475712403749,8.14827458310551,9.29154789712701,-18.050264860474737,-11.845112487910148,-18.404502390385822,189.09822303921572,0.9152523554191218,0.9114008219801609,0.8778647472065956,0.6448445169738644,153.40199004975125,23.004771212234736,21_genuine_original_21_8.png,21,genuine
2.431307637437779,5.164688207926743,8.353963923455064,9.36613329400796,-19.29649056669745,-12.176833634923199,18.227758470354363,235.26568627450982,0.9070085591330246,0.9021644208910524,0.8784174752278197,0.401616569739425,146.1616507478825,23.307808122928492,21_genuine_original_21_9.png,21,genuine
2.266756765996355,4.931072379220927,7.461900457266204,8.088498346145295,15.967615289505313,10.885279614403014,16.073621077684553,273.3909007352941,0.9339450182520667,0.9321260117390129,0.8134322863336167,0.9431025223064398,140.26933701657458,27.91848036640413,22_genuine_original_22_1.png,22,genuine
2.3637855366284386,5.201234087777427,7.738909681620763,8.149053003632352,16.096387677829647,10.773042526748483,-17.00034776332241,262.6594975490196,0.9200532341219736,0.9167004067050503,0.8615018632163107,1.4855769222833455,138.57296367934666,26.729047277655233,22_genuine_original_22_10.png,22,genuine
2.323205752252283,5.1298547431885355,7.782956946568962,8.481303462733562,16.61394464934154,11.059452336006215,-17.92786348355641,269.97095588235294,0.9183140629021063,0.9145101275363432,0.8600826474860445,1.1823179105898682,138.85285474391267,26.722529587752753,22_genuine_original_22_11.png,22,genuine
2.3454641337372775,5.151073619375762,7.694685354503656,8.078860934553669,15.965755163871647,10.676843501411856,17.59252698125018,271.5677696078431,0.9269374888352878,0.9242064508754615,0.8459333841374237,1.78008021271385,136.70473671555663,27.0414330232093,22_genuine_original_22_12.png,22,genuine
2.343492775486559,5.041786225761892,7.793581357715039,8.26818059040907,16.329265411036868,10.802237500873181,16.742334497358218,248.93912377450982,0.9262063099866047,0.9232717957738124,0.8613812656140025,3.082139443092512,137.0629386991109,26.762364661177156,22_genuine_original_22_13.png,22,genuine
2.298607617347795,5.052968302376962,7.556822029542338,7.827970987016684,15.529388878349208,10.37239864869514,16.215603166673795,250.7726409313726,0.9272256573714981,0.9250339446453238,0.831467895250485,0.6898128895260653,145.46899606299212,26.46791854272331,22_genuine_original_22_14.png,22,genuine
2.3876688205407226,5.391640338030095,7.666861598311615,8.477885950903127,16.565432995155618,11.185790887535312,-17.135639755414136,282.2351409313726,0.9173335933521759,0.9142959569914187,0.8549881649087421,1.9662288918284996,138.23740248787686,27.40221602602553,22_genuine_original_22_15.png,22,genuine
2.31576551099873,5.127712335571727,7.550179379449072,8.170653097709875,16.037411574861903,10.735227708726903,-16.801488607876006,256.3126225490197,0.9224321829458474,0.9191666361918823,0.8614545700986985,1.740875911349832,138.58699511762094,28.00775207313841,22_genuine_original_22_16.png,22,genuine
2.3111341056330446,5.0285590627347485,7.733994769982948,7.9439841125752215,15.78297437620438,10.465127229046846,-18.493822753935582,237.7682291666667,0.9341160715247424,0.9320643356011367,0.8344747282496061,0.8634760700939667,142.95052716950528,28.836554754302213,22_genuine_original_22_17.png,22,genuine
2.35302831010525,5.0761199406048805,7.969061276457452,8.516249294603671,16.767009819126883,11.14246467223435,17.47693883938747,260.5442095588235,0.9231092718247218,0.9199015935858387,0.8694309923536495,1.1885046267956627,133.523926107278,27.48505321076432,22_genuine_original_22_18.png,22,genuine
2.3616163030585597,5.112149151658129,8.165811344853822,8.47475413569446,16.80006907386031,11.098795449166504,-17.61504641799533,277.2178615196078,0.9220530418959563,0.9183393158827178,0.8628715487312824,1.0685740231296212,133.74796926454445,28.46105690975952,22_genuine_original_22_19.png,22,genuine
2.3619751864278005,5.042212982214369,7.861062372464441,8.456578894391667,16.72436744885218,11.183505146241183,16.817337666310866,251.72334558823525,0.9265242851249723,0.9235015129333726,0.8549415499345203,0.9211599452101678,139.0061320754717,27.893149563760808,22_genuine_original_22_2.png,22,genuine
2.3682508936701967,5.150117767325263,7.807539470224951,8.04607108360454,15.975791306334315,10.667197214556928,16.9103941177361,275.30778186274506,0.9144291120160506,0.9105730877398015,0.8755054048747789,0.5987321709671214,133.86657414750198,27.759157366257156,22_genuine_original_22_20.png,22,genuine
2.326665033013227,5.038712091045294,7.902617734737713,8.357725805341154,16.48801775379017,10.958788872112937,18.116421593428537,256.15082720588236,0.9243392703759256,0.9213572128898693,0.8564244908799413,1.1580773036877714,138.9113662456946,28.176268961247185,22_genuine_original_22_21.png,22,genuine
2.336272568355116,5.053879628097629,7.71461410200679,8.006601432860265,15.868701701011304,10.589161584567686,16.949374906748886,235.81007965686274,0.9336641502249842,0.9310836520931723,0.8582478385030557,0.9377530359626756,135.80778271089056,28.411402005650285,22_genuine_original_22_22.png,22,genuine
2.3518394200102786,5.203720589000878,8.158407722931589,8.560592023252411,16.92013525673531,11.253438166409062,-18.769944139421806,272.3747242647059,0.9225576719486476,0.9192736608040218,0.8566963401123835,0.8719766468423784,136.499443083092,27.26373526407787,22_genuine_original_22_23.png,22,genuine
2.3694939202303944,5.055925689036118,8.07505469271578,8.205893042680179,16.346636867457683,10.771577563180985,-17.799231672159266,339.71326593137263,0.9355375469790661,0.9334119392490301,0.8095475244531828,1.311897105265661,127.17552155771905,27.487492393447884,22_genuine_original_22_24.png,22,genuine
2.3531448423250056,5.013197624508366,7.9003145387284395,8.448819710439256,16.66405402360046,11.046570043912379,17.007158266547478,205.0780330882353,0.9506283966605472,0.949235498057572,0.821341724421666,0.277232351436544,138.7701317715959,27.749478268957187,22_genuine_original_22_3.png,22,genuine
2.3585553859330215,5.187378601435372,7.681852143164179,8.826374774459328,17.494496729295193,11.765393962085353,17.115418286177725,244.14797794117644,0.9421100569791154,0.9401674492887908,0.8213380721258794,0.44529147962094556,137.5265280794291,26.842431492041978,22_genuine_original_22_4.png,22,genuine
2.30200224864806,5.011989381182967,8.017417211143124,8.511467887755124,16.776064639494994,11.059380079577975,-18.35031927886614,225.18134191176466,0.9349527407834112,0.9326464017848346,0.8420440817362963,0.954376657318633,142.8827361563518,27.745211861172994,22_genuine_original_22_5.png,22,genuine
2.4041200362760837,5.252751570601315,8.335473047655801,8.674574058186506,17.18175594684792,11.334894998880422,-18.181993541748632,309.3549632352942,0.914309350342067,0.9103589483795386,0.8593172843992704,0.8924649750501837,133.6360544217687,27.550321317191777,22_genuine_original_22_6.png,22,genuine
2.3513950364731695,5.120142870914399,7.989122410131438,8.382612709895085,16.57829143222791,11.077807119510402,-17.245884308388,261.8003676470588,0.9232838514880988,0.9194268016241086,0.873257137350561,1.1728276518613405,131.88422448077773,28.104121684985525,22_genuine_original_22_7.png,22,genuine
2.3511359968133907,5.184605991539893,7.784924800988458,8.285674353237264,16.362323659862486,11.025945853221733,16.701461635491203,266.8564031862745,0.9241111926154114,0.9208668485918298,0.8616573729124759,0.7638331993729619,134.6024096385542,28.174534838747928,22_genuine_original_22_8.png,22,genuine
2.2919253624478304,4.849306542006092,7.605356863992508,8.026566023272373,15.842546455938939,10.470724562262802,17.87166268167774,220.1254289215686,0.9361902698172986,0.9333353442655816,0.860114013397838,1.3222778464816785,137.34842360549717,28.028407310278507,22_genuine_original_22_9.png,22,genuine
2.043979422163354,4.515896516850221,6.630709573876827,6.885663606001038,13.653220739054964,9.196796269706002,-14.331013395347723,145.08872549019608,0.9674429722367771,0.9663456809194956,0.7859442958103309,1.4356164363895665,145.1119235095613,26.391411401016075,23_genuine_original_23_1.png,23,genuine
2.1622089486151213,4.965891926992024,6.9265799003218405,7.751230439718295,15.40546888736496,11.58808118448048,-15.1480391885646,192.0703431372549,0.9559692218898918,0.9543057151704788,0.8061099667178044,1.5934182573318278,140.53008595988538,24.94477353765397,23_genuine_original_23_10.png,23,genuine
2.134883377671971,4.664134801448717,7.013492730239405,7.1792720821574285,14.275899455819683,9.573622791851491,-15.749599915420498,143.95471813725493,0.9659943703584509,0.9649364192328542,0.7809508296769212,1.0419426037064652,149.09135135135136,26.3821352497483,23_genuine_original_23_11.png,23,genuine
2.0953332365205206,4.5846427864846016,6.7779643301631,7.172771455267225,14.172499100874814,9.594687614935134,-14.635246092590503,145.15655637254903,0.9603525043950344,0.9590236443823357,0.8221092299853626,1.5325714268199184,146.74909747292418,26.427276568705953,23_genuine_original_23_12.png,23,genuine
2.222361047287644,4.924261703968476,7.918488464483758,7.817118256829959,15.699725799162723,10.318109471766183,-16.275466611120464,181.03192401960783,0.946161988486005,0.9434298748979938,0.859018336429697,1.0121638917975904,139.44702513522114,25.01094211501113,23_genuine_original_23_13.png,23,genuine
2.0604319330393097,4.44052697401491,6.795813149433439,6.977906612513611,13.881968389945767,9.230013036229431,-14.423899658967219,106.89056372549021,0.9655069152814157,0.964308423407483,0.8226705853227627,1.753581659378823,155.6493236212279,25.625125507884896,23_genuine_original_23_14.png,23,genuine
2.2120089864407024,4.977933952144594,7.687271275135467,7.721871906455762,15.459280774304496,10.2590363916289,15.852848860498685,157.30762867647059,0.9514700406497879,0.9492201740762889,0.8488261143917829,0.3730976925021611,145.3897032534859,25.367032052302566,23_genuine_original_23_15.png,23,genuine
2.156813853594971,4.7548354820517575,7.203683272046249,7.505930410693245,14.86088281105653,10.024949001527533,-16.447667663305577,155.12530637254906,0.9564860198899019,0.9548571557090689,0.8280012622631779,0.8618071367791896,146.72553017944534,26.882563481475295,23_genuine_original_23_16.png,23,genuine
2.1382499657475056,4.700232200492292,6.941949514647952,7.740455475431569,15.395011225256875,11.617430106419333,-15.140170245909466,138.5452818627451,0.9602039648252936,0.9587632555758223,0.8162553350186189,1.2467138511155573,151.27227722772278,26.130310021791473,23_genuine_original_23_17.png,23,genuine
2.2200811642040694,4.732173183633395,7.621085831102488,7.47517705001849,15.025415439795797,9.842000657221224,16.03091123716619,140.36648284313725,0.9557493065274085,0.953294424299784,0.8758711239563076,0.7087378636189399,137.17727272727274,25.69380479187922,23_genuine_original_23_18.png,23,genuine
2.1250928521498635,4.578795670072152,6.750378113387246,7.023160490002298,13.910349941576099,9.360601542333438,-15.266814869164795,115.41657475490194,0.966865166327503,0.9652579241197543,0.8518369902930433,0.8095684795407424,141.48781752203215,26.01287677813881,23_genuine_original_23_19.png,23,genuine
2.1210879746577387,4.594218373061344,6.823164669944534,7.076613492127377,14.02776160303033,9.428027723674282,-15.145490925420326,149.1501838235294,0.9605949837654599,0.9591308424318609,0.8231058061012178,0.25782583935240416,144.4945701357466,25.588851811529395,23_genuine_original_23_2.png,23,genuine
2.135626821139571,4.515700392056604,6.8459673411864586,6.877332827048068,13.739827092535524,9.141103201022595,14.944564141074686,87.83627450980389,0.9704009387660933,0.9688729745033046,0.8588109964186637,0.5025773191558613,148.9325328759291,25.712733738704834,23_genuine_original_23_20.png,23,genuine
2.177179520915128,4.736218308519638,7.3049829133582875,7.6898479391246415,15.187426897873198,10.222625071944133,-16.748920236854207,137.9157781862745,0.9537075509078038,0.9516098178782725,0.853203098647878,0.7638888883836713,148.8477690288714,26.270093416442815,23_genuine_original_23_21.png,23,genuine
2.241623154860944,4.942108975239835,7.224510489067348,7.601575345645048,15.016148621264716,10.25013253786295,-16.09136359409844,147.00024509803922,0.9581841845250887,0.9562203028885236,0.8446283424900936,0.9327461962107716,143.07166528583264,26.98019005316127,23_genuine_original_23_22.png,23,genuine
2.176384789948809,4.691594754997697,7.314335377579672,7.132825235138574,14.358702626467366,9.478645558374474,-15.345341699247324,129.73829656862745,0.9577999234063896,0.9559140095021411,0.8497640326388387,0.3783323877604467,148.59794238683128,26.448118245523464,23_genuine_original_23_23.png,23,genuine
2.181906078417677,4.993404091186486,7.419573123702536,7.776743724634551,15.554596139558539,10.846951626361937,-15.499698643531383,152.75248161764702,0.9530047474943124,0.9508898841379807,0.841539419161359,1.4462659367520345,147.63886820551005,25.729590022771255,23_genuine_original_23_24.png,23,genuine
2.0816473666625015,4.696788491999687,6.690499917005033,7.128571438830676,14.098262256821988,9.69313340607073,-14.346231564537833,169.94800857843137,0.958864950073533,0.9575991284054521,0.7948906124191965,1.447939260902452,146.80106335844042,26.082498180186345,23_genuine_original_23_3.png,23,genuine
2.147130383332937,4.629384491093157,7.170185453751325,7.475136554721655,14.798394991706934,9.91167969077838,-16.07832885209091,179.9798100490196,0.9535991985715001,0.9518547993897317,0.8137141282943872,0.962292608625722,145.72598001537278,25.58700266767012,23_genuine_original_23_4.png,23,genuine
2.093114262217096,4.624812155382676,6.915971499078404,7.318151500011245,14.491699478634198,9.991506863650903,-14.755249246771104,151.2287990196079,0.9577182472411437,0.9563430832966933,0.8020371049352976,0.6451159517602839,153.43400256300725,26.5612302969828,23_genuine_original_23_5.png,23,genuine
2.1718351631041513,4.788420922534026,7.694474987041511,8.48091016415044,16.576238816736705,11.050424437365539,17.299351598346906,164.894056372549,0.9609351707879599,0.9595599738930823,0.7913050362459744,0.5950413218669862,146.14837494112106,26.159806915002548,23_genuine_original_23_6.png,23,genuine
2.11899311750603,4.6817218610165865,6.870009542433274,7.563763638249664,14.958670321613548,10.335642841869253,-14.90675565559585,186.67849264705882,0.9538064439057563,0.9519160348702009,0.820295566945426,1.7439409886786712,141.42549923195085,25.226702890573353,23_genuine_original_23_7.png,23,genuine
2.082832351708447,4.587279890428746,6.782911455274418,7.238451766248258,14.282984226340108,9.738701296681532,-14.669431345267606,154.90202205882355,0.9627010399049281,0.9613979575964671,0.801585289098411,1.236641220025473,144.58459288152122,24.81245178525964,23_genuine_original_23_8.png,23,genuine
2.142576476251004,4.845223531142477,6.883807496381231,7.604864891826583,15.16844150567967,-11.169431583526828,-14.905924567241954,187.41200980392156,0.955072327195067,0.9533253578889139,0.819064865071098,0.3074534159899309,139.64766429136975,24.349221116299287,23_genuine_original_23_9.png,23,genuine
1.9912032986753583,4.254585150719708,6.657742459715151,7.014180547965687,13.861379132105341,9.214003771505524,-14.498786778830826,194.01976102941177,0.9609370108950491,0.9597590136105784,0.7875864885532879,1.8042609829503848,137.23361823361824,27.11080513198726,24_genuine_original_24_1.png,24,genuine
2.0779037349841807,4.593756304094789,6.941427578136888,7.829474588890174,15.238676211467725,10.430829953072678,-15.707233136527712,176.0888480392157,0.9671338002531069,0.9661466326607804,0.7681170966286619,2.25746268235548,137.38258877434134,27.06009635668699,24_genuine_original_24_10.png,24,genuine
1.9390796706010165,4.070231754458904,7.050808221895826,7.760394958428465,15.61923106762084,-10.094085304959947,-15.194752230818594,117.96479779411766,0.979439199904099,0.9788912914328632,0.7330317917854164,0.7237479794446721,140.7357075913777,25.96196969097341,24_genuine_original_24_11.png,24,genuine
2.016282019152156,4.370910064898836,7.07585296287979,7.490126174035005,14.775291952806226,9.78006332934599,-15.773729664614283,206.36161151960786,0.9561783620931517,0.9544897761470116,0.7967627372456271,10.101851805084019,137.86572143452878,24.579607710901684,24_genuine_original_24_12.png,24,genuine
2.0861697274930773,4.459639896499208,6.827353925485429,7.195397185247743,14.225725137131514,9.475842005907205,-14.745725111294089,246.91363357843136,0.9462285308515249,0.9437976866885005,0.8190148936222422,0.7685998823851201,133.640940708844,26.514358167708068,24_genuine_original_24_13.png,24,genuine
2.081091352054742,4.58080398689107,7.0638555872997655,7.879495729359493,-15.47997456527689,-10.246327887584394,-15.525812754026555,155.9055759803922,0.9686146222064244,0.9673566690833029,0.7980291682369857,30.90740683504802,135.18688334300637,25.43136637241371,24_genuine_original_24_14.png,24,genuine
2.0682460274010204,4.560397974297748,6.660822065653466,7.495878013913968,-15.570092807561712,-10.149219574111582,-14.576452630919286,205.02288602941172,0.9599801052218739,0.9588399795044366,0.7696956650659339,1.1003936997043369,139.53514526710404,26.830867256294834,24_genuine_original_24_15.png,24,genuine
2.0977938166976697,4.6249777428745995,6.891715626693129,7.1526226423500505,14.178349296266658,9.52890566787482,-15.069371627710927,228.36829044117644,0.9485446636955913,0.9464170612571753,0.8209402440302268,0.9986111104176311,134.91938846421127,26.089167261718067,24_genuine_original_24_16.png,24,genuine
2.0322441472709687,4.355870208425368,6.703008399235137,7.236298700284125,14.222535994768723,9.56229084191512,-14.772727209261319,202.55989583333334,0.9531900983444589,0.9512727402263983,0.8254764357778246,2.449541281193262,135.27165653495442,25.228851969996118,24_genuine_original_24_17.png,24,genuine
2.0263495348946403,4.355742557670197,6.814463837089146,7.224480836122851,14.259958637722848,9.541368480863042,-14.818149761954867,167.06780024509806,0.9694824995029284,0.9685362162771712,0.7770176525377892,2.1442307651072485,134.00672782874616,26.165538953792574,24_genuine_original_24_18.png,24,genuine
2.082201382537546,4.468855223791519,7.344910573595247,7.8401409517984435,15.442207679148394,10.384630124006598,-16.11600074444351,217.992493872549,0.9473959415786413,0.944777833640649,0.8486382035336091,0.8858560788549279,130.1953947368421,24.747926119426733,24_genuine_original_24_19.png,24,genuine
1.9734852897550061,4.151557355460081,6.99941129534847,7.244660024112379,14.36688446600751,9.339640394060574,15.897186745054311,183.94286151960785,0.9627288206871836,0.9613826553371202,0.791368947802437,10.900584731575528,136.92678132678134,25.19176662833234,24_genuine_original_24_2.png,24,genuine
2.0613456634573795,4.453997977463787,7.263351747908753,8.297027152980805,-16.0792710159548,-10.53127864476785,-17.090276330137797,198.7639399509804,0.9501257985366308,0.9480100365662537,0.8370713134617989,0.9943582503565879,136.45756718528995,25.233239483768294,24_genuine_original_24_20.png,24,genuine
2.16892575434407,4.827141319920654,7.223999264062144,7.6617123942731045,15.126758669492084,10.093439127729434,15.610863110665802,269.7503676470588,0.9383261769615822,0.9348671508781331,0.8552209085976658,1.6639646266293553,123.91479944674965,24.31089413220946,24_genuine_original_24_21.png,24,genuine
2.1059922619206035,4.646577937031405,7.202186441474167,7.536507027656691,14.910770393508274,9.94208423567177,-15.730850777094755,219.55245098039217,0.9519242813454313,0.9495263706388389,0.8367880881123728,0.7592592587744194,128.77495462794917,26.01834109380926,24_genuine_original_24_22.png,24,genuine
1.9498749541574623,4.058819855201485,6.929863600615238,7.031193665360352,14.013273001262666,9.1352108505233,-15.08561004464047,167.43465073529404,0.9632833100368096,0.9616276393058366,0.8212761793246904,0.6140624995202636,134.27153920619554,26.20382045504315,24_genuine_original_24_23.png,24,genuine
2.131504205125514,4.702254278619218,7.1927703155392395,8.031359671381322,15.651656861622808,10.428340281905879,-16.358147045941998,282.76314338235295,0.9367552082322463,0.9331057791096848,0.845338364679013,1.9019762830814415,126.5137564696268,25.9876605428396,24_genuine_original_24_24.png,24,genuine
2.007220149664099,4.273935884599854,7.041535620956883,7.4310466862080515,14.673167918545762,9.705919149928347,-15.455786304269395,157.13039215686274,0.974424826130653,0.9737137612662935,0.7324922104458604,0.41232731093270214,136.8525206922498,27.412643851538427,24_genuine_original_24_3.png,24,genuine
2.034685410134446,4.369260090359988,6.847957145274983,7.452179635529022,14.612628782384338,9.709705539321446,-15.267680384124539,207.63872549019604,0.9547177935255398,0.9526052762232791,0.8310311288431232,1.8454746116495866,130.67494181536074,26.687627858217546,24_genuine_original_24_4.png,24,genuine
1.9328068415554562,4.094303032650215,6.9834048681843175,7.799703783955202,15.60498486840828,-10.703496759694273,-15.226237369033468,185.23468137254903,0.963367052719992,0.962117918511803,0.7868557127809734,1.1376344073788878,136.7510060362173,26.676462959887793,24_genuine_original_24_5.png,24,genuine
1.9709987972836793,4.148838149647319,7.108838770039666,7.189319169929957,14.340889801827133,9.277482474068373,15.30977538061024,194.77671568627449,0.9589777703471154,0.9573999329204252,0.8123930108051849,1.0681818172107438,133.78725274725275,26.740618404823447,24_genuine_original_24_6.png,24,genuine
1.9314339353174639,4.089708526198974,7.070300225728892,7.72539158301548,15.196977976421213,10.194136913284938,-15.393589494346575,183.97426470588235,0.9607129328510216,0.9592075066842076,0.8044207210769087,1.5435294099487888,136.92923219241442,26.875894000365637,24_genuine_original_24_7.png,24,genuine
1.9741840055214719,4.155986586092299,7.1667972147822985,7.484651188679095,14.832019767432566,9.695867302644327,-15.321812306295161,192.34270833333332,0.9595837803213694,0.9580433920390777,0.7912331773911911,1.0435185175522976,139.1132759401903,25.497138453788306,24_genuine_original_24_8.png,24,genuine
2.033304173850282,4.327941738794666,6.916553277151286,7.694589459588873,15.515926045437945,-11.112589064510413,-15.021356498295793,214.87708333333336,0.9532632737221749,0.9514259439890105,0.8173346850621263,1.1326781317504682,134.06874039938555,26.53183097894742,24_genuine_original_24_9.png,24,genuine
2.1603157158216515,4.421664589408568,7.468373420321142,7.662454026740654,15.22858539925712,9.876424406972863,16.46864759611298,157.1900428921569,0.9461178146058052,0.9427554999721611,0.8972705366215793,0.09139072844655936,131.41535194174756,25.5104346582689,25_genuine_original_25_1.png,25,genuine
2.223838020141062,4.6118105290481255,7.72636580715075,7.90814730850116,15.72545826991435,10.226028255001786,-17.525994456900825,171.13556985294116,0.9395816811422494,0.9357397586745835,0.9069246251646046,1.1814469071286773,127.18293661406793,25.484557209278254,25_genuine_original_25_10.png,25,genuine
2.2826155613452004,4.676835771702423,8.287798457826996,8.811784730072548,17.361654757268695,11.158344708129968,19.082742601518042,146.02840073529416,0.9397065912322486,0.9355405902907811,0.9147693106495486,1.285627652343464,132.60573096312018,26.873869459021027,25_genuine_original_25_11.png,25,genuine
2.1535621417227655,4.403354186488839,7.795358308063925,7.875754537317205,15.712640270485998,10.082461815531845,-16.818539219961128,154.76476715686277,0.9483721644678953,0.9452217553663205,0.8957374186150076,0.9854430373509854,130.60726809053236,26.734149411420653,25_genuine_original_25_12.png,25,genuine
2.2103644307560457,4.531142558232727,7.914517632485886,8.25285316260618,16.337381225909567,10.541866421381252,-17.54250924146942,157.88373161764707,0.9402131090729959,0.936000184164932,0.9087021781049528,1.197640117287528,131.03194630872483,25.728010476084616,25_genuine_original_25_13.png,25,genuine
2.2811142116962264,4.687630203920246,7.493270179816182,7.945456508854979,15.678943934789292,10.387096575403225,-16.26524066569155,137.2690870098039,0.9438484782961895,0.9398603132619864,0.9144108940968632,0.7824543606579846,132.53513513513514,26.510334605837393,25_genuine_original_25_14.png,25,genuine
2.204486057491603,4.522375762975377,7.587437944205569,7.885316224491263,15.621960996106804,10.161771763324085,-17.076390439577782,149.77567401960783,0.9431611384740836,0.9392323157026529,0.9113938034543734,1.506024095318197,129.54468325791856,26.772096954705717,25_genuine_original_25_15.png,25,genuine
2.204185125642691,4.538570641604165,7.415595445919724,7.8205831085196404,15.450297547135722,10.147593044693467,-16.08013669755225,140.9499387254902,0.9482065432458828,0.9449919390524381,0.9037426786481456,2.2137791264298086,132.13650693568727,26.56687469722536,25_genuine_original_25_16.png,25,genuine
2.226975393822607,4.579753478221324,7.408160380938241,7.840062044193766,15.470491866960646,10.189519928199793,-16.23539127672928,122.99378063725493,0.9493998633043705,0.9459262909193831,0.9131368931574148,1.4632237860225166,134.0400254129606,27.48649291020102,25_genuine_original_25_17.png,25,genuine
2.1755083547901304,4.484734828355996,7.15613634295293,7.457417362366191,14.764511103369374,9.707682917180868,16.18227666551835,139.75419730392156,0.9527834158985299,0.9501694365230946,0.8995082224281091,1.11973392378438,129.0753138075314,25.82399209492636,25_genuine_original_25_18.png,25,genuine
2.173457504733032,4.503223266392694,7.243096832439439,7.571355037123958,14.981197211711182,9.829053488365,15.939426161714612,163.96942401960786,0.9454536272288692,0.9420815816749323,0.8933981567936726,1.1856010560200785,131.75853732245392,27.454305955153746,25_genuine_original_25_19.png,25,genuine
2.2235065517104062,4.541889291160896,7.575040284649409,7.884788156531627,15.619918483156477,10.203126828887427,-16.42700916166914,143.9329350490196,0.9442520425735995,0.9400594107223124,0.9150667633515821,1.8763308747941596,128.86930523917997,26.39785084732949,25_genuine_original_25_2.png,25,genuine
2.1945802594748387,4.479660638288151,7.573739625906454,7.89927049617318,15.636087376353172,10.15566309004305,-17.057357221111303,120.96164215686275,0.9520429982929046,0.9490971635090237,0.9057857402552046,1.33863274933336,136.02107409925222,26.94816318004494,25_genuine_original_25_20.png,25,genuine
2.2116331694582407,4.591305411511882,7.799919441555825,7.947995044301316,15.822466337817195,10.257065988346177,-17.135083489799953,158.91498161764707,0.94591128661902,0.9424184742295868,0.9035924595001492,1.056825200088434,127.38618618618618,26.502973738551596,25_genuine_original_25_21.png,25,genuine
2.2809682666895785,4.719742571801135,8.170142166077499,8.46454066689488,16.782057532281904,10.850684694952445,-18.328271633829644,150.6838235294118,0.9392782581989009,0.9351270181958021,0.9155564739432926,0.9571944296249641,130.61422924901186,27.841643446130064,25_genuine_original_25_22.png,25,genuine
2.154085038510386,4.381357039439198,7.656385256679442,8.209973832221493,16.17447590026738,10.516261275124567,-16.579075200773307,127.35395220588238,0.9545751480131403,0.9517472067601817,0.8931163031492627,1.9795037734848935,137.02896451846487,27.43126280650408,25_genuine_original_25_23.png,25,genuine
2.284425771342949,4.746390049013263,8.699931091562702,9.20679851168738,18.187610768193736,11.59529776685469,-18.62286862105486,132.27447916666665,0.959825188100629,0.9575375405866474,0.884367326015313,0.8775351007195513,131.07769007062734,26.861803554840815,25_genuine_original_25_24.png,25,genuine
2.217796665592214,4.548083272068323,7.669679644609796,8.018620537389854,15.86516363456142,10.32963092376268,-16.84287128113962,163.30606617647064,0.9467393991368876,0.943169159108759,0.9011041817481863,0.6438975386017591,126.17445768408189,26.525485872125586,25_genuine_original_25_3.png,25,genuine
2.203455850955528,4.514257244842051,7.6339135701665874,7.94211497085536,15.730455749852728,10.20221387811197,17.14172239614204,180.6972120098039,0.9424483255068972,0.9387575838343222,0.8938620084059622,1.1031793634653992,128.31232173416998,25.726206657509906,25_genuine_original_25_4.png,25,genuine
2.1034043145116685,4.274817840152983,7.195126000360166,7.427225573236947,14.739096827754665,9.586199208323972,-15.985987670616208,145.559068627451,0.9520292914657915,0.949143199015891,0.8926175238029008,1.4252297398285465,131.66138477437133,26.550403396322956,25_genuine_original_25_5.png,25,genuine
2.2329570625237536,4.58982926828697,7.667945559848641,8.042524835898677,15.900649309745262,10.337621009565703,16.837185714751715,174.69834558823533,0.9406025495730628,0.9359695917712377,0.9046007047688107,1.1551423584223461,127.08385009436506,26.12224679206978,25_genuine_original_25_6.png,25,genuine
2.255213254699502,4.6663315931165945,8.481762803146612,8.636124178929341,17.19513443149641,10.969326013902897,18.951215069910244,189.05848651960784,0.9354010876808667,0.9311598969661218,0.8953837798207048,0.8215767631066959,131.91850164515313,26.403656269948666,25_genuine_original_25_7.png,25,genuine
2.2067653022793405,4.512286373498869,8.187010031900465,8.30756676549435,16.554949970660676,10.575239133719299,-18.23486073773142,155.97613357843133,0.9452386354386958,0.9419743083974436,0.898289974221934,1.1706840383252872,131.91116446578633,25.394319443303797,25_genuine_original_25_8.png,25,genuine
2.2364143909453453,4.655746276207287,8.115082329255184,8.383727342636135,16.635678271875925,10.711601669554891,-17.59984398262453,189.18170955882354,0.9382765055115988,0.9344379008569301,0.8982738277757113,1.7291817511012442,126.97877421066596,25.73296086971999,25_genuine_original_25_9.png,25,genuine
1.6377882576715181,3.3547277517147376,5.949559875834109,6.131561448232602,12.174311024883687,7.809865265558453,13.171478395261614,100.41360294117645,0.971234382338209,0.9708041386495282,0.5528744329811779,0.7779255308804182,182.43305908750935,18.01196848811929,26_genuine_original_26_1.png,26,genuine
1.6135294927855621,3.328699738048798,5.65251681815281,5.85180245984343,11.605429720808624,7.517766249549848,12.689765552562918,106.50739889705885,0.9696581032563218,0.9691498363689106,0.5759816227421518,0.9549180314823524,180.38294898672257,17.107792102799756,26_genuine_original_26_10.png,26,genuine
1.648444685196009,3.3866916429967726,5.980658864819757,6.207299653419024,12.309414138223874,7.915938216723544,13.018526181461025,81.80542279411765,0.9729499511299141,0.9724124661175775,0.5713571067388128,0.7114093950182424,186.6062745098039,17.301894938811294,26_genuine_original_26_11.png,26,genuine
3.1627227505789697,7.343389031418181,15.502187445412684,16.76270311673904,-29.99944801839288,-20.520811032655686,-29.999975259039932,47.07558210784315,0.6027555912029284,0.2971657899773706,0.8338494065337706,1.0013880125761772,235.59987810772756,9.5740472678819,26_genuine_original_26_12.png,26,genuine
1.7750018895063895,3.671085061630701,6.517878311231326,6.831225395697097,13.521049574631371,8.680156599141743,14.089793230838419,93.62190563725491,0.9688422857615459,0.9681692428549669,0.6457538387384057,1.1138545938081557,181.4133679428942,17.62570840473019,26_genuine_original_26_13.png,26,genuine
1.7155396153133344,3.535123454327769,6.356361214130773,6.570771551384216,13.040993573781957,8.344441838585935,13.794439512098462,65.1091605392157,0.9735720233607813,0.9729332801758961,0.6048071190223911,0.7773109232810771,191.39164696611505,16.43911688006886,26_genuine_original_26_14.png,26,genuine
1.8047534606527573,3.782010784621355,6.86396569231103,7.363732299086127,14.571546728123176,9.278431181149399,14.704765521273988,108.49675245098042,0.9644147640527903,0.963558924261056,0.6330987692142707,0.9739524337780833,181.73321858864028,17.688724146468108,26_genuine_original_26_15.png,26,genuine
3.123842416402723,6.860126851903399,15.846332691164971,16.35100654314352,29.998827442076667,19.882960431464003,-29.99900144172441,41.442738970588245,0.6572094272892955,0.42467727346252326,0.8584304176599898,1.0140488010449957,236.9979545812136,10.747884198738719,26_genuine_original_26_16.png,26,genuine
1.6875222128779888,3.4999311502944486,5.7669011711588904,6.086911760906941,12.02686273773268,7.857567815095493,12.630971092405026,76.99690563725491,0.9721790133375011,0.9717233885358176,0.557256520547294,0.6961690875876234,190.47819314641745,18.430267445319306,26_genuine_original_26_17.png,26,genuine
1.7283251609614796,3.5744079773277457,6.694175722017102,7.11178994794182,14.065211242495632,8.92699108865731,14.356500327222992,99.37441789215684,0.9714250292282696,0.9708039890868151,0.6008833944184221,0.6682867549595544,179.49016751638746,18.364900443222965,26_genuine_original_26_18.png,26,genuine
1.7272847801977949,3.5556746414064784,6.339043325809697,6.565588878630817,13.031085191450037,8.361974324496083,13.632877736801465,100.77398897058823,0.9695139467559857,0.9688893127663837,0.6221663586581436,0.9945872787623988,179.53052917232023,18.413594584635117,26_genuine_original_26_19.png,26,genuine
1.5936809574315174,3.2559164765471205,5.676360995149572,5.772426439621538,11.49762626867982,7.402648533155709,12.71240264102008,80.71182598039215,0.9737306891562328,0.9731937473732262,0.5468178005560111,0.9472843435346896,187.4667760459393,17.124439702811955,26_genuine_original_26_2.png,26,genuine
1.7455844684437825,3.6236880799068234,6.093078440444184,6.482268915828703,12.776305392269052,8.29718778131027,13.539669304288651,85.99828431372548,0.9690196664673149,0.9684606813891963,0.5868929704613696,1.1502209114135185,188.2568493150685,17.290481218234383,26_genuine_original_26_20.png,26,genuine
1.7021718705669875,3.5106509503604495,6.124875272227559,6.495242442481795,12.829143320664109,8.281917393981626,13.296818873679237,101.90759803921567,0.9696384598702965,0.9689658093427856,0.6242245670181554,0.8852040805035662,179.18809201623816,19.278910603537536,26_genuine_original_26_21.png,26,genuine
1.7042539549366071,3.5495440781636125,5.7964463590930695,6.148443216287312,12.135107771181596,7.951253498232126,12.719890004638065,101.57818627450983,0.9707203695770943,0.9701453555017916,0.6061052131813645,1.4719298219790704,179.0234208658623,18.0574398381123,26_genuine_original_26_22.png,26,genuine
1.7308779207909775,3.565646416682066,6.066726927681985,6.442039895603313,12.715055656172055,8.258477698303635,13.23891622468223,83.83474264705882,0.9739459551567958,0.9734079004354655,0.6133944203772584,6.494047580392574,181.71247021445592,18.82522588551578,26_genuine_original_26_23.png,26,genuine
1.7611980548978052,3.6442707484248547,6.517840424561203,6.836512141869715,13.536363219477796,8.662391392745048,14.015532654738093,107.47769607843136,0.9685290298835235,0.9677862183583414,0.6591844935036146,1.2478510010775774,175.23773103887828,18.741104987146826,26_genuine_original_26_24.png,26,genuine
1.6114531879989153,3.312227076948454,5.764135603959597,5.858840781323626,11.672867633627934,7.5181405325086565,12.637671983739494,94.40854779411767,0.9723552903336101,0.9717078086984948,0.595274341728218,0.585336537758009,180.3335860500379,17.605852767157284,26_genuine_original_26_3.png,26,genuine
1.6132002684493871,3.317905527508819,5.631897222354226,5.8327910387484465,11.566212743451752,7.492217381970129,12.717827308730559,95.0146905637255,0.9722505027931893,0.9717078914097427,0.5563155399848254,0.7379679134519146,182.79461538461538,16.777873760670452,26_genuine_original_26_4.png,26,genuine
1.5929550567303616,3.2826173098882676,5.528913661357781,5.70032121801326,11.329068415586791,7.348860942748245,11.915275026382162,89.8391544117647,0.9708605956607099,0.9703448523887667,0.5404187782694321,0.6086434566522888,187.25522388059701,16.32191808656398,26_genuine_original_26_5.png,26,genuine
1.6510832341821304,3.419783096932723,5.791215392766184,6.016605887356397,11.929939619827882,7.738968433894043,12.606491468516587,113.13216911764707,0.9685873372368493,0.9680163506601563,0.5694612579391592,0.6317530312770088,179.9966216216216,17.23805859899064,26_genuine_original_26_6.png,26,genuine
1.6319195688912134,3.3850994147162763,5.562970493743934,5.792311502128094,11.473725314696132,7.489040724429765,12.351880600064092,98.14218750000002,0.970223094349494,0.9695941084054589,0.563985530800013,0.6986634256395341,183.80758226037196,17.189660690105093,26_genuine_original_26_7.png,26,genuine
1.5416677396677858,3.1332518810300845,5.46981119961088,5.575885886354006,11.098857104694451,7.142553738316183,12.72279425491778,74.71681985294117,0.9749191827045114,0.9745110632358944,0.5354548880344216,0.673944686064127,188.99739130434781,16.894377561624076,26_genuine_original_26_8.png,26,genuine
1.6459799978353191,3.3994259969324143,5.775275954884131,5.942024076612906,11.80427207139833,7.644190628021536,12.692818441371193,104.48756127450977,0.9701283691048461,0.969548212016698,0.5580784855037163,0.6552538362984016,181.86091298145507,16.434929358476275,26_genuine_original_26_9.png,26,genuine
2.515376198493814,5.687769083304819,8.1202391039273,8.946712581105954,-17.594506349436354,-12.070814211859187,17.67416551461632,252.34984681372555,0.9029703722313203,0.8971555108764626,0.8919840612182518,0.9751009417984183,138.3197614991482,24.504363925455362,27_genuine_original_27_1.png,27,genuine
2.3778531053159977,5.327624542724737,7.884640042616903,9.8617152353814,-19.2333350821463,12.789267242740314,-18.757945399547133,322.0098651960784,0.9070972123262658,0.9024562146920673,0.8422162662557264,0.8658749560370678,141.5821789591913,25.664633692743887,27_genuine_original_27_10.png,27,genuine
2.461082272819734,5.417701210054415,8.197147047801701,8.906086313169956,-17.765743252788223,-11.703086191925808,17.517885013529227,279.78458946078433,0.9178239343059427,0.9141428140095298,0.8468492464109713,0.9078415517753268,141.3125,25.354545536120742,27_genuine_original_27_11.png,27,genuine
2.5003438089041565,5.853779133142769,8.006733856508186,9.113919294586374,-17.841196555040472,-12.076724754516478,-17.809482128774757,321.3283700980392,0.8974474513192592,0.8922085075661287,0.8686901728993195,1.060730125874879,137.14188741721856,24.87463734796194,27_genuine_original_27_12.png,27,genuine
2.3670890061056697,5.277100899913303,8.254874072673035,8.772719439948556,-18.724903219735285,-12.07376912447961,17.286804777979857,296.42601102941177,0.9124425307147993,0.9083685019952625,0.8426033533138183,0.8521931438067847,142.83243781094527,24.89924338052764,27_genuine_original_27_13.png,27,genuine
2.32041907900675,5.271142587315844,7.458667141411981,9.85773417217584,-18.546615088160877,13.349325931475692,-18.956042019819883,255.1068014705882,0.9233968783415376,0.9196577147851787,0.8402992250843655,0.8195833329918403,145.0391573162354,25.629461879993784,27_genuine_original_27_14.png,27,genuine
2.3458700079759414,5.24224138470178,7.821031019148372,8.552586251700099,16.90808810773748,11.541691945583002,16.87313657653673,302.542156862745,0.9127359480794389,0.9087670230459347,0.8416245444968007,0.80361663623739,141.42851413675555,24.284314808468746,27_genuine_original_27_15.png,27,genuine
2.427103584065895,5.62324265400625,8.02999423369645,9.347505760000812,18.60396664675204,13.4240594924914,18.052765395883878,321.52579656862747,0.9027613007105476,0.898259024376702,0.8488044699423545,0.9572025048861509,141.54631111111112,24.022493851316586,27_genuine_original_27_16.png,27,genuine
2.3822995648806464,5.448008814332757,7.936346951461229,8.892205780365432,18.03180680867731,-12.603780265430274,17.31431489501398,302.1901348039216,0.9063713211544837,0.9018586187233573,0.8508846707508921,0.8099062915629497,142.55565828402368,25.19888070026032,27_genuine_original_27_17.png,27,genuine
2.380041018162689,5.290490839820511,8.053714430791727,8.600244788894729,17.659085142540548,-11.712320519496599,16.934820785528387,314.810600490196,0.9214655801137758,0.9183404957771611,0.8105498216891329,1.0866028702934916,142.5423068103646,25.203280144862475,27_genuine_original_27_18.png,27,genuine
2.2822578126349753,4.89293471685828,8.250652475799148,8.49842069452483,16.90254150600413,11.098399970497242,17.320428528276313,246.2020526960784,0.9285965513033247,0.9262599729337874,0.807874658340918,0.8480832934935716,151.78156209987196,26.351881964884672,27_genuine_original_27_19.png,27,genuine
2.428671369311018,6.221559681874378,7.8111241292656075,9.01823613323823,-18.61502246017198,12.900479122113323,17.433857032090717,213.9153492647059,0.9170460131375837,0.911936168308278,0.894854232286424,0.7913719940624568,138.52941176470588,24.39864229995474,27_genuine_original_27_2.png,27,genuine
2.2716453371061798,5.296784577137115,7.505319788782713,8.67061015283984,-16.87055400607365,-11.329037411546445,-16.955972906497262,261.17971813725495,0.9236285025874252,0.9203014536066353,0.8175619735316505,0.9580838318940195,149.92848741472594,25.904826714122276,27_genuine_original_27_20.png,27,genuine
2.2740574149115496,5.314718340973034,7.3556113308782365,8.520161614340047,16.4587205170414,11.202460718843422,17.712937802796482,299.52028186274515,0.9211354696758353,0.9171761365802579,0.8364403631211528,0.8496919914374982,138.5104351687389,25.246341862347535,27_genuine_original_27_21.png,27,genuine
2.3639249354339524,5.666813824819528,7.745630269039193,9.256955757373534,-17.98742964861208,-12.127641916190308,-17.85114071974979,299.9305759803922,0.9291605935959409,0.9261978140766357,0.8184688044990207,0.9747399697995344,137.66215199398044,24.471416856684804,27_genuine_original_27_22.png,27,genuine
2.379042448056887,5.643470206846939,7.499212711414127,9.097600785201145,-17.445161292708107,-11.921690606004008,-17.742719795142964,288.10925245098036,0.9114031772519725,0.9066527032323679,0.8559520402889245,0.8492660218942836,140.8969990319458,25.497403028114864,27_genuine_original_27_23.png,27,genuine
2.4008705903477097,5.264098467746008,7.960557932951782,8.656102579414151,-17.018112455493707,-11.411845001172352,17.294192460132706,279.0872855392157,0.9153776495770585,0.911401331195602,0.8468991880194413,1.0103220474771586,143.17190388170056,25.44145101905599,27_genuine_original_27_24.png,27,genuine
2.4511258736799406,5.714415835819316,8.008824953843487,9.508090838396965,-18.818816176640045,-12.939790353930125,18.284326446358502,232.9774816176471,0.9244866610636083,0.9202846327973463,0.8793508517233156,0.8848408706512392,135.10397689402356,24.88785484035243,27_genuine_original_27_3.png,27,genuine
2.353195584880169,5.433380651226222,7.631483810764838,8.6981767634598,-16.890423021614907,-11.507922419453553,17.32594617132316,294.52530637254904,0.913453780974897,0.9090727039381056,0.8542562888082462,0.7928216059727002,138.70723488602576,24.404132072772107,27_genuine_original_27_4.png,27,genuine
2.3206519639630367,5.548898831418539,7.667263053370014,9.945322959724006,-18.780637527303227,-12.83314492554991,-19.202981931311474,313.60900735294115,0.9019126003981943,0.8968193734705525,0.8507438397318682,0.8936877073442898,142.79526315789474,23.26425641805759,27_genuine_original_27_5.png,27,genuine
2.432935142204071,5.53570820757654,8.208293685481765,9.184406045759799,-17.964558085034675,-11.952622087684952,-18.128060632467818,315.82346813725485,0.8899080461713262,0.8829718010805343,0.8852989910726887,0.9213029688897945,135.02910727681922,23.680235247217993,27_genuine_original_27_6.png,27,genuine
2.381885764293808,5.305692742326872,8.122388813616404,8.836007067593911,-17.797624335150065,-12.092716534176873,17.340128007774346,316.58446691176476,0.908188717391292,0.9032675016076559,0.8496301477818081,0.8714985991346293,139.51038353601496,24.71797017027087,27_genuine_original_27_7.png,27,genuine
2.4044749224135757,5.322165654176558,8.128644641799212,9.231691912772193,-17.92376799943093,-11.995408538675468,18.548248108339155,330.14136029411765,0.9034374535246611,0.8984583631929157,0.8431352560144005,0.8932335937119233,141.86907327586206,25.10960726238201,27_genuine_original_27_8.png,27,genuine
2.2824136582611807,5.217559250468064,7.748642610712764,8.204437631116203,-16.934150206613342,-11.205991431284966,16.187852648538204,279.1606617647059,0.9172958847116137,0.9133930462828129,0.8358726864775305,0.899393939030548,145.43075941289086,25.85872435419645,27_genuine_original_27_9.png,27,genuine
2.170447788643661,4.694169014164276,6.871626405694263,8.261693245695284,-15.953224586096542,-10.648430816595567,16.007950501459252,87.69543504901964,0.9647180240240847,0.9630063919354014,0.833526964069285,1.0644171768257493,163.80336800396236,21.368682062876402,28_genuine_original_28_1.png,28,genuine
2.2334391326522125,4.915366361670485,7.201852982856774,9.071317581906255,-17.27979300200056,-11.621636108270517,-17.48289965392512,103.06973039215686,0.9597365855476148,0.9582425934108308,0.8227507600092352,0.6939234803496448,164.45394154118688,22.151260642689294,28_genuine_original_28_10.png,28,genuine
2.2859084583747515,5.033386656162215,7.363354330241218,8.916063954250822,17.67919585987929,-12.833887029948128,-17.068435305271237,117.64607843137257,0.9514240016816536,0.9493887465118483,0.8517584621508932,0.5776397512266291,159.57909806728705,23.57232750395845,28_genuine_original_28_11.png,28,genuine
2.3412265415721913,5.303304274972665,7.11697200732589,8.192304659196246,15.906335570166275,11.040887583990955,-16.157473913388483,97.02729779411766,0.9551917069905389,0.9527432124889663,0.8626524690176565,0.3402636915110224,162.67309875141885,23.34684402090291,28_genuine_original_28_12.png,28,genuine
2.275618841385209,5.10918446767778,6.971185110161559,8.061136966715987,15.637772668404148,10.927211719583827,-15.884424469973734,87.78682598039217,0.9628159068918251,0.961030351414656,0.8419321601477054,0.4303797465487143,163.68001863064742,19.44410465347154,28_genuine_original_28_13.png,28,genuine
2.2330522743197423,4.930321709040679,7.135432628074141,8.316478077864389,16.132113818385122,11.121221845049249,-16.277761006284326,85.65606617647057,0.9715466457645705,0.9705735653489962,0.7973351491502398,0.38434163666873516,162.4620822622108,22.509848784971474,28_genuine_original_28_14.png,28,genuine
2.233227920709648,4.945311231330378,6.946787666107123,7.915317796242905,15.363814390276595,10.549320973698988,-15.902589900495194,104.05968137254904,0.9636320387845917,0.9622098012317162,0.8349460073376234,0.44530154246472536,156.04269771955362,22.386879286592613,28_genuine_original_28_15.png,28,genuine
2.3020889693706583,5.064020179556639,7.244443818798277,8.002255853905526,15.670885842608103,10.547361550131628,15.988275712641467,100.85015318627451,0.9549257659528625,0.9526513411733935,0.8542141088094234,0.360309278164789,163.026525198939,20.949171993502905,28_genuine_original_28_16.png,28,genuine
2.2358022758801397,4.832580857452094,6.786358426603314,7.227717608058774,14.236449958169986,9.661667905022107,15.289480042153084,89.92607230392157,0.9621114525307306,0.9602950516019728,0.8496733839252878,0.5998542269680363,161.3772209567198,20.61306020577367,28_genuine_original_28_17.png,28,genuine
2.2121535427058103,4.892868430314165,6.96649830042816,7.92897665661046,15.378265111319271,10.445528282449759,16.450563754165113,87.11991421568628,0.963949202978697,0.9623476588806816,0.8511187825576916,0.4814550638506026,160.26287915262398,22.50050518860092,28_genuine_original_28_18.png,28,genuine
2.2081749964682484,4.694293490381537,7.159755567547632,7.966072131208454,15.543885934295464,10.466055104286964,-16.118178057875966,95.21063112745097,0.9598082120116808,0.9578594382691585,0.859179473259851,0.7421991079181284,158.8183368869936,22.185711719111513,28_genuine_original_28_19.png,28,genuine
2.2483303194919904,4.850242040690343,7.084673302456703,8.114434145538317,15.804527900581672,10.86891901573037,-15.947644042966653,87.61562500000001,0.9617727484118986,0.9599580665096744,0.85003954580631,0.6017378706721666,163.15641952983725,21.72154328114769,28_genuine_original_28_2.png,28,genuine
2.2418869847102374,4.8615269494310684,6.974335046555207,7.6376928770794885,14.946388256602187,10.104528163801277,-15.899241089591182,99.11571691176471,0.95592306783046,0.9537236265015675,0.8567268058769225,0.32271325779922233,161.95376845376845,21.358481484670246,28_genuine_original_28_20.png,28,genuine
2.2590052412195627,4.909002468961088,7.209431143267196,7.824368490966412,15.387083707522232,10.28059903334563,15.701644806022562,101.6530943627451,0.9589046160371549,0.9571397018828729,0.8357582827745176,0.5447316099769837,162.78592878592877,21.60390055729872,28_genuine_original_28_21.png,28,genuine
2.162240016291378,4.616297908715313,6.988114224394864,7.697079715997124,15.042169827918588,10.101447874813077,-16.01092573859922,81.05496323529412,0.9687441078066431,0.9674946405659703,0.8207580928707487,0.6329588009054692,164.77293577981652,23.236716667226027,28_genuine_original_28_22.png,28,genuine
2.2205154885431453,4.8013390377757394,6.972847470637481,8.015020295513125,15.785289544928846,11.066521654881175,-15.580321235376049,83.86920955882356,0.9636830541414498,0.9620566069831864,0.8463657797768053,0.560866317729002,163.73444976076556,21.511514882595478,28_genuine_original_28_23.png,28,genuine
2.054744974031274,4.290786779363546,6.452476942182576,6.834358212371807,13.48063007244007,9.034124881459586,-14.419830026068604,76.55474877450982,0.9685132753098492,0.9672647557441458,0.8425447573179258,1.3324675307370553,162.25501113585747,21.704396998150585,28_genuine_original_28_24.png,28,genuine
2.309242196076156,5.117490091716325,7.207476681619178,8.517968563664406,16.5157231644231,11.486611587828882,-16.547878515888332,67.77414215686275,0.9752552549253009,0.9742805348817016,0.806638737616939,3.60738253823026,165.44136926438455,21.918616109102896,28_genuine_original_28_3.png,28,genuine
2.1689559602683457,4.610294359429666,7.14602200547389,8.097596437033415,15.977603400026986,10.930543649455133,-15.798260860715281,82.07806372549021,0.9638689984325367,0.9624090682334167,0.8318781810356446,0.9457142848136053,168.2545276554087,22.59518015496955,28_genuine_original_28_4.png,28,genuine
2.1810260408047086,4.667035295239097,6.889669922558503,8.106353762285549,-15.605882009436467,-10.447120399630888,16.683092958610914,88.2465073529412,0.9613732103132738,0.9597742557553848,0.8444557494987797,1.7306273041443698,164.94009009009008,22.50496473735788,28_genuine_original_28_5.png,28,genuine
2.2415230749504134,4.770326614648836,7.333068913268828,7.874299647472032,15.478598564420526,10.268676895303473,16.752359130315998,88.10784313725492,0.9558913577290067,0.9538615127950137,0.8536192196468918,0.8030942329092163,168.47425897035882,21.672855740140346,28_genuine_original_28_6.png,28,genuine
2.2383032738886515,5.019546892553569,6.926800084718017,8.332090915628953,16.231270209420135,-11.844452914922327,16.035527391240826,101.92680759803922,0.9584778849047871,0.9568946665678497,0.8373869864948119,0.6329378920914599,162.70042735042736,23.006622974093187,28_genuine_original_28_7.png,28,genuine
2.202016361191857,4.755288522669487,7.0662170904660755,7.96831342452997,15.604863029804365,10.754016425806839,-15.672582873118117,96.17830882352942,0.9615472483685246,0.9602645344849885,0.8265951283074842,0.7643207849719141,164.6590909090909,22.470764678172195,28_genuine_original_28_8.png,28,genuine
2.2356467178060773,4.824161874923714,7.143748662480127,8.06835052352608,15.703292209833599,10.655969330480373,-16.12667366610829,81.91498161764706,0.9614661567421391,0.9600347610695973,0.8441570552439003,0.4038461535872781,167.9200913242009,22.482332139685788,28_genuine_original_28_9.png,28,genuine
1.6151206758982406,3.25398424821342,6.341418293102166,6.577578428444475,13.038962854292347,8.21880028692974,-14.068617960482365,108.33207720588236,0.9786804064634147,0.9781408247060416,0.6132712772852038,19.13461501664202,164.10219675262655,24.554406482254215,29_genuine_original_29_1.png,29,genuine
1.6164139972695402,3.2620252451029397,6.388493986975295,6.760561467722817,13.347306926874,8.435147126798748,-13.96605128300038,115.96271446078434,0.9780089995346425,0.9775740455055396,0.6204054625343634,1.3161290294276795,161.50603528319405,25.7181929971866,29_genuine_original_29_10.png,29,genuine
1.584453812920665,3.195877305536858,6.512345549708692,7.115036820776854,14.029842447826734,8.937597916184142,-14.143297495567131,95.54744178921568,0.979481105655991,0.9792131109390351,0.6184208947250578,0.12189616239063639,167.24647887323943,25.332489471288326,29_genuine_original_29_11.png,29,genuine
1.5898969786971853,3.21793078526594,6.255332066228532,6.844990357532049,13.450673485998593,8.5470725302603,-13.718466271087074,116.57380514705882,0.9786788535897865,0.9783552811220495,0.6192064719769144,19.235293740484437,159.01647286821705,24.802841171829495,29_genuine_original_29_12.png,29,genuine
1.6152431998899515,3.2610650973824256,5.977361294136706,6.212516613512931,12.309620214899194,7.854731056994264,-13.30922055158792,113.43964460784314,0.9780032713832277,0.977620023206568,0.6226556614249897,66.24999585937526,162.1189591078067,25.192839404895505,29_genuine_original_29_13.png,29,genuine
1.6458735023132984,3.323714459972001,6.021007097934529,6.224330780043535,12.348381846795052,7.896287439566497,-13.445793478867165,112.47475490196081,0.9769515365457966,0.9765937158001136,0.6245788517435849,0.40652446624024535,164.06333630686888,24.40961231090713,29_genuine_original_29_14.png,29,genuine
1.6100140615622858,3.2411372993860588,7.47473306543894,8.614582891727949,-16.659256965740333,-10.282403870466386,-18.724274797984354,98.44840686274509,0.9783635414807866,0.9779417029282883,0.636528923441306,3.7333333167407408,166.60281690140846,24.79093790871384,29_genuine_original_29_15.png,29,genuine
1.6706142207372252,3.3712198837742657,6.577344599511241,7.067215929070631,13.937180957100926,8.891439449528995,-14.242089782106415,114.109681372549,0.976203820738589,0.9757971434966525,0.6630069417436015,6.403726668299835,160.8708053691275,25.161260172045047,29_genuine_original_29_16.png,29,genuine
1.6807511937595394,3.3942160129180157,6.552177812221876,6.929407473231443,13.677979267069038,8.652069084105426,-14.396989133777982,107.53336397058825,0.9763442424145988,0.975919730555471,0.6435267791108384,23.291666181423622,165.47084048027443,23.918215938224176,29_genuine_original_29_17.png,29,genuine
1.6633978796200999,3.3558698722953455,6.831872071420506,7.195042035662834,14.212206327138988,8.891014301917464,-15.09420199863972,117.59022671568628,0.9762764602293523,0.9758431031994423,0.6440749359755359,0.08619091743633835,161.5034129692833,24.826067068689735,29_genuine_original_29_18.png,29,genuine
1.6175033848258722,3.2598921123201787,6.491011689776997,6.863602602102345,13.55471076315735,8.543432639773128,-14.146195351481577,98.2407169117647,0.9790691960529775,0.9786309945143823,0.6275705464557699,8.440366895042505,166.37609329446065,25.23586407597089,29_genuine_original_29_19.png,29,genuine
1.6292124630675715,3.294151120709837,6.384935650795329,6.954823044158744,13.687027361427932,8.714048250347217,-13.926166159863746,105.59050245098038,0.9783034459349625,0.977880451908378,0.6105884729600944,7.8571427911164475,165.91935483870967,24.285582380050638,29_genuine_original_29_2.png,29,genuine
1.6052271215837752,3.2344480969190705,6.701846320303857,7.1769273498004535,14.142209965530283,8.858036105091784,-14.590896069671789,102.0328737745098,0.9788193818510005,0.9784318681042855,0.6208374306859562,1034000000.0,165.5328820116054,24.840407081925004,29_genuine_original_29_20.png,29,genuine
1.6208841616810825,3.270341395542041,6.519966152267734,6.997742556294017,13.779907415328148,8.693270312930174,-14.25274922715875,105.81222426470589,0.9805764087206343,0.9801781710596695,0.6199123822082986,943000000.0,159.1251325556734,24.01363244759389,29_genuine_original_29_21.png,29,genuine
1.604430412433501,3.230898320572389,6.898532864289578,7.7690752084112,-15.460895890878025,-9.674762618394926,-15.149252706222939,92.18088235294118,0.9792255047409303,0.9788301335170005,0.6482378603341211,10.399999884444446,166.09454191033137,23.59568115227163,29_genuine_original_29_22.png,29,genuine
1.5634176283652716,3.148012372705939,6.057795346398996,6.226030321235897,12.368468201478574,7.805993659169281,-13.676483930217392,89.66265318627451,0.9806959079373598,0.9803313332632766,0.611081468687888,935000000.0,167.70802139037434,23.18005065765649,29_genuine_original_29_23.png,29,genuine
1.6214989074947335,3.2697811548901163,6.539033385647128,6.959166775931613,13.726161186195698,8.646935419130601,-14.259172026051402,101.64685968137253,0.977842672672461,0.9774362181442413,0.6463970400551534,10.288659687745776,164.8703196347032,24.78354855328969,29_genuine_original_29_24.png,29,genuine
1.6583727843070823,3.347313922881507,6.547312005933373,7.147228150673005,14.148678533231937,9.189117942311999,-14.14140876284928,112.90533088235296,0.9767334259585128,0.9762566673765634,0.6679544135012894,5.610169459829551,159.86239316239318,24.57426986854175,29_genuine_original_29_3.png,29,genuine
1.6122564234772432,3.259176211397537,6.415509097570223,6.958412724876202,13.702631612575466,8.709759989077337,-13.962833067548637,119.91519607843136,0.9773983996622789,0.9770532297396665,0.6200090871198733,14.361110911651238,160.9502712477396,25.246385609905385,29_genuine_original_29_4.png,29,genuine
1.6573760198260465,3.3444040408661864,6.617490315481851,7.152946308012632,14.098427005498191,8.959615095885447,-14.345953426217472,105.26341911764705,0.977628679588504,0.97720640986714,0.6348459606878085,11.153846031276418,165.33996383363473,24.58998630337436,29_genuine_original_29_5.png,29,genuine
1.6643737953851654,3.360775225980248,6.555598542392338,6.928739956523739,13.679970042474196,8.640918778589047,-14.365216882292367,111.21917892156863,0.9766462093588661,0.9762873361617618,0.6443824561900006,0.10566762717995423,163.33709817549956,24.79895190443667,29_genuine_original_29_6.png,29,genuine
1.6218882404175403,3.277488675611192,6.462415234487895,6.932278943413327,13.658807242983023,8.652767592923523,-14.079878771622022,118.52172181372549,0.9783425512692673,0.9779723201312241,0.6108542193817982,0.26594464468598716,160.43346007604563,25.515266849486355,29_genuine_original_29_7.png,29,genuine
1.6051404129762348,3.2362481306125925,6.346484270887353,6.656469438373899,13.165300940613044,8.306533094834029,-13.89670946130083,103.22254901960785,0.9792113795016897,0.978876111731263,0.6100597084050036,14.734374769775394,164.9811320754717,24.53161309863026,29_genuine_original_29_8.png,29,genuine
1.6823458374778644,3.397427175228625,6.663615240898183,7.169856347110685,14.132345985908191,8.976409568870189,-14.447230883808388,114.63651960784314,0.9758954821253933,0.9755214399370323,0.6522061634276352,0.4344163653015447,162.43624161073825,24.778602792415654,29_genuine_original_29_9.png,29,genuine
1.8942905143239184,3.806342119108927,7.361333054392482,7.416190757723496,14.805043902738708,9.321740553591837,16.493285282955103,202.65459558823528,0.9658979779738577,0.9652890257963884,0.6780430563451254,0.6175071354733519,147.2829411764706,28.010070723540064,2_genuine_original_2_1.png,2,genuine
1.8675638723947756,3.7499910883878256,6.978572386981852,7.010486541623543,14.005025524840413,8.88648880797457,16.18410421765962,185.42254901960789,0.9664243324818874,0.9658251321125412,0.6940408750670602,0.30852713154377737,149.01836492890996,27.874022953645948,2_genuine_original_2_10.png,2,genuine
1.9388860027954347,3.9008707026710385,7.273875213193887,7.37906912592176,14.706301100790217,9.347589330791171,15.933947082820751,202.390318627451,0.9640800044381964,0.9633130770451528,0.6863959460759552,0.04709302322843428,148.84730705163798,27.178671470845586,2_genuine_original_2_11.png,2,genuine
1.944292458144985,3.90685227985961,7.511113294096554,7.545839855891157,15.074323784819564,9.49989591057514,17.30943738545367,207.6737132352941,0.962937727812005,0.9620721395684334,0.7321704935820783,0.7244165164053711,141.8391462779802,27.318539507683152,2_genuine_original_2_12.png,2,genuine
1.8824761489716728,3.7850906014232306,7.28069268155283,7.332579975505021,14.639433034523512,9.236014578530991,16.13974181208096,195.67882965686275,0.9664346436692045,0.9658098564452874,0.6777424650743641,0.1928825621402971,148.32816229116946,27.178841872839993,2_genuine_original_2_13.png,2,genuine
1.8810889922099434,3.782036232976724,7.2438374001452255,7.2538675338410705,14.502767091069462,9.148360292360668,16.334655273340225,190.30575980392157,0.9649966296922429,0.9644772457367247,0.6669922728992931,0.5051993063213177,153.45653425446173,26.493272283766526,2_genuine_original_2_14.png,2,genuine
1.886667424214285,3.791353335728717,7.367199540219946,7.424493031355849,14.820484819608623,9.325955878785223,16.407354046867336,199.29669117647055,0.9653373044046665,0.9648755135881449,0.6717064426297878,0.6715399603591228,149.63615160349855,27.274235844015422,2_genuine_original_2_15.png,2,genuine
1.9162910030245057,3.849802367529132,8.820732335681848,9.737481423406079,-19.02105276717677,-11.66710251534713,19.86230919447766,202.7812806372549,0.9637926391293601,0.9631751641919294,0.6856839391247532,0.6703499073017035,149.3478500551268,27.500020112403337,2_genuine_original_2_16.png,2,genuine
1.8881049695803271,3.7952101975114862,7.242027019715213,7.3004846155605065,14.57186876720908,9.202699018249445,16.186010871303562,193.3803002450981,0.9626877060957282,0.9620263117353756,0.693810227896533,0.8204633196713673,152.50212089077414,27.275950231611496,2_genuine_original_2_17.png,2,genuine
1.891999103757383,3.8029719442869987,6.940082526416437,6.98113604796129,13.941777906555345,8.883472152149087,15.853720530844,197.47954963235293,0.965437995624048,0.964860156734341,0.6687586689703724,0.5795768163941335,150.7693651718113,27.505774991742236,2_genuine_original_2_18.png,2,genuine
1.8917940676307463,3.7998314314960053,7.434006715654615,7.488904745076975,14.950504394464302,9.398243929120575,16.53975048994988,183.15729166666665,0.9670968051695494,0.9666369777523686,0.6788286039134253,0.6215415013621132,150.82449725776965,27.627886176519485,2_genuine_original_2_19.png,2,genuine
1.8594690551935018,3.736551322337577,7.17351377744452,7.248556902003706,14.45972933477643,9.12100229012789,16.059530225377816,216.20526960784312,0.9640949400205737,0.9633743456942162,0.6723876943154447,0.5842794754722449,147.19900771775082,27.424378919194847,2_genuine_original_2_2.png,2,genuine
1.8622972271686615,3.7418830237874605,6.988066903168063,7.001700133483342,13.996607915580435,8.87356778701436,15.972493788668618,192.62950367647056,0.9655615734027034,0.9651053008770951,0.6552622724513804,0.49335695261881574,153.2900355871886,27.19844010029986,2_genuine_original_2_20.png,2,genuine
1.8665859423663478,3.751744881187039,6.9365814343433385,7.015554782176663,13.99191377806696,8.906693543192919,15.428282848981317,203.32291666666666,0.9648200244363089,0.9643394034993564,0.6582581078001022,0.7301905709827577,151.34898550724637,28.27875641162807,2_genuine_original_2_21.png,2,genuine
1.8905292691181803,3.8004305318424323,7.290743000895124,7.359462978091769,14.68493343704797,9.272908420667946,16.070516207015075,177.45404411764704,0.9664105536474081,0.9659170972906863,0.6731635837710831,1.4947526214471476,154.27884615384616,27.63886068242476,2_genuine_original_2_22.png,2,genuine
1.8479358283817864,3.712817324715768,7.289352220605701,7.311230878261829,14.611565104510047,9.168208671375156,16.464824926213062,166.80309436274513,0.9681149565350367,0.9675101654619328,0.66751653408042,0.11079943891248285,156.02146464646464,27.906740322555915,2_genuine_original_2_23.png,2,genuine
1.9236704138639542,3.8662427586207113,7.024851382973682,7.048107638237324,14.084622337321456,8.985403835792168,15.97978165539258,196.74797794117646,0.9646466535920516,0.9640635355779943,0.699872501521391,0.4037706202641236,147.7476217123671,28.02791774525925,2_genuine_original_2_24.png,2,genuine
1.871571455255926,3.757247708885223,7.300947851323011,7.339862030607622,14.660321499275552,9.223231782692853,16.46036279258231,192.63566176470584,0.9669400580369497,0.9664071687602683,0.6883129869064242,0.6491053671480066,146.97588908981314,28.053821470058146,2_genuine_original_2_3.png,2,genuine
1.8245783271618288,3.6630794627012166,6.887845595336399,6.917269885795677,13.819838521315972,8.749104580927147,15.969597526044183,190.03996629901962,0.9681315077348446,0.9674487892010304,0.6919595278677363,0.7606557368736003,145.3240223463687,27.774954223990218,2_genuine_original_2_4.png,2,genuine
1.9032564963039489,3.833462374629423,7.553268976070527,7.915622716514336,15.660942529618561,9.861565935400908,16.305666014178023,218.55018382352935,0.9643063449494347,0.9635734774998447,0.6673760988755887,0.2883392224110677,147.062534284147,27.258568392173284,2_genuine_original_2_5.png,2,genuine
1.918101001356172,3.8533215680536546,7.562747157486797,7.637410115945923,15.237705497972998,9.57590107965678,16.73799941897658,214.01127450980397,0.9641004286446005,0.9634967982998174,0.6833029150762403,0.520745130803772,146.21213808463253,27.782705354400612,2_genuine_original_2_6.png,2,genuine
1.9249841623317419,3.8684900380675518,6.972999109326868,7.000009496862736,13.986539116168599,8.935538071901487,15.95320426189674,209.23428308823532,0.963991485627802,0.9632670000850797,0.698027844840947,0.732635584459909,145.6507413509061,28.210784539955448,2_genuine_original_2_7.png,2,genuine
1.9616180644659034,3.946203626690419,7.601660463342578,7.759362131281654,15.44242234238834,9.785817027091168,16.40634622282022,204.4436274509804,0.9600441544255722,0.9591617948901989,0.7270040616584209,0.7636986294831347,148.00631067961166,27.91929177789448,2_genuine_original_2_8.png,2,genuine
1.8893687967758883,3.797429969428458,7.176651375879958,7.241831066014521,14.451080122810081,9.140653389360091,-16.672410352352248,202.27322303921574,0.9654598700047392,0.9649520713744016,0.6778087824376441,2.124548732627168,148.32466782206816,29.05004284710836,2_genuine_original_2_9.png,2,genuine
2.1618440375300376,4.405670303937649,8.319056473346054,8.752460923409698,17.301378080902698,11.02292829717997,-17.903540269042654,298.56427696078424,0.9364416321309,0.9347916804431691,0.7493570736652336,0.8324235803316464,147.31992850759607,24.149694491899535,30_genuine_original_30_1.png,30,genuine
2.25153252638737,4.58924179115503,8.496388160397492,8.816762851855646,17.496430251524746,11.158007364678168,17.971429380528193,302.71951593137254,0.9270755564645873,0.9245590290452717,0.7926632295073255,1.2024070015304118,145.28440139095878,23.277507700161674,30_genuine_original_30_10.png,30,genuine
2.1970934908712616,4.464224530831691,8.386180200584683,8.549803385942159,17.017936341818913,10.782895356304671,18.611383069522827,291.45965073529413,0.9259443433519718,0.9237323304771783,0.7785712028747801,1.0583418623038168,150.92764793635007,22.765314819125454,30_genuine_original_30_11.png,30,genuine
2.199119032979628,4.4811144189230685,8.09815697276438,8.326305800956822,16.53970424226877,10.581728966541796,-17.673952051797826,314.0732230392156,0.9314532278991069,0.9295530703978224,0.7546444361035508,0.9239704324583049,147.68496158068058,24.335382667771803,30_genuine_original_30_12.png,30,genuine
2.232725424056346,4.542195518256634,8.957560692761113,8.857059896471089,17.76583836720696,11.13378900617524,-18.85009194537012,282.8707107843137,0.9386192113257191,0.936797834846943,0.7669334694179464,1.9274336266128904,145.4059854897219,23.9429349888202,30_genuine_original_30_13.png,30,genuine
2.2235672886156737,4.5375268547004195,8.183186371076603,8.372264914988266,16.650056045252015,10.651328754605423,-18.41032214376569,276.6898284313726,0.936756677695718,0.9351590296290357,0.7574998451626196,0.8667035393436374,150.04888888888888,24.276621482761637,30_genuine_original_30_14.png,30,genuine
2.2113714119461934,4.500610892049342,8.558314235972531,8.758886240919717,17.417778442098456,11.014233329613369,-18.853345892223643,298.77135416666664,0.9330175900799873,0.930885396028635,0.7752798037262574,0.9005235597379457,145.26666666666668,24.14381763953669,30_genuine_original_30_15.png,30,genuine
2.2148614992817848,4.501764399390134,8.02530076496568,7.980591031476796,15.984092800400635,10.233722496563935,-17.279705071091662,307.4106924019608,0.9298295928227442,0.9276075354608287,0.7697846836385923,1.0490830630803218,147.32771782047908,23.538429099296803,30_genuine_original_30_16.png,30,genuine
2.1984091836486237,4.47733010340198,8.881732094943608,8.621339853221944,17.377632011695784,10.88195451017395,-18.20499739505834,278.3330882352942,0.937108077779489,0.9353124006677134,0.7508245866194757,1.137644045366425,150.52410901467505,23.71399674404581,30_genuine_original_30_17.png,30,genuine
2.245942175142287,4.5827076286827335,9.001649366406957,9.021517768340654,18.033851473235003,11.315380206491641,-19.264283009854367,320.4883578431372,0.930959048396001,0.9288788096886661,0.7653091982449406,0.9299429159678552,145.122613605808,24.49120923882762,30_genuine_original_30_18.png,30,genuine
2.201313510685146,4.470699725430458,8.44137009408631,8.615932591207592,17.145256665938707,10.851297361308827,18.399376300506823,282.8144301470588,0.936322062347198,0.934561790680166,0.7624104512627273,2.052017935379356,148.0146929180135,23.834484516677858,30_genuine_original_30_19.png,30,genuine
2.2486976793357307,4.595506482569831,8.65885515484505,9.129793964551942,18.02838561172216,11.460502608659588,-18.87955995918102,302.0109375,0.9267690354413656,0.9246667366691785,0.7716391651911283,0.8797709919466742,149.9469543147208,24.207908225888495,30_genuine_original_30_2.png,30,genuine
2.2150912080899294,4.51077967827318,8.615956432957997,8.920285504018818,17.723115997216016,11.343849326238658,-18.10368293834318,271.65125612745095,0.9344853590869998,0.9324785469583502,0.7658237076643002,0.7517412931583376,151.3612610053962,24.32947702743752,30_genuine_original_30_20.png,30,genuine
2.238363837275189,4.56757422630702,8.391674399486764,8.60750024359736,17.113717116844775,10.956679843307727,-17.86802898441288,291.5682291666667,0.9307730492256093,0.9286797606988361,0.7747202180927719,0.8455083905007362,148.4295266113934,24.32129909770393,30_genuine_original_30_21.png,30,genuine
2.235948682169298,4.5545970536786395,8.80408836777278,8.827495056362487,17.643757989301683,11.106216282675177,-18.975287234883492,273.85049019607845,0.9386080778464174,0.9369511734891871,0.7599939950700262,1.1114690714487956,148.59108941104668,24.706850444737537,30_genuine_original_30_22.png,30,genuine
2.23983892067437,4.5671141062803065,8.759886000511408,8.994915304651942,17.87411001474719,11.289061223645453,-18.91467134543366,288.3622855392157,0.9299698996507602,0.9280978973297327,0.7621630641449278,0.9328859055586546,152.11431623931625,24.322964250211914,30_genuine_original_30_23.png,30,genuine
2.2016610290678447,4.4836270323378224,9.034334905887098,9.329456826506934,18.511544335360313,11.578994551309995,-20.03857957216218,320.68330269607844,0.9295525020945665,0.9276846396639946,0.7526876971496581,1.0016094415227417,148.0120611096221,23.48420808291631,30_genuine_original_30_24.png,30,genuine
2.20368747577646,4.49776907114027,8.404226653452975,8.567707385390586,17.056299228113232,10.841441248813148,-18.013812615929453,311.2171568627451,0.9349804392316388,0.9330759933514958,0.7532240703583614,0.9058888272394667,145.71498700548656,24.020299506546124,30_genuine_original_30_3.png,30,genuine
2.2278659064870774,4.53429718244411,8.490224241875454,8.502329615019915,16.99877249548153,10.76999413974234,-18.55707540834944,328.7201286764706,0.9312083514662187,0.9291394585691172,0.7563854877871146,0.7560859184935151,145.0298994291927,23.653523730089386,30_genuine_original_30_4.png,30,genuine
2.201762217072091,4.479547399641231,8.303875016165394,8.351661972621713,16.67968823871401,10.591776233529501,-18.142318881115877,247.65064338235297,0.9399779930336705,0.9383295515395604,0.7738098269227277,0.8546078987666812,150.43549382716049,25.27475267741077,30_genuine_original_30_5.png,30,genuine
2.291390887780409,4.672490925178312,8.57731461289712,8.672967155873083,17.302240306386324,11.055330415861762,-18.160453912946473,354.65009191176466,0.9205903764571102,0.9181720872118566,0.7778354666300625,0.9362657087359669,143.97681965693093,23.799802878443764,30_genuine_original_30_6.png,30,genuine
2.2005310434150336,4.483950575783862,8.770742550791756,9.151306987107693,18.119294287984506,11.428885205530408,-18.862797278224466,299.0809742647059,0.9323845337823117,0.9303495779430222,0.7562721630556072,0.883211678371631,149.49944629014396,23.96507355557187,30_genuine_original_30_7.png,30,genuine
2.2625876270772975,4.605583957292543,8.484723333709775,8.657321355043475,17.230606186260786,11.007127793298915,-18.22055808748917,285.456556372549,0.9293951289276271,0.927132688652398,0.7767867597611836,0.47160399060951497,150.18670143415906,23.323060317515857,30_genuine_original_30_8.png,30,genuine
2.239263407011149,4.557959057013788,8.491980048574666,8.710848916105688,17.3197386545429,11.053277088941073,-18.04755442421109,337.70560661764705,0.9247637567509981,0.9223384153772433,0.7749726029661268,0.8049535600155004,144.5180102915952,23.658307057586835,30_genuine_original_30_9.png,30,genuine
2.211347157174842,5.000728691644077,7.141486211241822,7.877146204200659,15.613917595763528,-12.83142975357283,15.480281275004506,450.393719362745,0.9386744497301829,0.9378096180556111,0.6514946119120651,1.2656716408465136,137.36627140974966,26.4572436178177,31_genuine_original_31_1.png,31,genuine
2.1686503509588455,5.2585260160607215,6.9757555616401685,7.790986859044987,15.52019388737218,10.707763673366369,15.223735035129252,448.8527879901961,0.9334312613210954,0.9321423682567308,0.670997891842039,1.0684505282710326,139.55445246690735,27.35261975555586,31_genuine_original_31_10.png,31,genuine
2.1642445034549835,5.168100970981111,7.067243976755103,8.051277289412441,-15.75672492243641,-10.716437588563029,15.765468937569487,380.91660539215695,0.9411977929646845,0.9397546098272981,0.6858342116887386,1.0678200684651764,140.6147925033467,27.560069638476875,31_genuine_original_31_11.png,31,genuine
2.2084190419280367,4.993833305620032,7.156953512392142,7.849298766335765,15.618105048260936,10.932602775000813,15.428083463131198,433.3320006127451,0.937893954796592,0.9367831136305708,0.6808520013607651,1.1473612055192863,136.2566230450048,26.92409727487571,31_genuine_original_31_12.png,31,genuine
2.1946789025228144,5.005445207615783,6.991596153653357,7.446980609888576,14.725695154997982,10.104571138353842,14.976693181767663,357.4604779411764,0.9464614910522314,0.9451616204547278,0.6887669526857675,1.0290827732818173,138.33223079750093,27.175688917149245,31_genuine_original_31_13.png,31,genuine
2.1475024328898926,5.01192786342286,6.707159415049457,7.197159218726114,14.170598356656468,9.74788004529569,14.664264735117726,352.86982230392147,0.9430756969900714,0.9417304365924272,0.7040482119793534,0.9979564025899479,140.0017047391749,25.477927388260362,31_genuine_original_31_14.png,31,genuine
2.1178948336045353,4.767373003020725,6.713020557398316,7.289979004853828,14.39028361365405,9.921505139437176,14.509999267859286,328.85965073529417,0.947068350441346,0.9456976011355173,0.7082366009552713,1.151181101455763,139.63323572474377,27.075693084416784,31_genuine_original_31_15.png,31,genuine
2.1451428175235696,4.936810322925885,6.887444310579277,7.426703428746047,14.62599176655918,9.952011601047696,14.960189191240438,321.9781862745097,0.9472732059726775,0.9460038328422646,0.7172062903776834,1.1274281265521149,139.21585098612127,27.045665411588395,31_genuine_original_31_16.png,31,genuine
2.206827991313033,4.960894068075357,7.242060615741245,7.9942845350728176,16.15367996424592,11.763459814880703,15.631203612894323,373.0562040441177,0.9379255466261549,0.9364458737726912,0.720138741675336,0.9987623756195777,138.74922600619195,25.093169257066393,31_genuine_original_31_17.png,31,genuine
2.1582078830850997,4.892109652156026,7.0138929591003505,7.799466546056446,15.627214386806132,11.606044145107127,15.239867500339273,400.22521446078434,0.9448229382541434,0.9437218418301723,0.6728757453675615,0.648841354338181,135.48216216216215,26.783542526708633,31_genuine_original_31_18.png,31,genuine
2.0632980050302403,4.547790218406101,7.021567630064297,6.931568259157416,13.910756604121055,9.232052897564257,-14.86863841959222,388.45900735294117,0.946409398267334,0.9454374083776752,0.6649705361140347,0.9365411430010172,137.05833633417356,25.70116168083224,31_genuine_original_31_19.png,31,genuine
2.165397845522966,4.955243446361007,7.074345203941244,7.65712916893902,15.086335182147769,10.252193838017376,15.32092528384051,322.9376531862746,0.9477351276219069,0.9464635020196142,0.6949180740055634,0.9366450677201978,142.20557620817843,25.4741308854804,31_genuine_original_31_2.png,31,genuine
2.132957557393308,4.8694923144620414,6.8306752926507235,7.439184004324622,14.629259173351816,10.009777036097905,14.898725245017195,337.395174632353,0.9448447035708243,0.9432620081360402,0.7226845908049173,1.1128205120052597,138.00208044382802,26.321204777032374,31_genuine_original_31_20.png,31,genuine
2.1764108010995056,4.868100875631231,7.206358241139836,7.8650393313944855,15.584103759022398,10.669943739333286,15.522725380322864,386.28730085784315,0.9420570487597965,0.9407193820491622,0.7053909682352802,1.091100209466643,135.6980563002681,27.616879022545106,31_genuine_original_31_21.png,31,genuine
2.1565848899495816,5.1678086671659145,7.016739392141548,7.562439422634252,14.88556258891659,10.198644318334717,15.274216017519404,395.6883884803922,0.9448509590876247,0.9435992539022467,0.678008247978812,1.1036308614949841,135.48435814455232,27.342189277447087,31_genuine_original_31_22.png,31,genuine
2.146518375808714,4.939697773935761,7.084521835058838,7.79141191523668,15.431166436024366,10.574413973790103,15.338444846448919,328.31383272058827,0.9445486007589298,0.9429250799385945,0.719315947973725,1.0351617432945417,140.49067035245335,25.87803812076548,31_genuine_original_31_23.png,31,genuine
2.1955832453440554,4.970371634977336,7.422222163707557,8.319849781432731,-16.571986462625187,-10.866860389570194,16.232107118771168,434.5424172794118,0.9362633868125418,0.9350372410174197,0.6659728050596483,1.0171102655151392,139.73892554194157,26.61268519399125,31_genuine_original_31_24.png,31,genuine
2.1118305144278993,4.864487531020039,6.683911339562976,7.3327019433440785,14.495950166400464,10.347625502524796,14.487185435729042,322.8706495098039,0.9512028976091603,0.9504156818037784,0.6624412305422458,1.0385259622792913,142.5645028759244,25.70797360271318,31_genuine_original_31_3.png,31,genuine
2.1345445523399422,5.137819214951289,7.003022284709813,7.5536121316282685,14.912601643402265,10.310687642542844,15.086033080755673,384.8846200980393,0.9430813224630017,0.9419452093958982,0.6630622672231095,1.0736151595673358,141.0397188049209,26.30979764828139,31_genuine_original_31_4.png,31,genuine
2.217813066690794,5.129890249729241,7.3023623121768875,7.641753993576371,15.158179993171535,10.346610926495883,15.480461462016162,333.96139705882365,0.9437250237363201,0.9422817359411924,0.717923850510124,0.7499999995514354,140.44907723855093,25.947788633433216,31_genuine_original_31_5.png,31,genuine
2.1405718261307203,4.852179817735045,7.035268667426208,7.759989937857879,15.49040256879366,-11.543845307702744,15.210458397971863,369.8139399509803,0.9434940680176368,0.9422515011518129,0.6703049174000757,1.1466364314840238,142.19542253521126,26.916828997342318,31_genuine_original_31_6.png,31,genuine
2.1228134161623813,5.034890120461849,7.080909198452945,8.019694416476678,-16.487560020450875,-10.902821721477089,15.573193796227304,351.71125919117645,0.9439492100665277,0.9428333349653449,0.7011720198587156,1.0516499275095768,139.6374125874126,26.66832670508879,31_genuine_original_31_7.png,31,genuine
2.160727542776075,4.929126991878913,7.140505370799965,8.048035020276037,-15.694261271156043,-10.522876558215703,15.978324590228604,374.51161151960787,0.9401386192953809,0.938713130659621,0.6876661239858401,0.9882198946412173,142.11981566820276,27.08870651709272,31_genuine_original_31_8.png,31,genuine
2.105576876591806,5.012333323536096,6.807570013440944,7.369492348166663,14.517473590471717,10.127579346003467,14.768371815759757,348.0357536764706,0.9468935132529293,0.9456671098576906,0.6907012963275933,1.1393507512752565,139.15470022205773,27.005340750585077,31_genuine_original_31_9.png,31,genuine
1.8673043490680574,3.7578220141039407,8.19184756812696,8.225080353223024,16.433844561038,10.124498234847803,-17.863332138377235,117.16715686274509,0.9713581860806563,0.9706348674993304,0.7400042305437607,2.603365378357295,158.27351567711807,25.91364345268562,32_genuine_original_32_1.png,32,genuine
1.7975578170663111,3.615881935414053,7.5563007700163665,7.620378178695335,15.208761946650265,9.43443569810793,-17.053946472108862,110.26623774509805,0.9729888535785011,0.972411842069786,0.7213600691221684,0.16164154090314778,160.84426820475846,25.213098441963535,32_genuine_original_32_10.png,32,genuine
1.8774186462033762,3.784844036319821,7.936037272902299,8.186539454239941,16.255522680193824,10.142346868363408,16.976940616834906,117.08388480392158,0.9703318879471341,0.9697006152464379,0.7181838440601147,24.166666263888896,162.43443708609271,24.70615400816527,32_genuine_original_32_11.png,32,genuine
1.9964356329225008,4.033574546036448,9.00621544224531,9.338428993175866,18.51300195215283,11.526633785881131,-19.50408998033913,147.8821384803922,0.9645854812708649,0.9637724898822989,0.7432049530494111,1.647058821166343,155.99728997289972,25.75539500880441,32_genuine_original_32_12.png,32,genuine
1.9911104161004725,4.025606112627945,8.340472622027592,8.591001406835732,17.066526401021147,10.776946534456977,-17.734644654920032,127.13881740196076,0.9628747670239093,0.9618426035258977,0.7553988636387706,8.261904722562358,163.63187660668382,24.965625969038015,32_genuine_original_32_13.png,32,genuine
1.8158559166430666,3.6518961384473543,7.734408454983596,7.686934653564313,15.397612045646955,9.518034798014192,17.682861355243528,97.36133578431374,0.9729952849092504,0.9723046368535627,0.7329816841265311,1.9288702888517357,165.50785714285715,25.765618197948385,32_genuine_original_32_14.png,32,genuine
1.8505746305616289,3.728763384012383,7.801151280425155,7.933257063602341,15.801040218072979,9.799950981602803,17.087795117915245,102.51121323529412,0.9717701655027753,0.9710945302123029,0.745743376358353,2.4319248769203643,162.53146374829,25.343522913584735,32_genuine_original_32_15.png,32,genuine
1.8378715995636556,3.696452393052145,9.320363110215023,10.166588520141326,-20.956874623275105,-12.433602937711203,19.911821813829903,116.0903799019608,0.9715481390218379,0.9708647511060462,0.7159289461117795,1.1088534091308369,161.62353750860288,25.595738459083357,32_genuine_original_32_16.png,32,genuine
1.7908667629695993,3.6039594755293387,7.236340344774611,7.448625871875988,14.7944945758474,9.287273461221018,15.696359192687353,105.20569852941176,0.9741559441491097,0.9736066390905688,0.7212416966722566,2.7507082075050757,160.98867069486406,25.400936509789116,32_genuine_original_32_17.png,32,genuine
1.7945696196810221,3.6071608082640454,6.695306980897707,6.744533285227499,13.464499298345045,8.551307901109041,15.302041551074165,98.75860906862744,0.9756629928351984,0.9751230836168423,0.7446583030302438,2.63218390048223,157.58227848101265,26.096604898215926,32_genuine_original_32_18.png,32,genuine
1.8474862128056544,3.712163025498852,7.396958678889273,7.463541033954829,14.893876621045555,9.331784952109002,16.59564280656039,105.8265318627451,0.9735452396843782,0.97279464996584,0.7663580591950008,1.4105621781762143,155.1060070671378,26.18383094171673,32_genuine_original_32_19.png,32,genuine
1.869622942925075,3.7649160505333152,8.031226920422693,8.2513565797572,16.393570631992997,10.13961831416724,17.579049865973136,123.2282475490196,0.9707150744688058,0.9699761820984613,0.7436228148838103,1.9352380915519274,155.95003244646333,24.523825342071362,32_genuine_original_32_2.png,32,genuine
2.024989679804083,4.0986750297418775,8.358256922391773,8.561019807524284,17.029201874281934,10.661301465637267,-17.727470134081404,140.93532475490196,0.9619913232017899,0.9610153821011574,0.7429158757523507,3.2850971851293798,162.10181451612902,25.516730689777404,32_genuine_original_32_20.png,32,genuine
2.0038798197976124,4.054040910373473,8.049234673616866,8.175758897824105,16.29004312666446,10.248788128332452,-17.331409834594364,133.1484987745098,0.9601728060702901,0.9591312489333168,0.7692665614407094,1.5544794170042622,162.58578199052133,25.73729819206657,32_genuine_original_32_21.png,32,genuine
1.9655392461614822,3.9677952706265356,7.999457698929687,8.203281107636128,16.30751638482438,10.195194515235563,17.24583049066933,117.86106004901958,0.9643523408945622,0.9634662865121026,0.7515706981667526,0.35413642935113465,165.88853161843517,24.18170779193502,32_genuine_original_32_22.png,32,genuine
1.9520912365940601,3.9396167996716933,8.717067627423079,8.754845230448309,17.49083571657585,10.730222535880301,-19.393091426807914,110.02450980392156,0.9667292197021997,0.965886481691266,0.7427844941162997,0.9073869890767509,167.4306358381503,24.60187238868692,32_genuine_original_32_23.png,32,genuine
1.9234326561577384,3.884542352746751,8.532011969244952,8.946755084184895,17.69837711217337,10.993414382850546,-18.316742161146923,112.42294730392157,0.9697798086238162,0.9691185115521413,0.7294980767475564,1.9229323272125332,164.0604501607717,25.5101306108866,32_genuine_original_32_24.png,32,genuine
1.8984806465803459,3.828904681881107,7.487983631211546,7.575214080498754,15.107301228784996,9.501359553644416,16.431094198418016,137.31200980392157,0.9676891326729434,0.9670352223646606,0.7260239587867797,2.245614030710304,157.94894894894895,25.422657372987207,32_genuine_original_32_3.png,32,genuine
1.9822447493287376,4.007254651594725,8.023885183656272,8.298702143537767,16.472568014938744,10.383255252355942,17.084922965346582,145.67221200980387,0.9640349729829439,0.9630064757595133,0.7735717975802948,0.21105527624933712,152.14782157676348,25.008016047335037,32_genuine_original_32_4.png,32,genuine
1.861817422904358,3.7489949340716837,7.07999889393656,7.188018871045371,14.32237043956009,9.076736608183548,15.723128035659432,114.01844362745098,0.9705248531616308,0.9697157379098875,0.7658053167528681,1.1648351632351166,156.59327411167513,25.158662623761092,32_genuine_original_32_5.png,32,genuine
2.0120726751525866,4.081735078117855,9.455374880494954,9.611294159334172,19.17573610355611,11.88682766791255,-19.581941875486383,125.52959558823531,0.9622215832361546,0.9612760463768345,0.7385923299140414,7.92201831228432,167.40462724935733,24.783883957895597,32_genuine_original_32_6.png,32,genuine
1.9656774467866067,3.9701325892035624,8.513400519487131,8.822548996641281,17.4905392286992,10.810422240937875,19.564107439574155,127.2390318627451,0.964445364733741,0.9638032959527529,0.7287400815127923,1.6725146174378442,165.81619256017507,25.38569266472659,32_genuine_original_32_7.png,32,genuine
1.939431005271483,3.914506872538568,8.01121807142422,7.979155027833547,15.975236676341456,9.946872151796418,-17.16723062436208,139.69059436274512,0.9644733364499919,0.9637880952483767,0.6941963000783402,0.04147196259259815,165.60964666292764,24.28714827953463,32_genuine_original_32_8.png,32,genuine
1.8940085478436042,3.819106626187546,7.929745352780901,7.897126986936529,15.810712882599972,9.809678569637995,17.39136684523234,125.37748161764704,0.9670399113065136,0.9661468578737801,0.7410978627369581,2.746170672327854,161.09170560747663,25.401617550733004,32_genuine_original_32_9.png,32,genuine
2.0805454740802127,4.242676481039608,7.804739336521966,8.598910016778094,16.950786512666202,12.193012254647881,16.951713859933648,144.8346200980392,0.9666246875349025,0.9653192576036249,0.8232638265402233,1.397712831769107,137.6083730789613,28.15361739821102,33_genuine_original_33_1.png,33,genuine
2.145804649023147,4.415079265179294,7.820087110085095,8.34846321753326,16.4463627599594,10.777672152240822,17.040733759764105,168.37257965686274,0.9599581481479514,0.9578899215250358,0.8427271061042054,0.5754076083047502,133.3065976714101,28.02125270756578,33_genuine_original_33_10.png,33,genuine
2.130188661160415,4.409932727348221,7.761446087877478,7.948996016953333,15.809849177197728,10.20054391375273,-16.600068714034197,167.03844975490196,0.9546730780479831,0.9524366458643614,0.8583305430173275,1.3057491277824484,135.20702682281828,27.759522061681313,33_genuine_original_33_11.png,33,genuine
2.1219384441376925,4.32603373027745,7.942852423623917,8.628043985175735,16.930390772668243,11.24535208006311,17.476338701676212,162.82503063725488,0.9583506180015803,0.9564653053104366,0.8522089327073565,1.5989247294635218,133.80057923045098,27.067315824227116,33_genuine_original_33_12.png,33,genuine
2.1701079203137095,4.467402405962291,8.184668653824172,8.831829423279375,17.349008493239623,11.333033566649288,-18.03747884065052,195.66645220588236,0.9544850012288021,0.9518698296854124,0.8513294632516496,1.2578191029097048,128.86896293523026,28.72143893803735,33_genuine_original_33_13.png,33,genuine
2.149916404067379,4.412286099813166,7.979498953265071,9.176980045761916,-17.851908169898135,-11.44493472801861,-17.97746243242128,154.1879289215686,0.9584431381296425,0.9565112112890094,0.8623705169049068,0.9975349211195275,133.0785684903332,27.03096319736597,33_genuine_original_33_14.png,33,genuine
2.1970474653600824,4.503092756363011,8.46589272466983,9.055407037378158,17.834280543251122,11.47294837856669,-18.363164785014796,181.29185049019605,0.9507279566713622,0.9476573012777713,0.875146685371501,0.9084461631795963,128.6760135135135,27.88360397427872,33_genuine_original_33_15.png,33,genuine
2.129833426693185,4.392665383668202,8.101552716052776,8.71239082921943,17.11983766923469,11.137423938795418,-18.449599644878738,172.89479166666666,0.9571128535211734,0.9548875063865687,0.8558276253962991,0.953343700658364,130.8312101910828,27.52554136066824,33_genuine_original_33_16.png,33,genuine
2.1112352277442468,4.328944665574941,7.55670617185885,8.16873632969465,16.078231595099894,10.647919656541474,16.387799782971296,138.3710171568627,0.9623591072550112,0.9604173365631857,0.8581417564030874,0.9134948088983608,136.14511754068715,27.30075293616097,33_genuine_original_33_17.png,33,genuine
2.0942986347852623,4.3125063224309645,7.619745436997366,8.185352445876841,16.122071352089677,10.568338068464888,16.50631726924177,183.73155637254905,0.9597947663656637,0.9580277875832368,0.8248340916785193,0.9835355277439033,133.9287898645697,28.505051499835385,33_genuine_original_33_18.png,33,genuine
2.0998678599985934,4.340620533712263,7.678814244314502,8.503477810397404,16.771929153428996,11.623606540294674,16.721293708604886,166.9594669117647,0.9587037810776724,0.9567869616827961,0.8510898574954576,0.8010510504496613,132.30762817840767,27.66545942182354,33_genuine_original_33_19.png,33,genuine
2.130830555336858,4.39241795710124,7.886864763627106,9.028496551729138,-18.40890625406701,-11.414013148197629,17.489299076089544,163.52395833333333,0.9581635807897841,0.9565725927660135,0.8372046852769722,1.314258000665123,138.73595976529757,26.791076871563583,33_genuine_original_33_2.png,33,genuine
2.0966276589781594,4.293223056396634,7.432298802295655,8.44396379397339,-16.467753749311292,-10.623994313943532,-16.625509851983914,130.94420955882353,0.9655831236873782,0.9639098967796769,0.8461848592494075,0.9360465107208851,138.493993993994,27.369029535986577,33_genuine_original_33_20.png,33,genuine
2.1232125232595322,4.366606100790135,7.661191871878205,8.760195885641414,-17.093286202300966,-10.986416313761012,17.15371376014574,170.18491115196082,0.9581186807286598,0.955821890137099,0.8543294461757666,0.9064191795000625,131.36632860040567,27.77275362517149,33_genuine_original_33_21.png,33,genuine
2.115167286056905,4.35677157463791,7.726338557703779,8.503747085835855,16.779126304770998,11.579795473430451,16.759908564548642,173.17141544117646,0.9567661398425795,0.9547496505389546,0.8504787619542714,0.8851351344706192,133.05177220230985,27.486713561045764,33_genuine_original_33_22.png,33,genuine
2.076592664010846,4.273613237058391,7.607971983140057,8.353942725482831,16.476514109896772,11.129315295145968,16.49469655295368,150.64325980392155,0.9628927809416069,0.9609075650846665,0.8442460980873445,0.892888497899132,135.2694805194805,27.93660355335786,33_genuine_original_33_23.png,33,genuine
2.0796258539887402,4.312540492287786,7.4801561491884865,8.121603493822581,15.965952344654006,10.696568863831455,16.293142565557343,184.2855698529412,0.9589727243069226,0.9573844458606983,0.8322260923123611,1.5850945477362686,131.88597246127367,28.451991623163096,33_genuine_original_33_24.png,33,genuine
2.169633646928225,4.4525623615938965,8.031763552647858,8.38143261908606,16.60870975712609,10.720403296245598,-17.108900027356007,164.55796568627454,0.9570694724225784,0.9551172576434697,0.856673214680135,1.502497500996506,133.33053892215568,26.91987307503937,33_genuine_original_33_3.png,33,genuine
2.218316589706362,4.562973538255862,8.658142749290713,10.195280563033235,-19.79852949169508,13.045897588858926,19.749272319363477,190.5430759803922,0.9427088831103508,0.9394315387633149,0.8824612415854242,0.9386261255976204,130.5625907638687,26.463216881498354,33_genuine_original_33_4.png,33,genuine
2.1549074405481683,4.4393697003371075,7.71431184114596,8.409613261364516,16.56938721713214,11.266200538027993,16.691831269460128,156.53676470588238,0.9582862995249649,0.9565113849822277,0.8435330102573348,1.5426439215963283,139.09475890985325,27.357334028583985,33_genuine_original_33_5.png,33,genuine
2.1649035189743304,4.47041018449099,8.207013396927309,9.86703102700474,18.983620169995007,-12.588620196611748,19.160634129301858,203.21384803921566,0.9451394286182063,0.9419896714706377,0.8678269405013119,1.3767272717260164,130.83200734394126,26.648665989699108,33_genuine_original_33_6.png,33,genuine
2.178300731934241,4.473120499290675,8.269533394966306,8.833919684599485,17.425929129788383,11.074392226589254,17.771293161429433,189.24276960784312,0.946130262346526,0.9429699397019345,0.8749569291151363,1.1595460606411574,131.32519319938177,27.06283201911189,33_genuine_original_33_7.png,33,genuine
2.0705856632704767,4.227173692496859,7.685774160937066,8.10235351452385,15.998093421325661,10.392328018839516,17.05348604953093,160.3356004901961,0.9575560693227997,0.9555462431780252,0.8523016565125923,1.6023206734152735,135.66355897851642,25.684206376995967,33_genuine_original_33_8.png,33,genuine
2.2286064775741745,4.621710598461217,8.05645403318924,9.325545085352932,-18.035368450171745,-11.63657798082733,18.55691200486277,166.8683823529412,0.9534097452646715,0.9505371362989203,0.8720889551708914,0.8825118157444214,131.65530846484936,26.62356314573359,33_genuine_original_33_9.png,33,genuine
1.9025397034564206,4.24310325789474,6.257305998225074,7.299833963035688,14.080837041831018,9.422895382073738,15.054916699041726,302.85401348039215,0.9629313950380044,0.9619038891744891,0.665730452506631,1.626248214513198,129.6420423682781,28.138760557155607,34_genuine_original_34_1.png,34,genuine
1.8830178314113455,4.006122038865511,6.361649479116011,6.7699418526905335,13.340474110391764,8.78063020033519,14.16874568809181,235.81681985294122,0.9686844298774314,0.9679543237546732,0.6551646567643093,1.6701030899139122,137.36808236808236,29.513095678505298,34_genuine_original_34_10.png,34,genuine
1.9274521379028078,4.283303585417837,6.135905306884416,6.966615006701522,13.518075771897955,9.10832315440741,-15.035178056986364,298.33371629901967,0.9597541942986914,0.9587790000509039,0.6832333013397374,3.3057324770578926,132.91913214990137,26.954475625558153,34_genuine_original_34_11.png,34,genuine
1.8737888198036416,4.008787073890681,6.201460355610102,6.688324504964228,13.147570839259322,8.698355334956021,13.730246493395104,232.75919117647052,0.9699393682000622,0.9691950963890383,0.6673005735518439,0.9491525411353944,133.238127090301,28.070732764995306,34_genuine_original_34_12.png,34,genuine
1.8471472152709365,4.024165086895446,6.074546437109531,6.757086317742379,13.244070838187259,8.787002627889754,13.449750111476584,253.6075367647059,0.9693442400213025,0.9686590338089321,0.6301625820582335,0.668151446917426,134.6415220293725,28.064184699309628,34_genuine_original_34_13.png,34,genuine
1.862113639653941,4.023071376664366,6.262316438340604,6.812900865254981,13.369110506623578,8.832278951268552,13.893352758495665,228.72931985294116,0.9680867548239495,0.9673722213606635,0.6877595735887216,3.0943877472081947,134.72772585669782,28.063168800313278,34_genuine_original_34_14.png,34,genuine
1.886883857212997,4.021166798372222,6.3100839235293895,6.807168480536033,13.409509232719644,8.83389626186471,13.735349553057429,241.69188112745098,0.9703084741776321,0.9696240059018576,0.6494132132199966,0.7030162404837399,133.17779291553134,28.657692663702925,34_genuine_original_34_15.png,34,genuine
1.916120717917176,4.206512205371748,6.429109030035682,7.458930040714616,14.628114166319866,9.665824297244951,14.498016441557748,262.024080882353,0.9653197968569106,0.9644158933159133,0.6873987239297683,0.9304635751319387,131.65694682675814,28.9268528821402,34_genuine_original_34_16.png,34,genuine
1.9342992283664393,4.249719663492136,6.177122967067414,6.801495993432938,13.342987904305913,8.96537852939387,13.62598944973767,271.7995098039216,0.9630534396500687,0.9620568962057359,0.7055128199143932,3.1266375477584334,129.92804232804232,27.3725252681181,34_genuine_original_34_17.png,34,genuine
1.8611161218823609,3.9473159385460903,6.172936745140901,6.644671757682961,13.096076562772398,8.63827659793732,13.428097704553341,221.37766544117648,0.9720404360441615,0.9714161801247085,0.6591590389831167,0.701840489936392,133.32516222062003,28.185940849996395,34_genuine_original_34_18.png,34,genuine
1.899700986102457,4.144240597057974,6.010317483404885,6.727105895980046,13.098709296954224,8.803925180049118,14.035061529942428,231.79764093137254,0.9691862929281635,0.9681993277110553,0.7081787337762221,2.3110647133380695,128.53783102143757,27.256270957684855,34_genuine_original_34_19.png,34,genuine
1.8849099153912696,4.1198509171032205,6.144653472563058,6.7306181590920655,13.180627574828968,8.795396900229065,13.796540520523298,243.3546875,0.9685350360334206,0.9679391105996897,0.6409837388578593,1.4878048756295856,136.72549019607843,28.27609796741721,34_genuine_original_34_2.png,34,genuine
1.8937571332278418,4.073838641299383,6.369600093815186,7.295434283879525,14.310909384005013,9.481174058632037,14.25024658003067,271.86798406862744,0.9625598283049819,0.961428901685532,0.7120665201053838,1.6171662103308362,129.61322228006247,27.998546330916913,34_genuine_original_34_20.png,34,genuine
1.8254889261599692,3.968060278709257,6.093089712107747,6.766318837718939,13.305640179651398,8.838654235771827,13.396968955322977,226.20831801470587,0.9704353812521043,0.9698844606904241,0.6422717352609558,1.130690159866828,137.39834596829772,27.257985331300276,34_genuine_original_34_21.png,34,genuine
1.8373676577549267,4.08863415425355,5.841562786760313,6.518616282518739,12.712531282230785,8.571310730653313,13.303619157049049,287.1682291666667,0.9639979119099038,0.9631293454137521,0.6421792200057286,1.7299382689352805,134.72752967778405,27.123283530935986,34_genuine_original_34_22.png,34,genuine
1.8924386760012444,4.1472284203674485,5.990515564816496,6.570724844476612,12.85418610451321,8.645086645976026,-13.79440133537542,224.39083946078432,0.9699739938865317,0.9690877833383635,0.6954092166496328,4.633699616726375,131.5955786736021,27.650879982504705,34_genuine_original_34_23.png,34,genuine
1.902008365363224,4.119959217340527,6.383621508186544,6.873066319466245,13.56627385228124,8.940932023849747,13.795411908626962,239.44831495098038,0.9689245471905463,0.9680615357466086,0.6774214941646494,0.8831325290564669,132.09085092770314,27.72517419560703,34_genuine_original_34_24.png,34,genuine
1.9317746392510478,4.24223037418265,6.361190702843741,7.046277430129535,13.773260077225986,9.180143339425452,14.246711021467906,279.4888786764707,0.9659608464445383,0.965227882694638,0.6475944505750667,2.226744181731116,131.67987987987988,26.97090386399437,34_genuine_original_34_3.png,34,genuine
1.9506220510596968,4.328234824748939,6.223295972861503,7.063654683561282,13.707446529299045,9.227855232858696,-15.12546652763253,316.05202205882347,0.9622966787319769,0.9615977169066456,0.6206394198033883,3.624999990752551,133.9023717595146,27.230803667826564,34_genuine_original_34_4.png,34,genuine
1.8556487942635647,4.216294701398801,5.978358975342271,7.057477661770635,13.719267832448176,9.26536459262235,13.732763787476049,316.0232843137255,0.9614730493022191,0.960985133084158,0.6025969056490248,1.6894502203722879,136.72154696132597,27.1742043311727,34_genuine_original_34_5.png,34,genuine
1.9416771204110903,4.220383968786053,6.534061946985674,7.2869337524198,14.367739965252586,9.469760927390766,14.32980767955456,306.72671568627453,0.9613473241392507,0.960341491804407,0.6663069197893744,1.2479627459278664,131.49611600207146,27.11397507114136,34_genuine_original_34_6.png,34,genuine
1.9547222460774325,4.259399539477,6.823848505801614,7.348857518487085,14.57657856264885,9.559766097022198,14.59527480368824,267.8613051470589,0.9657477719606059,0.9647835891613821,0.6631906397921891,2.7121212062508198,133.46297376093295,28.015535036862026,34_genuine_original_34_7.png,34,genuine
1.8930415187037668,4.190355031993948,6.071685226135822,6.872308104364287,13.415446702825967,9.02864801809799,13.621219781172508,273.1210324754902,0.9640850045842493,0.9633285162932604,0.6587883847570976,1.6402985050144798,134.8863764838892,27.250944892868088,34_genuine_original_34_8.png,34,genuine
1.8933101137323602,4.034466264303417,6.585648989090143,7.077268092233038,13.911107596845678,9.094982790993807,14.889916774899472,274.0501225490196,0.9662184197206086,0.9655342141039329,0.6464869630184054,1.6532258037851197,132.65349544072947,28.3661737463807,34_genuine_original_34_9.png,34,genuine
2.041862333478097,4.211721175162318,7.665132944664211,8.334301272406702,16.605463467300844,10.858885507919359,16.407318421075807,256.0069240196079,0.9578774145280277,0.9566341999033845,0.7507619460124099,1.329842930544667,133.35280898876405,27.828076073495968,35_genuine_original_35_1.png,35,genuine
2.088445926450553,4.33273910221754,7.287860432668152,8.142078807736583,-16.908190686840356,-11.142678001224212,-15.858771055082649,271.8460477941176,0.9499355155286834,0.9480407998242945,0.7912839890869733,3.336507931211892,130.7152269399707,27.58113577641729,35_genuine_original_35_10.png,35,genuine
2.153768845886252,4.483119449802821,7.505316846861469,8.296647305111364,16.47897855247208,10.97512938370848,-16.26707642018434,205.19181985294117,0.9702659519083426,0.9698384312945916,0.6612291187322216,0.3863636359977617,141.04371584699453,28.446709863171797,35_genuine_original_35_11.png,35,genuine
2.101100309693615,4.382170732310968,8.494587802952468,9.302240352558115,18.351965783294503,11.58127571561092,18.35037598284002,330.1636029411765,0.9455945582355385,0.9437367196849636,0.7585650974062729,0.981582536847488,131.0736660929432,26.281425647480873,35_genuine_original_35_12.png,35,genuine
2.042473586570491,4.187242496161364,8.370669145152505,9.527516269468746,-18.562170833335998,-11.62233487952519,18.720224039697033,221.5446384803922,0.9633920962805205,0.9623323748317736,0.7636044895491924,1.147414740211865,131.05993852459017,27.76734787827138,35_genuine_original_35_13.png,35,genuine
2.0871465882222613,4.3366150932843155,7.728611772608372,9.024611751601253,-17.542219546802944,-11.49802924225494,-17.561693960954013,280.52904411764695,0.9499858035728725,0.9484391644401279,0.7722616928150197,0.7449577093396501,133.06524981357197,27.089706400623292,35_genuine_original_35_14.png,35,genuine
2.0489115932844424,4.258985898045462,7.068463040466485,7.784804255836888,15.451273133286081,10.269108174422803,-15.298849027215134,269.2749693627451,0.958800622141706,0.9577525145576353,0.7330213351930491,0.678178963360927,131.9354536950421,27.3686769385489,35_genuine_original_35_15.png,35,genuine
1.976283636801208,4.078099846745634,6.906282744419749,7.725586253600188,15.87162292717286,11.438923509149802,-15.04632186902824,229.6953737745098,0.9606487142081273,0.9595598485612231,0.7704893592679307,3.1603960333457506,131.55069014754878,28.261526410637405,35_genuine_original_35_16.png,35,genuine
2.099723302459889,4.320200985154511,7.800456744916103,8.867234520655419,18.559771437422853,-11.200859864603114,17.201496819713487,242.35560661764706,0.955665083008209,0.9542138993053867,0.7786064146039775,0.6880733940098281,133.63377926421404,27.339339073357245,35_genuine_original_35_17.png,35,genuine
2.2200614512621533,4.6359537702105555,7.507461357596948,8.242693663500908,16.455902174347578,11.08627897805607,-16.169159929109007,274.81770833333326,0.9492359063221741,0.9469991431392633,0.8033451528110692,1.1635944691523852,127.84558040468583,26.861903955007552,35_genuine_original_35_18.png,35,genuine
2.0936290967513,4.294023413955533,8.25700103512937,8.774512175665434,17.341905313353315,11.180558602224869,17.627474290119583,262.55438112745094,0.9510361309371198,0.9491742200552721,0.8008300010211173,1.2309602638816552,129.01113172541744,27.34527168462291,35_genuine_original_35_19.png,35,genuine
2.0773777636790034,4.296629192577241,8.024185277206506,9.126645427715367,-18.125162645163076,-11.277079091592507,-17.735442170848202,246.23786764705886,0.9579425808689419,0.9567107993190639,0.7558728860324679,1.8844155819682915,134.36289959477713,27.65826305193896,35_genuine_original_35_2.png,35,genuine
2.1444717201038586,4.42581267942209,8.221670929803828,9.216657759298378,18.494623096356467,12.598819710551357,-17.9530514072999,255.2178002450981,0.9499950066203331,0.9481785524696689,0.8059461840184432,1.0309050765041168,130.62644927536232,27.180728128496725,35_genuine_original_35_20.png,35,genuine
2.117454177045135,4.42001404233435,7.647810857662725,8.524625489460545,-17.60000754798274,-11.359310962833808,-16.6131383274831,308.6560661764706,0.9453030579008092,0.9436140598311543,0.7780948863326462,2.1308510615629244,131.27998640842677,28.459145573407834,35_genuine_original_35_21.png,35,genuine
2.1315777679928543,4.381327505868938,8.03081673309121,8.571390595877384,16.872495260178255,10.787914179245433,-19.540911745291776,273.84972426470586,0.9439537652677426,0.9420053657927808,0.8194420356016194,0.7499999995795964,129.26777706598335,28.35760553924733,35_genuine_original_35_22.png,35,genuine
2.0905722746162767,4.319453175155399,7.449154721141424,8.435506308655498,-16.382060099422834,-10.625663445391204,-17.23549747143189,248.09335171568628,0.9512566650820166,0.9495878493730194,0.7988791118558292,3.9261992547487097,132.82808988764046,27.64690481391494,35_genuine_original_35_23.png,35,genuine
2.21019217805177,4.676453644793428,8.454327622312494,9.903901605951882,19.47684604905847,-12.291076796085195,-19.121668366507958,329.32545955882347,0.9368895038410009,0.9341780419815032,0.8069560340523868,0.5954853270449276,128.87549518958687,26.64611838063449,35_genuine_original_35_24.png,35,genuine
2.0486071882000148,4.2743607669777,7.907378748964271,8.328571059101295,16.679105678724504,11.682350418277077,-16.53765540518742,286.7454350490196,0.9531717011974472,0.9518398320309066,0.7490004647768936,4.293991407094439,132.59991892987435,26.443783018123582,35_genuine_original_35_3.png,35,genuine
2.065904251585259,4.312465706029576,7.4592826062575055,8.407836731799296,-16.987750664569706,-11.170090381868807,-16.352755808271617,310.87313112745096,0.9476360568273997,0.9458045584303811,0.7638647447736964,1.1753297120439645,131.59557774607703,27.390876639805132,35_genuine_original_35_4.png,35,genuine
2.0609207992980347,4.251441358298879,7.466148755766134,8.198925134621977,16.295134466506905,10.815274187835175,-16.10796303881485,268.0034007352942,0.9522719671264149,0.9508441647498498,0.760643745280259,2.2311621938299333,135.44110671936758,26.550270946126364,35_genuine_original_35_5.png,35,genuine
2.121767697654459,4.469007341933561,7.454077236565794,8.744229157280053,-17.312934349044568,-11.773165252931152,-16.869923597623515,321.1449142156863,0.9446932648763519,0.9431087613840965,0.7678893316478453,1.5183603744505887,131.2017633095965,26.07844122881291,35_genuine_original_35_6.png,35,genuine
2.140404810839116,4.491631801124904,7.564971655714175,8.282234480475198,16.56038809053221,11.139889879167933,-16.253044420781848,264.0165134803922,0.9579796819172856,0.9568640574339277,0.7395002904562681,1.7734177192741547,133.21725239616615,27.66156710633686,35_genuine_original_35_7.png,35,genuine
2.0801179222910475,4.337574650326349,7.857167598127359,8.662776677380046,17.15560498147881,-11.31704634571457,17.01370387357299,325.33416053921565,0.9431383597325932,0.9412247465879549,0.7607946479207515,0.7995255036776242,134.204021094265,26.79842914294695,35_genuine_original_35_8.png,35,genuine
2.1532085798985063,4.471644592621615,7.594779141605495,8.32105483920971,16.288814251911415,10.6110220699456,-16.955700613292755,292.4453737745098,0.9427946570751686,0.9405503427401654,0.7981381462090009,0.6506276147224751,132.75602027883397,27.604968094579593,35_genuine_original_35_9.png,35,genuine
2.16656028016806,4.556317689777889,7.279763116350564,7.749510571563824,15.281269166015024,10.078604573038564,-15.824255118421341,209.98351715686272,0.9469298644324105,0.9452838080434524,0.7919249741198613,1.330638640799807,148.59972251127297,24.58334080397313,36_genuine_original_36_1.png,36,genuine
2.0788295051323087,4.2503369909977184,7.437362766945864,7.895244199659171,15.624012335589635,10.210574498667347,-15.862591826268753,164.14742647058824,0.962026079594969,0.9612603610486277,0.7521307141577,3.5045454465805785,152.10040363269425,25.277641150186568,36_genuine_original_36_10.png,36,genuine
2.1366844404836622,4.4045587782407365,7.204968659555677,7.564697899081691,14.969180514890336,9.848876827137373,-15.480984979580587,161.8235294117647,0.9559626851801829,0.9545356295084416,0.7975874064098903,2.0327043999588623,151.95562007465782,24.438753989020643,36_genuine_original_36_11.png,36,genuine
2.16616580683405,4.504981524815981,7.282532278157233,8.005208286603859,15.870554043445114,10.793352555934593,-15.746198831590057,205.68517156862742,0.948550160847769,0.9467234571389963,0.8103054576293761,1.8160237370761387,143.8215665612926,24.689397218723926,36_genuine_original_36_12.png,36,genuine
2.147444090092468,4.523408641110359,7.647316128670228,7.816568331537621,15.566424554696393,10.12829900547198,-16.099186941624676,266.10992647058816,0.9366184349146244,0.9343932171251557,0.7843104973884163,1.9680483575405452,146.78615071283096,24.9587137749631,36_genuine_original_36_13.png,36,genuine
2.121864798396353,4.462950658090236,7.5447179210672175,7.740699635739865,15.407677521318291,10.060349049080585,-15.871280220979822,210.89252450980388,0.9449013990527827,0.9432159870543654,0.7812958615675527,1.5819601027042842,152.98790728921733,25.30911724540168,36_genuine_original_36_14.png,36,genuine
2.136419805768675,4.4455580848937135,7.098344512953217,7.4536191006430546,14.741684976501556,9.724560141439204,-15.362885481684067,179.69941789215687,0.9663181109886869,0.9655954814339163,0.6932830239016134,0.11125740611503791,150.156990521327,24.920744008522274,36_genuine_original_36_15.png,36,genuine
2.060688242824325,4.2422445187289854,7.020128229581348,7.269396382612902,14.421376593581506,9.426880889256324,-15.156929225369739,213.90128676470587,0.948782621765603,0.9473825231295063,0.7696882887749239,3.2992125932295866,150.33040293040293,24.628864037825437,36_genuine_original_36_16.png,36,genuine
2.10539933541632,4.355059458041773,7.635534102622368,7.606307949757659,15.231295654309273,9.80996761393323,-16.09301638718499,144.23216911764706,0.9661188250899099,0.9653196343337057,0.7471864132907045,1.2090112625669447,154.04079320113314,25.16309477682748,36_genuine_original_36_17.png,36,genuine
2.083834948262005,4.321558286787124,6.895934375425659,7.151268278089519,14.178061080703332,9.336248795558879,-15.092844764526108,188.75128676470587,0.9499988700443502,0.9487150622511522,0.7944745221012697,1.7515274931247173,150.4518874907476,24.821980879441263,36_genuine_original_36_18.png,36,genuine
2.043439808346034,4.173468089400758,6.93272321768149,7.14512095555057,14.185717886883067,9.244721524950233,-15.241269810320265,141.83627450980393,0.9634195914995423,0.9622559902689541,0.7571220913547486,1.7692307667104974,157.8719135802469,25.53812918811293,36_genuine_original_36_19.png,36,genuine
2.0298948318007244,4.191183658817871,6.810546400073677,7.174640106849138,14.183970491526217,9.368804849381739,-14.732084823706323,178.08060661764708,0.9568488809162496,0.955546779088665,0.76468924232103,1.7485029919179604,152.64313725490197,25.585626491608313,36_genuine_original_36_2.png,36,genuine
2.0434693576485063,4.2168690414451335,7.011344746138792,7.39570647816702,14.609757634323195,9.552607111662974,-15.261728486896525,153.56639093137255,0.9583087762059984,0.9572011589531838,0.7728590182244692,1.7846347584576387,156.63138851198553,25.141108611494367,36_genuine_original_36_20.png,36,genuine
2.1331747110569315,4.462872613064116,7.045001076095784,7.494157166209022,14.774605047432361,9.762695717871257,-15.419435157786424,189.30235906862745,0.9502067871076285,0.9488224318002317,0.7829199550993873,2.7926136323968556,152.7921348314607,25.32304863304788,36_genuine_original_36_21.png,36,genuine
2.0865052147969774,4.304539039484193,6.921058980484124,7.235021106242366,14.314089580931709,9.40172759913543,-15.475864671730807,182.6899203431373,0.9524426963495513,0.9511045941054654,0.7829301354231895,1.652849739219845,152.498828125,25.222200015595565,36_genuine_original_36_22.png,36,genuine
1.9980895920627384,4.093898436391671,7.011302980396415,7.314228147590054,14.495917195857198,9.465859805241712,-15.016263351439273,151.7951286764706,0.9602659646309695,0.9589319665314108,0.7807308603969865,1.757731956497768,153.9056074766355,25.957828242379577,36_genuine_original_36_23.png,36,genuine
2.269959950834365,4.809486549161354,7.422705512475907,8.086408021969998,15.943058298818487,10.703496309517664,-16.053893302994556,243.50772058823532,0.9390966759493262,0.9372424846618095,0.7763201761672721,1.824546238699614,150.8684210526316,23.928311313785738,36_genuine_original_36_24.png,36,genuine
2.14410301474798,4.446332630146763,7.123695956154087,7.5770187598554255,14.949407920389975,9.891259043873054,-15.43515103012038,181.3941482843137,0.9520942969170375,0.9506296404021269,0.8021992226018746,0.7773251861661064,149.02597402597402,25.55984479741769,36_genuine_original_36_3.png,36,genuine
2.051976141482151,4.230941118698213,6.859787181796405,7.169181093027614,14.188598568341792,9.317963554044397,-15.007933955795787,166.52322303921574,0.9590316952570968,0.957813861319978,0.7686773670795609,1.5296167229621176,153.0922865013774,27.377143973162784,36_genuine_original_36_4.png,36,genuine
2.034101889406705,4.196539722086384,6.8518951969128326,7.293870238298692,14.39437850730434,9.497824697523646,-14.828140992703279,148.2978553921569,0.9603892880543011,0.9591463757294354,0.7813675222220173,1.492415400825653,154.81367041198502,25.614853347154664,36_genuine_original_36_5.png,36,genuine
2.1510016846055975,4.447396226550765,7.015491565162386,7.384479474652059,14.587814916695752,9.651641461136899,-15.491997603813198,172.5919730392157,0.9544973836348896,0.9530650816516332,0.8044944653266005,1.5811789021911284,148.47435897435898,25.10891626237854,36_genuine_original_36_6.png,36,genuine
2.082845647398989,4.279547795444944,6.751232805700114,6.954149244506504,13.808887658625085,9.126046009223781,-14.820640133172517,162.49445465686273,0.9610898966366334,0.9598509405546779,0.7784714000697031,1.8686730480592708,149.74916547448737,26.369228727281957,36_genuine_original_36_7.png,36,genuine
2.051392737165352,4.211981167235377,6.792439004263402,7.026342451791281,13.93804911380483,9.162233967297723,-14.922904187449324,153.9413602941177,0.9584658851313544,0.9572468825584565,0.7907570281213522,1.1204139218058193,153.122892635315,25.162003568394013,36_genuine_original_36_8.png,36,genuine
2.121967835524632,4.360601323694694,6.8304564135637875,7.084238699318364,14.04302865223166,9.286561503179145,-15.131141886837668,179.16213235294117,0.9539039705565004,0.9526823046339422,0.7799034196497869,2.0846824382507068,152.42874444893016,24.59308463013627,36_genuine_original_36_9.png,36,genuine
2.0274864379684643,4.166936589057521,6.782478906227443,6.84539026526528,13.65945004466088,8.939101949171764,15.278973453266682,223.7174632352941,0.9434820181686427,0.9420369719255772,0.7647171914008193,0.5434001024430405,153.65590682196338,23.024693447919898,37_genuine_original_37_1.png,37,genuine
1.9578659531778964,4.025193325469493,6.572587975885246,6.881384071762924,13.620314559507548,8.940622181876167,14.244108778719191,225.78826593137254,0.950393536938703,0.949451365194908,0.6901605314141644,0.5411985015348324,157.79870392871607,23.30157784602682,37_genuine_original_37_10.png,37,genuine
1.9823109794012412,4.041782580293534,6.412260822694294,6.469991439341867,12.911139692652117,8.490907588871574,14.907090727342085,155.7984375,0.9617233813230069,0.9611076923275841,0.6754077360259745,0.5728559528952073,165.55002646903122,22.88745593608874,37_genuine_original_37_11.png,37,genuine
2.0320072513743046,4.146264608412964,6.872208241953152,6.881160274351637,13.757857807708797,8.957252037928153,15.864707713565037,185.62797181372548,0.9554558989325678,0.9543827696619,0.7563703193366531,0.6286307049594532,152.92144373673037,22.71745091905281,37_genuine_original_37_12.png,37,genuine
1.8936615565387123,3.8623360629428154,6.458966018622164,6.474690235434108,12.941540906145635,8.40887284715615,-14.93339435378755,184.72714460784317,0.9549301028637883,0.9539697256913311,0.7028497087822839,0.5206391474562988,161.98248686514887,23.118529761511446,37_genuine_original_37_13.png,37,genuine
1.8660191782817281,3.793055107032159,6.861431907282445,6.880885732313178,13.752061818090986,8.783678416261472,-15.801834726164358,153.25955882352943,0.965994640060953,0.9653812902255912,0.6487283748985051,0.6281800385242857,164.10096153846155,22.497983863484247,37_genuine_original_37_14.png,37,genuine
1.9327408172161407,3.9536996045886807,6.683530107736313,6.728923152125113,13.435253693070955,8.722652609431206,15.095248099534468,195.81482843137252,0.9524422442794308,0.9514881658847087,0.7144646872879001,0.5231829570656747,160.04730563554094,22.965926864172665,37_genuine_original_37_15.png,37,genuine
1.9305437656244995,3.9459860728483953,6.673211767792267,6.7253006064031915,13.424625405980871,8.70318105439877,15.174766698216933,210.67539828431373,0.9517748655185326,0.9507529634166115,0.7006300378250827,0.6115865697092913,159.07761437908496,22.95634936151999,37_genuine_original_37_16.png,37,genuine
1.868543989344148,3.804849830883712,6.383006250046146,6.389981396845289,12.776513880824313,8.29315792339868,-14.651237787762359,195.61632965686275,0.9563703301616737,0.9555782291311143,0.666226606088079,0.5449317034184531,162.08422522103305,23.50418272366026,37_genuine_original_37_17.png,37,genuine
1.9522574198767573,3.9833400404060697,6.612565732026808,6.679977505899902,13.326393092618865,8.675502352814283,14.91556564545674,225.43961397058825,0.9480782272430169,0.9466939498693234,0.7075936141286795,0.5859188540656808,158.48382242287434,23.054094501296547,37_genuine_original_37_18.png,37,genuine
1.897827999599066,3.8770974848625657,6.676883459372949,6.72763640786965,13.42992391515984,8.671753514598258,15.378040007891693,229.61789215686275,0.9525369312808964,0.9517488259014587,0.6586450589108054,0.5974025969942566,159.1112537441164,23.00842689503616,37_genuine_original_37_19.png,37,genuine
1.9839286140825714,4.058520100696877,7.093346681314402,7.092602046977252,14.185683929959353,9.123789704245876,-15.838265048554577,172.2482536764706,0.9529838851613179,0.9517790248347274,0.7416989356107023,0.7348377991996912,161.97032520325203,22.79442266810659,37_genuine_original_37_2.png,37,genuine
2.0259479034089574,4.139893145039256,7.022978372344736,7.094554032126394,14.153335727012687,9.164663871138004,16.226642273414807,216.4285845588235,0.9495998449545149,0.9487465204833847,0.6933706169482956,0.6941649894740677,160.68685669041963,23.868381703570034,37_genuine_original_37_20.png,37,genuine
1.916912300732087,3.932199033606875,6.459576027784928,6.539039238267487,13.038371831373395,8.505227182330577,15.008113525155414,221.85922181372547,0.9576490547496292,0.9569872524071737,0.6546724958423842,0.5957120975530534,155.86180422264874,23.403292659397366,37_genuine_original_37_21.png,37,genuine
1.9191553419072467,3.924203349683132,6.620573155822475,6.67295985577878,13.319739055255173,8.63507908137817,-15.436316165734826,177.34056372549017,0.9661990601533897,0.9656417960062024,0.6062497338066603,0.5013979492065256,161.10428305400373,22.942462785488352,37_genuine_original_37_22.png,37,genuine
1.919760925798619,3.923622376901871,6.540520591135738,6.6054832570837645,13.178485540110218,8.5673044081258,-16.069365683435816,197.01902573529415,0.9562283134665498,0.9554555910627667,0.6645616354016334,0.7115689376295016,162.2111111111111,23.464529311334356,37_genuine_original_37_23.png,37,genuine
1.9673287267566106,4.057634050652322,6.872730638028811,6.85585037317205,13.720807099203592,8.891073536141409,-14.97704208806327,218.94745710784315,0.9508257370493371,0.9497573945082134,0.7094798523572965,0.612653324330114,156.70496397117694,23.56274996530424,37_genuine_original_37_24.png,37,genuine
1.9546840892748631,4.006986892489079,6.5544174078637925,6.627059734182389,13.217802087591732,8.63159223857009,15.597294416107495,186.5426776960784,0.9549634320785546,0.953892938265616,0.7345674465297083,0.443962848022314,156.85548885077188,23.41720478972912,37_genuine_original_37_3.png,37,genuine
1.9226146582513945,3.915303328611851,6.727947937906852,6.778924694853287,13.53242408704826,8.737103021839808,15.30083827116419,190.72319240196077,0.9527747802127383,0.9513652773252815,0.7565371884866073,0.7064032692735672,154.67145708582834,22.973842708069203,37_genuine_original_37_4.png,37,genuine
1.9111862984505892,3.916807152706538,6.534765774483049,6.568151432774722,13.1197344598835,8.533913248241653,14.740598231201568,205.71323529411765,0.9519353082666283,0.950783516249364,0.7160664063760255,0.5494643978894364,157.90565270435135,23.339756859819293,37_genuine_original_37_5.png,37,genuine
2.041109071832081,4.172284263250542,6.678182601015541,6.71331514464977,13.409151109806494,8.802376360943146,15.107494780054608,202.45870098039217,0.9484112499431561,0.9472298318413426,0.745690156242533,0.47235905830741154,157.6159851301115,23.812060864546755,37_genuine_original_37_6.png,37,genuine
1.885156041540645,3.8322212187945666,6.200741929568612,6.236632734939126,12.4553200776101,8.153610326658182,16.114823697928674,179.69905024509805,0.9578937741318486,0.9570331610566329,0.6947623285714989,0.48983882236171067,161.05032925682033,22.34678801328264,37_genuine_original_37_7.png,37,genuine
1.9110660089568487,3.899406531632564,6.5091416093518495,6.551338301114809,13.08159806431452,8.502972285560094,-15.101545372951142,179.6330882352941,0.9533237098040388,0.9522846571569343,0.7142084787451433,0.5799207393791804,163.58235785953178,22.931497663169537,37_genuine_original_37_8.png,37,genuine
1.9090304151313466,3.8837852908990773,6.7154742354182435,6.7315232413401676,13.455028248027363,8.679277217106488,-15.724827108120493,204.41397058823534,0.95197507780157,0.9509980202593472,0.7223521680166775,0.6074461132544441,156.94270621698496,22.624354279695577,37_genuine_original_37_9.png,37,genuine
1.6821855795461294,3.416382934695855,5.626512049718402,5.82820485665041,11.558729860372134,7.559343142936017,-12.47522860709281,100.64310661764706,0.9797262195529509,0.9789831465950277,0.7918456310284196,9.0818180992562,137.80883678990082,27.017502148829394,38_genuine_original_38_1.png,38,genuine
1.7211407747542453,3.517965666429161,5.691785592541474,5.974457790672579,11.81366681769447,7.754396648945825,-12.58677958142095,112.01997549019603,0.9770682791057418,0.9760726778236177,0.7949822508223526,4.920560724670277,138.28492501973165,26.794198592062894,38_genuine_original_38_10.png,38,genuine
1.79806651020587,3.654019016307715,6.14263566954615,6.41086340718107,12.691923396669846,8.256874383700032,-13.540880401205134,103.24442401960785,0.9769530645599924,0.9758428828092672,0.8115373110647902,12.214285589650148,139.12895752895753,25.4548955944444,38_genuine_original_38_11.png,38,genuine
1.715173661259787,3.488007249697643,5.666369678502792,5.874246012561483,11.647750323373263,7.630922636780004,-12.562192292300532,93.69252450980393,0.9801475085718276,0.9793814070049898,0.7898085609886443,13.559999819200003,141.91117216117217,27.355520963737224,38_genuine_original_38_12.png,38,genuine
1.717465173191067,3.460603938042362,5.925368144882668,6.034500534535004,12.01445984883615,7.765004710902,-13.984075315514264,83.7359068627451,0.9805656138402651,0.9798562609707525,0.8071879226572803,14.211267405475107,142.74074074074073,27.046041118656238,38_genuine_original_38_13.png,38,genuine
1.7038087837157068,3.4612757305702964,5.810469596573133,6.028568721210533,11.94913572632418,7.76249612491512,-13.10683997444368,89.72821691176472,0.9801765199540541,0.9795192776072867,0.7852452420904754,0.3428571424312334,144.96299722479185,26.609078039738183,38_genuine_original_38_14.png,38,genuine
1.7540966935714242,3.6100337715724797,5.763380344799037,6.081480805123616,12.00857508663145,7.899991778702236,-12.840250609934474,120.55805759803923,0.9760547766960597,0.9754599685638907,0.7730715913656719,7.951048895447211,140.615625,26.830906961177718,38_genuine_original_38_15.png,38,genuine
1.803986264083413,3.6786386568595866,5.965261332255347,6.224948062480559,12.321375208860147,8.070601733171037,-13.428401338412856,112.9003676470588,0.9753905188401708,0.9746787275595543,0.7945560517176914,7.986577127606865,141.2352501867065,26.978276551130836,38_genuine_original_38_16.png,38,genuine
1.7780203164497452,3.6094909701790563,5.947500743200815,6.147187487521352,12.196421362140821,7.962301586224176,-13.22564971421703,94.27052696078431,0.9768530080553283,0.9761186199253836,0.8051398285846014,12.030612122136612,145.7141738449491,25.702817481943626,38_genuine_original_38_17.png,38,genuine
1.7934469837840454,3.6643973544619985,5.9459237289443525,6.183637685417714,12.24896245687252,8.021541183992056,-13.54924242140632,134.52478553921569,0.9747686514565073,0.9740200837193245,0.7665224607992525,3.4850498223088047,138.8051851851852,26.621291446867104,38_genuine_original_38_18.png,38,genuine
1.8203601681802317,3.690852427097686,6.164141383680321,6.384349667757717,12.65978943681006,8.238295234916679,-13.789022786505516,116.09788602941177,0.9749702119035714,0.9739281386290397,0.8067031174632996,9.843749923095704,137.68011527377521,25.549493856003313,38_genuine_original_38_19.png,38,genuine
1.6897349704030291,3.4392785486336965,5.7065782918449415,5.93325677338347,11.756293596017397,7.667737642655153,-12.676081363980432,83.49301470588235,0.9786600695950524,0.977818933669892,0.8183092548496074,0.45620437900705063,144.83709273182959,24.932846032167053,38_genuine_original_38_2.png,38,genuine
1.8133404231024908,3.694476289652289,5.954964837867558,6.211529441109906,12.30195525979377,8.085875748682874,-13.038710916876372,110.3439644607843,0.9746997438161805,0.9734072949856388,0.8181145033162767,3.7826086830013086,138.879020979021,25.662822700778413,38_genuine_original_38_20.png,38,genuine
1.8134567376603217,3.7089516964700135,6.1231614870383915,6.586203362018412,12.977377280333572,8.507786898575304,-13.346157414753455,131.75989583333333,0.9719773741873118,0.9711095821761209,0.8057070291198152,8.506172786998933,136.5681818181818,26.039578279111108,38_genuine_original_38_21.png,38,genuine
1.7026236155280114,3.4324914119656214,5.9617300666467,6.0890305440988595,12.114731906896974,7.808612212229458,-13.529657156912881,93.22693014705882,0.9794082279143317,0.9785082574205062,0.8141486634706189,11.554347700496221,138.0155844155844,27.06400493619887,38_genuine_original_38_22.png,38,genuine
1.7484442890474967,3.570318934071093,5.609102918866049,5.821118260381298,11.539063938173232,7.620268985866681,-12.4797387248438,95.35045955882352,0.977420575178,0.9763943572808048,0.8212353192360573,2.9534161398962233,139.72977219167322,25.799776539127627,38_genuine_original_38_23.png,38,genuine
1.8111205272879356,3.7214975029177624,5.871635223455901,6.198945098345238,12.243054678107768,8.076590662573937,-12.934287217146458,125.54329044117648,0.9742726366625717,0.9733307365390917,0.7849493513625562,8.284768157054515,140.11483594864478,25.99943090856756,38_genuine_original_38_24.png,38,genuine
1.7759034977968557,3.60490504981666,5.713698427017791,5.851172818987182,11.633884701051535,7.6549364963312385,-13.081465448354365,83.2750612745098,0.9808889869007357,0.980208593020758,0.8067620267423696,11.423529277370244,141.8276515151515,26.8206132666606,38_genuine_original_38_3.png,38,genuine
1.7077710955990166,3.4704926301803742,5.629536371406701,5.820019911455028,11.545833731044752,7.562254720304273,-12.70608043515379,94.8863051470588,0.9800161112248389,0.9792895109618318,0.789251694067327,9.138888804269548,141.2648401826484,26.495372152932738,38_genuine_original_38_4.png,38,genuine
1.6987530684952337,3.434545134306143,5.723688558482959,5.851523700010571,11.639663939778531,7.5741605653843695,-12.943958421087432,92.15569852941177,0.9775986754766044,0.9768845223101263,0.8099568340617652,1.1141396914580244,143.94278807413377,25.842374392168978,38_genuine_original_38_5.png,38,genuine
1.7614336492455798,3.5777816350792335,5.851557616600246,6.050846874837284,12.003157905175078,7.844761875299219,-13.148556838377885,119.10500919117648,0.9761249040088722,0.9753067701432067,0.7822425975208368,10.684684588426265,139.56283731688512,26.63718840813383,38_genuine_original_38_6.png,38,genuine
1.723148088267605,3.483333766433217,6.1078970668970065,6.34298300699459,12.571861447182044,8.103664444186899,-13.470338731040092,105.93167892156863,0.9776446287836573,0.9766241328229921,0.7959807105559451,9.58974350777997,140.09443099273608,26.937855598103077,38_genuine_original_38_7.png,38,genuine
1.730213168871489,3.5146403879452635,5.715925585959541,5.904509839454921,11.716173817418957,7.6682377284820085,-12.803703464551209,100.21069240196076,0.9780047943308092,0.9773747364094869,0.7852393350024224,9.293103368162901,144.13400335008376,26.253923045194032,38_genuine_original_38_8.png,38,genuine
1.763417146299114,3.6336095346763657,5.619316407710424,5.929193548894245,11.711231301238188,7.759207767337834,-12.430138238711235,119.51835171568624,0.9765701026437849,0.9757816415088224,0.7780492600394707,8.399999937777778,139.10953506698186,26.096290365939513,38_genuine_original_38_9.png,38,genuine
2.10678271450645,4.307151991761667,7.491647859389518,7.637774123777391,15.202625238605473,9.792524787776914,-16.797677238492525,73.09502144607843,0.9681955850986895,0.9662382231068067,0.9021649273555461,1.2865497060976028,144.6235294117647,25.99947783901263,39_genuine_original_39_1.png,39,genuine
1.974413401610864,3.9934211768863337,9.090631143441588,10.750839087552043,20.675878132344707,-13.397868271462043,21.52516719529474,71.47313112745098,0.9714954332730199,0.9699758751575613,0.8820138829750888,1717000000.0,149.7909143855562,27.207329024166366,39_genuine_original_39_10.png,39,genuine
1.9790795096621636,4.031352099973174,7.790475138925523,8.098738741064988,16.043369886469968,10.118567767064336,18.019778722266405,68.82421874999999,0.9718189995292595,0.9704660978815315,0.8812857147934569,0.9410404613398377,150.82549136390708,26.620106291027046,39_genuine_original_39_11.png,39,genuine
2.0908388522960766,4.2484083983123275,7.785301766606503,8.432547596227066,16.5948443616741,10.641755564980482,-16.872332080462357,60.81703431372551,0.9656866235437053,0.963143892535169,0.9261904528576667,1091.4994542502727,145.55926773455377,27.061000460383507,39_genuine_original_39_12.png,39,genuine
2.0034488322746977,4.10398042822465,10.225321124520127,10.005640468495674,-22.265463890361115,12.078953106948594,20.121132435641826,70.52054227941177,0.9716163078293167,0.9702975902093885,0.8656294132579747,0.45588235254681453,156.38146167557932,26.68053451353019,39_genuine_original_39_13.png,39,genuine
2.005197830045829,4.097554144864107,7.3738392230925465,8.35275957823889,-16.681805871010656,-10.556516890213311,-16.24309985989238,73.84139093137253,0.9713686690127407,0.9700372446526535,0.8620080612859113,0.07061068697798302,155.28520499108734,26.87964307586846,39_genuine_original_39_14.png,39,genuine
2.094509044657324,4.334117843211101,8.502580745554024,8.345789931808465,16.77011460969318,10.513016194685163,-18.366385432355745,77.48474264705881,0.9700548905851916,0.9687351511850182,0.868715933518921,8.597826040229206,152.2440543601359,25.20563011863975,39_genuine_original_39_15.png,39,genuine
1.9935239731792904,4.078611907049473,8.66591439900782,9.11268679543132,18.035069582012603,11.301830290247167,18.426898562387137,75.47962622549021,0.9714239518838909,0.9699605959099259,0.8668513227517516,1700000000.0,152.54823529411766,26.08638415078417,39_genuine_original_39_16.png,39,genuine
2.0524637657315266,4.252236716332337,7.605942384738189,7.845350290264127,15.571660648929598,9.98153938896284,-16.82861475064231,74.53880208333334,0.9699565666087353,0.9685207139460399,0.8730642445112565,2.5489021905211535,153.4392575928009,27.421325642850697,39_genuine_original_39_17.png,39,genuine
2.024696702236021,4.13564683718126,8.52842492465999,9.013651928250647,17.795809115058642,11.088390378799437,-18.435574986537663,70.8266544117647,0.9693661526097486,0.9680611628711919,0.8729125808968834,4.165242153375378,156.9123000551572,26.257487107166117,39_genuine_original_39_18.png,39,genuine
2.0350985380348647,4.19280828573067,7.800556740881736,7.8233820122806685,15.635405130619802,9.922112059209502,17.43859948279043,86.32887561274512,0.9694190417569952,0.9679539688989351,0.8619532047289055,5.460431635034419,149.9053452115813,25.10157437326763,39_genuine_original_39_19.png,39,genuine
2.0237147498867776,4.130733690931819,7.841128880894295,8.499918775269995,16.920027494751093,11.212276950479092,-16.75317911882707,75.46276041666667,0.9711383763709696,0.9693631727268228,0.8825289103225338,5.340579690795002,146.968,25.62913752520194,39_genuine_original_39_2.png,39,genuine
1.969298723620512,4.015439265576669,7.32332490429177,7.546952671048667,14.983615824718791,9.56577294387465,16.05968572690108,84.01127450980391,0.9727252344673597,0.971798819655949,0.8404054326483172,0.3615720520859632,152.21808851828095,27.057014019206292,39_genuine_original_39_20.png,39,genuine
1.961736427386718,3.973553530945918,7.7937187759267905,7.995751088752127,15.892486283666093,10.048525656495649,16.90931903784154,59.5946231617647,0.9738118911481863,0.9725646978027837,0.8819588115366842,0.21483771235329388,155.02226463104327,27.07256553303838,39_genuine_original_39_21.png,39,genuine
2.0394132378236196,4.17340091623298,8.029067439034822,8.314439067567124,16.486912300849163,10.413083472863637,17.72626915865264,80.50202205882354,0.9699475599288727,0.9687351843710412,0.8520003008480476,2.54878048262443,156.56471935853378,27.250935928865502,39_genuine_original_39_22.png,39,genuine
2.027318114005582,4.17182752664438,7.584254320849292,8.457515655233076,17.441132061534272,-11.208603935116372,-16.48099412011821,75.94224877450978,0.9686549885579381,0.9672799273466187,0.864498516615744,5.969811298227127,157.6123443421765,26.234794637553517,39_genuine_original_39_23.png,39,genuine
2.1055541278407417,4.329108812309105,8.48494796386714,8.6682221237061,17.245544091320948,10.833036434820677,18.47984138322786,94.63697916666666,0.9650385491815582,0.9634503846938008,0.8645795628244476,8.57674414615468,151.34725594949003,26.01834366162967,39_genuine_original_39_24.png,39,genuine
2.0999099479644405,4.2442402292157,7.187325215628377,7.2646201133632475,14.49059638775593,9.390106885766087,16.880224343184558,54.05615808823529,0.968835968405602,0.9667896287978596,0.9305560687679101,0.2834850453293335,142.89564336372848,26.14737383227396,39_genuine_original_39_3.png,39,genuine
2.0348242791806834,4.134650648972991,7.348283145908385,7.410490791201898,14.789970115831569,9.477818832296416,-16.4755683612075,67.27751225490196,0.9694699655183611,0.9674483519334037,0.8978253474838546,0.8691774025082484,150.0,26.43582035971644,39_genuine_original_39_4.png,39,genuine
2.0850380705819966,4.279287645143647,7.452685169291612,7.414610922722053,14.84925997876801,9.555423331064812,-16.01691722277764,76.8827512254902,0.9682098578599422,0.9665292877491309,0.8841754040174769,1.1727272713946282,150.2808577405858,26.204340438974743,39_genuine_original_39_5.png,39,genuine
2.2293745342761184,4.521098360366033,8.015057308503838,8.17071721253637,16.263918060810695,10.436735399041018,-17.68395885842783,58.64779411764704,0.9677663642265456,0.9653190417388632,0.9231913202725728,0.303221730699165,146.54629180804653,26.271885866385933,39_genuine_original_39_6.png,39,genuine
2.0649917693376505,4.198144197430438,7.3692479413017296,7.524260563589081,14.97214401921761,9.637850718274487,-16.113570283918264,66.2717524509804,0.9717011384984248,0.970159718629441,0.8913377535066134,0.04270896885740758,149.20830895260386,27.37317520670449,39_genuine_original_39_7.png,39,genuine
2.02777465788747,4.140380394259723,7.535912260510148,7.680892547611936,15.289807466536459,9.754680587751759,-16.603075084063118,76.88161764705883,0.9695230904308552,0.9679232715972997,0.8836875171879884,1823000000.0,147.884805266045,26.105799856066408,39_genuine_original_39_8.png,39,genuine
1.98908834839568,4.028551965726727,7.246987419066377,7.46798729672571,14.82929009630531,9.512866917255609,15.704984329925077,70.64411764705882,0.9724595850126787,0.9707571145742591,0.8870108647012317,0.08258064510801248,146.52562574493444,26.4113467292116,39_genuine_original_39_9.png,39,genuine
2.022309689119844,4.159031990591368,6.859157453914189,7.44922857202393,14.750437099910082,9.969426934809997,-14.757493387448234,153.76158088235294,0.9646873010113917,0.963603985528153,0.7357309583378769,1.3498098842207733,155.33009708737865,24.318610394781704,3_genuine_original_3_1.png,3,genuine
1.996406807508881,4.103091501800395,6.996210688457446,7.820350474420749,15.924696297538867,-12.104808237961306,-15.237617318453136,150.32742034313728,0.9617910618082206,0.9609850098306197,0.6823829152179227,2.1444991754605924,167.1545691906005,24.0129669878826,3_genuine_original_3_10.png,3,genuine
1.8940129558296253,3.8830308971726706,6.437364152430943,7.041821118897812,13.957670374378647,9.415588987968674,-13.908917809111143,116.56888786764708,0.9672435437559259,0.9664993935206408,0.6973120647698929,2.468749994856771,170.03723723723724,24.40324021329304,3_genuine_original_3_11.png,3,genuine
1.9854100646605743,4.081334811602453,6.756231859909224,7.194816300033943,14.199861837960249,9.307967178582675,-14.618242163213282,164.62104779411766,0.9600477393030926,0.9590240002790993,0.735513869480799,5.195845681911437,157.73994252873564,23.93337444359306,3_genuine_original_3_12.png,3,genuine
2.0096940525611613,4.144277941132129,7.054516115581637,7.922723111816031,15.853065229012625,10.60686025763538,-15.441778897899429,166.12034313725493,0.9615112261891703,0.9606785961299588,0.7000178157505941,2.4397163077309996,160.22783505154638,24.538768998725097,3_genuine_original_3_13.png,3,genuine
1.9601170136427724,4.032932847880261,6.626861912030894,7.199988667856774,14.217298036995558,9.459350959944922,-14.323391820387645,131.49773284313721,0.9674054122088604,0.9667443641163932,0.6941328405112834,2.112167296364701,164.4508246792914,24.053002095932413,3_genuine_original_3_14.png,3,genuine
1.9217727804473925,3.9500243556777423,6.87435467416955,7.395274679240371,14.576259223588915,9.477670900700492,-14.888963260051119,189.44641544117647,0.9599175065921591,0.9589476396576279,0.6900486435069889,3.7037036951303155,157.23917322834646,23.78193834493801,3_genuine_original_3_15.png,3,genuine
2.024132006316004,4.175795240250135,6.970752458243938,7.527484816879795,14.77847179607873,9.630584171241239,-15.810185967069946,215.89341299019608,0.9595709546019159,0.9587024338297904,0.6827220717206073,1.3325714270484899,151.8236158745713,23.862382082373845,3_genuine_original_3_16.png,3,genuine
2.0566310780101738,4.335266168999731,6.798529836509928,7.93788956195532,-15.494295561396306,-10.40429520033896,-15.424515016858779,215.79929534313726,0.953944013495606,0.9527442171448255,0.6808113775940322,3.194945842608401,158.51506024096386,22.749671111196914,3_genuine_original_3_17.png,3,genuine
1.9181678552018073,3.9685745104637933,6.618032514589785,7.506804166208658,-14.84440211661128,-9.53399515394293,14.641040938113123,162.50487132352944,0.9655109481936844,0.9649523488466463,0.6411843990972355,8.103260825525757,162.9707462686567,23.94261256542419,3_genuine_original_3_18.png,3,genuine
2.027979006296682,4.243063588298709,6.823728296453643,8.014124343013673,-15.45655741118463,-10.145227462768606,15.92747889755839,214.40661764705874,0.955670302000851,0.9547968526792251,0.654692928422477,3.919101114788537,160.03974417542256,23.309912194448525,3_genuine_original_3_19.png,3,genuine
1.990128054862477,4.062417070835791,7.311476851045379,7.988881656651941,15.778617540817937,10.30198098905593,-15.801116819833544,160.02558210784312,0.9625026720250077,0.9617046873869375,0.7138479358371802,2.597378272289554,159.20978656949507,24.41838231974467,3_genuine_original_3_2.png,3,genuine
2.0344468592464056,4.211135755846837,6.895747725601715,7.684141076742256,15.209141488281738,10.16911228383633,-15.063904857570485,170.93924632352943,0.9601260854227861,0.9592693882252825,0.6813843999933623,2.6054054007109815,163.03498250874563,23.51780670037484,3_genuine_original_3_20.png,3,genuine
2.0450870818505353,4.279377222857279,6.875577882358361,7.555506552221028,14.79254142123095,9.7503798450772,-15.283938622957965,209.04895833333333,0.9578969974829895,0.9572323449195076,0.6360792855016919,1.4866504836327057,160.83796974133725,23.715165622544088,3_genuine_original_3_21.png,3,genuine
2.047110757006353,4.272872823848599,6.9675795617046985,7.944057217438911,15.791945491643324,10.606712318440916,-15.438872301022506,188.78881740196076,0.9578004184537289,0.9569104175101811,0.6975828565921621,1.0246679307166338,158.81583880037488,24.48110631440119,3_genuine_original_3_22.png,3,genuine
1.9055860516397394,3.932908621289149,6.218686706369642,6.5842396034031205,12.99790765401444,8.604066381603072,-13.616886745424257,138.0267769607843,0.969955381087994,0.9693791117803834,0.6295361623888687,3.838283815715235,166.15552523874487,24.171151615649517,3_genuine_original_3_23.png,3,genuine
1.982504636027086,4.142950568727423,6.621388878272615,7.553730929096827,-15.389660766968628,-10.24465469862315,-14.648321987094947,157.74163602941172,0.9607474655050927,0.9596982116925097,0.7252386123527383,2.378964937597721,160.0108695652174,22.69580763542231,3_genuine_original_3_24.png,3,genuine
2.028179078598624,4.220347306518309,6.9891453004922175,7.9995403458167385,-15.499090127160615,-10.115039269574822,16.3065665583169,165.88152573529416,0.960242602921071,0.9590088766912086,0.7180996158906839,2.332252832524712,159.72811284046693,23.471576227472518,3_genuine_original_3_3.png,3,genuine
2.020771808073777,4.1593160821581545,6.882415288310503,7.420883234771484,14.635168877135998,9.67168796982013,-14.873062223755067,171.46862745098042,0.9583432936551607,0.9571703776501631,0.7584565030872019,3.463999993072,154.28405017921148,24.674638280571653,3_genuine_original_3_4.png,3,genuine
2.0657232120628564,4.275496334586121,7.284617538873307,8.0616667999912,15.789745381414612,10.289925034263716,-16.060145394176335,183.1888480392157,0.9552762533493722,0.9539539090369943,0.730373622206046,1.3313432822573699,158.73026034997866,23.013955243599735,3_genuine_original_3_5.png,3,genuine
1.9551777233071979,4.069170180157758,6.370557817511879,6.936556438811657,13.708997425316202,9.184446134110923,-13.777666009067383,169.91151960784316,0.9620402178460935,0.9611075739728866,0.6661408254751525,5.702127639354157,162.93280423280424,23.626485744693706,3_genuine_original_3_6.png,3,genuine
2.095443982429167,4.325330044523542,7.25585904345809,8.23299757615622,-16.150227115910894,-10.439459258689459,16.10773053014376,156.2340379901961,0.9585630650415359,0.9575077450026624,0.7222382149479903,1.9916201089502512,164.15079365079364,24.254662489880914,3_genuine_original_3_7.png,3,genuine
1.9138719270167073,3.948485805847659,6.352508642985997,6.919233234249034,13.656340418999953,9.115526440452594,-13.769468430090354,134.3268382352941,0.9644646137603329,0.9635892825546485,0.660072837145191,4.395061714830057,171.44393592677346,24.1687609911936,3_genuine_original_3_8.png,3,genuine
1.9467069796145193,4.055529471212073,6.3325885629879854,6.833354288364819,13.49157219457238,9.038152086871177,-13.682997658664673,161.5220588235294,0.9626949848845853,0.9619042909057327,0.648083957095045,4.571865429443837,166.42755214050493,24.417314231777922,3_genuine_original_3_9.png,3,genuine
1.7624859066498952,3.560282082515865,5.85634522154527,5.922797169228992,11.812411349997108,7.707812756649308,-13.66410662462206,163.4825520833333,0.9749655056913122,0.9743877042278722,0.75968725371071,2.0932400883607456,127.34589299171063,28.519539899496603,40_genuine_original_40_1.png,40,genuine
1.7124888956030624,3.451805112195509,5.725391185240287,5.786104808667582,11.541882860814946,7.512023590207768,13.4712852271944,111.57881433823532,0.9813290868929591,0.9807447383195375,0.7902918380931476,0.7673611097788869,126.36542239685659,28.39003641855926,40_genuine_original_40_10.png,40,genuine
1.7328020074005166,3.4941784748043365,6.407533499615293,6.4249226321264885,12.841166122345076,8.173847745853957,14.915432164682585,116.32734375000001,0.9802483085859109,0.9797490633597052,0.7766068207984602,0.01344860709563054,130.07298578199052,27.69141705093651,40_genuine_original_40_11.png,40,genuine
1.7189736923393082,3.474280205868667,5.631565669782401,5.727601215164736,11.40721691400039,7.467457326975816,-13.321270250685497,161.87542892156864,0.9765724273138622,0.9759654829373229,0.7454667961333098,3.0927152215473006,127.3948220064725,29.199505233384816,40_genuine_original_40_12.png,40,genuine
1.762680221404308,3.552150620040342,6.305280402981188,6.421118732824949,12.784415212032547,8.200610560308876,-14.459556692558458,115.73708639705882,0.9777051523818224,0.9767466303247474,0.8256278171795796,1.8062360761553762,125.52301587301588,28.172658316509565,40_genuine_original_40_13.png,40,genuine
1.8551116544922164,3.749938590003532,6.909739275045219,7.060573818360175,14.046414968621676,8.951188409893406,-15.296730158518969,131.41786151960784,0.9740427624167475,0.973039620356481,0.8186808271735995,0.7037470717754718,129.10790378006874,28.007437145665524,40_genuine_original_40_14.png,40,genuine
1.7424210228649675,3.514333210613603,6.327126275523263,6.390992622687796,12.750098406890894,8.14818012831818,14.585497355823055,144.42610294117645,0.976425108495547,0.9757050468390293,0.7814218962014132,2.25445292047213,126.87881157154027,28.38824178997677,40_genuine_original_40_15.png,40,genuine
1.8030252123985544,3.639367492364948,6.34173358677694,6.457180970261328,12.856820006136267,8.285065251437507,-14.395360280945251,146.58714767156863,0.975787856916439,0.9748931713423218,0.7876338647948876,1.3403880046906738,126.1688018085908,28.367464253613008,40_genuine_original_40_16.png,40,genuine
1.8075745392216658,3.658125647543194,7.003427207801053,7.254314798088673,14.383216459744217,9.083699887319895,16.308301344475073,119.28221507352944,0.9756301994350611,0.9744182738581638,0.8288198693186967,0.48874598018355203,128.67026637868972,28.01088678101384,40_genuine_original_40_17.png,40,genuine
1.7396180056508963,3.5073830402433224,6.110934216328415,6.224214607961667,12.391873721692724,7.97814433061419,14.096262756110693,156.64575674019608,0.9761201588100338,0.9754293482219952,0.7570016219840472,1.258467020929649,128.09471191791633,29.148784627837763,40_genuine_original_40_18.png,40,genuine
1.7342348044647633,3.5062795147331096,5.984463512813152,6.1030583874900675,12.146824457866533,7.858578090189365,-14.460554538830902,141.8828431372549,0.9784453430119815,0.9778955718365224,0.7528217786017742,1.1415094318084729,128.55947136563876,28.40527554901906,40_genuine_original_40_19.png,40,genuine
1.7596718460617102,3.5500315305705907,6.25946349690846,6.398023494178949,12.72698978449697,8.180418837371455,-14.221303035312944,137.28460477941178,0.9758585043222296,0.9750003960343822,0.7895436488288807,3.190476180347695,129.87424242424242,28.76802628869925,40_genuine_original_40_2.png,40,genuine
1.8568124912960047,3.772246654263102,7.070393674619875,7.217740291197235,14.36182559740483,9.121295710965521,-16.398691758809026,164.08370098039217,0.9714043037045482,0.9704355840228265,0.7930757126367738,0.37105263125346255,127.59820857325656,27.14723339237146,40_genuine_original_40_20.png,40,genuine
1.7985242284720993,3.6555402839410616,5.931840774018917,5.9990485896823795,11.964670392976442,7.826879498594199,13.508823412682222,166.59329044117646,0.9752797465262592,0.9745409144506217,0.7523514840295363,0.459821428058235,127.25305810397553,28.526976847874938,40_genuine_original_40_21.png,40,genuine
1.7014690086629567,3.432360086276326,6.385588837025384,6.438446664168785,12.850466982119633,8.157594682430455,-15.314099998393766,172.3412530637255,0.9761021325155771,0.9754600074750829,0.7362848518008575,0.9379844946697915,125.7808,26.930992394637077,40_genuine_original_40_22.png,40,genuine
1.7808644003224259,3.6047287430841677,6.2181132249187625,6.360485458248457,12.649877959964847,8.17226605581266,-14.333593486619023,125.4623008578431,0.9784737665787641,0.9776351339608851,0.7870140473044325,0.41395908494108413,128.84936170212765,27.379917116286226,40_genuine_original_40_23.png,40,genuine
1.790610884354284,3.6315748331266358,6.091868186056015,6.2267159171744435,12.386528950253119,8.043117485877668,13.69623442958402,144.19831495098038,0.9759442306172326,0.9749084894820603,0.7982481609489671,0.3474320238193031,124.3662182361734,27.97199316089809,40_genuine_original_40_24.png,40,genuine
1.6363254445847466,3.3035673134950208,5.865180503354468,5.967601413981256,11.884075695271356,7.625098660531757,-13.592029725878913,138.12110906862745,0.9805222657699619,0.9800554594627122,0.7345661042276211,2.557894727867036,127.76528599605523,28.769850159023147,40_genuine_original_40_3.png,40,genuine
1.7361699775666823,3.5021461599245076,6.412055446011775,6.618652953122047,13.136168666132445,8.393956594724795,-14.136085200247859,133.36254595588235,0.97817426991282,0.9773900567721091,0.7828818969459359,1.7511627866252029,126.93322062552832,29.37799425475308,40_genuine_original_40_4.png,40,genuine
1.6979820598006712,3.420936290370683,6.132290409960115,6.291716049268478,12.505348384763604,8.033110668434475,-13.566935824679254,115.48550857843136,0.9794128989652339,0.9787380392213004,0.7927478434934964,2.233429388376284,129.65686274509804,28.00221044491176,40_genuine_original_40_5.png,40,genuine
1.6951864711794662,3.4257365858721567,6.125914472261641,6.21550861305501,12.386320514823597,7.936826321563914,-14.053869089955123,160.524525122549,0.9764802956315306,0.9758582644330838,0.747332054045558,1.169284465673151,127.69750603378922,28.73937961548209,40_genuine_original_40_6.png,40,genuine
1.7336561299161168,3.493155002571502,6.560952263712536,6.715591856916964,13.354683752017898,8.484513115819308,-14.565787692573053,121.47924325980391,0.9781234888326128,0.9773746961339689,0.809406588010764,1.5536842072554016,126.05853256389118,29.63327439746107,40_genuine_original_40_7.png,40,genuine
1.8028684028037079,3.635998502500158,6.541744840323682,6.600088471630667,13.171005338190112,8.422378638557932,16.177671489897946,130.49742647058824,0.9773320856996837,0.9763790498347226,0.7957427938478001,36.818180702479374,127.66826923076923,28.71827490764556,40_genuine_original_40_8.png,40,genuine
1.7259821015853374,3.516909013176169,5.700936624665476,5.835390518662799,11.604092480941212,7.5952071954203335,12.906651647704022,173.6825980392157,0.9768851051591501,0.9762106330960452,0.7245435957502119,0.036175710563156147,125.49210307564422,26.384185592117188,40_genuine_original_40_9.png,40,genuine
1.9956892620919053,4.576244244414935,6.174640537307614,6.595149469870454,13.017491689488498,8.884503378873422,13.380166462790797,149.16943933823532,0.9623366604196132,0.9614295614798903,0.6638091639676614,0.3228571426265306,168.65820734341253,24.03889762335639,41_genuine_original_41_1.png,41,genuine
1.9939262942678808,4.265232277256708,6.874945200723006,7.075514420547983,14.066201258855047,9.21619308078279,14.632241068154935,140.78201593137254,0.9644250974466586,0.9634971040168206,0.7039996833140669,0.7371980669205815,164.46496106785318,25.804942276831564,41_genuine_original_41_10.png,41,genuine
2.096938800776895,4.6681894184360155,7.536173844082015,9.593336223426963,18.40246301107074,-12.547816454299218,-18.24328861911926,139.43786764705885,0.962522518205805,0.9615977294132715,0.7205636083425457,0.62649572596026,165.09774040987915,26.68188869991638,41_genuine_original_41_11.png,41,genuine
2.0629653790063402,5.523211266211327,6.991910620171968,7.921095099949395,15.966219405958393,10.692286786167381,15.392538500323228,181.74491421568624,0.952236270595592,0.9512908981978766,0.6489957224015322,0.6016830290310777,170.827057793345,23.713562590065358,41_genuine_original_41_12.png,41,genuine
1.9817970399553277,4.416610956950444,7.686284136951462,8.00886722811813,-16.48659264520424,10.219009572193727,15.86870775276853,159.37178308823528,0.9630430081398907,0.9625324392654188,0.6374406879356534,0.6029011780572064,167.39819004524887,25.475119551850533,41_genuine_original_41_13.png,41,genuine
1.9111341262959791,4.043697556665278,6.8575421395352905,6.827038442990937,13.749164620515579,8.860763966993078,13.925303122438747,133.76620710784314,0.9693863258463941,0.9686591190213446,0.6678314268096028,0.4931237716177566,164.2217105263158,24.46953373655955,41_genuine_original_41_14.png,41,genuine
1.9232373017936577,4.1229427029563945,7.865703503038957,7.71512846368768,15.564576946631995,9.813228358063432,15.817224002026313,170.81574754901962,0.9630316471075193,0.9623943775442433,0.6604784227983456,0.690364826295262,161.82014388489208,26.02423784852002,41_genuine_original_41_15.png,41,genuine
2.0553123109797533,4.517074178034816,7.2842398720419865,8.388634294157562,-18.117452712767335,-10.891905580761847,-16.225107024610715,197.3671875,0.9578812117051723,0.9572479967231258,0.6312205058420274,1.5703324788103166,163.97910447761194,25.71264011891052,41_genuine_original_41_16.png,41,genuine
1.841507579884596,3.7909333794988176,6.757086372295162,7.000228428917959,13.878889733374887,8.917235542908273,16.251518357755803,134.13462009803922,0.9733335268052101,0.9728715776109506,0.6152960935872048,4.799999978181818,163.27507836990597,25.976394629969622,41_genuine_original_41_17.png,41,genuine
1.9740310530113567,4.226881204617338,9.553057730681697,8.93440730317744,18.663156981963425,-11.449905637136558,18.202748978616217,167.78255208333334,0.9619860448790746,0.9614299630432194,0.6015641736294486,0.2137978140616135,169.16994935284185,24.33961405217896,41_genuine_original_41_18.png,41,genuine
2.015809844172615,4.564641596503414,7.898066305501842,8.273081146325595,-16.450495013283163,-10.85172628547948,-16.589819784388187,193.73795955882352,0.9503014229930836,0.9492524490225253,0.6854970079091498,0.738363892286062,166.46774847870182,24.79653255551053,41_genuine_original_41_19.png,41,genuine
2.0866651958553053,5.165238701356904,6.741515912570741,7.4098195614674625,14.902874088037452,9.99906958476709,14.519833123588384,179.20713848039222,0.9578625463229118,0.9568957146237579,0.6664467422795385,0.46872753381112325,164.70729319627998,26.192059205213056,41_genuine_original_41_2.png,41,genuine
2.0432262600498015,4.691890488931986,7.3945649778522515,8.869991423449491,-17.156087235401838,11.476492647808183,-17.149531486652513,186.4095281862745,0.9521855218617643,0.9513967780342742,0.6798426172300129,0.5443786978669436,166.73988931460195,24.101672608981758,41_genuine_original_41_20.png,41,genuine
1.919451963312997,4.1793851603744265,6.633192078587076,7.102846050076795,14.016419463414614,9.286185372666669,-14.332356476828869,228.59001225490195,0.953489133833107,0.9528215362617947,0.6169519420625349,0.7183098585928718,162.77322404371586,25.50130417013717,41_genuine_original_41_21.png,41,genuine
2.0070490236486456,4.296253903387628,7.227377813037885,7.816060245414253,15.399690037877663,10.00705318485508,-15.640493759580487,196.91185661764703,0.9542288479341331,0.9534953355179578,0.6389571150250248,0.5459649118975685,167.1806627326373,25.07436145679317,41_genuine_original_41_22.png,41,genuine
2.006199514395103,4.400038581447121,7.052984903643983,7.611681983918174,15.073732256234353,9.853824058914322,15.117533690568852,137.07285539215684,0.9639729445132796,0.9633901982252585,0.6791184238632808,0.5116079101361927,168.853811149033,26.643385344790588,41_genuine_original_41_23.png,41,genuine
1.9998979530985905,4.449471664103949,7.826642362633893,8.597899724377916,-16.8725424423724,11.035840471241386,17.111494108984246,190.43400735294114,0.9575182597547741,0.9567733890915093,0.6422715028885797,0.47639796624807695,164.6237088047221,25.16545482784648,41_genuine_original_41_24.png,41,genuine
1.8795582900529624,4.581694313657739,6.530202900842418,7.918522146045214,15.821934789207917,-10.365547160256066,-15.15262005353778,156.9109681372549,0.9632628981638163,0.9624406131310157,0.6664369142750064,0.426517571544315,164.58174692049272,25.399898653253032,41_genuine_original_41_3.png,41,genuine
1.9055560213647171,4.251787694639463,7.108720879238748,7.768051206916006,15.403046774665167,9.894227590446322,-15.318949654734844,171.09399509803924,0.958947594484487,0.9581212456769074,0.6333036682615819,0.6501261558871941,169.31549439347606,25.316545509596466,41_genuine_original_41_4.png,41,genuine
1.9004826126838936,4.157717972658468,7.326681990939479,8.334788522606873,16.29955071987659,10.460299579596864,-16.333882411874423,130.32366727941178,0.9663992103886779,0.9655958006424468,0.6620235169275325,0.7101449268010922,170.11016949152543,24.436506017913537,41_genuine_original_41_5.png,41,genuine
1.8525863787528263,4.157477610177198,6.550627227083621,9.033843926354754,16.826194539661973,11.156113491931292,-18.4640961805336,151.7373774509804,0.9709104366644216,0.9702828040759913,0.6570242557808317,0.4798761604954838,156.65202231520223,25.6720188473413,41_genuine_original_41_6.png,41,genuine
1.9463461539609868,4.2891481235917635,7.024078733336568,8.979357027982012,17.350350776562472,11.522620807553942,17.024851727357326,174.29145220588234,0.9634545903758589,0.9624554873770846,0.6884635982022425,0.6256684486402241,157.29002192982455,27.03461453200796,41_genuine_original_41_7.png,41,genuine
1.99180284053877,4.416066410417426,6.943350023028095,7.254562636871803,14.571142868486918,9.465437149613187,14.452842084601357,171.77803308823528,0.9611623230030849,0.960295772349656,0.6848794547467725,0.4439461880090088,161.0564182194617,25.452029844310903,41_genuine_original_41_8.png,41,genuine
2.0655569491848333,4.768495014711048,7.009508695848017,7.706059723446344,-15.064185991592474,10.14859187586268,16.465341904917832,201.7352175245098,0.9501057439210789,0.9487919375629101,0.7608906739221459,0.3335020241227216,153.69184060721062,24.799015823137534,41_genuine_original_41_9.png,41,genuine
2.0834267764550227,4.219826395918814,7.521018993845976,7.592030314490693,15.149200759090911,9.702277254342656,16.412209138587496,97.74442401960785,0.9644022196412994,0.9622555988049338,0.8344045583266048,0.11495476311072125,160.8109785202864,24.795518375317986,42_genuine_original_42_1.png,42,genuine
2.089974005046717,4.249044179304396,7.663062087617329,8.023001730320278,15.870392447401713,10.181905611537733,-16.71690268029973,72.73039215686275,0.9681460798791267,0.9661310888293801,0.8672740265180324,0.6391752571828391,159.88522012578616,24.325835228060303,42_genuine_original_42_10.png,42,genuine
2.041221907258824,4.152448814555689,7.512594879741923,7.735544744043174,15.362105946363567,9.814749345233933,16.331015322194173,80.96991421568627,0.967306290589573,0.96507407607993,0.8532613601964594,0.40399714460813907,160.82257244534824,23.542874579345302,42_genuine_original_42_11.png,42,genuine
2.1052029624673385,4.294308005341185,7.635691742394542,7.851707217911352,15.59554998309068,9.999137117905113,17.185755090464664,95.99708946078431,0.9626615751627563,0.9603254629819789,0.8517656900055481,0.642804427569886,159.02246181491464,24.459851006904938,42_genuine_original_42_12.png,42,genuine
2.0937599633617365,4.2512977747575,8.099962126261383,8.248620466688172,16.423371590228566,10.385587153648942,17.760221528715526,96.49754901960782,0.9647263812311634,0.9627304632374692,0.8321047498354178,0.40983606529382777,161.5048449612403,24.98165946969264,42_genuine_original_42_13.png,42,genuine
2.0997766941549862,4.2642341429773785,7.434471091729297,7.567808618127117,15.068963388075344,9.70437984216457,-17.150521168005632,84.7546262254902,0.9694031172549918,0.9677548654068638,0.8004516061964416,1.0300925914003558,168.49486887115165,24.93435456404606,42_genuine_original_42_14.png,42,genuine
2.133017600256418,4.3783032374206705,7.572636573624318,7.977732824367804,15.757769679995318,10.186260326261781,-16.580748836060035,119.73017769607841,0.9591610003715091,0.9569096362776938,0.8327347418449401,0.3530751706417567,156.85690235690237,23.62597286402426,42_genuine_original_42_15.png,42,genuine
2.075683266619791,4.227520740969513,7.141325767665762,7.28893595289076,14.504511276313899,9.402697188551215,15.848748287219607,105.69362745098039,0.9638352248453639,0.9617654530994522,0.83538911946622,0.5010691372052251,156.64624881291547,24.289226068827567,42_genuine_original_42_16.png,42,genuine
2.025946164614477,4.131924161122081,7.253654615057603,7.713437849668833,15.207394876278697,9.826649524306035,-15.861803908601795,82.23627450980392,0.9705372040435115,0.9686586093819627,0.8312780243311034,0.5464285709406888,161.03060046189375,24.27652210481346,42_genuine_original_42_17.png,42,genuine
2.075388567063308,4.21909081204843,7.1227098107780185,7.2867887141454455,14.49242039971336,9.396334126943978,15.687517760790817,94.59831495098041,0.9669001576785206,0.9650435038877875,0.8454786172710775,0.23272035495705745,155.11574074074073,24.478332552989794,42_genuine_original_42_18.png,42,genuine
2.086189125350969,4.255532289095743,7.552401466294865,7.747724229547056,15.400323752248953,9.882330321952585,16.36529894233744,106.51510416666666,0.960359921769288,0.9579053432726147,0.8289301475588249,0.5659488556083789,163.14353244520842,24.427928778562638,42_genuine_original_42_19.png,42,genuine
2.133528050215543,4.353294982812803,7.418746758324909,7.622236885120551,15.144653163647662,9.803728282677444,16.169913298655878,108.61789215686272,0.9609304663210807,0.9586865677302724,0.8252530581847658,0.3838630804499614,161.68948763250884,23.66770389182971,42_genuine_original_42_2.png,42,genuine
2.027104388455644,4.127933991021523,7.128706045642824,7.330969708675029,14.560814490076451,9.395111650736357,16.809630177485786,95.47420343137257,0.9658223344945072,0.9637874607468006,0.8170609658726239,0.8915318735570581,164.04678068410462,23.430498377617372,42_genuine_original_42_20.png,42,genuine
2.065339753463729,4.212451732811937,7.196787152598916,7.384586621968861,14.675343096731009,9.491900372926061,16.422419910560347,110.74623161764706,0.9609142763805669,0.9586712147873708,0.8468329002393059,0.9454390443772898,154.48597721297108,24.330005956935388,42_genuine_original_42_21.png,42,genuine
2.076762309216214,4.213233774634182,7.417394404747535,7.494454997349346,14.950381827053626,9.6049183160981,-17.454705195398603,92.83063725490199,0.9652062858699202,0.9631287391063439,0.8404758652622792,0.48805213577983186,160.43649635036496,24.12545740043907,42_genuine_original_42_22.png,42,genuine
2.0966330972545304,4.269548309989226,7.242563470059449,7.404963818009497,14.730490882663382,9.550021030081279,-15.774807776172642,96.83590686274512,0.9653361272650951,0.9635576275579415,0.8442864541615369,1.6954787211496294,156.21558954119388,23.63512294636808,42_genuine_original_42_23.png,42,genuine
2.07336593064632,4.202664345662125,7.107331932439548,7.301342196942119,14.505679718523213,9.409086256400979,-17.34415069709861,80.8501838235294,0.9681330671442664,0.9662537169471759,0.8273600453358271,0.5483333328763889,166.14585575888051,23.709915729989852,42_genuine_original_42_24.png,42,genuine
2.1083074769983123,4.267641123848562,7.423362815520645,7.537800525742394,15.018628089028175,9.671676464508023,16.491509511456755,92.44166666666666,0.9644161349496999,0.9622402358654276,0.8536237715080486,0.501061570770657,157.82131070249883,24.120584200172047,42_genuine_original_42_3.png,42,genuine
2.152176544142551,4.383190384023187,7.639849284320607,7.775094659718106,15.482633943939051,9.972127898054586,17.2369305471277,91.24730392156862,0.9624865997961749,0.9601876186536487,0.8623295968402558,0.5913597729522947,158.30218068535825,24.47799316177084,42_genuine_original_42_4.png,42,genuine
2.101812300639664,4.280818938753677,7.448392180712313,7.635371380327403,15.177713487143675,9.782832740626322,-16.51432754868607,88.87852328431373,0.9688850955187127,0.9668817001579804,0.8239519338531277,0.8288288279991703,161.7471264367816,23.80484388636446,42_genuine_original_42_5.png,42,genuine
2.049834696681314,4.151240906490399,7.092269798517696,7.19801523368917,14.343158465764498,9.274308040738305,17.08408727820983,79.59568014705881,0.9693006845186585,0.9674637564780411,0.8536810895587934,0.559075341987093,157.83470620538165,23.933658612708733,42_genuine_original_42_6.png,42,genuine
2.0622757739030027,4.170135847478874,7.629635640978939,7.707084033327351,15.375474994313462,9.798430509051144,17.297290052066174,73.11413909313725,0.969219231032382,0.9672799049062872,0.8582012087764532,0.5999999994805194,161.25811688311688,23.96353513919202,42_genuine_original_42_7.png,42,genuine
2.090690737006267,4.232708861780556,7.409541025797949,7.492167383485599,14.943029861445657,9.609768009576118,17.15256301637374,80.87702205882353,0.9670803458283422,0.9649515284064629,0.8606526600318769,0.7146574148181635,158.8386444107233,24.896808045781654,42_genuine_original_42_8.png,42,genuine
2.0731298089086247,4.205038837177336,7.438080984933319,7.655563061583006,15.202494074813446,9.758191392421661,16.852123464309244,79.85352328431372,0.964030690350506,0.961704051022786,0.874645545507794,0.4911323325435659,158.79414455626716,23.790459975415914,42_genuine_original_42_9.png,42,genuine
2.2910459259712437,6.164507369539387,7.768182540627671,8.220251682368767,-16.410901581181136,11.458180472040366,16.327101267618662,220.63547794117645,0.9334333276392184,0.9307016522699455,0.8150965274440818,0.19530999030025378,152.42139209889814,23.331856030517375,43_genuine_original_43_1.png,43,genuine
2.2436191771213556,6.8961841184564525,8.073722409482887,8.00569380823304,-16.63499796540587,-11.881209682858701,-16.060273207024245,233.00156249999998,0.9252504811958272,0.9222926842229145,0.8174408171413303,0.43922651918535,154.56046065259116,23.470929685183744,43_genuine_original_43_10.png,43,genuine
2.2719977097879154,5.733132253702698,8.133986377875324,7.948226614101277,16.635986282508316,10.834194092076464,-16.000676476442827,240.53324142156862,0.9261743375218994,0.9229205160841792,0.8132735844429135,0.532814237844711,153.47218190614416,22.705281897763253,43_genuine_original_43_11.png,43,genuine
2.3792982918054535,8.1694728615404,8.089647472446115,8.428285314878647,16.720067661469106,12.517729552658846,-17.113787736819102,349.3449448529411,0.8939064159760542,0.8886402522815264,0.838635512244727,0.4250814331258535,144.81795918367348,23.149910828019895,43_genuine_original_43_12.png,43,genuine
2.3186231036428575,6.285051119104642,7.835618790884186,8.426587499925436,18.00933403000753,11.638910449401603,16.557962126054232,313.0675857843137,0.9014629392925234,0.8966816109133732,0.8402028613891412,0.7463144960852842,146.71983819908547,23.302566822466186,43_genuine_original_43_13.png,43,genuine
2.2707226910156892,6.329090190191373,7.591734626491501,8.091249112536781,-15.93298952061067,11.260945763534101,-17.4035455086314,285.93893995098034,0.9163983419498036,0.9131940630276153,0.806016921718209,0.5330700886696051,152.16462760248982,22.504521167606182,43_genuine_original_43_14.png,43,genuine
2.321138763794616,6.217395705208269,8.172702381809678,8.462228038490581,-16.786726883107956,11.595990578385273,17.527987833678235,258.76311274509806,0.9279816170936415,0.9248503146699615,0.8157368913579194,0.44958736977051045,147.6059405940594,22.93534097630644,43_genuine_original_43_15.png,43,genuine
2.29690735837649,6.376159556867131,8.08955014636764,8.09407799972144,17.915783609641615,11.410471438530456,16.185967416403432,287.72901348039215,0.9068438541100894,0.9022265336270539,0.8372865735013483,0.774140211384213,149.3834109972041,22.80611714500798,43_genuine_original_43_16.png,43,genuine
2.314169589120668,6.854384040496661,7.808552211799428,8.312436293196495,-16.37420857967448,11.76090879986616,-17.488675206645976,306.1604779411765,0.9041869382153379,0.8997757912002827,0.8354927885808974,0.6300475057511735,147.59854280510018,22.355715023984263,43_genuine_original_43_17.png,43,genuine
2.3235001590573656,6.007188247873761,8.10892712000148,8.080537226418315,16.52786904981186,11.561379929792547,16.222952674861787,330.5286764705882,0.8953866707624337,0.8902022832156852,0.8467211384067297,1.01854304602035,144.54724409448818,22.032919453605764,43_genuine_original_43_18.png,43,genuine
2.288342660353125,6.3572937806644365,7.470511722332294,8.317265505048782,-16.216524109509614,11.496013882306745,17.017223969078167,298.09071691176473,0.9062294121559752,0.9019197319685279,0.8430371216113872,0.43166226901539256,145.80814596387762,22.186710971723443,43_genuine_original_43_19.png,43,genuine
2.259674672425856,5.678972961859854,7.185501480444911,7.908271135270638,15.725632796888165,10.747794718305691,15.52884807452917,213.20049019607842,0.9333755919178754,0.9311459106331103,0.8055891524319446,0.7149532706939471,156.2198910081744,23.331432342185607,43_genuine_original_43_2.png,43,genuine
2.29841099678471,5.980221126381016,7.635649018734144,8.222145243771664,-16.603460763642563,11.30656894847619,16.17991386405641,281.78725490196075,0.9078696531820993,0.9034520330829773,0.832894383358816,0.6008492567179712,151.05058734369078,22.280088176124693,43_genuine_original_43_20.png,43,genuine
2.3068425641921753,5.608112073134172,7.85053628999707,8.571191294803906,-16.829804854749504,11.405396114898373,17.134384175201344,296.7619178921568,0.9069300407715246,0.9025023926821301,0.8362722289459258,0.6140615568454854,147.40044868199664,20.765659338503795,43_genuine_original_43_21.png,43,genuine
2.267656170035963,5.640312982877937,7.836863330051843,8.212834137288539,-16.29040791621964,11.057902239074954,16.570880913759538,281.6402267156863,0.9167493818882478,0.9133471499152966,0.8135342895121962,0.6215277775619695,150.84132762312635,21.99563624119511,43_genuine_original_43_22.png,43,genuine
2.2720854207387027,5.46868183192161,7.633322920503414,8.544920202416494,-16.795935439894713,11.282666492733199,-16.773744763524817,260.5389399509804,0.9281269714472925,0.9253252645015815,0.7945132211057285,0.4935993974045183,152.12830854550037,22.197464359369185,43_genuine_original_43_23.png,43,genuine
2.3556936804656123,6.129012099147879,8.276618991987021,8.389586306388802,-17.271532835345745,11.454510099213955,-16.740761259725723,308.6842524509804,0.9202916925992916,0.9168088195597791,0.8136469024266002,0.44426494331364624,143.56644295302013,22.983564628928097,43_genuine_original_43_24.png,43,genuine
2.27049446791769,6.547261235043845,8.27204654391621,8.608097840511633,-17.055431859647538,-12.031577428402583,-17.78964503848854,272.4721507352942,0.9313939416633561,0.9291092270465539,0.7795159477184141,0.5085784311647964,150.18359057676685,23.609029591517917,43_genuine_original_43_3.png,43,genuine
2.3021884842313787,6.499608083278869,8.033575364292107,8.457214828394287,-17.130446213539148,11.736066767720958,16.735214490210414,243.69102328431373,0.9333254727812156,0.9308089494249482,0.7939659977516331,0.46794871776123853,152.01146288209608,22.916353489345163,43_genuine_original_43_4.png,43,genuine
2.3452207682071755,6.261225236345753,8.598270192852418,8.666406752667351,-17.36369796250446,11.820846877042376,17.5924911028239,281.18912377450977,0.9058808599977362,0.9016137053540711,0.833198613566499,0.8759124084546708,152.38021122846027,23.130727111312723,43_genuine_original_43_5.png,43,genuine
2.300875716316072,5.697031603667228,8.514508923679596,8.497213268107572,-17.02975680500152,11.346421617724394,17.471543369640738,269.78713235294117,0.9193570726271346,0.9160887731526284,0.8255344129922558,0.652883568860035,148.3109501865262,22.091151084540677,43_genuine_original_43_6.png,43,genuine
2.2314903990427344,5.506802352556214,8.033144119907877,8.207068503627344,-16.335594763207954,10.96284840308435,-17.03709364383788,249.920955882353,0.9232413002257852,0.9202092966326261,0.8181179525086318,0.5760351775096977,151.91908858405023,22.410336172462124,43_genuine_original_43_7.png,43,genuine
2.286982576923494,6.1711127531193535,8.287836953495853,9.008497065354312,17.74222642177834,-12.417558842108505,-17.90027812217157,261.02732843137255,0.9166440107243953,0.9131938514798612,0.8190671885901979,1.212364322221631,153.74232081911262,22.973101218528026,43_genuine_original_43_8.png,43,genuine
2.222656410346441,5.747674508107293,7.49913675779686,8.02884722328074,-16.39188594110951,10.903889284202817,-15.807055954431128,228.03768382352945,0.9309521309752073,0.92823571635613,0.812042381222743,0.5126083528319116,152.89320135451942,22.417619803735818,43_genuine_original_43_9.png,43,genuine
1.9321960826289122,3.9403296996745056,5.8793113033712405,5.942580740038904,11.853877923325816,7.919870248585115,13.249325978352712,104.14025735294118,0.9737353826591743,0.9729018125231599,0.7976565377425385,0.33487511532388975,149.1884961884962,26.325442413212574,44_genuine_original_44_1.png,44,genuine
2.0379944288988674,4.151487380174942,6.208015947283194,6.264340886704758,12.50061791369437,8.343345598323166,14.171985294856695,109.34007352941177,0.973606913904787,0.9727945313444715,0.8198886261743913,0.24765957425731097,141.16166439290586,29.121337698870892,44_genuine_original_44_10.png,44,genuine
2.035258280142938,4.194194697679477,6.3182990099804455,6.359859769931914,12.700234079145794,8.471773032017087,13.811842110768987,102.69154411764707,0.9712999707487302,0.9698687191473001,0.8542907919057964,0.07479045772096037,139.45530893821237,28.10358144528074,44_genuine_original_44_11.png,44,genuine
1.909847737673263,3.9016176663702073,5.898177483268822,5.989032086701374,11.932737881478296,7.951439813813972,13.598882794417122,96.78204656862745,0.9758967678581559,0.9752148812151209,0.8049773474766329,1.4280442778080364,146.61170212765958,28.23609456551114,44_genuine_original_44_12.png,44,genuine
2.091983031016007,4.312939196675675,6.692525647438194,6.796190468707305,13.541341355042384,8.964044651007793,14.759732416488212,117.3845588235294,0.9639176854701261,0.9626845985525861,0.8403351321708059,0.6715806710306464,148.70210681038708,28.4844429284995,44_genuine_original_44_13.png,44,genuine
1.980519267348708,4.0616243524253965,6.271750494123774,6.363574517818237,12.681369286187973,8.399685954262281,14.288962112015604,85.835631127451,0.9724550016541839,0.9714618602988188,0.8429612180926024,4.629496386224833,150.3437699680511,26.635236357488736,44_genuine_original_44_14.png,44,genuine
2.0317834091089133,4.1535519035110084,6.546801118753787,6.641415057729036,13.235587965189126,8.742321260673716,14.998080816689804,107.45450367647057,0.967516211386773,0.9661004761250144,0.8563190473095931,0.05493273539521707,142.61264612114772,26.527436712281098,44_genuine_original_44_15.png,44,genuine
1.9964109135357944,4.074644897966699,6.183239915408293,6.260740019936236,12.482902156219284,8.320163111124309,14.033216236448961,104.82012867647059,0.9709202494984541,0.9698534432320641,0.8358195025280447,0.3817114090757454,144.39040680024286,26.95900740764111,44_genuine_original_44_16.png,44,genuine
2.080149770464013,4.290074901757199,6.355006949485576,6.430907288368616,12.824222563620497,8.584485890038293,14.215384306215558,112.62527573529411,0.9675074953278934,0.9662077442773259,0.839402847089477,0.7733847629957716,145.28656878738445,27.369841050993212,44_genuine_original_44_17.png,44,genuine
1.9771538495343088,4.02712956707819,6.177788465215758,6.271494158319498,12.496537172149436,8.300284057892728,13.862761417286137,101.2874080882353,0.9726419066772305,0.9716456819292802,0.819580116713139,0.5351405617117063,147.82537606278615,27.694143466573063,44_genuine_original_44_18.png,44,genuine
2.0991091196111236,4.312370033160348,6.540575916782457,6.642267583708331,13.234130036079167,8.804087908430331,14.580214233041403,130.00505514705884,0.9655929185011515,0.9644308499956795,0.8331272286596018,0.9184890646933508,142.15440414507773,28.598434570411673,44_genuine_original_44_19.png,44,genuine
2.061597102034364,4.24275634730442,6.670911611564336,6.77683908063932,13.501378722333595,8.903355317008202,14.758242962211078,109.4063419117647,0.9718419951148276,0.9710483550634383,0.8000870348171952,0.21349206332262533,148.92217135382603,26.339680510324,44_genuine_original_44_2.png,44,genuine
1.9337790573809164,3.9372506844533555,6.023958983075883,6.0671273764923725,12.112672747654557,8.048389152490481,-14.610690155635837,95.66069240196077,0.9777100890517202,0.9770990113006308,0.7757539919156975,0.7606461075467752,149.83319432860716,27.494705516049443,44_genuine_original_44_20.png,44,genuine
2.0067343107973628,4.10473539173061,6.32554743221969,6.3766107002077055,12.727773576130462,8.446097364195005,-14.434461661230728,121.19126838235296,0.9705708279788172,0.9695011639362126,0.8196068862458221,1.0012224926635422,141.29871716554672,28.13397269951552,44_genuine_original_44_21.png,44,genuine
2.0252977644375822,4.139378148119585,6.476817475448933,6.581542300158772,13.111583522538904,8.680529555831846,14.311943930056799,129.06020220588238,0.9676726225088458,0.9665447510673381,0.8271052272030543,0.6493150679001688,140.65559246954595,27.893244701065527,44_genuine_original_44_22.png,44,genuine
2.030438159995641,4.171785560210372,6.257764203702296,6.314539942713465,12.600804819992188,8.412233447222889,14.242963187019583,105.4279411764706,0.9698280237991886,0.9683981992162887,0.8554773977964357,0.04561824727153766,140.0585533869116,28.452571242452784,44_genuine_original_44_23.png,44,genuine
2.0701717613407378,4.247235373015588,7.106545673566228,7.396423792479587,14.65884863505351,9.563191911311154,15.302221937524944,99.45816482843139,0.9688615057732526,0.9678162024358379,0.8307988580598008,17.989130239248585,152.31253577561534,26.9465258957712,44_genuine_original_44_24.png,44,genuine
2.05373982125511,4.210304510052439,6.705507907824886,6.835749035366492,13.606912648602567,8.960858996724635,14.910787807866694,125.37668504901961,0.966819030708172,0.965533814612108,0.8241260815778596,0.042672655787382,144.36941303177167,25.280596370725927,44_genuine_original_44_3.png,44,genuine
1.9844656201082018,4.051197702489072,6.196437101570626,6.28340310361795,12.52350828786725,8.323629048377846,14.058111211117243,111.27570465686276,0.9703601515843557,0.9692253815872153,0.8390055930996447,0.7202868845079028,140.89100655151876,27.397489420798983,44_genuine_original_44_4.png,44,genuine
2.0723329858552626,4.216455127666664,6.615245805456768,6.684528487151567,13.334569563463402,8.810190590671995,14.909208106228524,110.38088235294117,0.9666717375880318,0.9651813495053758,0.8528239971340155,0.644197951668773,143.98910223144784,27.27473450404503,44_genuine_original_44_5.png,44,genuine
2.0181729081033395,4.113610708648228,6.301532298438742,6.390461671625981,12.736710160692706,8.458401437333174,14.20468907638472,126.5499387254902,0.9669284089526726,0.965579672945969,0.8385722492120418,0.6231633529618293,139.80670926517573,27.15334158525635,44_genuine_original_44_6.png,44,genuine
2.01692800493875,4.106030239952632,6.3169629206432685,6.3787288404406075,12.726934771894873,8.441122823024433,14.116949921526375,104.20088848039217,0.969479193237012,0.9681990015445253,0.8550921155622303,0.4118116517064552,141.6336913510458,27.64480997166385,44_genuine_original_44_7.png,44,genuine
2.0520801780136924,4.200215232966879,6.267867466238706,6.325345975147839,12.622234333852395,8.433195803883255,14.06562502294723,109.75618872549019,0.9692250659557274,0.9678926926654371,0.8451775720345583,0.6405959025692775,142.28320090805903,27.750833988008548,44_genuine_original_44_8.png,44,genuine
2.0442308364576824,4.170158128852217,6.341589601240734,6.425314413109904,12.809135687946057,8.523124446899828,14.19365754810387,111.94476102941181,0.9677728971718065,0.9662842656025078,0.8558098188241524,0.4089191228957527,140.32242489270385,28.62427935108275,44_genuine_original_44_9.png,44,genuine
1.9744690755778218,4.0359967890868464,6.96313402780319,7.809987336021244,16.10997467864438,-10.316374403073057,-15.199807559006912,73.66360294117646,0.9745778794944632,0.9731468303883732,0.866308420175847,25.298245170206226,146.91260840560375,24.204233743048924,45_genuine_original_45_1.png,45,genuine
1.9291727139346138,3.926694735941089,6.997533911062391,7.898057752816746,-15.815324189153891,-10.155411124943706,15.372405412032146,95.23897058823528,0.9742332952608868,0.9733308063949285,0.7924273141698155,1.0408163250133873,153.725,25.69926520628279,45_genuine_original_45_10.png,45,genuine
1.8631908698777266,3.782215852739459,6.606233029713878,7.191397446747864,14.212213091106166,9.535978449119797,-14.273560890771835,63.30980392156864,0.9802090281834998,0.979274177841578,0.8211142769763885,1.942257212749981,155.50669045495093,23.99736455611824,45_genuine_original_45_11.png,45,genuine
1.9701270163249294,4.042593689383445,6.5742075053276015,7.345582943672636,14.842846304337096,-10.186490434678214,-14.324575625391306,68.57444852941177,0.9754755567107011,0.9745715512692752,0.8362353716717623,0.9985422725968771,157.49890590809628,25.73453021689375,45_genuine_original_45_12.png,45,genuine
1.8734565628700817,3.7869251640342463,7.007324235302926,7.6902084119985386,15.26125504574208,10.4503646267158,-15.135642372272892,129.69439338235296,0.9695610713874496,0.9684444172492375,0.7671754371652941,1.4371257463516083,150.57186732186733,23.13126987216349,45_genuine_original_45_13.png,45,genuine
1.940792756658568,3.947570873647515,6.875340344407333,7.371694867841456,14.539937002734376,9.626468543205336,14.860295326483898,66.78786764705882,0.9770016250949173,0.9760267405917378,0.8344123248508929,0.013302034418386514,156.0911196911197,24.022917755983983,45_genuine_original_45_14.png,45,genuine
1.886361191757988,3.8378383405024956,6.846722441539758,7.823054586834666,-15.214388072757743,-9.80195367770955,15.478119115586688,73.39427083333335,0.9779573695272744,0.9771449748508505,0.818377225461643,0.7973568270229708,153.17401960784315,24.5347548245396,45_genuine_original_45_15.png,45,genuine
1.9334163999459464,3.961706187566643,6.631544550347152,7.414088214539857,15.021805705653872,-10.442637824318837,14.452112569409787,66.28731617647058,0.9746805840155709,0.9736217406111187,0.8564760436876753,2.1907894688798475,155.31546391752576,25.402224137027936,45_genuine_original_45_16.png,45,genuine
1.9593468154006743,3.976558166655163,7.291190587958655,8.121263034691266,16.461681546692308,-10.696190583240021,15.839522117647707,105.46724877450981,0.9719528584331826,0.9708493152633865,0.7847177655662773,2.0894308900621326,154.06513157894736,23.861587607294318,45_genuine_original_45_17.png,45,genuine
1.791224611267348,3.6371056281870633,6.6061982080358765,7.471633494886679,-15.244497638837856,-9.55186693463985,-14.51807178145425,126.98206188725486,0.9721992494393241,0.9714008773316803,0.7318101208211086,1.5026086930389415,153.0562890896456,24.036317792572362,45_genuine_original_45_18.png,45,genuine
1.9156651066656039,3.9302208966418752,6.510944055355667,7.193006910246782,14.329898490410775,9.885855332080121,14.113100209007449,110.53507965686273,0.9729130505712548,0.9720134981674798,0.7724864847263787,1.4836488786856301,152.10880110880112,25.23659244462611,45_genuine_original_45_19.png,45,genuine
1.815095349042813,3.68851548328064,6.425784506540268,7.154583104903372,14.28955907792939,11.523055681869236,-13.99441114547627,107.36487438725491,0.9746307351075805,0.9737904112928155,0.7568605378646457,1.6766467032402261,152.93512304250558,23.43743723956317,45_genuine_original_45_2.png,45,genuine
1.867344949800792,3.793331794248295,6.590359814608141,7.404587583695515,15.400588350794669,-9.725708606026135,-14.404258614737431,98.39283088235294,0.9752514785256055,0.9743111836812318,0.772523409674177,1.726530608721366,153.77020958083833,23.088161778871296,45_genuine_original_45_20.png,45,genuine
1.7550053458250412,3.5693315797929337,6.2211220261038385,6.794924247112074,13.387983186281106,8.952089383690597,-13.547655788007694,56.59629289215686,0.9779349753562796,0.9763177033027086,0.8729888762393135,2.836676209637031,152.3106796116505,23.094389512317527,45_genuine_original_45_21.png,45,genuine
1.9479865240955188,3.9893271378312294,6.775247159795098,7.65732628704694,-15.373966202888095,-10.027456045069568,14.896452547583774,156.62530637254903,0.9668858894218354,0.9659324397701122,0.7186281490852234,2.357707505221922,153.09829311359624,24.088303622803842,45_genuine_original_45_22.png,45,genuine
1.8446665492234378,3.7462758569490426,6.267412302503992,6.606981831380133,13.056374840074712,8.599974950322087,-13.675517816273867,39.109436274509804,0.9800294631423739,0.9788758620584189,0.8961397352117991,2.542521986678821,155.7226821192053,22.50158380205577,45_genuine_original_45_23.png,45,genuine
1.9525205028150616,4.000727660033772,6.4896755403995305,7.348014055700869,-15.18144950038306,-9.669989389013958,-14.270100838545849,68.48740808823528,0.9767861484387621,0.9757969662623853,0.8277243726332163,0.20702402938352676,157.5344563552833,25.059698239464012,45_genuine_original_45_24.png,45,genuine
1.923587222478519,3.931362414967919,6.505216110301314,7.479451002542337,-14.478176150219591,-9.445787582946435,-15.240545176662959,80.99950980392157,0.9755708626823201,0.974571524301569,0.8187669909211985,2.143187062024972,153.27038941954444,24.347238469336492,45_genuine_original_45_3.png,45,genuine
1.9672064622494612,4.0160837958348035,6.84810516090712,7.835382855281215,-15.185340126731656,-9.845990314375998,-15.892339834804243,134.29332107843135,0.9696712039498764,0.9687048110540184,0.7601225146916669,1.9451553894969738,149.88268156424581,23.786903464340963,45_genuine_original_45_4.png,45,genuine
1.9595938593027842,4.025856205615042,6.602814232394453,7.568940684555329,-14.702306178986316,-9.59797895379498,-15.008214671200678,101.7856924019608,0.9734774293819164,0.9724270064263402,0.7928911859378805,1.9492900568979918,151.54126547455294,23.815877635718355,45_genuine_original_45_5.png,45,genuine
1.872672636261474,3.8343826784223567,6.3842976913746465,6.943506070582082,13.691966663682424,9.232832728288251,-13.853115024414484,50.6201899509804,0.977074524044291,0.9757509504561186,0.8901095391811358,1.835390942725533,152.26487663280116,24.326312153939515,45_genuine_original_45_6.png,45,genuine
1.9067535896808785,3.8778161680066274,6.888699344628234,7.462202483577738,14.723392970606337,9.7754429281198,-14.880900934186172,65.39129901960784,0.9748886839950609,0.9736523387489587,0.8754165541066428,1.6547406052688003,149.23719676549865,24.91373941320099,45_genuine_original_45_7.png,45,genuine
1.802274372524166,3.646746901222855,6.709310773952689,7.510829893815473,15.383740189426538,-9.911116816852386,-14.62747118706738,45.07746629901961,0.9802018628915135,0.9791515901525384,0.8846046443591061,1.7769953009929689,153.17666948436178,24.553942480975643,45_genuine_original_45_8.png,45,genuine
1.854793831728284,3.7860081502621687,6.490931502179151,7.402321596712669,-14.78976441733395,-9.49657760817215,-14.379521000160045,153.96927083333335,0.9677684488624116,0.9668054321858959,0.7540063149752084,1.934369599422505,146.39081812831077,23.224605094402293,45_genuine_original_45_9.png,45,genuine
1.9039906336834322,4.023300732394409,6.03646354464941,6.25993230693676,12.40814385245645,8.278220169566648,14.50943000544117,207.16127450980395,0.957987754955105,0.9572627974626282,0.7004721149218736,0.40359042526357014,152.94931312174324,24.824610507171975,46_genuine_original_46_1.png,46,genuine
1.9134032204409075,3.939995026418256,6.0600812644359,6.237429189198731,12.387013814356617,8.218868765246405,13.595594559954266,178.71274509803922,0.966159433815723,0.9655647254947916,0.6917522645864205,0.9043381524979553,151.86565420560748,26.478733095594208,46_genuine_original_46_10.png,46,genuine
1.9676629747095742,4.0761355921922116,6.303852652873903,6.499090626089108,12.900608926077172,8.537644151152955,14.734488028574843,181.3686274509804,0.9620361214356187,0.9611684052673568,0.7185527064005416,1.421894217193242,153.05891315388521,24.573943577141396,46_genuine_original_46_11.png,46,genuine
1.9539506676020975,4.068034364928495,6.012146888550186,6.166082806965731,12.255321198391252,8.200773202032055,13.877726336538451,174.37766544117645,0.9608477783456502,0.9599583296584906,0.7410944904632778,0.7358171035259804,152.97268292682926,25.42071817069885,46_genuine_original_46_12.png,46,genuine
1.8866748845084003,3.8859723990016457,5.881254754358364,5.9851926682784455,11.918500642479682,7.930187168984574,-13.624017510853474,135.11170343137255,0.9675986971669773,0.9670200294512414,0.7063892571401671,1.1373056980086713,161.38060606060606,23.664254841605473,46_genuine_original_46_13.png,46,genuine
1.9389661980423505,4.089122838351311,6.142161893680337,6.3502156225367425,12.596704701774826,8.397841253529652,-14.026138737365214,153.37922794117642,0.960894253445242,0.9600352031804686,0.7180301242046473,0.5977742443578901,162.78905472636816,24.334041009309903,46_genuine_original_46_14.png,46,genuine
1.936844016036073,4.002717499937866,6.002484974287956,6.183545987892889,12.276573030693793,8.184909756621446,-14.413433362659312,190.53725490196078,0.9573916504265586,0.956603959224661,0.711675922011414,0.662861491124154,156.93867276887872,24.034698240667012,46_genuine_original_46_15.png,46,genuine
1.867459605511423,3.8034025144776464,5.997759328129494,6.110497958260261,12.164665237376571,8.012264578240147,14.039527439830016,147.3198529411765,0.9659496385721826,0.9652277023040825,0.7279004989235797,0.8079673127599926,157.0728813559322,25.581812906531734,46_genuine_original_46_16.png,46,genuine
1.8774217543635268,3.8718285078769945,5.939510293065485,6.05975052049794,12.059381189962373,7.997002821793733,-15.018042463604344,166.05030637254904,0.9662042881418081,0.9657333303935364,0.6786063860193385,0.7549530753337298,156.94771241830065,25.566259594339638,46_genuine_original_46_17.png,46,genuine
1.921348371414138,3.947226469538323,6.079573551739233,6.226464020798151,12.379625720004007,8.203486012535915,13.970395644938783,155.8969515931372,0.9683319865403925,0.9678165055154792,0.6981116731388253,0.29297820799598207,154.04431960049936,24.22954951048155,46_genuine_original_46_18.png,46,genuine
1.8884030816238948,3.8854513139763758,6.1113846046667035,6.238082667997691,12.412940429340575,8.181123744758763,-14.03432587225086,155.65879289215687,0.9644979589385648,0.9638185012867825,0.7193970546336775,0.9261603365757802,157.10624315443593,24.510021966436554,46_genuine_original_46_19.png,46,genuine
1.9610283562154491,4.065317315516745,6.214902990953926,6.411543697621145,12.724927517367918,8.444278398323975,-14.290520118916982,147.53511029411763,0.9684676758108046,0.9680156511754054,0.6789055685351953,0.3727193741331717,159.34683544303797,23.7460980695752,46_genuine_original_46_2.png,46,genuine
1.9021856278379585,3.9335261073794054,6.19136071643934,6.332963663978092,12.595815157599286,8.299744963011182,-13.844642358278147,166.9677083333333,0.9629516099265822,0.9622714097765219,0.7090353857937712,1.3267813251513743,157.15364308342134,24.353502377872065,46_genuine_original_46_20.png,46,genuine
1.8592236533552218,3.8116851168318155,6.026765524586733,6.132873058491867,12.212830182475052,8.048101404336535,13.81146269211276,140.51017156862744,0.9667944891855202,0.9662081778562254,0.7021204873070119,0.5225225220517815,161.28047337278107,23.775939501609653,46_genuine_original_46_21.png,46,genuine
1.8248115688883821,3.7796327997968486,5.857661224538369,6.035116455546062,11.981507623974446,7.925210828524335,14.466356112194884,162.27313112745102,0.9667643114636286,0.9660395635279254,0.7070706911485171,0.974477957106174,153.71797884841362,25.160853029550502,46_genuine_original_46_22.png,46,genuine
1.981457731054347,4.109522789358609,6.299533919512558,6.474740505562112,12.861903037366195,8.529691886232909,-14.828541973281745,161.26017156862744,0.9626542650912857,0.9619036921205872,0.730001015829849,1.427499998215625,156.5005149330587,24.998223412519096,46_genuine_original_46_23.png,46,genuine
1.941368871763125,4.012609106843829,6.062602165371268,6.210376750126446,12.346895738761148,8.21699126931846,-14.28011989356731,148.13226102941175,0.9680682396338472,0.9673111027114029,0.6907819805672737,0.9492753611723728,158.5365551425031,24.75497450724089,46_genuine_original_46_24.png,46,genuine
1.875852119507557,3.875280263072081,5.962643796744265,6.105265430945163,12.139262373396193,8.042976156361833,-13.994301381867073,191.23158700980395,0.9617529511048671,0.9610154989410867,0.6827784129734037,0.671304347242344,155.31633714880334,24.35622370569024,46_genuine_original_46_3.png,46,genuine
1.888111738457032,3.8751675609177316,5.981666943161697,6.145538846555897,12.209157315142477,8.08354238526255,14.281330396405362,173.70287990196076,0.9667744178936476,0.9662695028720775,0.6484050418399552,0.782988003508192,157.75229357798165,25.346946433767094,46_genuine_original_46_4.png,46,genuine
1.8898428846596158,3.960698107670998,6.047564934191738,6.247392078219713,12.395619477018005,8.228305170609053,-13.626412313463662,152.4941329656863,0.9646400912178698,0.963895077964664,0.7083612662016717,1.3167938914544608,159.74574409665018,23.585395563022097,46_genuine_original_46_5.png,46,genuine
1.8923663131027415,3.8698617236334933,5.972487402008472,6.111109141388485,12.152920159060006,8.047381069996577,14.268604446052795,166.5895526960784,0.9681371226594065,0.9676940635551562,0.6642634252198569,0.6180698145605033,155.0970812182741,23.379784135049782,46_genuine_original_46_6.png,46,genuine
1.910694549958087,3.9085646117963666,6.058302790439458,6.18684557964789,12.309419767162215,8.141193227570689,-16.28139109799033,168.83075980392152,0.9655966930957446,0.9649367483868991,0.6814623649359771,0.8785249448172181,156.72748267898385,24.229695814269096,46_genuine_original_46_7.png,46,genuine
1.9183914916539513,3.9461577402480357,6.123507983028965,6.229751764257809,12.406400232109908,8.204538005927997,14.440079242064257,164.03458946078433,0.9640937591720266,0.9632823546272657,0.7004657071006359,0.7566793885909547,158.08039109179794,24.098522453060237,46_genuine_original_46_8.png,46,genuine
1.8665112193853675,3.872045350644528,6.06326506057575,6.20302753234383,12.336180731148,8.145661899882013,-14.585056125882353,181.72797181372547,0.9647209627045689,0.9640942903012426,0.6833575353333041,0.6585820889378897,153.6923509561305,23.575486257780092,46_genuine_original_46_9.png,46,genuine
1.8308314860730917,3.803079974497272,6.768144894761588,7.138151435289823,14.09156998325795,9.201158789411856,15.543822290622565,155.80364583333338,0.9645812946851261,0.9638953333437784,0.6783589734998953,0.218081435322235,162.63059490084987,25.655476670985827,47_genuine_original_47_1.png,47,genuine
1.8474772308178453,3.8540230860715075,7.329523751358485,8.210307522928506,16.236721319205895,10.30361216968052,-16.05982671467919,175.4550551470588,0.9633379996202678,0.9626393602376154,0.6672459109771858,3.2600472736169097,159.29078801331855,25.364661495162178,47_genuine_original_47_10.png,47,genuine
1.9194194474312964,4.049330940736572,7.026938249498229,7.1204651451562775,14.20189869952931,9.21360402182543,-14.922256550042473,203.74664522058822,0.9552490272221561,0.954291183996069,0.687822924539914,1.0989729214762156,159.37989323843416,25.470357930046593,47_genuine_original_47_11.png,47,genuine
1.7786864919861562,3.711270222686478,6.8162323756133825,7.143362929817,14.124836913435066,9.112292147552745,15.180195490980985,154.81786151960787,0.9668637139756695,0.9663462578291503,0.6501480264928476,0.23323170713930508,162.54820766378245,25.27789601750574,47_genuine_original_47_12.png,47,genuine
1.8302071614744992,3.8490576631363282,6.740554612722232,7.9474913959493625,15.740132525832013,10.562882894602167,-15.320931736911717,132.27616421568624,0.9641609117826255,0.9633748355977566,0.6510426336747609,0.6884615377995561,173.59339407744875,24.435677305576952,47_genuine_original_47_13.png,47,genuine
1.8428623571470142,3.882634452156334,6.6498926275076835,7.939663274723921,16.017485121566132,11.059873043627029,-15.240420271231065,134.45778186274507,0.9627451774984357,0.9621037599645212,0.6329339999344465,0.2634560904649744,175.47533632286996,23.491112177678733,47_genuine_original_47_14.png,47,genuine
1.906389034228622,4.0771372794865295,6.941800961403554,8.743497881997664,16.92210217418344,-10.976049387702682,16.638120798839385,174.04779411764707,0.9570477083901034,0.9561452635415388,0.6392527124632797,0.7023712177413154,169.94140249759846,23.836890208761442,47_genuine_original_47_15.png,47,genuine
1.8275449717993402,3.863789733412117,6.741776736441444,8.139908427188047,-15.62940078943814,-10.075473557553952,15.929458657816573,159.1698223039216,0.9622663512685454,0.9614907068857044,0.6573041453526703,0.6362023064452508,166.529284164859,24.85316334233905,47_genuine_original_47_16.png,47,genuine
1.8821862163337983,3.9837561553503327,6.956791114098709,7.359629328879792,14.557668148313086,9.460577069061774,-14.905729197314711,149.19666053921566,0.9619418970790214,0.9612458296084875,0.6628212873118562,0.4015209122421894,169.072707542051,25.719302192271616,47_genuine_original_47_17.png,47,genuine
1.8503397529016095,3.968919004505259,6.773616166283925,7.726332647731741,14.995652939481925,10.134555416726172,-15.510991047245348,151.1318780637255,0.9631240384847293,0.9625019192759219,0.6395770104949934,0.6909090902479338,169.4980192416525,25.184635040900957,47_genuine_original_47_18.png,47,genuine
1.836057029314314,3.88286881776989,6.686248543888789,8.244586509286309,15.908840797945453,10.412819760376308,-15.821017284301051,148.1122242647059,0.9612849612295362,0.9605258235814027,0.6542591316145453,0.31947331925192424,171.11186974789916,23.74863078476529,47_genuine_original_47_19.png,47,genuine
1.8651156215271891,3.8935911125130813,6.934601065081272,7.414356340768532,14.589777788536615,9.628682894624161,15.77048632064907,147.15347732843134,0.9671928874356873,0.9666985596981662,0.6562010755211725,0.14881380291242716,163.7947434292866,25.094697691310742,47_genuine_original_47_2.png,47,genuine
1.8468650950609926,3.9088210027534096,6.861376180152425,7.994993311710457,15.451090170056087,-11.33764717700107,15.882465446822676,137.26295955882352,0.9645943953965239,0.9637883158386197,0.6711534934327338,0.8563829778123585,169.13295128939828,25.129522989381336,47_genuine_original_47_20.png,47,genuine
1.9862738102318005,4.287029984884777,7.307653279177003,7.729196043258793,15.398774875279406,9.959946270716989,-15.39749840522347,218.99169730392163,0.9486665352737014,0.9476595541357364,0.6630728137160569,0.4508670517625046,164.73745019920318,24.90752602051555,47_genuine_original_47_21.png,47,genuine
1.799266955293796,3.86881019924002,6.860633908639488,8.111832265291888,-15.752505941211112,10.047396901026966,-15.744724467536146,160.1623161764706,0.9623140611940422,0.9616595108911551,0.6262302948203703,0.7741617349367241,169.07615341856587,24.92809634137599,47_genuine_original_47_22.png,47,genuine
1.859113889980648,3.952984312164081,6.678506840324348,9.067202851199912,-17.039878185059028,-11.489563902171415,-17.156826671793553,176.07395833333337,0.9609834865129687,0.9603879452767284,0.6517060241344528,0.3223314604478009,163.49707912904938,25.216836946879923,47_genuine_original_47_23.png,47,genuine
1.9614289462150287,4.218904820330893,6.754369832746782,7.211611771746766,14.238959023390166,9.504053743440377,14.561302173280541,183.29002757352941,0.9540150215174729,0.9531585895980587,0.656819736344698,1.3775185563334904,168.61239964317573,24.572002511887597,47_genuine_original_47_24.png,47,genuine
1.7979415120030935,3.741819044288337,6.74642344351314,6.945070199715531,13.790830921582991,8.884353948657342,-15.887689774795959,152.931724877451,0.9654831470083833,0.9649523959634198,0.6605063966493578,0.7101010093837363,163.96810395747195,26.09012818871433,47_genuine_original_47_3.png,47,genuine
1.831485119876452,3.804936172522073,6.744549139836178,7.061388998409447,13.964421341860508,9.093645939336298,-15.73215309015933,155.85813419117645,0.9651793758044175,0.9645387003284464,0.6712324398024834,0.21282593360618327,162.3794305636258,25.293526487738138,47_genuine_original_47_4.png,47,genuine
1.8715877269948211,3.9066078376837132,6.865883212810912,7.342456611927444,14.450433572643078,9.55794811495345,15.32661022920943,147.76841299019608,0.9665101327617224,0.9659172935865605,0.6637703976029186,0.643999999356,163.85401459854015,25.043963333601464,47_genuine_original_47_5.png,47,genuine
1.8209586609998616,3.802669595944783,7.070159168425197,8.761371504163165,-16.682625234404046,10.677347981673117,17.478529776983095,175.0105545343137,0.961729830713298,0.9610618148427446,0.6366087541158051,0.31837606814930475,164.67855213398164,23.842583636135018,47_genuine_original_47_6.png,47,genuine
1.8985385848963947,3.974394921507394,7.41334830687574,8.286613295197279,16.1696265951233,10.680132431977048,-16.56180745795309,197.38569240196085,0.9582291124138241,0.9573087379397902,0.67744790367502,1.035087718289388,158.89846743295018,25.19586563626693,47_genuine_original_47_7.png,47,genuine
1.834711880132644,3.8592354858721145,6.960642191000187,7.2703189787281115,14.462315430756707,9.326152043586287,-14.64943665498454,163.97005208333334,0.9627597678309004,0.9620573032392208,0.6749923386623854,0.4979625097816116,162.37867247007617,24.986290516962615,47_genuine_original_47_8.png,47,genuine
1.8653214968836784,3.9212013989131864,7.443533060875294,8.033667744146635,-16.21403324258009,10.017784604114082,-15.802697911216272,195.89313725490197,0.9600671220158206,0.959254145764123,0.6736467487134534,0.16823529401868512,157.32426988922458,24.950415784721567,47_genuine_original_47_9.png,47,genuine
1.9148972451610593,3.9008293554718665,6.917158751679485,6.854635059102847,13.742692481118734,8.884545126796251,14.742709678719532,259.87426470588235,0.9573164229793887,0.956496617082076,0.6776619932430132,7.848360623572293,145.95553496989348,26.53727251424282,48_genuine_original_48_1.png,48,genuine
1.8782550874784305,3.8683100287369876,6.716676176113849,7.1096337924545505,14.034699837561046,9.678250915930075,-14.659119021532613,294.53339460784315,0.9556525968284796,0.9547656156714975,0.6963560003409773,4.853846141400394,137.67761717038985,26.49153557193324,48_genuine_original_48_10.png,48,genuine
1.9260080143360498,3.9166685562899914,7.237362991199026,7.097096639433591,14.269720012360242,9.166688060057353,15.06945714849601,258.4307904411765,0.9578886182460337,0.9569559650878385,0.7071791048460369,12.948717865713347,141.07215073529412,26.8815627446569,48_genuine_original_48_11.png,48,genuine
1.931446444867517,3.9090169879119725,7.254771267869552,7.147503802208314,14.349767323375632,9.143924255102984,15.491814724730174,250.0043198529412,0.957697234115824,0.9568947801711575,0.6879105538315292,7.2807692027662725,146.23594983743612,26.742741808297424,48_genuine_original_48_12.png,48,genuine
1.9466793024691547,3.970624160125084,7.291141876395826,7.6040708148824026,15.051993353842487,10.0381664226418,-16.4702360498241,244.47449448529406,0.9581164142319778,0.9573849347850893,0.6996370347197293,7.286821677182862,144.96164639850326,26.788406723824863,48_genuine_original_48_13.png,48,genuine
1.9881309062928534,4.0279157776411045,6.966174308193633,6.788047640867306,13.665450214416524,8.823046727881763,15.10128852730051,204.88618259803923,0.9607385860297283,0.9598511478090331,0.7161575429834581,2.5592920308685096,148.81849825957235,28.123924384004578,48_genuine_original_48_14.png,48,genuine
2.0522881620452544,4.150968210306867,7.870678972450439,7.775263257882527,15.599750703615328,9.910349634313256,16.67697231016071,231.6293198529412,0.9544971895705843,0.9531265215210879,0.7489733545154965,10.209302278096269,144.41908713692945,26.838944284137057,48_genuine_original_48_15.png,48,genuine
1.9689279699583755,4.034787869173642,7.196180949206472,7.423362551518496,14.734332021717337,9.776920247321053,15.862932423206725,273.42363664215685,0.9539866735653543,0.9528661481824331,0.7204732003180014,6.833333311002179,140.4726741760534,26.20790293250373,48_genuine_original_48_16.png,48,genuine
1.9989662553759293,4.064136746953517,7.428794889172944,7.824741678295276,15.47668030984656,10.417634769963941,-15.931906132704592,241.41390931372553,0.9574605855330581,0.9564198733584913,0.720904014063546,6.826855099551749,143.26410835214446,26.284160802293282,48_genuine_original_48_17.png,48,genuine
2.000322784860047,4.0607483898656245,7.493469687428599,7.260820705653243,14.64181037805114,9.336390995925848,15.515843892976449,258.61738664215693,0.9548915337934868,0.9538770881726317,0.7323098396600956,8.61382110319585,140.384778012685,26.448288945870434,48_genuine_original_48_18.png,48,genuine
1.952869546782894,3.971009827802331,7.327060501234451,7.834929241486132,15.469783405052137,10.969419173831636,-15.745044264887362,248.8902726715687,0.957570916132875,0.956603634869223,0.7349019681773019,6.549152520172364,138.4782218230804,25.697924780311684,48_genuine_original_48_19.png,48,genuine
1.8991533671188359,3.854595525655883,7.223652471283095,7.237400459059395,14.470001664817428,9.294733767116185,15.478858724954218,255.68121936274514,0.957850571556518,0.9571552391774045,0.686775283716439,7.924686159310936,144.5030473511486,26.242684602903566,48_genuine_original_48_2.png,48,genuine
1.9163963751159465,3.8997189388232205,7.153092458649099,7.462137463063812,14.77473873383954,9.828588131842105,-15.591728331819581,242.3963082107843,0.9609091638029197,0.9599123246981358,0.7026541503755841,2.7232472274478834,141.3493557978196,25.9307676263936,48_genuine_original_48_20.png,48,genuine
1.9421382820258872,3.9305199488539198,7.432717365584159,7.607942462152355,15.129312512327905,9.779891819289128,-16.28862426627495,231.94267769607845,0.9601245192306511,0.9591923302109039,0.7216682761280945,7.673640135256736,141.7732754462132,26.755953748712486,48_genuine_original_48_21.png,48,genuine
1.9819350321527973,4.022031692055705,7.366784258189104,7.4856004183930125,14.911908588884724,9.675150123661746,16.5483131743161,256.7144914215686,0.9586899013293024,0.9575992424765513,0.7272147079612654,6.8868612887340825,136.93058769088384,27.117680950892318,48_genuine_original_48_22.png,48,genuine
1.9395607755801443,3.9936058248565285,6.846529150314981,7.401318032850273,14.582327225757933,-10.96835619362221,-14.843273353750552,256.04096200980393,0.9580995483205522,0.9570938742883585,0.707012306941943,4.923287657744417,141.26734505087882,26.247536112379606,48_genuine_original_48_23.png,48,genuine
1.9491651447883358,3.953592871220595,6.979330346746536,6.875720386893054,13.803573295914335,8.884370023771393,15.214153030199633,210.66000306372547,0.9599361805282632,0.9590698719907832,0.7074673060885107,6.602941152195069,150.20502901353964,27.076589805981882,48_genuine_original_48_24.png,48,genuine
1.9020290910889472,3.8513777931307365,7.190366002189732,7.255667138350203,14.47875137133448,9.298762193481963,16.231919989093832,259.84122242647055,0.959994951153991,0.9591465412388039,0.6811528331838549,0.18746338594759027,141.61716822890972,26.215859679587645,48_genuine_original_48_3.png,48,genuine
1.9361843788294013,3.9688733828338134,7.16378902348546,7.578309727806807,14.955385964186442,10.274184069460954,-15.730697143907104,299.3349724264706,0.9541920096160433,0.9532951167399154,0.6995509747740021,0.69025270708285,137.95002135839385,26.19761225508875,48_genuine_original_48_4.png,48,genuine
1.9005865139942244,3.8568082576786646,6.960459615279186,6.821701214627212,13.714068617503907,8.791634850389507,14.827014727687319,244.61078431372553,0.9599491023436266,0.9590392192994557,0.7138887434796679,2.3392568621336722,140.02709240445088,26.496327782963988,48_genuine_original_48_5.png,48,genuine
1.9213783621274894,3.916900506831122,7.156878572188403,7.063520003764893,14.178506518384065,9.11691684490672,15.004443671008742,297.44937193627453,0.9542257313742265,0.953111274871378,0.7080166564289855,6.763934404052674,137.1418918918919,25.838214192102388,48_genuine_original_48_6.png,48,genuine
1.9438207818919868,4.0334048978482455,6.810434011936485,8.149861729631667,16.232326118974576,-10.243921733718292,-15.644006871170733,369.92757352941175,0.94671626922464,0.9456212769227874,0.6808910011443433,4.814583323302951,136.1762809029022,25.968363119819728,48_genuine_original_48_7.png,48,genuine
1.9928181641707414,4.070020694593762,7.1411765857838425,7.371454800268317,14.631093258839472,9.65749531684558,-15.53705706613098,315.8546721813726,0.9504143857693661,0.9492666503730598,0.7034728246632372,7.5033333083222225,138.7828302626421,25.79004642675998,48_genuine_original_48_8.png,48,genuine
1.9532626788141254,3.9687508925110087,7.512136018368758,7.724681622208358,15.344733502632895,10.010110605920213,-16.404461882920174,303.7927696078432,0.9534399769340881,0.9525905996968502,0.6786834866350024,7.80149809812173,141.58936170212766,27.248007805705903,48_genuine_original_48_9.png,48,genuine
2.0364415984555952,4.881724017113303,6.375270205505703,8.192742202956914,-15.512381512121589,-10.64759461166285,15.886771702558688,226.559375,0.9534704531252723,0.9521464498424749,0.7274058861515063,2.850318466798856,149.84491315136475,23.898157596132016,49_genuine_original_49_1.png,49,genuine
1.9901847767320553,4.553494654114653,6.445579234151511,7.747985743588807,-14.848233941426791,-10.0498891679759,-15.744979894982528,197.05778186274512,0.9663801136585736,0.9656568178392531,0.6562073234975859,0.6379821952146566,150.30314009661836,24.78404094961044,49_genuine_original_49_10.png,49,genuine
1.9888418149046743,4.80701689992232,6.277882690847949,7.800198953324511,15.32677792280478,-10.470528324400233,14.863548371137764,181.68903186274514,0.965938679571805,0.9653811153328967,0.6538211028500935,0.600574712068415,155.39198084979054,24.16720941890436,49_genuine_original_49_11.png,49,genuine
1.9721678697755152,4.557436300592797,6.237530375862751,7.568342831479952,14.572294569060745,-10.691825292847856,14.68601648099073,201.81170343137254,0.9602842960781806,0.9590701675580446,0.707621706522218,0.2655472635164507,150.86683046683046,23.776486961166103,49_genuine_original_49_12.png,49,genuine
1.9941458661523797,4.5048756636907825,6.369552000921466,7.752083465007329,-15.745394189504779,-10.163908287731198,14.81588485274341,170.24267769607843,0.9592746402224418,0.9581205610719347,0.7136885235787822,3.076171868991852,159.97891710589363,23.645370213047105,49_genuine_original_49_13.png,49,genuine
2.0191584302711276,4.481758175545286,6.5634806235106335,7.871469677595912,-15.170223806273052,-10.19634184030667,-15.341706208978504,170.88229166666667,0.9609555156627935,0.9600813187175421,0.6821365414415159,0.7027027020900586,161.58064516129033,22.77352992684214,49_genuine_original_49_14.png,49,genuine
1.9724172894359797,4.383150916528792,6.4381858255792,7.525561979748946,-14.639769072021394,-9.769045050909533,14.677795330443619,186.88383884803923,0.9608646658650303,0.9599894241005651,0.6715388790620617,0.7721057422314441,158.56687242798353,23.0527810310071,49_genuine_original_49_15.png,49,genuine
1.952825317312405,4.470276069560907,6.368620827731104,7.294093617622116,-14.148147811523165,-9.553930911507402,-14.627093690663209,194.93860294117653,0.9607952292194604,0.959851492336448,0.6731063549059201,1.5986754945712907,156.66004077471968,23.251080967458698,49_genuine_original_49_16.png,49,genuine
1.9725455257687872,4.595691109323031,6.3336218010035505,7.655655614921793,-14.768748083598778,-9.967098960456736,14.838438225429561,194.46204044117647,0.9599325432816023,0.9589630656232244,0.6646242686936286,2.9368836233986517,159.16933867735472,24.064987617315953,49_genuine_original_49_17.png,49,genuine
1.9487023117319382,4.465171059045025,6.229749285111786,7.55197665987952,-14.569953815780137,-9.935851695725729,-14.619585247909889,182.18832720588236,0.9663404518828546,0.9656261929547514,0.6504768774361245,3.289405676254766,155.41686746987952,24.176354171599748,49_genuine_original_49_18.png,49,genuine
1.9778646622740828,4.409263433378892,6.687773921920275,7.592147744408592,15.35550122621923,12.53726050643992,-14.744772594728246,190.53612132352944,0.9608763444599596,0.9600965086959923,0.6763549795659577,1.4898218810562063,157.37046499744508,23.94212930986011,49_genuine_original_49_19.png,49,genuine
2.063669691736258,4.803962266515314,6.497363057321715,7.993610032409367,-15.24687613620427,-10.40568145386872,15.965874414240453,216.1574142156863,0.9560395605859401,0.9546585057721748,0.7333975863536264,2.718446597542967,148.58485639686685,24.301718493949902,49_genuine_original_49_2.png,49,genuine
1.9750987781924287,4.5693154629203905,6.519844124010914,7.576038890562912,-14.946852730305599,-10.117837802594119,-14.679631368243452,213.69950980392156,0.9550629742948822,0.9541226900173,0.6931233020215214,1.610854501604094,155.95046439628484,24.121380108394515,49_genuine_original_49_20.png,49,genuine
2.0386358159940845,4.862797519590586,6.526655945704356,8.062228038470552,-15.362694538254981,-10.59003338665181,-16.13809169618028,262.8159926470588,0.9493963940049397,0.9479956520291547,0.7077069943157729,0.7130606855454744,149.02810935695032,22.75036504648956,49_genuine_original_49_21.png,49,genuine
1.9527081633507934,4.6016032110188005,6.294389855946243,7.38483218076728,-14.507076616993462,-9.73220385398624,14.293408203416998,197.2673713235294,0.9602767626142673,0.9593000120357524,0.6855246814134888,1.909752544527289,155.2191095547774,24.313670893216756,49_genuine_original_49_22.png,49,genuine
1.96369017114634,4.613701249201544,6.2355900418458905,7.1213821811344715,14.553908396965634,-9.843617517235915,13.806715337277469,186.6159007352941,0.9606342422275632,0.9598361285671659,0.6877548993798362,1.6898907080739198,157.18740477399695,25.07224551155255,49_genuine_original_49_23.png,49,genuine
1.9483297691387733,4.5865416285423,6.087122190002997,7.59941342410878,-14.659244939395897,-9.920968478232437,14.542621599189646,143.54065563725496,0.9651414970783866,0.9643857060051625,0.6855041715812662,0.42857142821752975,163.78381502890173,22.61230350580449,49_genuine_original_49_24.png,49,genuine
2.049837407110958,4.872372854090701,6.490183890695834,8.98161503522561,-16.86709622011756,-11.42189269571304,16.868966800360287,191.17527573529412,0.9586709714801802,0.9575077366088744,0.7308383230904917,3.316430013556937,151.77443609022558,24.2089677789576,49_genuine_original_49_3.png,49,genuine
2.066339332502376,4.74706134978027,6.599496831068153,8.174291448219407,-15.755210140572423,-10.796348550483,-15.67547063269681,214.78740808823522,0.9539113716688506,0.9524834206846103,0.7350989970095198,2.8794212172356572,150.95855781185247,23.307951681690422,49_genuine_original_49_4.png,49,genuine
2.029721516140612,4.776414805355181,6.384759694554059,7.882619360789671,-15.352093540688372,-10.659998469669686,-15.068328436787946,207.52628676470587,0.9546866138507368,0.9533106222947494,0.7263850399603918,3.4146341399350204,153.29451763705907,23.451017748428516,49_genuine_original_49_5.png,49,genuine
2.03586445598811,4.776080526769443,6.485854245969987,7.994791842237527,15.874955914786396,-10.596190698650595,15.246829672899903,222.16004901960787,0.9538187045773416,0.9524835098694087,0.7329979770030262,2.990016633960039,149.38949124270226,24.114442662966585,49_genuine_original_49_6.png,49,genuine
1.9529725941834069,4.38998032658418,6.309554338369049,7.709398684093549,15.464224862035842,-11.349186248050682,-14.726006462925962,195.30536151960786,0.9626262243125688,0.9616894766922313,0.6928596378662838,0.4988066821807425,151.48089171974522,24.690894942219558,49_genuine_original_49_7.png,49,genuine
1.9226143014653059,4.364805999288469,6.23033510597591,7.6992017656511225,-15.03017022563685,-10.254152093386947,-14.70844002853467,183.40643382352943,0.9612193907012079,0.960402944099843,0.6835965594989597,0.48236196282027455,157.46404552509054,23.587754843644767,49_genuine_original_49_8.png,49,genuine
2.0097535702192584,4.653801929037259,6.480430729878083,7.672782773405584,-14.767376927216269,-9.999723820950852,15.29921408225456,221.31933210784314,0.956482607505996,0.9555624849617972,0.6975431038611567,0.8970588227534092,151.68490652074783,23.990871405802977,49_genuine_original_49_9.png,49,genuine
2.0557492621868696,4.176267933260835,8.63692974512398,8.619880549223355,17.260474947022047,10.743003091254867,-17.879740467483654,155.26623774509804,0.9538179666521842,0.9520233684656951,0.8210210691791848,0.8913994162599129,151.278612716763,24.106344059071414,4_genuine_original_4_1.png,4,genuine
1.9626592608978783,3.967924274036922,8.038617288014692,8.001619346914515,16.02359493492761,10.003399421500468,-17.05660520958336,116.71023284313728,0.9625962567267528,0.9613366508009663,0.8192723890021288,0.7785349226758645,155.9712643678161,24.53420744966063,4_genuine_original_4_10.png,4,genuine
2.0135618934369606,4.07231003208156,8.203356580835797,8.161882870271329,16.344910884408222,10.221166390006811,-17.707600247823844,144.51819852941176,0.9574561028060387,0.9556382899106127,0.8289433127196989,2414.9975850024152,149.1899834437086,25.150275148911412,4_genuine_original_4_11.png,4,genuine
2.026479978529402,4.121730536278987,8.746016159776023,8.80637842841518,17.613757151215108,10.940830284734062,-18.01940905817915,166.25551470588235,0.9547557849400007,0.9535093824952184,0.7911451887549443,1.028925618984359,153.0378818737271,24.04628494271262,4_genuine_original_4_12.png,4,genuine
1.9562746345825912,3.944805409320497,7.974257892611957,7.931258171810748,15.884536498178084,9.91409481290417,-17.19452898303924,126.51636029411767,0.9624023820353982,0.9608464618196556,0.8162253111308062,1.0317002871933714,153.25390070921986,24.646384754660772,4_genuine_original_4_13.png,4,genuine
2.0528766430974668,4.156157669194264,8.508254989814803,8.669808737181707,17.260226735516124,10.844917205992115,-18.357007718080137,133.41283700980395,0.9581543866233868,0.9562356622986848,0.8368832687033456,1.954433495130008,150.37265527303043,24.15488481175685,4_genuine_original_4_14.png,4,genuine
1.9888558756017654,4.021553029675563,8.151919632257922,8.008692409124915,16.08912846599503,10.021513501933784,-17.700408503148495,134.5209558823529,0.9599754901058251,0.9582576472405866,0.8356686379175488,0.8500810365882648,148.11695137976346,26.05731556116013,4_genuine_original_4_15.png,4,genuine
2.000506973318898,4.046314740981129,7.875518487144909,7.837872086823045,15.695757078216534,9.872825311191061,-16.825819576612968,140.4807291666667,0.9589089238171066,0.9572006648480033,0.8312591748718935,0.6976069610604735,148.59077317385731,26.283148844021863,4_genuine_original_4_16.png,4,genuine
1.9537570142712237,3.941116789864375,8.41671403261414,8.203064684378292,16.514158506774468,10.174118758827346,-17.641536260315384,115.54454656862747,0.960941450504251,0.9594064958852325,0.841314778709097,0.7262180968861421,153.42249103942652,26.130741990017132,4_genuine_original_4_17.png,4,genuine
1.9581264981574724,3.9537664094427036,8.931515806463697,8.65326593138047,17.447968619740614,10.65022851651014,18.433211886806287,128.62726715686276,0.9622480785059463,0.9608464310476171,0.8230575847692149,0.7651956696376389,150.74103773584906,25.98601610261505,4_genuine_original_4_18.png,4,genuine
1.925018226336333,3.887317266060115,8.200489344891794,8.985997208210085,17.806629206101526,-11.614070445968231,17.673095273641692,109.0927236519608,0.9685552934457213,0.9674944928564572,0.8121761032064253,0.1505588427675484,152.44685714285714,24.471167380809437,4_genuine_original_4_19.png,4,genuine
2.0084450185384726,4.073999882309586,9.146356855407797,8.735910905607234,17.72138176304983,10.776936828982192,-18.04383032880758,132.55419730392157,0.9585559193049782,0.9569097658189956,0.8188342669336863,0.6913580241892824,154.76685272649206,23.78792446553614,4_genuine_original_4_2.png,4,genuine
1.9983178600586515,4.040181624167631,8.263807894242847,9.340808027355195,-18.150558242502644,-11.393780369025151,-18.87935139117722,115.3581801470588,0.9593217860886586,0.9576602531291496,0.844719041480617,1.155124652673015,154.0248500428449,23.615679644321116,4_genuine_original_4_20.png,4,genuine
1.90932252716298,3.852322173934553,7.845077248041977,7.721056618353817,15.504504101612147,9.649430366629607,-16.882485058988756,116.57264093137255,0.9656358131406397,0.96420102086,0.8382949969201711,0.9341199597501278,146.9532282663955,25.29968518907394,4_genuine_original_4_21.png,4,genuine
1.908428142534344,3.8489638159985375,7.749128635137067,7.723391885921921,15.459755686309778,9.65050616298454,-17.12052728886064,107.82478553921571,0.9712311281764023,0.9700985848666488,0.8006202453813962,0.0,151.6307210031348,25.35334612370214,4_genuine_original_4_22.png,4,genuine
1.9626763360279584,3.955958656286308,7.654659642330336,7.584216899897682,15.203703820326417,9.562316548618412,-17.028518289443298,106.39001225490198,0.9691946434972335,0.9679387011303281,0.8181676099292937,3.415816317816795,151.66435586366262,25.251090209395322,4_genuine_original_4_23.png,4,genuine
1.9745317393555835,3.9965643030907168,8.540320396558846,8.334405582200933,16.77417399338268,10.337728293909928,-17.750751708589853,145.46660539215685,0.9604958555538629,0.9589776383834195,0.8118115166362537,2.9446428518845664,149.15255771842462,24.43316275687018,4_genuine_original_4_24.png,4,genuine
1.9494349631781118,3.9434906706611788,7.725450547693009,7.642222082046554,15.326447737619722,9.614577215831947,-16.69946529142725,135.6538909313726,0.9609375340481676,0.9594985178056473,0.8150835467135988,0.7779591830384006,151.3953168044077,24.860110290767985,4_genuine_original_4_3.png,4,genuine
2.0325591195838375,4.125670799275019,8.715340508269076,9.408880873151823,18.47105658628559,11.480860729959188,20.23286965213134,152.1359068627451,0.9546680179445526,0.9529730409262682,0.8198312986331036,0.7830056174276645,151.7026388341867,24.4932130226885,4_genuine_original_4_4.png,4,genuine
1.9416447507956796,3.9328513883977827,8.28500378333259,8.047749387973981,16.227351785563155,10.023481050777562,-16.828371302546287,128.04908088235294,0.9620464796850283,0.9608159168506045,0.8085153371221913,0.6733386703976472,154.20334928229664,24.67432441695265,4_genuine_original_4_5.png,4,genuine
1.9419474967432324,3.929725351529992,8.454154176509089,8.386203074318978,16.81910680603663,10.393603928339138,-17.428759630917746,139.59626225490197,0.9612973545192088,0.9601112587414667,0.8031335194933864,0.8193493143669953,151.99105882352941,25.024024504629637,4_genuine_original_4_6.png,4,genuine
1.9852498417056768,4.019522985900723,7.954642109126767,8.31230331159339,16.446210634111225,10.332304876342322,-17.795319514087563,130.65830269607847,0.9599057391102698,0.9584109253087264,0.817426745743812,0.8249185661034865,154.24185631414548,24.89340876687415,4_genuine_original_4_7.png,4,genuine
1.9546269629686137,3.9481771150986127,9.445964911028321,8.779968021988912,17.942198280470745,10.7548196416011,-18.239214140326947,113.84025735294118,0.9634567686310708,0.9618267872741947,0.8299300292042808,0.8212094646615166,153.7555341674687,24.289279741769885,4_genuine_original_4_8.png,4,genuine
1.9198981233492847,3.8745180638133907,8.223361303323228,8.25804477025956,16.501924574335693,10.25392920115886,-17.4177187112738,114.00101102941176,0.9662570594422586,0.9651354938236361,0.8202679428435192,3.451536634866344,151.51725969198088,24.390653480297928,4_genuine_original_4_9.png,4,genuine
1.831660851632057,3.9188919047443753,5.98065873921098,6.558164484379616,12.844263071632108,8.596433816273162,13.393054500196756,83.76902573529414,0.9765724458291619,0.9755211916908135,0.8079930215567978,1.3415929179794817,152.95691609977325,23.868380336913287,50_genuine_original_50_1.png,50,genuine
1.8563549207074816,3.899671250160735,6.367978987548194,6.950237729590077,13.635497771782594,9.009490608152042,14.081918046651042,91.66485906862745,0.9764947224505494,0.9755518839582451,0.7844601994975806,0.9210134114440933,153.44918541505044,25.69032808384536,50_genuine_original_50_10.png,50,genuine
1.7724134034762071,3.712170828463538,6.0777584872731145,6.708649290856171,13.167196933542606,8.82075497304701,13.39448149329343,80.4611519607843,0.9792486378280165,0.9784010912776571,0.7568533892304119,1.7542997499894355,159.10526315789474,24.44078534655261,50_genuine_original_50_11.png,50,genuine
1.9106004829224694,4.100115826433183,6.040082866347615,6.409327128617547,12.63771935232992,8.473916793357647,13.520900395997867,94.5216299019608,0.9736837224061664,0.9725648244747412,0.7973291349881093,0.9141742510868995,155.16032608695653,24.459679596851302,50_genuine_original_50_12.png,50,genuine
1.8008799022226702,3.785064964042758,6.16178166398003,6.779540335839961,13.278519651904583,8.783493293265582,13.706550084988075,74.54368872549021,0.9786693522518847,0.977834295788861,0.7999270992476936,0.6633802807558025,155.32430143945808,23.4955594656768,50_genuine_original_50_13.png,50,genuine
1.76906956525024,3.744533457004452,5.730180347074432,6.138384249491531,12.072861105041817,8.029541459727886,13.596617248133505,70.52604166666667,0.9792423466342056,0.9782938934864549,0.7664472583060197,0.12662013945501482,163.70530973451326,23.206019743542686,50_genuine_original_50_14.png,50,genuine
1.8277107236744334,3.834570943360585,5.998635748945999,6.29394814966606,12.440933924085158,8.223732944139197,13.688339069415004,71.00275735294116,0.9782550742718584,0.9772368856205328,0.7896481078864112,1.636165573777417,162.002479338843,24.840532602353385,50_genuine_original_50_15.png,50,genuine
1.8217939445203204,3.890888176421677,5.91067896302864,6.411232371546147,12.575116983031828,8.396614558421943,13.508672473821335,79.35646446078432,0.9773944546236113,0.9764556963534742,0.7623795854321836,2.1323155162027594,163.07717303005685,23.760818538371947,50_genuine_original_50_16.png,50,genuine
1.8168840324819866,3.8700225141589844,6.236207124471594,7.4619963958692335,-14.505268362385898,-9.538659752350108,14.425282369464034,87.05350796568626,0.9763495039752397,0.9755825459149895,0.7506423155726786,0.310309278030609,162.49095200629426,24.07056970009056,50_genuine_original_50_17.png,50,genuine
1.9141876664847193,4.177673387800137,6.2527575303105065,6.60368192046947,13.03347069691859,8.700523441479975,14.10324431862332,93.1544117647059,0.9729100846627753,0.9717529867071978,0.8012906457042597,0.9183673457673885,156.11968085106383,24.93678786972865,50_genuine_original_50_18.png,50,genuine
1.8645977925264194,4.027133726331136,6.149400994316672,7.010283876675282,13.72623398124849,9.416593745746109,13.75607289930162,90.71176470588236,0.9754833573973705,0.9744489396976546,0.7934087148532548,2.152777772794496,154.4698972099853,25.043856770815648,50_genuine_original_50_19.png,50,genuine
1.8685050445425568,3.9515985129397686,5.943917414993489,6.262679368288941,12.366314722732735,8.246372945730785,13.770732396550786,91.38635110294118,0.9759857120589979,0.9750923412127321,0.7793786082869837,0.2644230766688239,155.46007604562737,24.067785357390616,50_genuine_original_50_2.png,50,genuine
1.8740826952548115,3.9912851081073963,6.205527133936151,6.703376981340521,13.158933102573334,8.701193702914308,-14.305260949879585,89.85900735294119,0.9744057740266098,0.9731162782691146,0.7697650735903018,0.12943962105016604,162.50314465408806,23.11176224463315,50_genuine_original_50_20.png,50,genuine
1.8728747519593516,4.076629977538586,6.003509936194661,6.330921947136295,12.498878349494289,8.373448934820772,13.732134167324777,101.83949142156862,0.9744342010603527,0.9734993031288579,0.7642795653247488,0.8026143780357982,155.89557650471357,24.78796175309425,50_genuine_original_50_21.png,50,genuine
1.856761529398448,3.9741901637094093,6.0222326543232905,6.439007781141942,12.671921634013136,8.455563034591991,13.658888798118385,88.6583333333333,0.9762385469125981,0.9753221159519636,0.7752869598499941,1.2071307280014758,157.47153846153847,24.15810020108046,50_genuine_original_50_22.png,50,genuine
1.8326529247890524,3.8790477725305648,6.195698938476398,6.645628258033492,13.066406392022953,8.606554477278367,14.70525577680947,88.76683517156863,0.9760335035564932,0.9752149353555751,0.7664177773667135,0.24300867864705042,159.02404965089215,24.55762612984608,50_genuine_original_50_23.png,50,genuine
1.8467084462539318,3.8750270149474737,6.006164996730587,6.231898147129525,12.352200263399519,8.178367202890021,13.467946926383707,66.19356617647061,0.9781387946090717,0.9772215851286443,0.8157638135386466,0.5971128601087757,158.9926047658176,24.300179274472047,50_genuine_original_50_24.png,50,genuine
1.8247528439430023,3.894421832950359,5.787472682379526,6.173762135799036,12.15455958066861,8.124131115809849,13.695167301713678,91.41913296568629,0.9759668501616822,0.9747400298486757,0.7890615421798934,0.09076175033163553,154.30906389301634,24.335193780412794,50_genuine_original_50_3.png,50,genuine
1.8595999668842271,3.9668370343498847,6.162094036326563,6.734306364836502,13.191247764562796,8.761033732704087,13.884454154280434,87.8249693627451,0.9758957559782442,0.9749085456253035,0.7658158873095234,0.5195402292878848,161.01739788199697,24.6062578883567,50_genuine_original_50_4.png,50,genuine
1.8737551827170107,3.963557480392185,6.645766994668383,7.550837747862921,14.730757623640809,9.782924632408182,14.901157668045789,89.47598039215684,0.9760300433574379,0.9751689213219351,0.7783828276823266,1.0862619790954282,156.66309341500767,24.774044133176158,50_genuine_original_50_5.png,50,genuine
1.8393631122565144,3.9515893347152873,5.989252319968952,6.418218075203369,12.623404632940531,8.407139518711723,13.710168109102222,110.81072303921572,0.9740982526197568,0.9733001536061273,0.7554285224362401,1.3401015205751243,153.52133044107015,24.766021797711776,50_genuine_original_50_6.png,50,genuine
1.8252210604553694,3.8764054125604828,5.965914650014979,6.368047949575288,12.535061614383737,8.321236001631169,-14.448384694479742,96.01464460784312,0.9769915167821287,0.97619528917557,0.7479000776260933,0.97119999844608,156.76298701298703,25.110870909448764,50_genuine_original_50_7.png,50,genuine
1.8472992383535913,3.877674787282423,6.256392551545868,6.639728951363615,13.087795936082449,8.593541887581493,-15.358812213488266,86.96571691176472,0.9771508777030622,0.9764097094886632,0.7638975307938228,0.7538896736154319,158.78306451612903,24.901040338981414,50_genuine_original_50_8.png,50,genuine
1.809021549121921,3.812470068474412,5.9332144133530385,6.389470380538729,12.564929432630768,8.373052478451033,13.151344123207442,84.44286151960783,0.9768530228123035,0.9760114404833936,0.7852904421222023,1.5430861692523323,156.64933018124506,25.11924205580965,50_genuine_original_50_9.png,50,genuine
2.126447931453272,4.297779165517535,8.669434228862478,8.644162864033126,17.301213931850118,10.872512679856335,-18.768315748952965,329.51482843137256,0.950439568211282,0.9487301667750562,0.770233876347044,0.5692488259570135,123.00934928945401,28.457034799309227,51_genuine_original_51_1.png,51,genuine
2.0509317135750025,4.142927177748443,7.908108482532979,7.954224690159124,15.88585808612933,10.026036102077809,-17.219431896690566,273.1571537990195,0.9588869704742178,0.9572621466241803,0.7751339500078448,0.8570241056882592,122.57072515666965,28.76009281739846,51_genuine_original_51_10.png,51,genuine
2.1196688083660646,4.309854813747094,8.233309900295879,8.482647235140735,16.853016967874762,10.888499926954104,-17.468613011918315,344.04201899509803,0.9502562635584862,0.9487456422502691,0.7412357987127908,1.2276975350656774,126.813882532418,27.979705341781184,51_genuine_original_51_11.png,51,genuine
2.1021177766729253,4.264429759409828,9.198814089297517,9.853635713855073,-19.550139862156765,-12.08851445744138,19.51226114553207,342.60854779411767,0.9532861679054961,0.9518092091268008,0.7445532014767426,0.3846584544318821,122.27577840679336,27.453139275799927,51_genuine_original_51_12.png,51,genuine
2.1475368348080037,4.350822034860254,9.020746521937044,8.876423028644417,17.82673400266801,11.154284297986672,18.875702092579843,321.97581188725485,0.9516706810286376,0.9498024345340973,0.7697532140464879,0.7483266393920169,123.2687595712098,28.58438603691856,51_genuine_original_51_13.png,51,genuine
2.1066074973662716,4.262474777653676,8.380238728802176,9.377761978926282,-18.30283765724692,-11.509179189669975,-18.616035751174792,271.3425091911765,0.9559078130669239,0.9544283838360972,0.7799300541206973,0.5462783167985253,125.80870657178735,27.85040149622185,51_genuine_original_51_14.png,51,genuine
2.088600633901074,4.2382445666952355,8.51488353719165,8.265294942338294,16.66053404226395,10.389106367583729,-17.470433462924394,350.60191482843135,0.9535729348785925,0.952360827114077,0.7163594149950951,1.603053433366354,125.56849602010892,27.63998571995609,51_genuine_original_51_15.png,51,genuine
2.060845414803332,4.179447197466389,7.854721296563787,8.478056844063802,16.925072648616258,11.051541609612977,16.714165845774783,303.6820618872549,0.9568577621848262,0.955776422690646,0.7392378061034626,0.6498905903356013,126.1949602122016,28.61705623231307,51_genuine_original_51_16.png,51,genuine
2.000189171610777,4.047591030428832,9.712590876962741,9.34052840567136,20.24487176809325,11.473389294358228,18.867469611854435,267.12083333333334,0.9582785079978599,0.9571397107702249,0.7544334473167381,0.42285345356820303,128.994555353902,28.00166846422747,51_genuine_original_51_17.png,51,genuine
2.148345440778843,4.367373034567197,7.968250117393818,8.097039933760978,16.132851919577593,10.379443111491891,-17.049322367324308,391.9304227941177,0.948338658484689,0.9469383483061262,0.7252524127470976,0.19121561659662129,123.43500931098697,27.839229245125832,51_genuine_original_51_18.png,51,genuine
2.0692960123827433,4.197940072744977,8.323728165493135,8.214571238337982,16.483920359151618,10.372657235636893,18.00231464379502,329.38232230392157,0.9541551650118142,0.9528815245951863,0.7269703021025946,0.22933884285674644,127.16470588235295,28.876798829298593,51_genuine_original_51_19.png,51,genuine
2.0912346649833222,4.233773504260372,8.559904027950294,8.480677785957806,17.01774850698441,10.605248405707949,-17.565288161541442,294.54267769607844,0.9544635434813776,0.9529426120983333,0.7685526979114105,0.44418192531353695,125.21226993865031,28.208954704529997,51_genuine_original_51_2.png,51,genuine
2.0897162840210655,4.223554836364718,8.118718777742437,8.060780962542259,16.15110387567758,10.189874011913126,-17.44010084575925,306.6765471813726,0.9519863264373236,0.9507062450749524,0.7564871210549134,0.6489637301496348,128.57109190887667,28.787705438819607,51_genuine_original_51_20.png,51,genuine
2.1505061022910787,4.393028761500239,8.273349722480594,9.059883304350837,18.64033246353814,-11.447074825654488,-17.729753224557452,390.72916666666663,0.9461027166036862,0.9447478963805499,0.7304550709583546,1.2477947062968766,125.21191580449518,28.27532770772069,51_genuine_original_51_21.png,51,genuine
2.1308630863103994,4.316398656457809,8.942375806003138,8.784377951486663,17.648125261634668,10.976178708185754,19.031963278990077,311.6128982843137,0.9524938126599234,0.9512729929504421,0.7551880737129418,0.9896988898655317,127.06571087216248,28.59202417037549,51_genuine_original_51_22.png,51,genuine
2.1666807381020985,4.4002384163226935,8.728774444661836,8.861459717245321,17.66446244995316,11.23599238417336,-18.380466053182996,312.2298100490196,0.9524070894300966,0.9508747797413748,0.7558123947745864,0.9007518790219909,127.03283227848101,27.706919140244036,51_genuine_original_51_23.png,51,genuine
2.2230336939652897,4.541176495339349,8.555121113736003,9.153591615182648,18.445931365918497,-12.796983086873162,-18.038952362175642,443.15799632352935,0.9408109820290117,0.9389272639301476,0.7340978286714598,0.8015002880545296,122.55765534913517,27.103108943915245,51_genuine_original_51_24.png,51,genuine
2.1378056077430796,4.338528922198682,8.45062176396441,8.974958379339787,17.88657101181184,13.96650077204734,-17.798771177125506,341.1915747549019,0.9519292700140904,0.9503692671924202,0.7559610726782949,1.0855745712424003,121.81398983978116,28.100232721475262,51_genuine_original_51_3.png,51,genuine
2.2556114672051106,4.589040071616347,8.984555328122017,9.177111230448386,18.280341767540673,11.647960435820188,-18.762326625269772,366.85971200980396,0.9442832524390692,0.9424346330674493,0.7719831821773019,0.999999999334221,122.77663115845539,28.340562036776205,51_genuine_original_51_4.png,51,genuine
2.096059767552075,4.246686190098145,8.522057507275727,8.993258911420277,17.751295605372466,11.30830258252993,19.130459384167473,301.94571078431375,0.9521923520989214,0.9502313484146689,0.7788036768110792,0.34971546800325115,124.54235339210426,27.530794423809233,51_genuine_original_51_5.png,51,genuine
2.1521940124710177,4.371147124712645,8.43434533366757,8.821457588175651,17.5296017391696,11.390202309720003,-17.70442070748882,400.1704350490195,0.9454598902130621,0.9439513614174418,0.7299811564911363,0.7509225087632703,124.85493501931857,28.65128377362356,51_genuine_original_51_6.png,51,genuine
2.0896111849072696,4.2345673759595925,8.408679031625228,8.915038540356182,17.78038666394012,12.375831335549384,-17.684860234946978,326.209543504902,0.9539001461661833,0.9525444123290173,0.7500818599129552,1.0074135082311255,123.23553549446041,27.923945617874203,51_genuine_original_51_7.png,51,genuine
2.175080969577739,4.414343518405604,8.300372123157217,8.268627495202871,16.55436340921167,10.477901650002265,-17.6760945699405,306.2976102941176,0.9509587449493925,0.9489752257605804,0.7837052518490503,0.7286173628754872,124.10528273809524,27.707652191223655,51_genuine_original_51_8.png,51,genuine
2.162073661972019,4.396590081297096,8.088878061813961,8.011684944873481,16.0620532231927,10.227301912104563,-17.7611897422151,363.9674172794118,0.9487074815862823,0.9470147437254659,0.7560716048973433,0.6989447543768188,121.54439166971136,27.39372367179298,51_genuine_original_51_9.png,51,genuine
2.9053254864459026,5.951062135492993,12.904490492080305,13.22475043796014,26.289634288107308,16.201701723310084,-27.685022739141885,18.742738970588235,0.8287539867954717,0.7165701200508526,0.9218539735358058,1.0190176047577681,236.42790247053125,13.22829103453862,52_genuine_original_52_1.png,52,genuine
1.4209287517807574,2.8514783454523744,5.1619970567703595,5.17274854446437,10.340123914889707,6.599096583206788,12.803549451700428,29.613419117647062,0.9900290939729256,0.9897213014504204,0.7693724871399337,0.3712121202747169,170.21362799263352,24.279117399896645,52_genuine_original_52_10.png,52,genuine
1.4557077806899876,2.9291088975120076,5.482462100349241,5.504707962304996,10.998310734592225,6.970764759225345,13.042190462167635,38.864246323529414,0.988657722286972,0.988281374776226,0.7495002105945722,0.658469943556093,166.38550247116967,23.73063391205103,52_genuine_original_52_11.png,52,genuine
2.8324209568746883,5.760338976404387,29.999999996660147,29.99999999831968,30.0,-29.99999999999907,-30.0,19.001501225490195,0.8611212693510061,0.7662805689894594,0.9221685848435575,0.9999999998697916,234.55989583333334,14.140125787305289,52_genuine_original_52_12.png,52,genuine
2.9829686646178666,6.184320970005609,13.51060556279474,14.021523377766014,27.786265497703866,17.115840871024474,28.860285926677758,18.687117034313722,0.7967509366660894,0.6471406981176875,0.9182485412611682,1.0118964917495747,237.53692433855582,11.204937971854179,52_genuine_original_52_13.png,52,genuine
1.4440694126611704,2.9060519491861387,5.563372051254904,5.602550533315277,11.1856039837053,7.057029787749817,12.871668292997587,33.475367647058825,0.9899101270148581,0.9896447310840529,0.7092970708692068,0.029940119700718325,172.78488372093022,24.04602829833783,52_genuine_original_52_14.png,52,genuine
3.0279327743877738,6.3448209401801785,15.764640574007142,16.645226218897164,-29.99987823110907,-20.368356923290133,29.999399398459826,21.409681372549024,0.7745128092482014,0.5970087815062358,0.9161081230098294,1.0010527898179387,236.45467869222097,10.465070195369831,52_genuine_original_52_15.png,52,genuine
2.9486276819023343,6.076055319519464,15.118541246690466,15.162737694733949,29.824843894622873,18.20110060069773,29.99013087810274,21.111580882352943,0.818824327226993,0.6809722952562909,0.9082316720501312,0.9998093784788592,237.81879706415023,12.564641867620132,52_genuine_original_52_16.png,52,genuine
1.4934251427190604,3.0062575627048087,5.290969176761054,5.317588027178822,10.621886151051422,6.821970283436536,12.644992476344312,34.006801470588236,0.9877488906621027,0.9874235855154879,0.7314637649743231,0.5333333320634921,178.32919254658384,24.45372773155735,52_genuine_original_52_17.png,52,genuine
2.7708662586052,5.611644250263758,13.9107049376499,14.087381432884268,28.08148682150426,16.903060311339438,29.375742032112186,19.219132965686274,0.8851991617129791,0.7994642079706705,0.9158871494237031,1.0265309268816085,234.58966357131985,15.347000899848682,52_genuine_original_52_18.png,52,genuine
1.446655869308711,2.9078072090426588,4.986768222528849,4.99430810474607,9.984846552680182,6.448315366691295,12.926337694897875,30.271997549019616,0.9896561299817163,0.9892617646152615,0.7692729178474546,45.41666288194476,170.78456014362658,25.62616717023923,52_genuine_original_52_19.png,52,genuine
1.4783663165012237,2.9761424125839926,5.446237935713193,5.508329257759909,10.985616772236144,7.008743471892021,-13.35747418339127,36.68667279411765,0.9883434782865564,0.9878524950104752,0.7300057541967903,0.0,173.4102564102564,22.677892712573,52_genuine_original_52_2.png,52,genuine
1.4989406010328719,3.0165672702022035,5.476436646294878,5.494379627673725,10.979811016891789,7.002726939021086,12.9649442082801,29.931893382352936,0.9888135731725687,0.9883733018429679,0.7507507485834736,0.18199608574951842,177.6937086092715,23.84463842482112,52_genuine_original_52_20.png,52,genuine
3.0558306456775797,6.460752349359701,0.0,0.0,0.0,0.0,0.0,21.679779411764706,0.7550755523862521,0.5589840757366447,0.9174674074058978,0.9999999999314693,237.28114720394737,10.966243851985228,52_genuine_original_52_21.png,52,genuine
1.4978318338725547,3.012207576953479,5.447789673860839,5.461159107235974,10.915651783500316,6.967478032789164,12.95296381401262,41.025245098039214,0.9883078087286292,0.9880209685926861,0.7537770930163102,0.0,164.09354838709677,24.210587333269142,52_genuine_original_52_22.png,52,genuine
1.5302789114478066,3.075199494471466,5.674161329300269,5.667113717022883,11.337783722377058,7.205916594590192,13.250321970344334,32.58275122549019,0.9887260587669351,0.9882813867670898,0.774339053864572,0.0,170.26829268292684,23.479959685680168,52_genuine_original_52_23.png,52,genuine
2.92546478444612,6.007777514066015,15.731189098770717,16.696727231805706,-29.999560805223958,-19.70402812022199,29.999697634662244,20.645756740196077,0.8249583081684747,0.7007537749989462,0.921443457345826,1.0217927630528585,235.31731747000202,12.900048758268968,52_genuine_original_52_24.png,52,genuine
2.8758105090855,5.871504114164398,13.8882555502428,14.168664506363902,28.192332319298007,17.114166411223447,-29.14769016517918,20.388158700980394,0.8470899770424123,0.7377385080736633,0.9196551833186518,1.0237591153818209,235.11565732883878,13.807126617538255,52_genuine_original_52_3.png,52,genuine
2.8300890057881785,5.754744688246127,13.135436220396665,13.316551892859682,26.542624874349354,16.195165888919558,-28.025123738475916,17.893336397058825,0.8619073931411898,0.7667649944990435,0.9152705222356251,1.0105304724219388,236.5684823883724,13.840112049637971,52_genuine_original_52_4.png,52,genuine
1.4990592670616072,3.0232636398681443,5.317528661076249,5.3622671276524,10.702268384380243,6.878186201500809,12.363412643220286,42.38998161764707,0.9874812416674592,0.9871631658056969,0.7319997564880152,0.0,168.69724770642202,22.814772530882028,52_genuine_original_52_5.png,52,genuine
2.981983165399903,6.180894031982129,14.51878474609032,14.84547758806198,29.40752860804194,17.979377688378733,-29.8046776772456,21.433072916666664,0.8002066645877196,0.6488947805534077,0.9203288370799309,1.000346410236395,236.0566715732964,12.187055558430938,52_genuine_original_52_6.png,52,genuine
2.981508834534446,6.1798432376859065,13.609624469163332,14.102570733261253,27.965775307522506,17.222826825140586,28.591850568639323,20.150229779411763,0.7930169675746477,0.6486707671982769,0.9209033372880189,1.006255973498457,237.66903421394542,12.89530880396216,52_genuine_original_52_7.png,52,genuine
1.4648607359470862,2.9430264072071113,5.914460055807956,5.942865170010882,11.871552432926496,7.421728035545138,13.844008749253,36.99718137254902,0.9886532784991756,0.988312015232639,0.7575932043360764,0.23421588547002875,167.33828382838283,24.64385435460116,52_genuine_original_52_8.png,52,genuine
1.5367131319908756,3.0937326943371954,5.38025954352061,5.395389472551011,10.783227363248361,6.944654433146456,12.888326582538713,47.33321078431373,0.9865782986947804,0.9862593739064581,0.7535457972436563,0.03352769674412872,163.6784203102962,24.343413998881537,52_genuine_original_52_9.png,52,genuine
1.737805775104879,3.5002986835857572,6.91143623558448,7.051858347554107,14.034012866843257,8.848235573474213,-15.34953487163533,117.45076593137259,0.9760627786834072,0.9755215249709699,0.6208716063332751,0.0,164.32355478861086,25.459295482178927,53_genuine_original_53_1.png,53,genuine
1.7780703488945706,3.5808021201450853,6.872421022703811,7.080811819948079,14.059692910878214,8.928228193286728,-15.049434324213202,104.23851102941177,0.9744045015564475,0.9739284585399367,0.6273478565284858,0.5501858729241811,172.37969624300558,24.554555065976405,53_genuine_original_53_10.png,53,genuine
1.6788048153968251,3.374263027721622,6.000980607069822,6.023427054687189,12.035631774279224,7.71824150113801,-14.729627591849225,95.84969362745096,0.9771308861771452,0.976670354482407,0.6252606213021941,221.79995564000887,171.40664272890484,25.012327137562604,53_genuine_original_53_11.png,53,genuine
1.6782834657196286,3.3741253620549263,6.204007919306383,6.2147751242363185,12.424167190308639,7.907682228877994,15.224624522234626,107.77532169117643,0.9780463544556074,0.9777425839188612,0.6224241643921563,0.021194604989215216,164.08207547169812,25.784298634435952,53_genuine_original_53_12.png,53,genuine
1.7817394650333755,3.5897470115466397,7.5893210377149165,7.61553308100327,15.218015916921244,9.43309991500857,17.013139327322033,109.978125,0.9744092665581893,0.9740357444996465,0.5938916203134353,0.9020217715365135,172.96974652493867,24.99203275534043,53_genuine_original_53_13.png,53,genuine
1.713685849328622,3.4468543699102674,6.710214733623688,6.724269588327056,13.441577614314859,8.447952041933998,15.20059444973384,93.7423406862745,0.9764743966937378,0.9761190549317391,0.580118057717928,0.008144796372719641,177.12567324955117,24.094003622128565,53_genuine_original_53_14.png,53,genuine
1.8493664757811707,3.7299248543186647,6.708367541647349,6.759800605783529,13.493887944034327,8.633868730039655,-15.905352781205671,119.47132352941176,0.972115686367849,0.9715235809011152,0.631599418464914,0.10048231503176662,169.5354273192111,24.102964724866027,53_genuine_original_53_15.png,53,genuine
1.81193048039895,3.6478260836768235,6.473233066585352,6.5212804541294025,13.018543807068683,8.354848311281478,-15.277389901607728,98.09776348039216,0.9739928047109844,0.9734230057624151,0.630942038583685,0.6326530604175343,175.640625,24.56882373271816,53_genuine_original_53_16.png,53,genuine
1.7325118030744766,3.488329138003586,6.32093720102334,6.347079171680037,12.681087429928107,8.103726278074522,-15.92111103912868,87.9814031862745,0.9760124101752701,0.9755215623161407,0.5995960978673426,0.667142856189796,179.81576692373608,24.373967842512528,53_genuine_original_53_17.png,53,genuine
1.7868624600089018,3.5950936708400536,6.3722544408500505,6.380585061462877,12.757012468489071,8.179455921433346,14.98338853087333,105.45983455882349,0.9736188049840762,0.9732238788440218,0.6343555768516687,0.4686431009479554,172.3858695652174,24.8725200521974,53_genuine_original_53_18.png,53,genuine
1.78712963201367,3.6047595879107233,6.507059276990341,6.615408026614756,13.176938131420046,8.451635647955552,-14.609189119059895,104.7390625,0.975676913520503,0.9752305619697048,0.5980599665042935,0.22025052169076145,172.18049615055602,23.229227690274115,53_genuine_original_53_19.png,53,genuine
1.8097062206581513,3.649718952299194,6.88006275265546,6.942329551523119,13.853528921099096,8.786962791827715,16.2681460907645,107.74371936274507,0.9747114690914106,0.9742500928619532,0.630990324971008,0.01465798044408959,170.39727126805778,25.053399642473966,53_genuine_original_53_2.png,53,genuine
1.7086535492128199,3.4408374505088144,6.319935354097453,6.366304286560068,12.709426383334531,8.10074686111953,-15.199173754783379,85.84482230392159,0.9780309948935517,0.9775435092682975,0.6120133502398275,39.99999846153852,175.44934333958724,23.44643339147352,53_genuine_original_53_20.png,53,genuine
1.7763894522356087,3.580316782305308,6.457995757761368,6.482888315062211,12.953335475992057,8.281391978154842,15.266883557681757,104.6046262254902,0.9735028068165642,0.9731166937587129,0.6131609015800964,16.506849088947273,174.8450704225352,24.64097958199509,53_genuine_original_53_21.png,53,genuine
1.7390295672392948,3.5033972167691796,6.850884233734316,6.958789080760749,13.8638936524054,8.74161729492891,-15.31813881312892,96.5655024509804,0.9754574185769374,0.9750620878272155,0.5946820502617532,0.8164852242356373,176.54366438356163,24.75032470238851,53_genuine_original_53_22.png,53,genuine
1.7827854917008652,3.592133210307347,6.7701902394256335,6.7489088849656245,13.508480288181408,8.546437654767123,15.507210065581008,108.60526960784313,0.973375658366351,0.9729175525065608,0.624479870849741,0.17561419456268043,172.13931888544892,24.00888191235889,53_genuine_original_53_23.png,53,genuine
1.8666514267127692,3.76991131981357,6.583759157073346,6.586480033038811,13.171602582214632,8.472795200583855,15.604764215470109,129.4850183823529,0.9694837432765627,0.9689655833319274,0.6433437514599363,2.016194327902441,168.41140939597315,25.031856294674334,53_genuine_original_53_24.png,53,genuine
1.781906593294595,3.589424080077398,6.3537461518250495,6.393570122882999,12.76723533928085,8.200285723535492,-15.010621657023544,113.51044730392157,0.974574124345996,0.9741122677125654,0.6153703948148556,1.4859437721165787,169.96768982229403,26.21830662449371,53_genuine_original_53_3.png,53,genuine
1.7441814902805268,3.515805274723643,6.448843747825725,6.566202259188472,13.07415803955811,8.361745024697674,-14.424186755945447,111.76007965686276,0.9757485276653975,0.975383659165896,0.6063759074717094,0.010398613509186642,168.89365351629502,25.80901641876935,53_genuine_original_53_4.png,53,genuine
1.690495458571293,3.4023757722312418,7.640374285924902,8.209185219392618,16.194345571593068,10.478038698818551,-16.441384602394145,97.78373161764704,0.9779523346782013,0.9775434901842384,0.6069209694016133,0.0009425070679146963,170.45009416195856,24.763378415258142,53_genuine_original_53_5.png,53,genuine
1.741659694071677,3.5017460319967575,6.585327497048075,6.588618143294752,13.17559302955791,8.34283194225716,15.686394353358699,113.2711856617647,0.9747735137973823,0.9743726441409299,0.6289838309679637,1.1798941778132377,168.07847896440128,25.589417240513793,53_genuine_original_53_6.png,53,genuine
1.6945100501531256,3.4083090882797187,6.654654549711068,6.705537433781658,13.385639554460901,8.42266273422383,-15.660321215169505,107.75473345588236,0.9769113274088136,0.9765478558830889,0.6063954584285945,0.0,167.47704770477048,24.234289309213437,53_genuine_original_53_7.png,53,genuine
1.8495840936272747,3.7351703883242986,6.762808287162705,6.883514826846568,13.706841473111298,8.786530854139901,-15.266276670525196,122.81375612745097,0.9721631792603197,0.9717533843667394,0.5933095526678442,6.052910020884074,171.68192048012003,24.751929525119497,53_genuine_original_53_8.png,53,genuine
1.7834211221844454,3.5956692547125804,6.331117873882082,6.363000127786745,12.710065423421579,8.170212745246031,14.978948451290877,103.93128063725493,0.9739139478783844,0.9734383166025987,0.6322246271972332,0.625634516972545,173.0312256049961,25.086155229771222,53_genuine_original_53_9.png,53,genuine
1.8799055991514755,3.9282564070195116,6.340705439107929,6.982234002234085,13.659752807520443,9.065709667643718,-14.217330868221326,187.41773897058826,0.9679533161996939,0.9675563173826267,0.5889874179482915,0.672928176052013,157.9557463672391,25.128179130172203,54_genuine_original_54_1.png,54,genuine
1.7811572531175273,3.677379368812726,5.769291605799215,5.9878050865827515,11.86641512402731,7.837927194240524,13.639649637860515,129.7545036764706,0.9740792560580334,0.97365265164067,0.665239457722436,1.9999999953161594,157.8977361436378,25.146745015662777,54_genuine_original_54_10.png,54,genuine
1.8789417378801294,3.975408589051463,6.414334777758139,7.329764115146105,14.218909990330353,9.541338155205137,-14.76223015175975,164.45750612745098,0.9663393517682295,0.9658713333900549,0.6454782873799194,0.23233082689298432,161.14460036607687,25.67964190495719,54_genuine_original_54_11.png,54,genuine
1.8343520417636516,3.8860581275502866,6.224435145298848,6.811848771816756,13.331103596761468,8.775099422481045,14.475702571170215,164.9952665441176,0.9708495258894067,0.9704513496191604,0.6171398390899303,2.0413943310645,156.51432664756447,24.215761187212543,54_genuine_original_54_12.png,54,genuine
1.8167667124371898,3.774483012624328,6.169971506670453,6.52366596624383,12.875270061620128,8.416945582552978,13.701292887469458,155.2674325980392,0.9695778329021003,0.9692107533585637,0.5811595846486297,0.19983136576742716,165.25017568517217,25.00682882779308,54_genuine_original_54_13.png,54,genuine
1.776769103054893,3.688641532440533,5.818061269303586,6.080034562300757,12.032551036464964,7.9251357951701875,12.929117103420838,170.11920955882354,0.9690452161285275,0.9686288185409773,0.5340838677478906,0.4586776854765726,165.47733711048159,24.55087039397288,54_genuine_original_54_14.png,54,genuine
1.8657744933491796,3.83212305671258,6.484837147042831,6.756197236825993,13.380858998941754,8.672726171850506,14.238420826590282,184.58800551470588,0.9690553448176195,0.9687512522073597,0.5799311193655051,1.270142178088243,157.04523312456507,24.57072022080417,54_genuine_original_54_15.png,54,genuine
1.9245426549716178,3.9617437873000823,6.47807067318163,6.754493401950951,13.370787409019055,8.753761046330606,-15.500120544616248,188.93854166666665,0.9676896195431188,0.9672960354888459,0.5783684495145696,5.668141567840082,158.47179827471797,24.78525622145731,54_genuine_original_54_16.png,54,genuine
1.8553745209399854,3.8478780100288144,6.176006635068922,6.468560264432376,12.794088001658661,8.395946247827403,13.705281331113023,154.4716299019608,0.9686237039235652,0.9680925928618637,0.5870753568179419,0.21800165134764518,166.50169491525423,24.964282902901015,54_genuine_original_54_17.png,54,genuine
1.8937797725249832,3.969277537690495,6.577084249817272,7.833027168337683,15.633965314951507,-11.268594914467064,-15.052515392547415,178.86724877450982,0.9678075399997322,0.9674798913323606,0.5707693593595188,0.2217675939265404,162.04688546550568,25.83759259107721,54_genuine_original_54_18.png,54,genuine
1.9096520651719178,3.9933699501037796,6.272428445989131,6.574118910452572,13.009888401256303,8.571695814429916,13.623605440685909,170.93339460784316,0.9678079928302837,0.9674186126624063,0.5780714202005929,0.10499265777900685,163.5641196013289,24.868425356395722,54_genuine_original_54_19.png,54,genuine
1.9117732338624875,3.9504798941497663,6.367159739601804,6.659265354641918,13.172538160359215,8.672090124781432,14.950875685931564,162.47490808823534,0.969293257411601,0.9687816656700056,0.6340516340128928,0.10288675047898833,158.61208053691274,25.44284003593516,54_genuine_original_54_2.png,54,genuine
1.8656002040150972,3.8406451357397375,7.10680974394854,8.259404203839653,16.3321609799924,11.090943655640967,-15.981987147307155,167.28728553921567,0.966154271438153,0.9656571687397729,0.5689224364258297,0.3163606007375955,167.59670259987317,24.026083675870876,54_genuine_original_54_20.png,54,genuine
1.8464741812940435,3.8253964614052443,6.2049157408095486,6.575401678503927,12.965702794352815,8.514137390753664,14.557244308262693,155.04595588235293,0.9696944336892016,0.9691800567003382,0.6042984814913813,0.3707224331076783,163.33287101248266,25.80437208160014,54_genuine_original_54_21.png,54,genuine
1.8854394259136351,3.885981553259563,6.621349644578384,7.245801064010545,14.192481950655932,9.285683654051471,-14.795546053183749,154.09191176470588,0.9704222151483609,0.9699918120054998,0.6218422268758851,0.4059405936574846,160.80140845070423,26.19074125704982,54_genuine_original_54_22.png,54,genuine
1.8712209671809865,3.8440308498344047,6.894062940182412,7.8160197353887995,15.340198088504172,10.231738511779856,-15.304425661147475,138.15945159313722,0.9688828425311048,0.9683374947683668,0.6508991804168955,0.2578253704630763,165.48395546823838,25.357191014684332,54_genuine_original_54_23.png,54,genuine
1.7611277173495137,3.6464497163012375,6.383051933792621,6.97548779154284,13.654763887278529,8.830501351263923,15.92578699760575,134.82559742647058,0.9725986910978502,0.9722897306411538,0.565451989107583,0.36984815578107577,168.10134600158352,25.756380843707646,54_genuine_original_54_24.png,54,genuine
1.8608315615321187,3.864828763220801,5.913438218811831,6.193873136347475,12.2476245743083,8.142749213494843,13.925360917125467,135.10085784313728,0.9725470173621213,0.9720903007279172,0.6566587528270335,0.8326530600916285,159.75872308834448,25.517401445743175,54_genuine_original_54_3.png,54,genuine
1.9698975917584582,4.108437762034242,6.88358372580706,7.810965927017146,15.180366295390069,10.00563666621082,-15.665139797740684,180.57493872549023,0.9648643936855051,0.96427824526502,0.6491943261286625,0.2352941174782682,158.3130081300813,25.593629077791896,54_genuine_original_54_4.png,54,genuine
1.763282104150232,3.5910851134682957,6.020480548603368,6.216531903569717,12.335126304365165,8.015792984392643,14.030787356039502,125.73561580882352,0.9736274027980901,0.9732697236578123,0.6510578844754595,2.427440626840526,161.97228637413394,24.1775413239697,54_genuine_original_54_5.png,54,genuine
1.8555455757804982,3.8378442250894955,6.249374847897049,6.561163857683643,12.966809477194504,8.508834202829261,14.347250570396836,162.4066636029412,0.9707689328606542,0.9702675702322408,0.6137249774017359,1.2702265351614457,157.92587312900926,23.881990262072016,54_genuine_original_54_6.png,54,genuine
1.7697358767810232,3.6212896347939236,5.699626048105919,5.821089517237305,11.581623850321403,7.635392653442847,13.1264783586676,130.12156862745098,0.976554105132584,0.9762261131881703,0.634009107238757,0.6869436191588374,156.03781882145998,24.335159275186687,54_genuine_original_54_7.png,54,genuine
1.8070108567913072,3.7737392577720863,5.908136829633871,6.162797108139348,12.19899702496177,8.076989893152225,13.43447104268864,133.23590686274508,0.9745008642172437,0.9742501683723551,0.6039066516263659,0.5647668386466751,161.96937086092714,24.3775468481277,54_genuine_original_54_8.png,54,genuine
1.7719448449674937,3.6655843114366506,5.6864291836429715,5.834104253370065,11.59580905325184,7.668175363986834,12.684575042693176,127.4375306372549,0.9742695780206816,0.9738518920888426,0.6262849821765514,1.8208616738755972,162.60369774919613,23.933180411101162,54_genuine_original_54_9.png,54,genuine
1.920297614459982,3.865358931782609,6.8238511633738135,6.8975361520150065,13.758275534776732,8.830239693692986,-15.59655265289951,125.01449142156864,0.9651884456445712,0.964002207641803,0.7659803518409742,45.72499885687503,160.7549491706795,26.52311313958816,55_genuine_original_55_1.png,55,genuine
1.9056354069087984,3.837501414660996,7.610862894461927,7.460218255148065,15.005035942177614,9.384790083537077,-15.685051624709772,142.82388174019607,0.9644449402933664,0.9635582094246079,0.7357177164399982,0.0016313213694228812,159.3273615635179,26.260012835985908,55_genuine_original_55_10.png,55,genuine
1.937650321335203,3.90700485125886,6.896101775123406,7.006018583816454,13.957078909139847,8.96465633122711,-17.04349762288198,125.29806985294117,0.9652233561197231,0.9641860952353942,0.7444860105166486,918.4995407502296,163.88036976617727,25.465835917818108,55_genuine_original_55_11.png,55,genuine
1.926273588083086,3.8707436550597483,7.580590678187223,7.664255120292356,15.286931140277517,9.613428429433508,-16.75351785507982,121.24620098039216,0.9622658381471579,0.9611990015330718,0.7884585471773043,1.011776250233782,161.88780487804877,27.35479799286078,55_genuine_original_55_12.png,55,genuine
1.9298384116264395,3.8837429676382778,7.5637237442919885,7.891892706896069,15.638379514131586,9.940266627389713,-16.16167849213397,164.99600183823532,0.9615739325499213,0.9609847478175978,0.7112620974260289,2.0927672923069696,159.90391459074732,26.975283268224285,55_genuine_original_55_13.png,55,genuine
1.9320578698115924,3.8885616229128392,7.269026896430209,7.352630907780841,14.663525958700014,9.303090644051677,-16.42160901142682,170.71104473039213,0.9584979072508765,0.9577375815436857,0.6899240697164094,0.0,164.3598665395615,25.112779939374047,55_genuine_original_55_14.png,55,genuine
1.9122330583999914,3.8497506698443273,7.875511817548727,8.099107365576398,16.08876220678998,10.033589062657633,-17.070871144389084,135.40251225490198,0.9633426354878558,0.9625471926958612,0.7314440351310398,0.75438596421571,164.50052631578947,26.665935291794092,55_genuine_original_55_15.png,55,genuine
1.8955609408709075,3.8140555995685768,7.231179954160092,7.289391135127325,14.549680566697536,9.19667849574902,-16.923252616751785,157.9195006127451,0.9630567354356152,0.9623174885630502,0.70443840213387,7.377777744987655,160.90238726790452,25.573818251824356,55_genuine_original_55_16.png,55,genuine
1.9849897472072864,4.0054443803622375,7.240167292787877,7.323276293766772,14.605112226814885,9.330987726650914,-16.244713814208033,167.8083639705882,0.9598295171566135,0.9590089716922846,0.6693939914957141,0.9125475276496695,166.8444333996024,26.502600379318306,55_genuine_original_55_17.png,55,genuine
1.8879221191415776,3.8006281782018463,6.678372950251691,6.723980733843345,13.425162283625871,8.625230100114731,-15.757131083076379,150.18967524509804,0.9672258951316945,0.9665606495618712,0.6734091513885702,0.49908088189422706,161.1348865726548,25.120608214240182,55_genuine_original_55_18.png,55,genuine
1.8715875352358615,3.760615234375498,7.4199257188144045,7.463623321341192,14.90541474162332,9.35113342619488,-16.959837471567116,159.82791053921568,0.9642017032279138,0.963343823085788,0.6945110381812526,0.0,160.0060672917816,25.585961803318575,55_genuine_original_55_19.png,55,genuine
1.9902555842504681,4.012100613379383,7.475152685624233,7.593220479503284,15.127694097765005,9.609714847079587,-16.56695976578108,125.63739276960783,0.9574183228797767,0.9561443271283949,0.7861379857990917,11.85474853712431,165.98348544111255,26.57680458026988,55_genuine_original_55_2.png,55,genuine
1.9112546451182906,3.8468074994641803,7.113747489407204,7.163165202797336,14.301654100326349,9.087834006380895,-16.213729967903554,159.10240502450984,0.9626486478820122,0.9618887405456652,0.6738790663350452,0.0768786126723245,164.51529790660226,24.48259335433134,55_genuine_original_55_20.png,55,genuine
1.9081386944195058,3.8430504569431783,7.072703644439609,7.119486269831212,14.2155868226546,9.048673063322358,-16.51003443770413,173.44154411764706,0.9599946178356145,0.9591773628545961,0.6980260828628546,0.023150478096049077,161.09493359567142,26.509023399619824,55_genuine_original_55_21.png,55,genuine
1.8839667027245892,3.791722011683679,6.682088475766418,6.729541337200744,13.435388361707387,8.626862636740968,-15.35037505751282,143.74460784313726,0.9643737782309644,0.9635888849961636,0.6970576710151035,0.5184254602023237,165.19194704908992,26.739114702280816,55_genuine_original_55_22.png,55,genuine
1.9419553392351179,3.9098349405982766,7.509601588901793,7.636410787685084,15.209956437526774,9.619536625000498,-16.512083561492823,165.7041053921569,0.9584669638780314,0.9575845114478398,0.6886988862450648,0.4950071323145455,166.19274809160305,25.86055281088619,55_genuine_original_55_23.png,55,genuine
1.8536269126397962,3.723233012446614,7.698073555549485,7.742061662412381,15.462140949005988,9.61899221659666,-17.596835234766594,128.76458333333335,0.9669684671523581,0.96626941720608,0.7066887229739461,1.6619496829214628,165.74601299468398,26.533719429023993,55_genuine_original_55_24.png,55,genuine
1.9862407473849124,3.999961044696576,8.446618790294645,8.59474330600276,17.11559005373931,10.599836827708964,-18.674223642327707,141.81519607843143,0.9603729754728162,0.9592691284345239,0.7649704007876925,2099000000.0,160.14864221057647,25.98881666283032,55_genuine_original_55_3.png,55,genuine
1.9568392377342962,3.9407549952527323,7.8158062819622875,7.948541894328563,15.83213512846838,9.943553224720802,-16.92378878898167,155.07496936274512,0.9614997437901683,0.9606938089681377,0.7279916123276949,85.26086585822323,160.23135080645162,26.243670607703578,55_genuine_original_55_4.png,55,genuine
1.983012777874295,3.989437236002874,7.06891159475812,7.136079466850347,14.238640309840395,9.136746161539422,-15.999487701439953,127.77228860294119,0.9617122136041092,0.9606016017535229,0.784516415079533,2074000000.0,160.34185149469624,25.958655534340746,55_genuine_original_55_5.png,55,genuine
1.8998677538815794,3.8162856482519225,8.184659317856966,8.203740469427137,16.398123776588672,10.12287711733824,-17.934693548909785,134.92521446078428,0.9650633559614706,0.9643546949156692,0.7126740307730397,0.0,165.0803123257111,26.172392088894416,55_genuine_original_55_6.png,55,genuine
1.8617695001689853,3.737329359893438,7.745516498795851,7.843536117065906,15.638583606997274,9.726011962915225,-16.948205417427513,118.48642769607845,0.9669708173781467,0.9661008818799408,0.7435485333215262,1736000000.0,163.88421658986175,24.99280688608734,55_genuine_original_55_7.png,55,genuine
1.9800234254756186,3.9847822032824096,7.233741625142577,7.317143115307947,14.592836070233778,9.314522377694024,-16.0616106478283,124.55873161764706,0.9590371729946309,0.9577986026167219,0.778656573451387,0.008671839338807923,166.0705882352941,26.219323710825844,55_genuine_original_55_8.png,55,genuine
1.9229512113474014,3.8698081068043204,7.288958874853948,7.364922640851283,14.691996763086376,9.309183912401515,-16.29778730611355,164.28112745098034,0.9606765566666164,0.9599279590832278,0.692617744055043,0.23785803223047444,163.48088531187122,25.577949995587726,55_genuine_original_55_9.png,55,genuine
1.9648082417371682,4.0880707450303495,7.461387481227022,7.7001122464712815,15.282196328378443,9.789517390723457,16.387292628427833,116.03613664215686,0.9675552534321497,0.9666523525020432,0.7299861821557575,1.0191387547617958,165.6563981042654,23.21589777073522,5_genuine_original_5_1.png,5,genuine
1.8434947094986207,3.851762496177019,8.222546547455757,7.9787911197391725,16.082105352150972,9.94451678638454,-17.037912890466657,125.25013786764707,0.9690575562768283,0.9684599951885575,0.6827519404800786,0.23304070212845912,165.5106796116505,23.013209570776606,5_genuine_original_5_10.png,5,genuine
1.8497027798240981,3.8612639766784853,7.055340141513809,7.420391512059469,14.669536577552503,9.398186828200773,15.306109811153092,105.2008118872549,0.9710353947768969,0.9702827318845477,0.6820399280361327,0.6946039027616487,171.55623306233062,22.831008911653505,5_genuine_original_5_11.png,5,genuine
1.9094242991259727,3.9130111742584974,8.230663553322312,8.149132587075146,16.35198576985633,10.147561945810395,-16.957632572097708,92.33745404411766,0.9716843210508922,0.9707573997542487,0.7578215993330804,0.5676229502380913,166.91372549019607,23.731430466852938,5_genuine_original_5_12.png,5,genuine
1.822953093133182,3.771063584213763,6.591120694401671,6.811607337433713,13.513469758140317,8.74438622998218,14.832806562608521,105.47061887254901,0.9732417621952848,0.9727337128609861,0.6623288251747311,0.374609781087815,169.3671461014383,23.28659824752343,5_genuine_original_5_13.png,5,genuine
1.9300588490439614,4.177600338349975,6.4560755656575095,6.896165769208839,13.584364286681604,9.06724946040583,-14.20567971298495,123.6645833333333,0.9697945312543732,0.9693026424954512,0.6378790296275029,1.6414414384838893,170.35675306957708,24.69967520187623,5_genuine_original_5_14.png,5,genuine
3.0386552628885966,6.3878471655584494,14.137723168267609,14.702568666071764,29.103599283491132,17.97483368714005,-29.38865626701769,47.50356924019607,0.7654473236521285,0.5821304917912364,0.8947130773618428,1.0054549421044836,232.006636927429,15.152757376848971,5_genuine_original_5_15.png,5,genuine
1.8323197220882363,3.787280320496655,6.456438727672015,6.829992384712092,13.483717763938627,8.811501290540315,14.136021114355637,102.8447763480392,0.9738327420800907,0.9733003959694758,0.689237762599445,1.4142335740616176,167.1761148904006,24.91430460338795,5_genuine_original_5_16.png,5,genuine
1.7683075854498573,3.699772141807689,6.795645147666937,9.233239446592853,-17.42484739233792,-11.106780012942703,-17.374462295670906,106.091099877451,0.9737468503781199,0.9731931475168671,0.6795873835227362,0.9745889372577146,167.29523088569266,25.619188433946636,5_genuine_original_5_17.png,5,genuine
1.8898455719567646,3.891784721525118,6.9130406036045855,7.1334310628276425,14.15692443698951,9.100567129514111,-15.619749668510055,98.62938112745096,0.9707639972768461,0.9698997930946845,0.741950923900206,1.749999996852518,166.92674950948333,24.529660586573947,5_genuine_original_5_18.png,5,genuine
1.8963115057656146,3.958747877672216,6.9364608604217315,8.062600136053613,-15.982113808513649,-10.936466639761568,-15.596034633250872,138.21412377450977,0.9682852637144185,0.967724592506545,0.7116212087182228,0.36949152511060035,158.54950495049505,24.878641576372672,5_genuine_original_5_19.png,5,genuine
1.9258707131526112,4.037782508961902,6.450833797155025,6.762011887936309,13.372477654031067,8.87434298033456,14.235482449233807,102.22990196078433,0.9723433461646367,0.9716153560630706,0.6982294335338901,1.566003613804695,168.80831571529245,23.176192826596,5_genuine_original_5_2.png,5,genuine
1.8503635436346706,3.7934523811953005,6.645035751968415,6.66374389336603,13.318290033394977,8.563542072274176,-14.88958541956831,104.3764093137255,0.9745122620471409,0.9739436730700494,0.6946981591459964,0.17941712187666928,164.44942084942085,24.299171968440476,5_genuine_original_5_20.png,5,genuine
1.8327065301981524,3.8377593723397587,6.720230973458873,7.849757046271302,15.147439198542667,9.782962327421359,-15.757742372970709,126.22300857843136,0.9725964741369848,0.971906291264897,0.7157198797848005,0.8831341289732615,155.82510578279266,24.57521522323002,5_genuine_original_5_21.png,5,genuine
1.8901295512682559,3.912266870414933,7.633336694253,7.183547730454999,14.592222829980214,9.140177374856771,-16.076910750945107,122.02781862745098,0.9697773530767484,0.9689499236722193,0.7356766453123474,0.7963594985251883,159.25839138695378,24.462306068418915,5_genuine_original_5_22.png,5,genuine
1.9165643464770432,3.9784732385926502,7.479882367280578,7.469068136552232,14.943735774198824,9.480788139148894,-16.469930304049107,117.80053615196076,0.9690681607914822,0.9683526130326086,0.7198623608200414,0.9570552135496255,164.33542319749216,24.366809593664122,5_genuine_original_5_23.png,5,genuine
3.0558306456775797,6.460752349359701,0.0,0.0,0.0,0.0,0.0,51.39335171568628,0.7473113122486029,0.5582957281315887,0.8853667774155399,0.9999999999314693,232.00956003289474,14.475237302181103,5_genuine_original_5_24.png,5,genuine
1.8896245364455473,3.9115340090895043,6.9728480413509715,7.110800271300112,14.157168495541875,9.088926695632328,14.994547250442743,104.07979473039215,0.9702566543148858,0.969486140916325,0.7294257488069884,0.918215612245086,167.0671834625323,23.811205819069155,5_genuine_original_5_3.png,5,genuine
1.9642473788258301,4.136796308034513,7.578824568206152,8.072413265841385,16.00724142140673,10.46389857489378,16.09960056285949,117.25237438725489,0.9687506280396915,0.9680616075582885,0.7165169174748751,1.2451253464552572,165.25496277915633,22.88158927994911,5_genuine_original_5_4.png,5,genuine
1.8779373144955533,3.983592288493267,7.671482915840032,6.917180790118165,14.212925501976322,8.90897697475237,-15.305546454691433,136.30701593137252,0.9677641291624391,0.967020150600925,0.6454223814411867,0.9311594191652665,168.65916197623514,24.06580050131848,5_genuine_original_5_5.png,5,genuine
1.8366842708313038,3.768996378386583,6.443266537208544,6.517046099040902,12.997217977235138,8.401670597522337,-15.069581588570806,90.61531862745097,0.9741035349289228,0.9735760935070128,0.7063157681503179,1.973033703431385,169.84278155706727,22.982876707266183,5_genuine_original_5_6.png,5,genuine
1.890717343364167,3.9793407695733367,6.552608476409123,7.128993788283694,13.985721171649974,9.152594312151628,-14.545029757851676,124.9688112745098,0.9702229377025166,0.9695627930412678,0.6806586436790732,0.510060361659899,164.67021985343104,23.378012851716793,5_genuine_original_5_7.png,5,genuine
1.8084356507951365,3.706631984814492,6.54127986762161,6.626665111127089,13.21070797623368,8.481558519853825,14.955338481936183,81.01222426470589,0.9773176434929841,0.9766242818548092,0.7264898572001993,1.0572916648310908,166.7535864978903,22.767473416846716,5_genuine_original_5_8.png,5,genuine
1.8454774234145441,3.8270692852194856,7.972692654768913,8.89953757512819,17.67011943425549,11.11101856984226,-17.388030360855627,102.8630974264706,0.9724256211744933,0.9718144171704092,0.7409713570882006,1.0140056008207206,161.97774687065368,23.62030561200159,5_genuine_original_5_9.png,5,genuine
1.825394766879853,3.7444444584457113,5.4880934845317455,5.565189395673173,11.091834058281863,7.437411672729959,13.506112721913363,111.29353553921568,0.9742507308744893,0.9733003109223092,0.7169368031967437,1.7849686810334684,159.07721139430285,24.736861750334512,6_genuine_original_6_1.png,6,genuine
3.0749679544941806,6.55144924853229,0.0,0.0,0.0,0.0,0.0,42.30962009803921,0.7547155683707544,0.5285129158783741,0.8899891618787057,0.9999999999359631,234.66912141393442,13.659979984346927,6_genuine_original_6_10.png,6,genuine
1.7774975177286956,3.6478577517097555,5.429622033094527,5.511208822476871,10.98162448550716,7.3352648665506415,13.964241704428863,110.83227634803917,0.9764374989281013,0.9758736848293855,0.6906937164675565,0.6741258731830407,158.45697577276525,25.006215338540834,6_genuine_original_6_11.png,6,genuine
1.8370589736803973,3.7575556322692396,5.459009935169778,5.536252886012428,11.03391102368242,7.415552042897464,12.988799070059182,96.49515931372551,0.9783431969770701,0.977558650131044,0.7177714818574604,1.376842102364543,157.93268379096546,25.010553732837057,6_genuine_original_6_12.png,6,genuine
1.7714504937753677,3.648925162376149,5.6476901092772005,5.7489841638448365,11.447329043359908,7.573702302344747,13.671248988609346,109.42008272058823,0.977969261907772,0.9773749378470764,0.6504138456066916,0.25085518785535327,160.82771194165906,24.52042174493858,6_genuine_original_6_13.png,6,genuine
1.7694147156335707,3.622629727684265,6.278232591203725,6.275628001731039,12.552558298377244,8.087498094120635,17.09472300791151,83.93423713235292,0.9801582358656512,0.9796879095888834,0.6592958004079127,1.9674556154809006,167.9690927218345,23.928858540707562,6_genuine_original_6_14.png,6,genuine
2.931033805720505,6.023779050726903,0.0,0.0,0.0,0.0,0.0,49.99410232843139,0.8350759883725891,0.6971805574253662,0.872689515232379,0.9999999998998397,231.58303285256412,16.179361896525105,6_genuine_original_6_15.png,6,genuine
3.0232629596714067,6.326902847393564,13.68401003166592,14.30654254948032,28.296709274945375,17.475438274759806,29.13200042984775,51.77195159313727,0.7811263546277928,0.601984564633139,0.8600855631858222,1.0081954656090537,233.9607536519318,13.998341638017788,6_genuine_original_6_16.png,6,genuine
1.7093534292405916,3.504159219245536,5.217025273691255,5.301769555168928,10.561169512038411,7.054102183953433,-13.026920094337306,79.95746017156863,0.9810775198845804,0.9804384992230569,0.6703301675960606,0.21356783892767858,167.36335403726707,25.10044959989549,6_genuine_original_6_17.png,6,genuine
2.9873226816767757,6.198574844750055,14.7201982828742,15.131938724287261,29.728791619588044,18.250903321433224,29.952422333006385,49.64955575980392,0.8087674887351535,0.6439266749973515,0.8809248438397212,1.007787762001901,232.3059545628916,15.8253110439176,6_genuine_original_6_18.png,6,genuine
1.750053213977469,3.5869057221451413,5.327377561596036,5.41580702256401,10.787439030295365,7.210310614223525,12.6563154853232,96.07483149509804,0.9790881653991299,0.9784164848485593,0.6869184341128577,0.32142857103272343,161.1062441752097,25.855860551332995,6_genuine_original_6_19.png,6,genuine
1.8295142827313435,3.7650771328088566,5.5063090162460435,5.585622515170923,11.131608259219018,7.469700437210356,13.149695732083027,117.21960784313727,0.9738783991944822,0.9731471243929118,0.7014650962317526,0.36465781372353645,159.15494011976048,24.53808184486222,6_genuine_original_6_2.png,6,genuine
1.849136869896613,3.827002962376573,5.790829661974884,5.910011231569389,11.760515764089817,7.8242365804948095,13.466489680990435,106.59310661764705,0.9767615415070728,0.9762107323724872,0.6944189525516479,0.5115681227357737,159.47448979591837,26.848232353769678,6_genuine_original_6_20.png,6,genuine
1.6671121682458578,3.3853646921789595,5.222899059459656,5.285157392604101,10.539186528066285,6.9778516139893325,13.22817852015925,79.01875000000001,0.9817176089672487,0.9811124324613749,0.7228949470665469,1.561170208613909,159.00623052959503,24.301924905637293,6_genuine_original_6_21.png,6,genuine
1.7383727874756174,3.5579961736509635,5.301035617910513,5.365610946736223,10.698983200997016,7.1446545953988645,12.522362229437073,92.7523743872549,0.98044034894539,0.9798870111909029,0.6703354363806224,0.4880952373689059,161.718,24.829024870099108,6_genuine_original_6_22.png,6,genuine
1.7560113896169594,3.6108759040870053,5.484636749708573,5.547420043822553,11.063569469483065,7.354110181022982,12.690441576046037,107.58700980392157,0.9774101375907767,0.9770225991664673,0.6627349200959255,0.4840848799945824,161.12332439678283,25.4942735029199,6_genuine_original_6_23.png,6,genuine
1.850735028491881,3.8343413402191286,5.641443762384576,5.761746459724646,11.463346644514585,7.680157107124419,13.779057361211272,110.79607843137259,0.9770694227042366,0.9765017659411044,0.6763279739701442,5.898203557495787,159.11892361111111,25.842349022642146,6_genuine_original_6_24.png,6,genuine
3.0548989309635615,6.456822990792339,15.34472093743216,16.46441606350903,-29.99848173776153,-19.933333485318908,-29.998935912361848,53.148851102941194,0.7604476572422307,0.5592553817490657,0.8824313005582326,1.0055819722275803,232.30031268254132,14.883511842147254,6_genuine_original_6_3.png,6,genuine
1.8311035610219744,3.7488676619904355,5.612148125021322,5.6991526333627,11.354837267702997,7.5742490743554605,13.255834371789701,106.87273284313727,0.9776560506200513,0.9769306550253769,0.7041463276100297,1.0229681960724943,155.8227074235808,25.178472290940636,6_genuine_original_6_4.png,6,genuine
1.7440727453406717,3.5839081804139283,5.33374905483364,5.41060834485137,10.782807162349835,7.203574838809772,12.799385572845747,93.03373161764705,0.9784692125482302,0.9778956527645898,0.7228030086746337,0.6676646696591846,158.09335727109516,24.681895232811605,6_genuine_original_6_5.png,6,genuine
1.7663654128899595,3.591655731800335,5.391483487896593,5.453465653133782,10.875942268523618,7.2504225412711,-13.388985058676232,95.84885110294117,0.978470522499945,0.9778650118636534,0.7098287573136646,0.27159090878228304,159.44504021447722,25.797838683937417,6_genuine_original_6_6.png,6,genuine
1.8286982944317947,3.7769486630739015,5.616237928138757,5.711549060740184,11.375593794979473,7.601002057784156,12.954062281579354,110.63874080882356,0.9748770785767501,0.9741274567279031,0.6929163336594124,0.9815100138959784,162.04354587869364,26.073403403309683,6_genuine_original_6_7.png,6,genuine
1.836620898388503,3.7568730734590337,5.622380833152548,5.705432405504657,11.369339025759333,7.583948796271978,15.554393400315767,89.46625306372549,0.9781280612710912,0.9775127200156327,0.7025872676969597,0.8282009711050228,164.64982269503545,26.264082341577417,6_genuine_original_6_8.png,6,genuine
1.7655186685717108,3.603857758705244,5.5793885868277835,5.6719962532810015,11.297691910279328,7.4739641322648245,13.71099986112942,97.73229166666667,0.9776698440523955,0.9769766258957321,0.7155009328716702,0.9360269344511332,158.2495652173913,23.732153473855174,6_genuine_original_6_9.png,6,genuine
1.7132866592954232,3.4483287468247337,6.983963970470276,6.9723997286110295,13.950755219586036,8.698276193700647,15.499218868579753,164.41302083333338,0.9622505389262597,0.9612297439103062,0.7649700972435266,0.8371454704143224,149.91533864541833,26.36942202841031,7_genuine_original_7_1.png,7,genuine
1.7884515093713924,3.6025441628251627,7.373904308400135,7.484477703613237,14.916016374467999,9.298469154876623,15.897900593673373,187.54280024509802,0.962386258803408,0.9613214729120478,0.7628268983457565,0.8401826476345363,143.1062034739454,26.07796358694392,7_genuine_original_7_10.png,7,genuine
1.7978192096465426,3.619089350170689,7.246386211861122,7.267468057859324,14.524625272056461,9.077401973144697,16.011948571511102,193.58494178921563,0.9591818475659395,0.9580742775553883,0.7571484417049025,0.831775700227888,146.53339517625233,26.3840674391257,7_genuine_original_7_11.png,7,genuine
1.817156972494589,3.6848385752730457,6.9227015919264225,6.7784692521168,13.720538397935751,8.626979190062075,-13.860898232122286,123.61622242647059,0.9706218207260049,0.9697310513846626,0.7850953502069506,0.6391752570730151,148.54905660377358,27.61177027284867,7_genuine_original_7_12.png,7,genuine
1.8918139434328582,3.8248374917214747,7.243658589530639,7.46625409077286,14.821288345865375,9.396794126134207,-16.543816172628066,129.6119638480392,0.9644666240655577,0.9633128240694502,0.7833708320088995,0.91774033605774,156.53850129198966,26.249891169000403,7_genuine_original_7_13.png,7,genuine
1.925319932218123,3.8857466678919583,7.4106699350377,7.437531828104448,14.862194266101096,9.382072208590376,16.15559388469911,162.9711243872549,0.9593537689540763,0.9581659586720477,0.7998557549877042,0.6624251492047716,147.11841512832058,27.012311106100757,7_genuine_original_7_14.png,7,genuine
1.7753299916166854,3.5728980419070693,6.907379713410519,6.904345160165621,13.810296315023413,8.690882675601628,15.504623070240507,165.80225183823526,0.9617554373379538,0.9606015769586178,0.7804346351039729,0.7087458740026849,147.30516658619024,26.199169679523056,7_genuine_original_7_15.png,7,genuine
1.862211724322385,3.7569742484125044,7.538697100299824,7.824036831801013,15.505658541903331,9.729406825537533,-16.970856289085507,190.63394607843142,0.9581940872294462,0.9569251598968747,0.7914980425705065,1.0411449006787612,141.72042068361085,26.501348736171366,7_genuine_original_7_16.png,7,genuine
1.864027450619492,3.762688448644371,7.0544888661994785,7.0632004878243535,14.122772717775362,8.944811087969665,15.359853697818718,182.71853553921574,0.9557348849555335,0.9543825234164993,0.7899231224683297,0.6288032450109511,147.79576587795765,26.849885703908953,7_genuine_original_7_17.png,7,genuine
1.8037936437840663,3.684081556120187,7.09591871223612,7.001947746009847,14.52167012212316,8.870831917682853,-14.077261892275583,179.11795343137254,0.9593390230317387,0.9583805170826012,0.775240224113187,0.6707597845965005,146.92420762517224,26.004632765045976,7_genuine_original_7_18.png,7,genuine
1.9095061048369668,3.861906343951069,6.754783236569304,6.790885442649252,13.563911005473532,8.724709523075912,15.091422236851873,219.51631433823533,0.9533881125729647,0.951962369136131,0.7750273297435404,0.6836803219048486,143.26964499401674,26.724806551125337,7_genuine_original_7_19.png,7,genuine
1.7962905827409616,3.6176008047557633,6.767032389577204,6.807565077606816,13.59510194269827,8.61961469439497,15.074951600587108,174.34316789215688,0.9619653928603109,0.9608160354854592,0.7676770817144455,0.5904836188841781,146.79794016674842,26.07414590214014,7_genuine_original_7_2.png,7,genuine
1.7946862784188347,3.755711640410714,6.7061388474778765,8.222832954952706,15.740487393216062,-10.264084362383405,16.0189107676925,240.54465379901956,0.9545567168424083,0.953463506052797,0.7314582844302047,0.7842441442269381,143.66229116945107,29.507602442598536,7_genuine_original_7_20.png,7,genuine
1.9131589033576086,3.8757966094340155,7.072729657752792,7.116692057299917,14.211931216101721,9.06256595372272,15.518603340136648,158.0288143382353,0.9608347586687522,0.9596670847073899,0.8029630312007997,0.7247191005419589,146.02280130293158,26.48442550255085,7_genuine_original_7_21.png,7,genuine
1.9322444028352805,3.9314635064122427,7.749218125406615,7.816810282670801,15.707162106448655,9.938079840193002,-15.804288214745029,210.49217218137255,0.9548596698618287,0.9535859733039356,0.7742554802789942,0.7168079090982994,144.13451254627725,26.409325902229845,7_genuine_original_7_22.png,7,genuine
1.8574458298336887,3.7521119075100233,7.235307819122686,7.292491638085596,14.558746653429608,9.169718943698623,15.53992320992024,220.20553002450984,0.9539877711461326,0.9529120532605759,0.7595380709219945,0.8156133822932242,145.55692055692055,26.734832420546503,7_genuine_original_7_23.png,7,genuine
1.7915844592645702,3.6783201178251907,6.611437156640862,6.386987058277217,13.031277758365663,8.26243056454257,-13.042290174877616,165.95709252450982,0.9645561902701704,0.9636958297436384,0.7637462402683688,0.646801051142155,145.83661522086217,25.25888143743422,7_genuine_original_7_24.png,7,genuine
1.7365371149864746,3.4971494849169016,6.368398957390587,6.440398096174829,12.844801908627671,8.191551292341861,15.151626395389757,158.3785692401961,0.9631880012628442,0.9621335613237402,0.7486452456658758,0.7942804420716969,153.91259640102828,26.03449502688643,7_genuine_original_7_3.png,7,genuine
1.757996491443723,3.5384053614228517,7.082478887647419,7.128373158979632,14.234064878170171,8.900376579460406,15.690116766896786,188.2304993872549,0.9609249563855558,0.959820529664399,0.7421918105079255,0.9636363627142235,148.87426900584796,26.70510352517303,7_genuine_original_7_4.png,7,genuine
1.8328417561253618,3.701164634195687,7.766864483882781,7.710548646709148,15.451086492461839,9.566984896695422,16.48716993622046,183.65024509803922,0.9604950281986674,0.959682540187751,0.7435830030341403,0.8769230761294813,150.32931533269044,25.929379627793708,7_genuine_original_7_5.png,7,genuine
1.7550312654261429,3.542704443614778,6.6413850773189385,6.757137429020467,13.456435903772366,8.5309539819986,-15.339397035560765,196.9674325980392,0.962364188016613,0.9613982147982902,0.7517337842669419,0.7429328615345115,141.73998986315257,26.23626148144889,7_genuine_original_7_6.png,7,genuine
1.7398952782928323,3.4994657733909826,6.667107929127455,6.716945309988622,13.408990850160988,8.471404713741642,15.43889093097968,196.1057598039216,0.9616706602042566,0.9606323000422184,0.7493348050356509,0.7563098339805832,143.86620416253717,26.32594611052778,7_genuine_original_7_7.png,7,genuine
1.7429632468216583,3.5146297460962166,6.980858872872783,7.2652551483718195,14.399033123607003,9.202467307941962,15.046910813554675,158.6769454656863,0.9656868056434655,0.9648445839692122,0.7687304662073176,0.6576576570651732,146.08804347826086,26.16814086197227,7_genuine_original_7_8.png,7,genuine
1.8427015074976167,3.723364509909106,6.908690582582615,6.984827781444394,13.931937273137457,8.847593767449652,15.327913183737584,208.97752757352941,0.9589423300227444,0.957783019959342,0.7634530479804322,0.6910069172244374,141.57590909090908,26.031111833044374,7_genuine_original_7_9.png,7,genuine
2.1433951079078235,5.112611696118527,7.884533392610918,8.633713778362239,17.34110468621555,11.190220579134015,16.922305641037543,182.446875,0.9616356601198667,0.9604948154614278,0.6668389804344405,0.39595375693933976,160.91304347826087,25.717985901150467,8_genuine_original_8_1.png,8,genuine
2.088994367997018,4.9893569366503865,7.66849988994404,7.563525697937133,-15.702148687850663,10.513800503354743,-15.200044373595466,148.92625612745098,0.9541173963233438,0.9524533659175131,0.6801789420590788,0.4109589038648249,176.94428028704095,23.327776585100075,8_genuine_original_8_10.png,8,genuine
2.076996994610631,5.270932688887413,7.197692134051831,7.669887675829351,-15.473233088815823,10.41511875146215,15.147391988741093,158.4509344362745,0.956673748442149,0.9557169231034346,0.6013814979793741,0.381144780888118,177.3159434422233,21.9376056468353,8_genuine_original_8_11.png,8,genuine
2.201888409818423,5.0486459110016435,7.87641315587632,7.464387425261043,15.767024454400222,10.027308200962155,-15.146931902338885,209.95226715686275,0.9627103349576651,0.9620418698724361,0.6240798032503087,0.4487688638214703,157.11787280701753,26.096771424994,8_genuine_original_8_12.png,8,genuine
2.1065462128911094,4.57892384923256,7.44724566688085,8.228840255183496,16.20846487606625,10.518900695840863,16.226714892282903,123.08946078431372,0.9640116069973528,0.9629762078359252,0.7086240471057185,0.23300330017623544,171.14989293361884,23.489940782719927,8_genuine_original_8_13.png,8,genuine
2.108112918423325,4.616627659470649,8.855293134593161,7.865320961145859,-16.308360853046768,10.175435795537902,-16.47522081713271,103.16035539215686,0.9698007234833821,0.9688277057928711,0.67436689533048,0.28284518804782827,175.13698630136986,22.788102331651693,8_genuine_original_8_14.png,8,genuine
2.184781957564833,4.735703780525762,8.250447922332366,8.337782368921168,16.751508621067703,10.714274509924042,16.818456157573035,137.84117647058827,0.9583783205900986,0.95692561858695,0.751490850991509,0.902837488475634,166.168097605061,23.608949528238107,8_genuine_original_8_15.png,8,genuine
2.0348897217178563,4.667143086238152,6.570279676834981,6.519522103474625,13.07975141822476,8.919320389758434,-13.647670519985626,114.62579656862746,0.9686041482024348,0.9675561129307618,0.704292610835412,0.38377007575336425,169.40867440439828,24.224030698891326,8_genuine_original_8_16.png,8,genuine
2.1823489771706437,5.037369130792845,7.951514457785581,8.385307547739739,-16.816367317707538,11.790002769228186,16.630653273398647,125.66547181372549,0.9614700393632274,0.9598205481229083,0.7297501843216728,0.5083758190033679,171.28488652824723,23.296090455089484,8_genuine_original_8_17.png,8,genuine
2.082851577884444,4.840716121311945,7.076570324984001,8.341051703698843,17.139412188909365,11.078359455713876,-16.051305155568343,144.091712622549,0.9640433218834291,0.9634057054732883,0.6288421268672083,0.48119658078530203,171.6133871898442,23.3352961622623,8_genuine_original_8_18.png,8,genuine
1.9139427856227136,4.419451307764899,6.810677338149406,7.852976320270016,15.302093889137993,-10.137334588709528,-15.374560458549425,184.3418198529412,0.9570329283095407,0.9558999255038549,0.6859131796663872,0.20268006688850917,162.10027855153203,23.4100972968293,8_genuine_original_8_19.png,8,genuine
2.1752081377637755,4.809830835630851,7.953342503233955,9.687498404314093,18.50796089434149,12.149120036549972,-20.364505025823465,177.61654411764707,0.9573863074091606,0.9560066751575231,0.6609826966472713,0.4588077692841207,168.6216712580349,25.283228117083603,8_genuine_original_8_2.png,8,genuine
2.0309259239867106,4.721247505054118,7.222398809248656,7.894933561939269,-15.45625130043106,-10.42736156904746,16.41155118492585,159.65398284313721,0.9569511278795544,0.9555475206696354,0.6773889899934524,0.419753086147009,170.75331807780321,23.08016115855295,8_genuine_original_8_20.png,8,genuine
2.031864065976264,4.471309357485828,7.158122735334692,7.979804840595641,15.673558366208367,10.257652898463652,15.728471320324047,170.39227941176472,0.9503663618484588,0.9485776281580355,0.7478599058573789,0.7153945661608055,164.8212669683258,22.70485161327673,8_genuine_original_8_21.png,8,genuine
2.005202197371531,4.499907896750455,7.21631982692166,8.986997923513398,17.188952351875315,11.462542630974498,-17.304614134049807,110.44408700980394,0.9698959034137641,0.9689503559635232,0.6505199102447977,0.25104253523682857,174.558,23.54686042766636,8_genuine_original_8_22.png,8,genuine
2.005814719584702,4.894549671228264,7.264686909800892,8.005789286769236,-16.760000651113998,-10.566875983632839,-15.642286502648906,113.94613970588236,0.9637679259962375,0.9625014534302362,0.7264463291061763,0.6049277819839186,171.88830068819482,22.129670209263917,8_genuine_original_8_23.png,8,genuine
3.1132790495986695,6.778923625532651,0.0,0.0,0.0,0.0,0.0,44.06928615196079,0.6946618707426329,0.45339240424533583,0.9149583267877602,0.9999999999449823,231.07449383802816,14.532876793202567,8_genuine_original_8_24.png,8,genuine
2.073618096138619,4.541779419864892,8.138007286386722,8.451246569528392,16.953912933524737,10.768997655101042,-16.850955417036836,165.77340686274508,0.9627625678259931,0.9618736536445417,0.6299206597350921,1.56619718089268,168.3172338090011,26.840000773564004,8_genuine_original_8_3.png,8,genuine
2.0811686960358866,4.6827728613208714,8.019631724476975,8.267570836857885,-16.414849322028548,10.804272686848103,17.298626391354407,139.4596507352941,0.9618570634711734,0.9604182317328304,0.6997706285492528,0.3209302323448968,169.4109657947686,22.894795268250107,8_genuine_original_8_4.png,8,genuine
2.167698905910212,4.6850349750641955,7.761620407242213,8.78949641916136,18.17187063137294,-11.834225384239554,17.066386677969913,142.32104779411762,0.9624886090886605,0.9613985208775234,0.6687226791230626,1.0179514244794599,171.65044479330194,24.372914953255847,8_genuine_original_8_5.png,8,genuine
2.1205658510408614,4.499339997343183,6.791260847390046,6.693185822327201,13.444241781402722,8.948831147893001,-14.135142780681939,103.76003370098039,0.9706415500833769,0.9698078173544495,0.7181575910546938,0.8916256146654857,169.01888020833334,24.734349698265095,8_genuine_original_8_6.png,8,genuine
2.076798474559935,4.672085527312092,7.378298799687994,8.69718909915419,-16.77214016750674,11.044474145167753,17.136335173823632,135.45404411764704,0.9616314044687478,0.960203620206424,0.716492892355047,0.5974842762598394,168.9640748031496,22.5792172561388,8_genuine_original_8_7.png,8,genuine
2.1233112412051227,5.008533588023198,7.638837582992977,8.424893419688958,16.515177488732522,11.313460084854723,-16.77041546321338,139.6663143382353,0.9581094493247757,0.9569414587087204,0.6510229793439231,0.635376260174262,178.16034155597723,21.996137798752482,8_genuine_original_8_8.png,8,genuine
2.0685718133078814,4.665456602039547,6.842280360081798,6.9158858865831,13.828310316518484,9.257499827502368,-14.218312250960789,79.44457720588235,0.9731545599844946,0.97212080682118,0.7534757211312177,0.3739295905100574,171.72853185595568,22.439725120765686,8_genuine_original_8_9.png,8,genuine
1.9323156857884107,3.924883145870234,7.153275743448494,7.656320245557553,15.070034671639968,9.677685587134958,-15.758842818056603,314.3297640931372,0.9597448101991362,0.9594073793405632,0.5832160399200857,0.46938775473360456,142.63621794871796,29.880846568981177,9_genuine_original_9_1.png,9,genuine
1.9558929000037482,3.9715792902445846,7.106615579890454,7.544382857368203,14.873661862201482,9.570858380130659,-15.751412767780291,285.45499387254904,0.9624638515780434,0.9619344538134681,0.6554302643421668,0.1666666665606446,136.14067611777534,31.831272949754187,9_genuine_original_9_10.png,9,genuine
1.90342355980031,3.8502880441887597,7.361163884383639,7.9558577758718885,15.662090991075077,10.456601803541963,15.966809064454585,242.54767156862744,0.9658054672438154,0.9653350120760819,0.6391038664603538,0.27607361942018893,142.91045673076923,30.645025419543607,9_genuine_original_9_11.png,9,genuine
1.9727101503747488,3.9926744536127745,6.975416691318639,7.198349766331303,14.285366916896942,9.208616264092853,-15.89025156765567,278.31018688725493,0.9618438678085525,0.9613831247149841,0.6248227346836669,0.06670533638822196,142.9021207177814,30.976585921120304,9_genuine_original_9_12.png,9,genuine
1.922188087623229,3.8896938330480246,6.54496009282019,6.695581554795475,13.315852624448585,8.644892303719267,16.28889872477006,292.1604779411764,0.9642652039084572,0.9637878809276202,0.6352475252582517,0.36200156343862266,134.747990815155,30.605357807135434,9_genuine_original_9_13.png,9,genuine
1.951348297265779,3.9672141454847796,6.962028997432195,7.593402677885321,14.981582978241242,9.904070355409177,-15.07078021962357,252.16780024509808,0.9663400379364759,0.965871055574433,0.664880598931058,0.5416666661651234,135.6216216216216,29.384349796889484,9_genuine_original_9_14.png,9,genuine
1.9327945245391194,3.9269366629523987,6.931948909895677,7.315272260729684,14.440143148399379,9.302485535420036,-15.557652476023554,281.26919424019604,0.9650820043284585,0.9647377216880886,0.5833442602942551,0.8171806158401095,141.94545454545454,29.96566814235302,9_genuine_original_9_15.png,9,genuine
1.953364788872309,3.967059391120199,6.914545215369974,7.208884317004799,14.270603744190915,9.200244988306304,-16.60473907920218,309.3577205882353,0.9629386040909248,0.9624247246607465,0.6133399981724333,0.19408999315373404,135.98818897637796,30.158530814011414,9_genuine_original_9_16.png,9,genuine
1.8854773332089292,3.8524257848190806,7.165404309759192,6.748716833618394,13.708233095897446,8.677080549152953,14.680294428244114,314.6996170343138,0.9609242823164718,0.960326095922359,0.6431391723233791,0.3672199167584924,133.27415275670208,30.47917279565621,9_genuine_original_9_17.png,9,genuine
1.91608976952752,3.8904942084116723,6.847921820876249,7.25416355464669,14.308811373912194,9.23737296448939,-15.196922916566638,276.1013939950981,0.9652240566864696,0.9647377232691321,0.612552195893792,1.2937931016637336,139.01503307276008,30.04417097149646,9_genuine_original_9_18.png,9,genuine
1.9838356656425078,4.030021357587508,7.12991019218134,7.686817766023331,15.124043278179848,9.816179116237274,-15.547670159481394,288.33097426470596,0.9630217657857145,0.9626237688535227,0.6285436256090292,0.22702331946020346,138.06260480715483,29.409741869990526,9_genuine_original_9_19.png,9,genuine
1.9998892855189658,4.053207625337431,7.523799366183057,8.479723935283223,17.89409057716004,-11.481360838307218,-16.481810575480864,295.63878676470586,0.9585702105072752,0.9579365479579139,0.6581681381555152,0.2680348257039584,139.51397743992152,30.533247957275716,9_genuine_original_9_2.png,9,genuine
1.9881980077216936,4.027925669469875,7.128686289112901,7.482195637617371,14.78959609592663,9.525706854804934,-15.810920695893154,255.43814338235293,0.96419736775849,0.9637265221185793,0.6702857113634769,0.21457765652957925,138.03925967470556,29.599450244083496,9_genuine_original_9_20.png,9,genuine
1.9268013868169716,3.90578015509922,7.101637157852143,7.501579660488523,14.806136943359823,9.487618208878455,-15.738209909602032,275.4884497549019,0.9652577627304917,0.9648142424333185,0.6055071237443921,0.28538283040573637,140.32972322503008,30.00181815261377,9_genuine_original_9_21.png,9,genuine
1.9124635226659805,3.87126374869337,6.723254136017334,6.938896288322482,13.770039142082934,8.884476948742353,-15.523275572637925,263.6692401960785,0.967518508229533,0.9670966046722306,0.6044620086420313,0.1906584990883166,139.3749196141479,30.68651181920477,9_genuine_original_9_22.png,9,genuine
1.8779530309880166,3.8368072115764322,7.138205198120438,6.726262972689297,13.66105908145732,8.671077230430747,14.62386242520382,262.50428921568624,0.9671554719703663,0.9667136875725656,0.6126959494198906,0.04947229548187843,138.8365807668133,29.34302117866354,9_genuine_original_9_23.png,9,genuine
2.009566432882352,4.0891085133437235,6.935299961525016,7.23832881517411,14.32519607719183,9.296006279865034,-16.131927077131383,314.32573529411764,0.9592442603614818,0.9587636663939317,0.6512386719237824,0.499624342224174,135.54609218436875,30.085722213730595,9_genuine_original_9_24.png,9,genuine
1.9704116860265806,4.00571956085114,7.0304623621449105,7.370682929431063,14.572283705669115,9.39571088562097,-15.734122484528811,320.65012254901967,0.9595771930075875,0.9590396620527772,0.5940648012432275,0.23161290307637875,141.0921948664222,30.4978060310912,9_genuine_original_9_3.png,9,genuine
2.0027522370792754,4.058418628192086,7.502440420608189,8.401343254532415,16.979344769553244,11.830397076986396,-16.3657370175934,304.77068014705884,0.9597163569494097,0.959070057882538,0.6363186741543175,0.2274999998578125,139.300916496945,30.717482420400433,9_genuine_original_9_4.png,9,genuine
1.9123937804108344,3.869946425996506,6.938211466563187,7.226802186488628,14.310210144290405,9.182023081759978,-15.500742549076612,252.57481617647062,0.9659104809361647,0.9654268463842406,0.6436975932373376,0.2285084495014633,140.05442583732057,31.053184498426305,9_genuine_original_9_5.png,9,genuine
1.8288542052843746,3.6966910629193612,6.942283582384515,7.241413623834062,14.333913498861826,9.105051623794976,-15.595083762993289,261.7308517156863,0.966410401611223,0.9660856831993454,0.6026048014211004,0.21949347642402647,141.6469477658905,31.505909998261323,9_genuine_original_9_6.png,9,genuine
1.9355532095993513,3.9167649541013545,7.202877500721964,7.61776839345507,15.033327904740858,9.620425666318084,-15.839558302719363,289.6045343137255,0.9644582224362671,0.9640635993507712,0.6302279546294801,0.19143054582485794,135.59686774941994,30.780949217601627,9_genuine_original_9_7.png,9,genuine
1.8917212376994543,3.8259716493715783,7.021400546003544,7.3510631924476835,14.538151860769139,9.28178038851866,-15.73966097841578,249.23291973039215,0.9671810265601186,0.9667748540022856,0.6497775380833513,0.07481629921521957,137.36793039154753,30.84095999929619,9_genuine_original_9_8.png,9,genuine
1.9481395911436838,3.952435211852062,7.132445615922242,7.516145727656582,14.841436748908814,9.514167517816308,-16.01032824869286,295.0087316176471,0.9625696540196754,0.9621182612519054,0.6427507385315456,0.18016850279963154,135.55793520043932,30.844877140604325,9_genuine_original_9_9.png,9,genuine
2.0220268191590316,4.227564814047896,8.516819551670904,8.86258935002575,-17.560173615644345,10.985387771740713,18.276340947605856,286.13478860294117,0.9557965115178124,0.9551797628527148,0.5936529174410684,0.5903614453385831,152.53551136363637,26.921579935356316,10_skilled_forgery_forgeries_10_1.png,10,skilled_forgery
2.100453562332503,4.534117474862357,8.57872015512902,10.34552363180665,19.82545473453346,-12.725106967134904,20.359544113387166,155.10845588235293,0.9538314526056411,0.9533125534252535,0.5229468188857958,2.32959999627264,185.8995675156175,21.841902883708137,10_skilled_forgery_forgeries_10_10.png,10,skilled_forgery
2.096642082719716,4.440992246076588,8.424797050681235,9.33035945850336,-18.329044476743604,-11.550926552527514,-18.392477007017053,136.18946078431378,0.9545515424425801,0.9538184735668769,0.5686527564653974,1.7685060541473674,187.8906174039864,25.459399736866235,10_skilled_forgery_forgeries_10_11.png,10,skilled_forgery
2.006389159836527,4.228348477170177,7.605901038933015,7.821121511880162,15.540213600212425,10.167582591379583,-16.332445642950514,298.2597426470589,0.9497457801819554,0.9491294009168875,0.6164672745593323,0.7529069761970152,154.20480928689884,27.19066046773698,10_skilled_forgery_forgeries_10_12.png,10,skilled_forgery
2.0460815581641776,4.320645984028876,7.502140211068055,8.692150627486907,17.220262526491705,11.02832968814959,16.82139771649602,293.3149509803922,0.9508400300441942,0.9501094586085468,0.653770668589216,0.6272788652077792,149.5344398340249,27.59260260399783,10_skilled_forgery_forgeries_10_13.png,10,skilled_forgery
2.0185222828218468,4.219610932400488,9.203597953044719,8.119076627435906,17.91640668328984,10.231645768535493,-16.781577862005598,261.4770220588234,0.9552543530831076,0.9545361745907722,0.6592309244727336,0.6340740736043895,150.29510426110608,27.578116917138946,10_skilled_forgery_forgeries_10_14.png,10,skilled_forgery
2.030944943034021,4.252229950335377,7.6418211668255145,7.642240997167962,15.284342571664,9.790920239232706,-17.028613027932458,267.26424632352945,0.9534821857115338,0.9529278865303954,0.6440481663379092,1.1936108410516835,152.99514563106797,27.776253824505627,10_skilled_forgery_forgeries_10_15.png,10,skilled_forgery
1.9856606288045549,4.165876553902497,8.305734809674911,7.988243225199422,16.193762714807324,10.093591156565427,-16.44852666749043,257.24620098039225,0.9605150355600197,0.9601272269223873,0.5898660099718933,1.2454873631221572,152.62165058949626,28.101054868729772,10_skilled_forgery_forgeries_10_16.png,10,skilled_forgery
1.9976737280659287,4.192904092963136,9.030041541084023,8.374308576611181,17.280337849628086,10.485350436950577,-17.184211854596885,264.5044730392157,0.956088091810172,0.9554859292393818,0.616559831995831,0.9238440608124713,154.01696512723845,27.285824269355725,10_skilled_forgery_forgeries_10_17.png,10,skilled_forgery
2.0817098625731805,4.432661971986246,8.63605974539115,8.603915589682234,-17.25459894882354,10.822605397006695,-17.663908783281734,305.87276348039217,0.945886066273855,0.9448860468252155,0.6823449232303536,0.6372963182635507,148.9049023221526,28.21959506172117,10_skilled_forgery_forgeries_10_18.png,10,skilled_forgery
2.078303176516756,4.391000254852113,7.645098781658917,7.3381940860275785,14.830248783907882,9.534961588063299,-16.19295121487105,304.5961397058824,0.9464182900174228,0.94574415464125,0.6466717420720328,0.8408450698303908,152.96786534047436,27.762045647507264,10_skilled_forgery_forgeries_10_19.png,10,skilled_forgery
2.0515251260713887,4.371920240264084,8.011204545801954,9.735019237848967,-18.655781366740715,-11.964659534046103,18.960865370939278,306.5960784313725,0.9471725795071634,0.9465100890085067,0.6341006580235585,0.968461537716568,153.43259085580306,27.85972315470121,10_skilled_forgery_forgeries_10_2.png,10,skilled_forgery
1.9748657909098821,4.163586978646607,8.60129411775467,7.985192868553829,16.278898429230857,10.073765545367145,17.614691790092277,313.7440870098039,0.9488002147197686,0.9481949692714627,0.6283512999831021,0.8635329788752593,151.120016273393,28.729962382264087,10_skilled_forgery_forgeries_10_20.png,10,skilled_forgery
2.012562248003248,4.231331226825473,7.92474333820288,7.509243970836215,15.228490059224008,9.625706117015683,-16.219414002155556,251.08290441176473,0.9580331076301403,0.957431332935219,0.6150591052379054,0.9430501921399128,154.3432687531048,27.51082342479024,10_skilled_forgery_forgeries_10_21.png,10,skilled_forgery
1.9844056053272812,4.205250351042434,7.215479040393725,7.176604598559552,14.37286927982825,9.285405585827199,15.86711718801404,280.73710171568626,0.9509786948336841,0.9504007383229719,0.6127842275765826,1.1132075461696247,156.39030612244898,26.22787129294618,10_skilled_forgery_forgeries_10_22.png,10,skilled_forgery
2.04516256807808,4.363781686503059,7.03698533254485,7.647676533719302,15.021841012732152,9.960360762591211,15.422664475683115,313.78756127450987,0.943250000690509,0.9423129119505337,0.6834117863459153,1.7393410835859096,149.2331093031482,27.23013960012146,10_skilled_forgery_forgeries_10_23.png,10,skilled_forgery
1.9341807785099994,4.0445394424318195,7.956980042058527,7.760329116605524,15.626846136545606,9.782854043905042,-16.34350152349926,307.7754289215686,0.9534274079552932,0.9528819791367226,0.6147364064885041,1.047575479370928,149.2354781054513,29.175096979318653,10_skilled_forgery_forgeries_10_24.png,10,skilled_forgery
1.957221195518011,4.0714509122145754,8.311474719585389,7.576057846608902,15.53531483012244,9.612676845668119,-16.100865067837777,280.511412377451,0.9604222727239323,0.9599433289607956,0.5875926857997228,1.0764119589408505,148.5936,29.10510904245736,10_skilled_forgery_forgeries_10_3.png,10,skilled_forgery
1.9549204182282107,4.061858921827927,7.3517843295510135,7.184011068929298,14.45208186800171,9.216124547990653,-16.001224146644407,303.25989583333336,0.9586034733556613,0.9581971487476917,0.6034288409158818,0.840186915102629,144.44388014220416,28.678867210141675,10_skilled_forgery_forgeries_10_4.png,10,skilled_forgery
2.0575296827762193,4.358247328797136,8.427699572916215,9.633410801926592,18.75057724396138,11.868236146283003,18.90542410779964,320.9675245098039,0.9474689500561659,0.9466478805900247,0.6353515658078402,0.9451637464240945,150.74862960062646,28.38866768101411,10_skilled_forgery_forgeries_10_5.png,10,skilled_forgery
1.9812802491491854,4.158301856888028,7.445138274885234,7.9204130017474075,15.701278999907387,10.045764884747554,15.822954707723296,291.18069852941176,0.957728964861748,0.9572322966260188,0.5792876234822403,1.468905470809819,150.8382871536524,29.352947235734952,10_skilled_forgery_forgeries_10_6.png,10,skilled_forgery
2.0800438479695247,4.57248150825538,7.736562391948965,8.38928535096407,-16.5554650118607,-11.343187834232705,16.663215109839747,184.8350030637255,0.9503241319739233,0.9496825293128394,0.5179245681133919,3.224528295802777,182.46404644930772,22.665527848039797,10_skilled_forgery_forgeries_10_7.png,10,skilled_forgery
2.115249692555983,4.712557725375889,7.553639720615077,8.016149821135235,16.205870794894867,10.55600865502869,15.837617695489849,205.1565257352941,0.944322984302765,0.9435714481716451,0.516001710628405,2.23453607959467,182.7996015936255,22.35280493109282,10_skilled_forgery_forgeries_10_8.png,10,skilled_forgery
2.0335777214430757,4.376250203675047,7.713447348788311,8.241958070042761,16.34884240318914,10.44238857730467,16.393835663137036,175.93452818627452,0.9511316242020798,0.9505251698157942,0.5023140422192326,2.747855912953935,184.5441647597254,23.31583946247982,10_skilled_forgery_forgeries_10_9.png,10,skilled_forgery
1.8112904213049772,3.697061475826654,7.067322128429417,7.456762202783037,14.763520421162083,9.497080729413236,-15.083924284960894,177.7686887254902,0.9687429964987693,0.9679848814064766,0.6885631879766457,1.2660028431493557,149.1581920903955,27.68403166604154,11_skilled_forgery_forgeries_11_1.png,11,skilled_forgery
1.9914843036018002,4.08704237246363,8.324850832451155,8.548866232308232,16.996846865087722,10.599961515705427,17.636545831615866,176.97218137254902,0.9597702832733849,0.958993944705161,0.6190877023832327,1.3361445767034403,169.05312016503353,25.61488826013429,11_skilled_forgery_forgeries_11_10.png,11,skilled_forgery
1.8183244629733848,3.702924783083233,6.7419167949501535,7.067420872051602,14.028488565509539,9.164435256911705,14.292421128869545,128.08371629901958,0.970720726148725,0.9700992305401219,0.5805355713304545,3.618421040728878,172.4650997150997,27.428452509052327,11_skilled_forgery_forgeries_11_11.png,11,skilled_forgery
1.8867166814673915,3.832314122850709,6.264007683944044,6.273956481245719,12.542989212000647,8.191350824825543,14.359059208810631,130.8363664215686,0.9754871357257937,0.9748319533063219,0.6970453856567064,0.8039772715852596,152.44015748031495,28.02601367470738,11_skilled_forgery_forgeries_11_12.png,11,skilled_forgery
1.9178961642962729,3.9203132747696467,6.635620274572744,6.771190668049281,13.476144503458563,8.745813261525603,-14.54881047278873,165.11804534313728,0.9703347061079852,0.9697310582812346,0.6996781039547906,1.6023890757638413,149.14491803278688,28.706553465690153,11_skilled_forgery_forgeries_11_13.png,11,skilled_forgery
1.8190851373585941,3.7137122613289155,6.723450785501104,7.398842104529935,14.65561151736609,10.102113729047408,-14.573173291223256,178.22521446078431,0.9677472095658882,0.9671271105072718,0.6743380903854761,0.6963350778048847,152.41975308641975,27.74169398440223,11_skilled_forgery_forgeries_11_14.png,11,skilled_forgery
1.9036107046161423,3.8806841188244756,6.438710463240448,6.49533180756572,12.962553164799779,8.435678354345729,14.480074489730383,181.48270526960786,0.9704118786301369,0.9697770947696895,0.6623831030468169,0.5638859550539747,149.15395003376096,29.9826744861068,11_skilled_forgery_forgeries_11_15.png,11,skilled_forgery
1.944095967260597,3.9983225344970688,7.167935013309519,8.09690964020898,-16.814186215332512,-10.359624483813635,-15.730806040194917,173.39246323529414,0.9669311831054387,0.9661007085748794,0.6997497853780413,0.8159574459404708,152.69771528998243,29.160104084761308,11_skilled_forgery_forgeries_11_16.png,11,skilled_forgery
1.8475758047417774,3.7536788225799356,6.734327915928463,7.0111968062429355,13.892795572989844,8.936247986028707,-14.583601723022616,166.22662377450982,0.9708789006631123,0.9702212603115429,0.688962195015678,1.784644191414524,149.00403496973772,27.560314438280773,11_skilled_forgery_forgeries_11_17.png,11,skilled_forgery
1.7935360376368763,3.638618477333928,6.1685429022924305,6.201034763939493,12.385830696920301,8.022029670662379,14.628579264021777,147.19436274509803,0.9721799882666387,0.9714773334505883,0.7014752368937175,0.7691358015195854,151.73621772505234,28.39292013297766,11_skilled_forgery_forgeries_11_18.png,11,skilled_forgery
1.8892181072676366,3.8528428785118014,6.259320953966966,6.334597460948243,12.631566535155356,8.261044271816514,14.80285170819609,149.671568627451,0.9727291385850413,0.9720594497954302,0.6796104164516215,0.6382978715859363,152.77489177489178,27.808167930157968,11_skilled_forgery_forgeries_11_19.png,11,skilled_forgery
1.9009544753018472,3.861693455974039,7.908888585881709,8.84749419225243,-17.23603366294505,-10.778389180812027,17.891786310183242,196.23990502450982,0.965257009351589,0.9644771002414332,0.6849500328976323,1.6461769090761966,149.7099150141643,27.08724208113817,11_skilled_forgery_forgeries_11_2.png,11,skilled_forgery
1.8073653666657359,3.693976812623962,6.892554629126095,6.8752515819193585,13.759736249587313,8.7652999967678,-15.045524496496993,172.01833639705885,0.9686200022832973,0.9679390099900047,0.6599126199640013,3.3333333240740743,154.7076923076923,27.680001895429246,11_skilled_forgery_forgeries_11_20.png,11,skilled_forgery
1.891339126657885,3.8649179723503857,6.740876995452026,6.7772544681052915,13.53637120209695,8.71066594229024,15.350928347979748,173.8036305147059,0.9678879657994267,0.9668359876799018,0.7022307159872455,1.2393048111773999,150.59940298507462,27.840335812468854,11_skilled_forgery_forgeries_11_21.png,11,skilled_forgery
1.974673315339231,4.044634595945754,7.04362412845317,7.168459915910538,14.27524453722662,9.190890882053003,-15.507873070384038,131.79319852941177,0.9730695651476287,0.9720440403476519,0.7464045913354505,2.452153104181452,149.02702702702703,27.808596689847377,11_skilled_forgery_forgeries_11_22.png,11,skilled_forgery
1.8881035070626888,3.858719498727387,7.4672840939827685,7.7798669661844535,15.406519246013769,9.7445076985557,-16.329310125844227,180.6329963235294,0.9665892263936585,0.9656412342890603,0.6861202427966484,0.7949526805521002,152.3145869947276,27.180772895963205,11_skilled_forgery_forgeries_11_23.png,11,skilled_forgery
1.8595037740221094,3.8078075491866334,6.383611102665356,6.445822776080387,12.861166831594044,8.360752745340907,-14.130556366460112,218.7429993872549,0.9652755414069891,0.9647835391176539,0.6360761049456543,1.7339743561955538,150.3516998827667,29.14505683084386,11_skilled_forgery_forgeries_11_24.png,11,skilled_forgery
1.9300669946722484,3.9593663905764647,7.43846509147857,8.146389468821823,16.07588822412204,10.481882680409866,-16.103662803159242,224.80986519607842,0.96329776794444,0.9628229860679303,0.621177811833699,1.2107231905103202,152.79075014100394,27.627378872058742,11_skilled_forgery_forgeries_11_3.png,11,skilled_forgery
1.9047039290584364,3.876586800519467,6.838872494902306,6.926231079430811,13.808831793224863,8.868223410903335,15.632411846809346,168.55142463235293,0.9704581440593292,0.9697310935505442,0.6900722592256792,0.8539877290135119,149.2991396426208,28.92834193020627,11_skilled_forgery_forgeries_11_4.png,11,skilled_forgery
1.8929905520763206,3.865040171398401,7.070668636125178,7.675822797035537,15.152150491378094,9.985923734205437,-15.260360185570715,184.93789828431375,0.967536968740126,0.966836055820611,0.6928164292892609,0.7256544495019325,148.20145631067962,28.389873208448474,11_skilled_forgery_forgeries_11_5.png,11,skilled_forgery
1.826744803472883,3.6923195556639477,6.610116041460251,6.6164839352809475,13.22988166006866,8.46276740429264,14.90318174068208,123.48514093137257,0.975909143337108,0.9752149246477968,0.7077220248028825,0.3734939754945302,153.10925039872407,28.57590179213862,11_skilled_forgery_forgeries_11_6.png,11,skilled_forgery
1.9743319754614796,4.068885274688288,10.12777130118959,8.361268985412348,-18.144630972878048,10.510152416849435,-17.624751608169326,170.54295343137255,0.9584717171831362,0.9576920535588154,0.651566122932398,1.9257641893365878,168.36915422885573,25.968293790105815,11_skilled_forgery_forgeries_11_7.png,11,skilled_forgery
1.9620244386517829,4.024263418524757,7.156308746421549,7.174284730892724,14.340637664598967,9.186830256152188,-15.496614447133862,179.20684742647057,0.9592925171339484,0.9586877318075688,0.6050945024921628,1.3647490803369045,169.81469979296065,25.071777524190523,11_skilled_forgery_forgeries_11_8.png,11,skilled_forgery
1.8500476055417494,3.7745963196408034,7.375064669297819,7.712077670713023,15.281554809134512,9.619002179523386,15.73015030640522,129.86899509803922,0.9671639286881737,0.9664994114874037,0.6550457761705089,3.2659574381224536,170.26122194513715,25.81738028327794,11_skilled_forgery_forgeries_11_9.png,11,skilled_forgery
2.0183568376221457,4.240940207204756,7.449870581590496,7.382613293354991,14.7988727007499,9.543543872721195,16.84609563852119,296.8201899509805,0.9543478443980545,0.953693751007791,0.6355681166500972,0.8319536416954025,147.2544057840036,28.236156084227115,12_skilled_forgery_forgeries_12_1.png,12,skilled_forgery
1.894763573508643,3.9878908338492276,7.149453204574824,7.616178713017088,15.07327298363608,9.907776430783503,-15.268022338725347,206.81957720588238,0.9531449326803794,0.9525309266673679,0.5244637327950935,3.6433260314150417,175.53864278982093,24.13818343952673,12_skilled_forgery_forgeries_12_10.png,12,skilled_forgery
1.8869980986430266,3.959325650150898,7.412710427455461,6.879380505553058,14.072781823208649,8.887625850543511,-14.379364092163657,180.4660539215686,0.9555992468723609,0.9547823168138173,0.5820930171532844,3.8976190383390024,175.29460379193,26.447326781275855,12_skilled_forgery_forgeries_12_11.png,12,skilled_forgery
2.037491441109857,4.342644042633757,8.03857081052651,7.7620795488948495,15.694745094599904,9.96291058971711,16.091878951920155,380.46850490196084,0.9456199951606861,0.9449479587663074,0.5653573935589884,1.7768147326361703,150.98361295357003,28.305005849201173,12_skilled_forgery_forgeries_12_12.png,12,skilled_forgery
1.9730522156374148,4.13385793611572,7.926067284124032,7.515238228621675,15.27567787616572,9.658436301395604,15.623987921612656,327.0594669117648,0.9495150297066893,0.9487922917328193,0.6178052726910561,0.9983579630555353,149.88003286770748,28.93622723062541,12_skilled_forgery_forgeries_12_13.png,12,skilled_forgery
1.941458928801882,4.064563703238976,7.794886441366654,7.995451765736495,16.15647242558019,10.302349412183615,15.966208016622563,332.5257659313726,0.9509617290046859,0.9503703486174049,0.5633600000581691,1.2901606412749391,152.7430951337133,28.794023182644715,12_skilled_forgery_forgeries_12_14.png,12,skilled_forgery
2.0048537112429536,4.238313112879469,8.184899619957202,7.776551543520155,15.947744307959347,9.964261246501714,15.874060837902531,321.1001838235294,0.9535092732075477,0.9530199109950711,0.6010147422752335,0.8735244512027618,147.86273627362738,28.66012649725467,12_skilled_forgery_forgeries_12_15.png,12,skilled_forgery
1.9745995024225218,4.0701357455015135,8.170830367709815,8.654529865133213,17.715147815568145,10.876203308677978,-17.0784846701006,294.2363204656863,0.957237829117869,0.9567266989813377,0.6090154682340666,2.8383458593264175,147.48237022526934,28.835341464922564,12_skilled_forgery_forgeries_12_16.png,12,skilled_forgery
2.0394158533824833,4.275335339517979,7.613503946230616,7.708847267843065,15.370259266082542,9.923562599956258,-16.851702562515936,345.99857536764705,0.9486895544673634,0.9478425110138988,0.628104850321772,0.99439999920448,146.76133172884076,30.22195598397391,12_skilled_forgery_forgeries_12_17.png,12,skilled_forgery
1.9348648829732817,4.001437760245392,7.8388641338520175,7.870001306183812,15.724441939269852,10.005099697487843,-17.943642688154526,293.7438112745099,0.9539158515909333,0.9533414411469636,0.6460279024285751,0.9421416226751799,147.11160515784792,28.36935598269727,12_skilled_forgery_forgeries_12_18.png,12,skilled_forgery
2.01692330835431,4.223645158688177,7.352843007467781,7.3270638765190625,14.670249403801222,9.45917190850659,15.5822671082665,333.52607230392164,0.9520446254515756,0.9513809005992059,0.6070139676226617,1.8333333310699589,147.42919389978215,30.094667222130386,12_skilled_forgery_forgeries_12_19.png,12,skilled_forgery
1.967997839334903,4.156898943269648,7.539249565434166,7.3496733889211745,14.79454801201799,9.448679865017235,16.154666830442167,297.24270833333327,0.9539024377981129,0.9532039285942405,0.5844477253882779,1.006422017425301,153.4700502972108,26.732299104392546,12_skilled_forgery_forgeries_12_2.png,12,skilled_forgery
1.9281730533147812,3.9698138346348806,7.644112110654483,8.369381977535594,-16.895663232592216,-10.676482583345095,16.396941920178296,267.71623774509806,0.9579933390447163,0.9574007203092989,0.6190905434894497,0.6592224973869126,150.21884346959123,28.182188640853617,12_skilled_forgery_forgeries_12_20.png,12,skilled_forgery
2.0187669219136604,4.171064954373196,8.530879630814141,8.30080670266825,16.744660272144863,10.528783046247565,17.175222025511175,278.4476409313726,0.9555233878133377,0.9549343271518672,0.6515874277100253,0.8281642910074062,147.8019257221458,29.20375723969711,12_skilled_forgery_forgeries_12_21.png,12,skilled_forgery
1.95110947553545,4.050269393563648,7.945173613159748,7.474714300140256,15.198063397421643,9.525487732468376,15.796067817998866,301.54541973039215,0.9549614687878388,0.9543370396456191,0.6288897503153085,0.9010416658845124,146.86803652968035,28.921014010506717,12_skilled_forgery_forgeries_12_22.png,12,skilled_forgery
1.9766591111936902,4.192198202689776,7.333832066279798,7.187856992084444,14.452684588862764,9.296112930396923,-15.318958330297422,376.1501225490196,0.9465119400964379,0.9458056983554375,0.5804806897012047,0.8192944558536396,148.8800949742778,27.490248433119056,12_skilled_forgery_forgeries_12_23.png,12,skilled_forgery
2.00048496123048,4.1881834269216025,8.198408507684578,8.157266764487854,16.525865738316604,10.330438327877642,16.451678843711985,340.35269607843145,0.9508403273340517,0.9502320466676666,0.6158776710131628,1.2650717691243332,146.10223912125053,28.121253977691754,12_skilled_forgery_forgeries_12_24.png,12,skilled_forgery
1.9693510487134087,4.066392200185108,7.299937393449113,7.346381733768478,14.66967641437557,9.411980845675524,-16.272631015911358,313.9109068627451,0.9535675639850816,0.9529279468621203,0.63151945120662,0.9286328452892236,145.51226036558182,28.656811505660436,12_skilled_forgery_forgeries_12_3.png,12,skilled_forgery
1.9640936401572948,4.075977948115884,8.578807284594475,8.00556755937458,16.44926229951487,10.063526523855097,-16.447282172955976,315.4727022058824,0.9531358939943143,0.9525604405346385,0.5925762657255825,1.5876887321861919,150.52109515260324,28.289618542719197,12_skilled_forgery_forgeries_12_4.png,12,skilled_forgery
1.9116760177504422,3.9364678052547277,7.637486538072523,7.535537830373316,15.12365308921024,9.503825539218024,-16.1887513482326,280.46571691176473,0.9567855479409325,0.9562671333646904,0.6033100825915393,1.3774453378855636,151.3973862536302,27.85810354544919,12_skilled_forgery_forgeries_12_5.png,12,skilled_forgery
1.981658878033376,4.138562438337888,7.2099430395013435,7.360262101563021,14.645976138300105,9.521885373949418,-15.920861261755666,354.6536151960785,0.9492869718797025,0.9487467127880704,0.5579835476164517,0.89469453304285,151.49681798896904,28.01745944939855,12_skilled_forgery_forgeries_12_6.png,12,skilled_forgery
1.9527917222867153,4.114681764902015,8.02130268794674,7.110455405813744,15.219121676628832,9.175783158469091,-14.694940452986819,224.65468750000002,0.9459576673846473,0.9451176226772466,0.5830116886395865,3.3344827528715815,173.6996817820207,25.319079593578454,12_skilled_forgery_forgeries_12_7.png,12,skilled_forgery
1.8631233266051705,3.893348189835901,7.536012891334293,6.8236223558744475,14.111467911341341,8.783784173123049,-14.206828402084575,179.98792892156862,0.9566471696265909,0.9560383594491393,0.5535283417683171,5.312101893910503,176.40514631685167,25.481257506465045,12_skilled_forgery_forgeries_12_8.png,12,skilled_forgery
1.9854426234889642,4.220734451017286,7.693361456231104,7.143206239992475,14.562914834094867,9.253588976685789,15.653710507669587,220.74359681372547,0.9469835267803284,0.9463120996371082,0.5842294071889309,2.170076723567677,173.71359419120614,25.17804812234683,12_skilled_forgery_forgeries_12_9.png,12,skilled_forgery
1.9101480330555312,3.8636310777241,7.683661381813447,7.810980905121001,15.558647979845524,9.766003602363888,16.957357246411867,213.47493872549023,0.9633305767269423,0.9628076139025004,0.6433999673463676,0.6399270732543964,153.28738187882158,28.302173420555693,13_skilled_forgery_forgeries_13_1.png,13,skilled_forgery
1.9736000740437833,4.04507108425709,7.498426182845181,8.027430593735225,15.798721955615148,10.052366163835933,16.501723844057715,155.94796262254903,0.9582913301206883,0.9575238609397253,0.5887416171096146,0.23558897228346554,178.76724137931035,25.369102486092203,13_skilled_forgery_forgeries_13_10.png,13,skilled_forgery
1.9069852737133133,3.8980967391248793,7.315922777413602,7.956319199033581,-16.93099260617128,-10.139147118968772,15.592897387653279,146.71243872549022,0.9639980303834287,0.9632984403975248,0.6001586875941967,1.0572109641749572,172.856315179606,27.199281376452713,13_skilled_forgery_forgeries_13_11.png,13,skilled_forgery
1.8601333081594809,3.7624714942771376,6.972391281095941,6.9696666529395594,13.940970485309522,8.8510343236265,15.389650196515532,217.97325367647062,0.96308838884578,0.9625471954385101,0.6348421686295539,0.765853657789411,153.53812154696132,27.549311585720336,13_skilled_forgery_forgeries_13_12.png,13,skilled_forgery
1.819726101737619,3.681267907737848,8.247935224012695,8.687166772076809,17.171438309806188,10.547444931776075,17.719776409247007,217.5237285539216,0.9644147552557085,0.9638031034262399,0.662870693215021,1.0273037530974929,148.81986531986533,29.42785102066652,13_skilled_forgery_forgeries_13_13.png,13,skilled_forgery
1.879270793001802,3.800209748684927,7.931181737061503,8.250037617924036,16.349012134771495,10.29713398784674,-17.051964644571527,228.54509803921573,0.9631529568415226,0.9625777706111212,0.6462059264899955,0.6937441636846459,149.64773980154354,28.857421487991687,13_skilled_forgery_forgeries_13_14.png,13,skilled_forgery
1.8540524112653982,3.748834863293589,7.725706854560396,7.973215749502543,15.827235877667366,9.987470270270354,-16.663903119972314,217.9777113970588,0.9657295722943746,0.9651051712809017,0.6577175111517808,1.1153846140007635,147.1542521994135,29.480033818539972,13_skilled_forgery_forgeries_13_15.png,13,skilled_forgery
1.9174457362668855,3.887115170891733,7.164408376515807,7.2578328238361545,14.469036753101827,9.212642279699569,16.176973926288728,230.9687806372549,0.9623169969496332,0.9617352948952161,0.6377810525507849,0.8338278923503186,151.66181229773463,29.16229700333317,13_skilled_forgery_forgeries_13_16.png,13,skilled_forgery
1.8363632708459698,3.745617447958627,6.994975064266829,7.058161006101871,14.086567499779473,8.932200495099845,15.121797865163675,263.24008884803925,0.960258811194437,0.9598668933251127,0.5330375554344351,0.37219406200420413,157.15039577836413,28.839617806973976,13_skilled_forgery_forgeries_13_17.png,13,skilled_forgery
1.915463331032643,3.8868183417154394,7.637007232187029,7.837425521525021,15.575416044289959,9.831683382670821,-16.798994602638935,205.78075980392154,0.9622384629125454,0.9615669205252683,0.6233174573658931,0.8870803653234177,159.6075471698113,27.861133255392343,13_skilled_forgery_forgeries_13_18.png,13,skilled_forgery
1.8558054215001571,3.742581704168261,7.14538121719646,7.142011034784358,14.285716586851283,9.024408329923409,16.466923551213505,205.57401960784313,0.965572425039459,0.9650591640795924,0.668742691139819,0.910299002314176,149.21623188405798,29.22580104412653,13_skilled_forgery_forgeries_13_19.png,13,skilled_forgery
1.8691656921307218,3.7857761177541165,7.071777600105526,7.27439584138216,14.44891557157079,9.17625372214725,-15.538451304239798,216.94624693627446,0.9648876969622804,0.9642474348995002,0.6244529136688306,0.9694224224581852,152.65037377803336,28.880585646587,13_skilled_forgery_forgeries_13_2.png,13,skilled_forgery
1.9301049387587639,3.9105336748419735,7.561181472862014,8.094381600730234,15.990390570082583,10.427789528671063,-16.2067820231084,221.0851715686275,0.9623954202594058,0.9616892199343182,0.6828685447599081,1.1004414998891374,148.07199159222282,29.27397120293847,13_skilled_forgery_forgeries_13_20.png,13,skilled_forgery
1.8719467502067588,3.794006180358134,7.033686360256355,7.090713878344896,14.153002675676264,8.990396539058143,15.847427472846741,234.28033088235296,0.9620601531645339,0.9614135941828604,0.6543795037632998,0.8882235520077609,148.99418604651163,28.65153822625784,13_skilled_forgery_forgeries_13_21.png,13,skilled_forgery
1.8411251034261984,3.7274300070624657,7.372715477573595,7.59093911953439,15.075012867537549,9.523508484555185,-16.066517507138784,213.80004595588238,0.9656222921066552,0.9650438810294663,0.6489344639026035,0.9222972962586742,149.4780316344464,28.465376106751577,13_skilled_forgery_forgeries_13_22.png,13,skilled_forgery
1.8981702161329206,3.8364461361674467,7.301271926288688,7.532999265901843,14.954400416755998,9.534622714812752,-15.805653545136476,211.13039215686277,0.9637881674714589,0.9631751519494185,0.6628494033800795,1.3622047226217786,151.025,29.03005985181567,13_skilled_forgery_forgeries_13_23.png,13,skilled_forgery
1.9452116908307793,3.9442545187045406,8.726409536446884,8.578474254128931,17.24335913747896,10.55266561876902,17.858022751136446,238.33851102941176,0.9604823718111914,0.9598358027369318,0.6690883446006434,0.9195736425197929,148.5532559313478,29.71008860159135,13_skilled_forgery_forgeries_13_24.png,13,skilled_forgery
1.9087968419797816,3.8646667417509444,7.2624656991876275,7.185690264099409,14.41016216091268,9.119441913291315,15.780640978421951,258.6025582107843,0.960484878109251,0.9597592850046935,0.6563422798587055,1.390036450315873,145.37010676156584,28.884414240346313,13_skilled_forgery_forgeries_13_3.png,13,skilled_forgery
1.9176470650397675,3.8896827215564245,8.436223270971272,9.51699303232334,19.178988741904735,12.805543781670512,-18.503050363815387,249.36856617647058,0.9604651618163419,0.959866468433103,0.6430619238612983,0.7506702406160229,149.70444104134762,29.84427740805006,13_skilled_forgery_forgeries_13_4.png,13,skilled_forgery
1.9115869729927704,3.868137140609062,7.37348568416838,7.566918841217247,15.037388452975005,9.51934316069332,-16.492092587800652,218.39656862745102,0.9628676093535407,0.9622560423950499,0.657188566545488,0.806013578267688,151.43018259935553,27.95233805724961,13_skilled_forgery_forgeries_13_5.png,13,skilled_forgery
1.9544615563807697,3.9795616732212595,7.5190469580981905,8.089474189984813,15.929292388302756,10.301491084553046,-16.304181814773255,229.46260723039217,0.9614611588726021,0.9608316997369176,0.6016193436954773,0.604471194665115,157.2593783494105,28.2356533952642,13_skilled_forgery_forgeries_13_6.png,13,skilled_forgery
2.0224179442646197,4.157634276709184,9.159613076859417,9.643907358702533,19.067835558900132,11.730110628967036,-19.552171354896178,154.4348039215687,0.9599880787377968,0.9592238809600258,0.6141935387492077,0.9763130782942193,174.9531005732152,24.305440636393087,13_skilled_forgery_forgeries_13_7.png,13,skilled_forgery
1.9496826206270448,4.0478039260564715,7.749592982798847,8.7600085426174,-17.192038651021328,-11.216028571148097,-17.141539363812168,150.67981004901964,0.958942960457841,0.958366535319998,0.5714752211174225,0.9801876944940692,180.37967351237492,25.248874503955037,13_skilled_forgery_forgeries_13_8.png,13,skilled_forgery
2.0395876798834935,4.209185249098529,7.875293605322683,8.30110952483983,16.628961212478874,11.295174098017872,16.476814014892927,147.58149509803926,0.9550863957311787,0.9542610664693995,0.6420681584919673,0.5249999996354167,179.0587431693989,23.566085644238786,13_skilled_forgery_forgeries_13_9.png,13,skilled_forgery
1.8809896893210103,4.034639264427036,6.496695467062059,6.811280954266986,13.500803946871866,8.860249021542526,13.875844646907197,229.022181372549,0.9601076153376026,0.9593918500853948,0.64705421066729,0.8676893567903265,153.44609856262835,29.446409579780397,14_skilled_forgery_forgeries_14_1.png,14,skilled_forgery
2.0132391335234723,4.329863594991448,7.619094575865882,7.602270778474859,15.21581538354242,9.860754648745447,16.154430661759896,150.25355392156865,0.9586987654733198,0.9578754955571543,0.7094220783904871,0.6369327068568601,167.53154875717019,25.732583054946993,14_skilled_forgery_forgeries_14_10.png,14,skilled_forgery
1.9438706078333048,4.116103979309897,6.909138775813657,7.358476296635774,14.496469559982735,9.419582077347007,15.351865036311466,155.33017769607844,0.9613906284132161,0.960693858308925,0.7120202319195211,0.5104570096743167,162.5553846153846,27.415300972562267,14_skilled_forgery_forgeries_14_11.png,14,skilled_forgery
1.8738571288505717,4.085476355289236,7.127086866882068,8.033936550219668,16.609559473051753,10.478656379206653,15.616680608966716,237.98394607843142,0.9586347625262506,0.9579211409821106,0.6762751798400698,1.3816091938142423,149.93146718146718,29.860052183145914,14_skilled_forgery_forgeries_14_12.png,14,skilled_forgery
1.7966265745157888,3.815903105498477,5.935047145112229,6.3989482756038,12.566634892999813,8.315630283561873,-13.815587195430473,259.0704656862745,0.9612858037441433,0.960647738589043,0.6257367680330751,1.9725190809579862,147.72419106317412,30.04870973355983,14_skilled_forgery_forgeries_14_13.png,14,skilled_forgery
1.7155576260860455,3.6207508266771047,6.060938121338894,6.586385834809762,12.944374974858972,8.417377065236535,13.327543544082591,175.47576593137256,0.9674282725531649,0.9667442051265451,0.6919523702536848,0.7414893609133092,151.55345143555283,30.415977509250677,14_skilled_forgery_forgeries_14_14.png,14,skilled_forgery
1.8497909607287863,3.956350448375318,6.444254735596072,6.991048495683166,13.764165541117348,9.000190566752797,14.032208804605967,203.9676164215686,0.9630308060373607,0.9623481291899606,0.6344803554212928,0.8759048594871718,157.12238147739802,26.96047201812167,14_skilled_forgery_forgeries_14_15.png,14,skilled_forgery
1.794117067354387,3.8696924419962757,6.627927457884549,7.152085299041114,14.265528252169796,9.231432536266658,14.13811361490758,218.07889093137254,0.9625696958877165,0.9618119045252801,0.675423546560963,0.8145631060052785,148.8378812199037,28.86918038755402,14_skilled_forgery_forgeries_14_16.png,14,skilled_forgery
1.866011173898396,4.169505419031203,6.597073007293123,7.207059069987125,14.130595979342761,9.295938012909827,14.622224423250756,250.69920343137252,0.9587054350838813,0.9579211099936156,0.6722660069433879,1.2998885158306706,147.1507513330102,28.962460169117435,14_skilled_forgery_forgeries_14_17.png,14,skilled_forgery
1.7515729666585975,3.652160839477447,6.563390853510943,6.660916169611404,13.285446238548491,8.49737223754771,13.90130579638387,180.20508578431372,0.9659943531476397,0.965472947260965,0.6653374655548826,0.686116699510949,155.57398568019093,29.367942210837295,14_skilled_forgery_forgeries_14_18.png,14,skilled_forgery
1.767219644014298,3.7326908092936444,6.942919387546541,7.649517494588212,-15.783414172634586,10.190543203047826,14.950370664459811,198.27892156862745,0.9645367472195086,0.9638950386474731,0.6875829373417482,0.4695723680348911,149.9541130386122,29.40853468457552,14_skilled_forgery_forgeries_14_19.png,14,skilled_forgery
1.7440281111230624,3.806702834036335,7.533781571653006,8.186912652782816,-16.22052566897622,-10.265098261278759,-16.17718307191967,195.83884803921563,0.9633989962008643,0.9625930865382606,0.6757091184991685,0.7340823963164022,153.3536717062635,26.50159277409434,14_skilled_forgery_forgeries_14_2.png,14,skilled_forgery
1.7452117490546413,3.7098151642873796,7.387692208296893,7.780041410313988,-15.36835801411758,-9.705543223557342,16.21033649794785,191.6373774509804,0.965459124005796,0.9647068349017769,0.6977767435841736,0.755244754490265,149.18440523619807,29.732618475755814,14_skilled_forgery_forgeries_14_20.png,14,skilled_forgery
1.8251807031007428,4.008611020020894,6.92564361824027,7.354655013227972,15.620522426315823,9.64685101669256,14.496024829710366,230.77601102941173,0.9602655979862668,0.9595142068062734,0.6873997035855124,0.564364206778364,147.36276969392875,29.299093635523366,14_skilled_forgery_forgeries_14_21.png,14,skilled_forgery
1.829673802396111,4.002407171284221,7.528336126344488,7.166058214379803,14.640255138710069,9.44847049512635,14.690144899665945,220.0450980392157,0.9588876035084383,0.9579671981475752,0.6784995375603615,0.4862914859406266,153.01601941747572,27.786045175322446,14_skilled_forgery_forgeries_14_22.png,14,skilled_forgery
1.8032090576423727,3.934218299718711,6.263392571818214,6.4893505454844735,12.945391311382958,8.510761141557003,13.12207207031719,216.18838848039218,0.960961768938385,0.9603723558255621,0.6302393160876308,0.6447368415397045,156.6992,28.150550960149964,14_skilled_forgery_forgeries_14_23.png,14,skilled_forgery
1.7178829902864252,3.5960665086599266,5.8505901720128115,6.208671288449459,12.238321064213398,8.010327407853213,-14.266792135851121,211.81485906862744,0.965477217207889,0.9646303084946417,0.6889719338436745,1.104761903446712,144.1153846153846,30.981662047461427,14_skilled_forgery_forgeries_14_24.png,14,skilled_forgery
1.8849759281009866,4.067610030346152,6.994450816277573,7.755566184330789,15.679203805351452,-10.268420298424166,15.14866563719161,217.35318627450988,0.9606999099975354,0.9596365797763694,0.7000855078137846,0.8917910439442247,149.33727810650888,29.09154853461039,14_skilled_forgery_forgeries_14_3.png,14,skilled_forgery
1.7253835784926188,3.602511137409253,6.5009340613535205,6.816915770421389,13.556751991916467,8.790480600229717,13.729414159707257,180.6139399509804,0.9691796481219314,0.968521053390601,0.6740509994757119,0.5529767905620819,149.60753736192333,30.1053268280232,14_skilled_forgery_forgeries_14_4.png,14,skilled_forgery
1.921702369709642,4.270095090994541,6.853622078673035,7.706236903386666,-16.114858891790554,10.198702700264684,14.987370245077022,238.407506127451,0.9547470044032315,0.9534787715580493,0.723792977051849,1.090026477413922,147.55616554054055,27.785347967018012,14_skilled_forgery_forgeries_14_5.png,14,skilled_forgery
1.883401247681152,4.1235861078227005,7.073346959863784,6.969035784331228,14.128915134476115,9.262104857791133,14.153250631910199,210.00303308823527,0.9606154440045634,0.9595907153473402,0.6932325317222662,0.5207547165881096,151.6133995037221,27.020659665173632,14_skilled_forgery_forgeries_14_6.png,14,skilled_forgery
1.9091943173613828,4.123168440373612,8.153797186555078,7.1589573406002165,14.815354747905571,9.323751355586637,-16.83165191266429,179.75196078431375,0.9599904432113955,0.9592235417726521,0.6336152219667823,0.5410094632957339,167.33111566018422,27.1931260521319,14_skilled_forgery_forgeries_14_7.png,14,skilled_forgery
1.8392510953707308,4.016334643581455,6.622524669030369,7.562389360132107,-14.925463987219395,-10.687340516491213,14.728479553495571,223.67723651960785,0.9579740571557346,0.9573244824370511,0.5775936626504052,0.8017467241906141,162.44837615123606,30.80900029702423,14_skilled_forgery_forgeries_14_8.png,14,skilled_forgery
1.9984471810933617,4.393991624119732,6.887893097800272,7.575598298905509,14.810042019389012,9.837016286419226,-15.761546015539535,158.38851102941175,0.9543771160886945,0.9535253638410974,0.7166311295367012,0.8556535678783852,168.580812445981,26.089595213873462,14_skilled_forgery_forgeries_14_9.png,14,skilled_forgery
1.745143409988107,3.5452437873980367,7.3783065817294196,7.932986733342637,15.836130197015816,10.14186723970167,15.67234515671534,137.1994791666667,0.9745076804595184,0.9740661053471202,0.7066719313729877,0.637974682736741,149.39876352395672,29.455074612341022,15_skilled_forgery_forgeries_15_1.png,15,skilled_forgery
1.7360907997759374,3.5450821547096716,7.32279757164749,6.821350713792631,13.904071952885174,8.5969393503154,14.553488218515595,91.28826593137254,0.975779989652532,0.9752458732460574,0.6331335861540823,1.0964285694706633,174.84327086882453,24.669487492680148,15_skilled_forgery_forgeries_15_10.png,15,skilled_forgery
1.9028236796779,3.888952434880666,7.550437283684785,7.190855158351604,14.568825592906519,9.163247880324828,-15.301149851897735,108.26988357843136,0.9672632429421687,0.9666372051573399,0.721991435512948,0.3441822617215766,170.20278450363196,26.192792698392633,15_skilled_forgery_forgeries_15_11.png,15,skilled_forgery
1.7793176635511028,3.6419046518731237,7.738244616436434,8.545063854008985,-17.604852364185234,11.196336204913152,16.689907210130553,185.6420036764706,0.969783227741079,0.9693329467868533,0.6458258634123301,1.346518985211204,149.77612946729602,26.754744791075183,15_skilled_forgery_forgeries_15_12.png,15,skilled_forgery
1.831265743313524,3.7906136367326604,7.526075945230217,7.566325151824813,15.12975663847655,9.602398485913573,-15.671306897977278,160.5700674019608,0.9724124126281799,0.9718756672500541,0.6811217961675156,0.8563758377766767,148.71438900939987,28.754730927785882,15_skilled_forgery_forgeries_15_13.png,15,skilled_forgery
1.9470077317211194,4.06205381435532,7.507172830800766,7.983654998745986,15.843272838547804,10.10055150715281,15.923210632928674,217.76271446078437,0.9620083033407701,0.9614443216441199,0.6616530456989197,0.6363636358073744,151.41292735042734,28.271952811746022,15_skilled_forgery_forgeries_15_14.png,15,skilled_forgery
1.9114553908658616,3.916822044770398,7.693745124342355,8.035897345429593,15.951193590147431,10.078588492541112,-16.242306393760327,181.60971200980384,0.9707377024848738,0.9703132474666026,0.656924848823892,0.6309255071885717,148.80553633217994,30.489913877244057,15_skilled_forgery_forgeries_15_15.png,15,skilled_forgery
1.859965392627503,3.795664559609576,8.23023292013838,8.652610617615464,17.3594403860875,11.83452470026951,-17.169804481507537,176.76565563725492,0.9677371608652962,0.9670658182792932,0.7050246773510742,0.736507935728563,148.3583180987203,28.858512030431754,15_skilled_forgery_forgeries_15_16.png,15,skilled_forgery
1.8909365330782355,3.9037183882193394,8.095782624825157,8.158251302461835,16.343263180687316,10.414345652629038,16.60030292967797,204.4356004901961,0.9675366535495405,0.9670965278753495,0.6570439948860084,0.5887016842530212,147.25888958203367,28.540386951666882,15_skilled_forgery_forgeries_15_17.png,15,skilled_forgery
1.9433894714423807,4.0093520631089685,7.755660133187291,8.286830051770668,16.971415875944004,-11.229943612346874,-16.31855883904558,178.62233455882358,0.9641397552653725,0.9633895481162185,0.6993148941127135,0.6327077742335051,154.480021893815,28.132846368122305,15_skilled_forgery_forgeries_15_18.png,15,skilled_forgery
1.98466352423437,4.115943716478339,7.979641546529642,8.407205968394443,16.99936114919723,11.638941480466118,16.638339663654808,174.38345588235293,0.9653417538602659,0.964737462396928,0.7152527795845178,0.6885714279156462,151.30062041737168,28.50864217548946,15_skilled_forgery_forgeries_15_19.png,15,skilled_forgery
1.806282588193644,3.718387253449852,6.999697845215476,7.916940304965596,-15.54317945307614,-9.78628372264091,-15.509661447981545,173.93054534313725,0.9707834645051923,0.9703745787579668,0.6520469890142178,0.7786069642057127,150.88181818181818,28.398008243866162,15_skilled_forgery_forgeries_15_2.png,15,skilled_forgery
1.9198695584672718,3.964130842809061,7.4260320058998825,7.584722586001318,15.114978860353444,9.627163780500585,-15.572881502400255,208.14234068627454,0.9633531878316354,0.9626849569350842,0.6862967361519795,0.6470062550071436,148.8437330439501,28.28015602320905,15_skilled_forgery_forgeries_15_20.png,15,skilled_forgery
1.897779579997437,3.8993717056577784,7.355580485162964,7.794260468535486,15.413505382498748,9.821279798474308,-15.736021855765463,172.96715686274513,0.9668851459596322,0.9663306749552558,0.6761577021773411,0.659617320584474,154.8847087378641,28.433004362027745,15_skilled_forgery_forgeries_15_21.png,15,skilled_forgery
1.8878705602722101,3.8936624691254567,7.872604292375395,8.12766970768976,-16.70102896663575,10.132557067199437,-16.143886881792703,175.49491421568632,0.9675966834281198,0.966927926123218,0.7140320865668637,1.9892086295158118,147.41335740072202,27.785007335806927,15_skilled_forgery_forgeries_15_22.png,15,skilled_forgery
1.8668198512930152,3.8400410450585354,7.702728103782741,8.161090195978524,16.313865653936116,-11.174309593028966,-16.190463941826163,173.68909313725493,0.9680026287463273,0.9674793898641674,0.6814144498719553,0.5381679384177787,152.63771712158808,28.631292061502336,15_skilled_forgery_forgeries_15_23.png,15,skilled_forgery
1.7997845095452043,3.6702295788559858,6.7193644720911685,6.787395368279281,13.541978477333133,8.623577739666525,14.669586860253734,147.0122242647059,0.97269757497811,0.9721053658181769,0.7214261169142302,0.7246022022954686,147.02838892831795,28.615520666684642,15_skilled_forgery_forgeries_15_24.png,15,skilled_forgery
1.8861657128686398,3.8746703425336952,7.294277944208233,8.151169726426641,-15.995028539527496,-10.10585308927571,-16.058395075332026,212.139368872549,0.9648489875852031,0.964369966927262,0.6636274527570842,0.6558317393347688,148.4001154734411,28.68910077801096,15_skilled_forgery_forgeries_15_3.png,15,skilled_forgery
1.8623110376254053,3.817641635078931,7.8992922452608765,8.671849582572758,-16.96291207394971,-10.580697888896985,-17.75868909948875,177.34163602941177,0.9699111419173915,0.9694707833927269,0.669528752114229,0.7328687564078179,149.19571045576407,28.302734979804963,15_skilled_forgery_forgeries_15_4.png,15,skilled_forgery
1.8231098349670727,3.713224752300072,6.988958343429567,7.431958378083385,14.723687652415148,9.507280516383087,14.895195884893576,133.69712009803925,0.9716693681503289,0.9709872208191753,0.6948023776539316,0.5903083693939335,158.9196675900277,29.576871549192386,15_skilled_forgery_forgeries_15_5.png,15,skilled_forgery
1.8388717876973653,3.7280086031177753,7.12992604978489,7.236635566541836,14.419956646209963,9.10545218803706,16.285814739199004,106.39932598039215,0.972146766550362,0.9714621391123037,0.691892843553698,2.1763392808563857,169.32466619817288,27.217378034135063,15_skilled_forgery_forgeries_15_6.png,15,skilled_forgery
1.7774868409500746,3.620015288961207,7.174230214603205,6.791627619447885,13.774609918059014,8.602869695503731,-15.579264649832202,106.82536764705883,0.9733717016867456,0.9728868658335489,0.6436321714854916,0.48630136930787515,171.33179723502303,25.62698665776066,15_skilled_forgery_forgeries_15_7.png,15,skilled_forgery
1.6666461758724689,3.3939065736739282,7.041321664043098,6.6660928572513525,13.52007092188943,8.363047324870982,14.971985133500363,96.54033394607845,0.9766173285952793,0.9762108459514554,0.6309948817069547,0.8336025834675241,171.26519823788547,25.705879190580156,15_skilled_forgery_forgeries_15_8.png,15,skilled_forgery
1.7961550756617206,3.6751717631807983,7.949971147613396,7.151387398977072,14.758698579438052,8.99469556828542,15.021614139362836,102.77118566176473,0.9731867012170894,0.9727030155030079,0.6591545825463274,0.6285362845897463,171.73489425981873,25.41727217835972,15_skilled_forgery_forgeries_15_9.png,15,skilled_forgery
1.7279745031568625,3.4726096982715347,6.5335714270872,6.5586115974438455,13.10476632865525,8.303275313240606,14.872688251182657,160.50237438725492,0.9744445027669245,0.9740355264710586,0.661030697191643,0.23024390221439617,147.27438540840603,29.707870063908878,16_skilled_forgery_forgeries_16_1.png,16,skilled_forgery
1.8011940564790743,3.6347307498227486,6.68023274346471,6.7742251638017175,13.501731881806352,8.591627237632702,-14.94813187342456,177.12164522058822,0.9642262319922702,0.9639107720906342,0.5950986302510115,0.5758969635916311,165.77933450087565,26.634677855616427,16_skilled_forgery_forgeries_16_10.png,16,skilled_forgery
1.7595585791966608,3.5496104217100712,7.134017925220884,7.233082044321586,14.419480447224991,9.02565560302643,-15.359129968299781,136.40410539215682,0.969473168663933,0.9690881444984648,0.6226102665316661,0.2370872140244816,168.34223134839152,27.945396111159084,16_skilled_forgery_forgeries_16_11.png,16,skilled_forgery
1.7727904387343674,3.568673385403684,6.382218714312005,6.4030571262186955,12.795861710472998,8.198662855399359,14.353234644937153,178.0811580882353,0.9720307586312262,0.9717072809160453,0.6083829467369595,0.0864995957263544,152.52306547619048,28.894400370066737,16_skilled_forgery_forgeries_16_12.png,16,skilled_forgery
1.8600986321842372,3.7615693853792886,7.671643217562326,8.383939777868257,16.96031806818344,-10.775567865720124,-16.42982590602915,239.27377450980399,0.9651241668608097,0.964645632944163,0.6588648010862959,1.1035322763659778,142.0862767805443,29.124536868511207,16_skilled_forgery_forgeries_16_13.png,16,skilled_forgery
1.7174043692088317,3.461635362393689,7.740836928168079,7.984099543797092,15.85953290313071,9.84487301392767,-16.465006919406505,207.00200674019607,0.971937167293479,0.9716000097938204,0.6372890407334615,0.5474860329078368,141.00505415162453,31.00447114164731,16_skilled_forgery_forgeries_16_14.png,16,skilled_forgery
1.7999388249629016,3.632322984223807,7.842726932149325,8.330416068324476,16.519186281819223,10.377102597758268,16.629740928234696,224.0739889705882,0.9688146819146557,0.9684750880375382,0.644194315614904,0.9947643966037115,141.66010498687663,30.758072307322326,16_skilled_forgery_forgeries_16_15.png,16,skilled_forgery
1.8171257398979566,3.6628003691272304,7.774500466356713,8.044219851802731,15.970231062536378,9.968611016239205,16.519508662352806,210.29062500000003,0.9685463248294576,0.9681993655204325,0.6524550306852737,0.4497652577936476,144.52784974093265,29.59338869483763,16_skilled_forgery_forgeries_16_16.png,16,skilled_forgery
1.831679175070969,3.694950184624487,7.602097632293414,7.926283162262685,15.71795125086614,9.911851810208205,16.152954586599204,212.98587622549022,0.9672898005420338,0.9667901268616508,0.6578312641850006,0.4794520543566647,145.78518518518518,30.158196523636803,16_skilled_forgery_forgeries_16_17.png,16,skilled_forgery
1.7686758073069888,3.5581637030735647,8.25423591167258,8.643217517643588,17.155093507874366,10.69536563240606,17.39094718669601,194.88154105392158,0.9707607753766597,0.9703284972194595,0.6822612637108451,0.49489795867867553,140.859385665529,30.54893722362368,16_skilled_forgery_forgeries_16_18.png,16,skilled_forgery
1.7944873151893979,3.618472643297196,7.524784953660471,7.609299118432988,15.177241874430226,9.418535651531144,-16.36787362546898,205.8791666666667,0.9700772818576138,0.9696545386448356,0.6788047329310242,0.4517073166324806,139.39112903225808,31.61342825504874,16_skilled_forgery_forgeries_16_19.png,16,skilled_forgery
1.7452964796607644,3.5043717584150778,6.752362234299862,6.8104058457544285,13.59181436144561,8.562887171308155,15.56581203969942,188.999862132353,0.9717648913883339,0.9714468958625175,0.5989590256185842,1.921397375717473,150.71300448430495,29.117254241437635,16_skilled_forgery_forgeries_16_2.png,16,skilled_forgery
1.7865823620976389,3.601361817757784,7.371780756150193,7.4733795401101135,14.897897077843226,9.324161710502574,-15.921696338256783,219.6807904411765,0.9693842712733629,0.9689805903263574,0.646573143166197,1.9920159640877926,141.57638425617077,31.063794180272986,16_skilled_forgery_forgeries_16_20.png,16,skilled_forgery
1.8127111507304625,3.655992499486008,8.61176036261989,8.940022021918216,17.783588230360223,10.883339127593437,18.002035603901405,188.47573529411764,0.9705747536624355,0.9699608640262748,0.6945125772555405,0.46948818851428326,141.8292029470864,31.20003785560573,16_skilled_forgery_forgeries_16_21.png,16,skilled_forgery
1.7380523697184,3.502080898838264,7.158138646022472,7.432562492978649,14.740534781442273,9.266493548984164,15.352011259385057,186.9450367647059,0.9717017046266762,0.9713395389704546,0.6709293335788282,0.42711518814769095,142.90214285714285,30.796191712281438,16_skilled_forgery_forgeries_16_22.png,16,skilled_forgery
1.7296178682459855,3.4793926549526883,6.969520715055283,7.076949411660161,14.100649230492612,8.824635073124611,15.435181711938228,168.84016544117648,0.9730213674480499,0.9725955603946933,0.6948005894370824,0.48849945181982535,142.66813833701252,30.51420169478302,16_skilled_forgery_forgeries_16_23.png,16,skilled_forgery
1.8078019986393148,3.6419666305927043,7.555250709868326,7.630176479731845,15.224218547125803,9.469899656245188,16.3302548302914,200.44050245098038,0.970234475607505,0.969746495892388,0.6501022661196041,0.46492985925357727,144.63337893296853,29.687007147416757,16_skilled_forgery_forgeries_16_24.png,16,skilled_forgery
1.780725609279666,3.5812929767999715,8.568598111954218,8.032938881426464,16.339331666315985,9.82675648242189,-17.129856827008425,214.06727941176473,0.9697086748299931,0.969378976764252,0.5728329498189346,1.537391301674102,150.70527758738862,30.127502291993316,16_skilled_forgery_forgeries_16_3.png,16,skilled_forgery
1.8073034872300375,3.628020206445823,6.998978994017851,7.0179537395242155,14.026434196760166,8.832107062618077,16.120341647836664,189.28838848039217,0.97055935464948,0.9702213920662471,0.6455443302305331,0.6478711154800102,147.4259776536313,29.2212728820745,16_skilled_forgery_forgeries_16_4.png,16,skilled_forgery
1.7373934556358805,3.496862222449457,7.84540477112773,8.569099990255557,16.81069783290421,10.360791677854337,17.193741279660323,225.60629595588236,0.9680100380911202,0.9675868255791865,0.5900342645233243,1.8686679139424618,148.98757357750162,29.55243606489158,16_skilled_forgery_forgeries_16_5.png,16,skilled_forgery
1.7830219377158292,3.5809436763186806,7.120064888013592,7.143917694089098,14.27598045262929,8.935571711189045,16.017267614441728,159.86060049019608,0.9739059933455081,0.973591331439757,0.6574300402062166,0.40021929780677706,149.07830853563038,30.456898813148385,16_skilled_forgery_forgeries_16_6.png,16,skilled_forgery
1.775290435456118,3.591821144907512,6.350808982799848,6.519350717827933,12.955107981279975,8.321434273916754,14.207719536800035,188.71398590686272,0.9637800286441298,0.9632370203850906,0.5498264759345686,1.9895833298791956,166.92392566782812,27.776370047599595,16_skilled_forgery_forgeries_16_7.png,16,skilled_forgery
1.8081745725343557,3.664261533680349,7.969804758003325,7.894336392918034,15.87513435380012,9.777363474256669,-16.174805858662754,191.7437653186274,0.9644806484106824,0.9641254438756092,0.5081601349979116,1.9622980216116732,168.5290909090909,27.907890745096097,16_skilled_forgery_forgeries_16_8.png,16,skilled_forgery
1.7952245261840771,3.636351348119721,6.751286591427496,6.833933313808621,13.627577826724101,8.664544100886175,-14.788059595126745,178.01188725490198,0.9660187123992365,0.9655958158920335,0.559231454543383,0.8042744647870929,165.643391521197,26.700308916345094,16_skilled_forgery_forgeries_16_9.png,16,skilled_forgery
2.0815739636113575,4.357409327590907,7.9030766815445,8.010384401582163,15.995429004056755,10.189392424929506,16.423494243006854,350.7666973039215,0.9428821620510225,0.9417613759492585,0.6564685183309182,1.8873096427540004,148.165611814346,28.32259039840874,17_skilled_forgery_forgeries_17_1.png,17,skilled_forgery
2.1090760648413034,4.4289620210556455,8.450210363516284,8.268423225236113,16.664923369708156,10.501023894000339,17.029269362959404,211.6105392156863,0.9429801343922549,0.9417627090172735,0.5886070655988617,1.9644012923792866,178.84170305676855,23.56861626805888,17_skilled_forgery_forgeries_17_10.png,17,skilled_forgery
2.1191621047678417,4.411657398128942,8.043167348296814,9.415914071409953,18.25957849154713,11.813355664780817,-18.33971246541384,194.99742647058824,0.9466970644015393,0.9453459002112692,0.6909475412171345,1.1055081449918478,169.9966838614591,25.841097739991504,17_skilled_forgery_forgeries_17_11.png,17,skilled_forgery
2.079211575468977,4.363908686735539,8.373298272167899,8.85587156720521,17.61598974930885,11.072253741581251,-17.626070198758033,421.1166666666667,0.9349672902276845,0.9333826662037771,0.6673331352726952,1.4190687350930755,143.4686831652918,28.433137997697376,17_skilled_forgery_forgeries_17_12.png,17,skilled_forgery
2.115961693828719,4.41964475804814,7.510169755023147,7.899760587283446,15.626724432889736,10.110676700723403,16.11281114524946,446.16072303921567,0.938051693784121,0.9371045589708648,0.6814563737047843,1.6663800501578845,134.680425669139,30.876867428942358,17_skilled_forgery_forgeries_17_13.png,17,skilled_forgery
2.1264356245595626,4.435922799208123,7.840828709194212,8.555060040842012,16.883892468936747,11.150759546900327,-16.925098229068904,452.7045343137256,0.9371828110510102,0.9358333135315942,0.6847065899161217,1.2659042163932064,134.21072555205046,30.040084867434366,17_skilled_forgery_forgeries_17_14.png,17,skilled_forgery
2.128499670032797,4.432000470592696,8.490016070066538,9.789719368565164,19.36088548812269,12.54151329061176,-18.961635922844476,454.3879289215687,0.9384400211106945,0.9373340296941969,0.698160216392563,1.5139888077426147,130.7825119236884,30.609480529743266,17_skilled_forgery_forgeries_17_15.png,17,skilled_forgery
2.174712888490503,4.54991710685253,8.848172134473094,10.719955384629785,-21.220755577182917,13.41149374552724,20.512173894552156,437.23400735294115,0.9345857082994803,0.9328460020094211,0.7230555489781558,1.5428145930433248,132.6532942898975,30.06737919224521,17_skilled_forgery_forgeries_17_16.png,17,skilled_forgery
2.1191779574021163,4.44537314949694,8.22492475728302,9.107565610034257,17.804952892543636,11.33048269174209,18.210899000299992,405.5306832107844,0.9393481641892033,0.938161281678943,0.6997246665441366,1.4513833980621473,136.90938406965495,30.836366545833112,17_skilled_forgery_forgeries_17_17.png,17,skilled_forgery
2.100025062990062,4.390426347829919,7.870079594960325,8.831882336226876,17.186185448993047,11.029393138154541,18.09218998149831,425.68998161764705,0.9400673186573397,0.9388047581215985,0.6834770291390719,1.5512605028981004,135.71640316205534,29.868060895119417,17_skilled_forgery_forgeries_17_18.png,17,skilled_forgery
2.136690483566086,4.43675557939404,8.746170261658795,9.064605705524432,18.20608252987477,11.590222527386267,18.059285843772596,483.9418811274509,0.9359164269798752,0.9345156989083083,0.6910789786136313,1.4108983789315916,130.78069639584606,31.002505170083925,17_skilled_forgery_forgeries_17_19.png,17,skilled_forgery
2.061212831685523,4.312193135041733,8.839267919886568,8.734591865284319,-17.541633852844097,10.91583805116021,18.04814869751581,331.85484068627454,0.9438615240368693,0.9426498535179547,0.6578377507292399,1.2255758528788117,149.98929336188436,27.648384172020727,17_skilled_forgery_forgeries_17_2.png,17,skilled_forgery
2.1397636805559817,4.457223254034872,7.949083209023694,8.202853612694241,16.28344741464869,10.434371400133433,17.11693354177292,398.3520220588235,0.9364164067477161,0.9350365294097556,0.7224690008404903,1.6868356486616223,136.3624467437614,29.848702099423686,17_skilled_forgery_forgeries_17_20.png,17,skilled_forgery
2.1205666200351256,4.48531800472906,8.43085790531726,8.96191739538048,18.641673396207672,11.25598746748599,-17.660662116123277,367.74325980392155,0.9362485009872115,0.935052286291912,0.6914263324299811,1.0976562492853799,146.36685288640595,29.226243382652385,17_skilled_forgery_forgeries_17_21.png,17,skilled_forgery
2.133100029663597,4.4847607077314375,7.8208972619605515,9.051843897619822,17.70232805605125,11.64657019992641,-17.589599749159902,377.08691789215686,0.9377072645823261,0.9363081042269384,0.6820634444023527,1.1708817490287888,145.57493702770782,28.2449821951189,17_skilled_forgery_forgeries_17_22.png,17,skilled_forgery
2.123105042347695,4.421220531032111,8.026229071781346,9.350193676691708,18.129562252493916,11.574869447917322,18.270873182205346,347.4235906862745,0.9403002335377153,0.938866126871733,0.6960560163751143,2.836272036730136,145.72291529875247,29.39901497646462,17_skilled_forgery_forgeries_17_23.png,17,skilled_forgery
2.119704856585524,4.425183977148568,8.464419580947784,9.62605318502375,18.743455561435407,12.030264388438605,-18.94558503485246,428.3368566176471,0.939158832037286,0.9379775955020788,0.6911329042283297,1.5548172744561317,134.83680104031208,30.9316966079496,17_skilled_forgery_forgeries_17_24.png,17,skilled_forgery
2.082008372185682,4.3492750426635185,8.263199871741795,8.915314404918561,18.243783927154098,11.183403569123247,-17.51191073214887,331.6486213235294,0.9443409118995275,0.9430938023982521,0.6681674133641883,1.1771075010231187,148.62060390763764,27.568373293134506,17_skilled_forgery_forgeries_17_3.png,17,skilled_forgery
2.0974870390050704,4.3610002749491965,8.219477400672167,9.566488587915584,-18.777026792690297,-12.213346080453595,-18.516700668994325,314.89598651960785,0.9468046723800236,0.9456825317358871,0.6568689310082475,1.5352380937759635,150.77460555972954,28.853803643960124,17_skilled_forgery_forgeries_17_4.png,17,skilled_forgery
2.0884613618613592,4.376608655452333,8.85813995065583,8.981121937143572,-18.5617606837265,11.174382751748434,-17.911352624066076,358.82518382352947,0.9391221191660264,0.9378550770504473,0.6920524366382657,1.9666030515585846,145.56256030878095,28.756053424665563,17_skilled_forgery_forgeries_17_5.png,17,skilled_forgery
2.1046754161125825,4.3891496588321255,7.924583744881243,8.720426465807087,17.060639194056265,10.962154272789968,-17.59602224480877,281.1467524509804,0.9458692399515711,0.9444877523099199,0.6812958411806765,1.9805194783760611,154.039941902687,26.310872680360564,17_skilled_forgery_forgeries_17_6.png,17,skilled_forgery
2.153550891323718,4.520527250157006,9.201690124788788,9.959436555088953,-19.574875981191333,-12.474260416942531,-19.954317880845284,215.746875,0.9395453397060073,0.9383624356383226,0.6317485750842473,1.2957746468734157,176.25051124744377,24.39014067008051,17_skilled_forgery_forgeries_17_7.png,17,skilled_forgery
2.1209770149841836,4.4245245501891235,9.083952460419587,9.001031018881037,18.839280120022988,11.243292818325886,-18.049157344306042,192.99443933823528,0.9460274358599894,0.944978936868553,0.6288998910631911,0.8602681715876723,176.97078907435508,24.514688164367463,17_skilled_forgery_forgeries_17_8.png,17,skilled_forgery
2.0841060816479553,4.331118180314217,9.767579263531358,9.925131734371872,19.78813606400835,12.291152448935868,20.337443753776398,211.17092524509806,0.9466118607630843,0.945422793454935,0.6381730251316765,1.4351425929759496,172.01700037778616,24.620920726735367,17_skilled_forgery_forgeries_17_9.png,17,skilled_forgery
1.8102166714819663,3.6694649066838534,7.770585282850273,8.238012995955346,16.24752598962114,10.751680736918654,17.054711560329075,140.66534926470587,0.9703798040298802,0.9699916793728913,0.6507182505304194,0.4185365849575252,162.8101788170564,27.035734788218043,18_skilled_forgery_forgeries_18_1.png,18,skilled_forgery
1.7040138349511953,3.4605095097142633,7.79224195027566,7.4892870800295075,15.154749614730255,9.228263380012859,-15.614329663802176,116.11519607843137,0.9739357972633812,0.9735917230458752,0.5574805387729113,0.4531059677794081,173.802179379715,26.579008322948397,18_skilled_forgery_forgeries_18_10.png,18,skilled_forgery
1.8423355160892825,3.74600587642724,6.6871206062704855,6.773680904417789,13.50597432895688,8.656105034367956,-14.53486710801141,139.20361519607846,0.969058333378153,0.9686897279009684,0.6421480502425851,0.1996817818618283,166.4442970822281,27.68667435740071,18_skilled_forgery_forgeries_18_11.png,18,skilled_forgery
1.7656449097580236,3.5786901910643225,8.43956298158436,8.070949275861333,16.621613355970858,9.865394045308413,-16.390581605708565,127.13333333333333,0.9724641204765899,0.972105641972808,0.6006738957285886,0.7800269895006383,169.43896891584535,26.563309829749002,18_skilled_forgery_forgeries_18_12.png,18,skilled_forgery
1.843859831105826,3.769680113032935,8.657189318307827,8.613042227715285,17.250013598248337,11.424415094004368,-18.28322040471801,163.5597732843137,0.9665867429024841,0.9661933162683708,0.5810519420733711,0.4695817486030591,167.26520051746442,26.96964500099778,18_skilled_forgery_forgeries_18_13.png,18,skilled_forgery
1.81849907912088,3.717696898280123,8.447650118548104,8.049372036219966,16.30591326513909,10.01224003363545,-17.017901103721456,153.94129901960787,0.9689919122983457,0.9685213070047948,0.6255326793081076,0.5980707389088202,163.05499664654593,27.177330700555682,18_skilled_forgery_forgeries_18_14.png,18,skilled_forgery
1.767120778731358,3.6065558266532958,6.908076898593057,6.829094053116579,13.704093393086875,8.63751719947703,-14.465695847975905,128.60477941176467,0.9724761961816751,0.972121126783716,0.5959791092722155,0.205633802623818,168.4260124610592,27.277105344956322,18_skilled_forgery_forgeries_18_15.png,18,skilled_forgery
1.8190736659888544,3.719215426894309,9.468889455081053,7.8068005414677755,-16.98536860496024,9.699460782485438,16.463437163144842,178.49463848039215,0.9665492019524862,0.9661931302291591,0.5943844890902245,0.2415153904960415,162.41513032422122,27.674567813899653,18_skilled_forgery_forgeries_18_16.png,18,skilled_forgery
1.8010086532664147,3.6589049521597983,7.52677064000576,7.9827517912710455,15.775168842437537,9.832929533166958,16.13652992493512,174.2699754901961,0.9669122452770837,0.9665301727058354,0.5715475480764868,0.6506410249458964,165.1210355987055,26.568740499750252,18_skilled_forgery_forgeries_18_17.png,18,skilled_forgery
1.7872758159737936,3.6462963727759545,8.357180589581727,8.759442940311514,-17.935229476814076,10.587095053237846,-17.33077930149138,153.23737745098038,0.9699531705599712,0.9695783901020001,0.5726476366678026,0.6389214529438201,166.50286123032905,26.60506325786488,18_skilled_forgery_forgeries_18_18.png,18,skilled_forgery
1.6330534241297476,3.3123190209981757,7.76638995453601,7.5781585751335125,15.257950784029951,9.306332370748695,-15.984508579868873,102.31314338235293,0.9762025442093073,0.9759813106200929,0.5264504319195727,0.4847222215489969,177.61646398503274,26.584330231856367,18_skilled_forgery_forgeries_18_19.png,18,skilled_forgery
1.8312912714083858,3.702867319484198,7.2257928885947385,7.106691630218882,14.272962799301546,8.97213464057677,16.210803891011842,133.66369485294112,0.9684514246118899,0.9678933425379421,0.6252065172326506,0.7678983824851058,170.95362508164598,26.553197745346225,18_skilled_forgery_forgeries_18_2.png,18,skilled_forgery
1.8075022485749357,3.660793490743168,7.552256274841219,7.341188101721908,14.789206211229757,9.20350295394365,15.900645784504096,154.4142156862745,0.9692198128875419,0.9687817288294207,0.6062633651774638,1.0911680896137206,164.62397820163488,27.122519926643744,18_skilled_forgery_forgeries_18_20.png,18,skilled_forgery
1.8225966085158727,3.726192636320174,6.260509383103879,6.283195659396996,12.555625455994393,8.146435807780069,-13.843022406707703,119.40484068627451,0.9694861207624942,0.9690270739598051,0.5781841241863143,0.48333333282986113,177.91783707865167,26.00717525962196,18_skilled_forgery_forgeries_18_21.png,18,skilled_forgery
1.7678322616338176,3.611936229428442,7.920894290880785,7.690781636917074,15.567451695440464,9.509221498863685,-15.774335907654315,137.5412224264706,0.9733269935063722,0.9730709020237487,0.5171904014873212,0.2692713830313924,170.15973377703827,25.90898781978815,18_skilled_forgery_forgeries_18_22.png,18,skilled_forgery
1.7179063728893862,3.4974410344712625,6.992699346805584,6.8841508414139385,13.827700432629653,8.635642996229318,-14.638684676903903,136.18753063725487,0.972582538171607,0.9723355417888075,0.5547040129630363,0.5017793588353744,169.28436018957345,26.08401225587686,18_skilled_forgery_forgeries_18_23.png,18,skilled_forgery
1.786058674611345,3.6418459232499845,7.515204790414353,7.189911038166473,14.548052585669598,9.018061102816676,-15.34017350367908,130.89330575980392,0.9677466388673652,0.9673267434163614,0.6074636465520843,0.4716073142717927,173.66448659254414,25.7202192951365,18_skilled_forgery_forgeries_18_24.png,18,skilled_forgery
1.708761222046463,3.4583037660145766,7.251701116641871,7.018078420430855,14.161409072957357,8.748466791513009,-14.862358151911149,117.88610600490196,0.9745108893107136,0.9740969978792093,0.6110467231046024,1.0198675479803518,167.96475409836066,26.19290800689311,18_skilled_forgery_forgeries_18_3.png,18,skilled_forgery
1.7879776547701804,3.6581510409170406,6.594701307231194,6.9799391547722855,13.773356570627602,8.809558116460702,14.54611332167229,129.86243872549022,0.9732814878055982,0.9729022118236028,0.5950606200270259,0.916918427617948,167.1552403467297,26.11398934368013,18_skilled_forgery_forgeries_18_4.png,18,skilled_forgery
1.8355447549233412,3.7221734947794953,7.189448829334246,7.001882921785387,14.101539536382928,8.862999844600983,-14.967391604106055,143.85049019607843,0.9671950833952426,0.9667904813557282,0.630895856145307,0.44281793189129187,168.76093849080533,28.441318664273204,18_skilled_forgery_forgeries_18_5.png,18,skilled_forgery
1.8048335389530459,3.664081530875076,7.370508662345175,7.139713425216657,14.394836756713294,8.990796635664067,-16.518472192976482,142.01007965686276,0.9693764070159484,0.9689962663817221,0.5853352387723436,1.2920634900125976,170.17105263157896,26.53989770816969,18_skilled_forgery_forgeries_18_6.png,18,skilled_forgery
1.7223260965413003,3.502575395384386,7.060674272519999,6.751675666740337,13.660668795633581,8.5055661493136,-14.602652583481252,125.22123161764706,0.9740044251198487,0.9736682345811369,0.5446717193027448,0.6559888570250851,171.3708999158957,26.136528275421693,18_skilled_forgery_forgeries_18_7.png,18,skilled_forgery
1.8574709976247936,3.7739644853333494,8.82719473764076,8.078067531380732,16.678875167211668,9.971111529480902,-16.683577618323344,158.47374387254905,0.9657057855884371,0.9651361866428547,0.6271058767508129,0.19723435211263873,166.4449848024316,28.073376186908547,18_skilled_forgery_forgeries_18_8.png,18,skilled_forgery
1.686486746446386,3.4219757489748157,7.429012470074107,7.083473152910894,14.350559666262898,8.79548441494803,-14.995903626782884,108.52702205882353,0.973967613811882,0.9737448452955952,0.557764250218037,0.4802469129873495,176.8740617180984,26.45691389807907,18_skilled_forgery_forgeries_18_9.png,18,skilled_forgery
2.225525606524656,5.419483304795471,7.217210520548238,7.9002694980098696,15.663144276919056,10.612918842807883,15.566557712467587,326.47015931372545,0.9347862069357895,0.9325084363523589,0.8207714347771583,0.7396535126373179,126.81410788381743,30.41354015496024,19_skilled_forgery_forgeries_19_1.png,19,skilled_forgery
2.3108540688725636,4.976194907440624,7.814106850846686,8.213825077219377,16.392572292194917,10.701938752868962,16.3649195550784,240.24583333333328,0.9062276857357521,0.9027010012505193,0.8613962357617699,0.8710462284077003,151.59520713356864,26.443385545591,19_skilled_forgery_forgeries_19_10.png,19,skilled_forgery
2.257216920133201,4.795213882861193,7.81756700347111,8.458182573444844,16.80651089553039,10.855789527121663,16.699650133225948,178.2383578431373,0.9230417795137668,0.919534576532682,0.8782996332135753,1.0220522047605527,152.0240373914979,27.664701753612682,19_skilled_forgery_forgeries_19_11.png,19,skilled_forgery
2.238266274114425,5.5137684247923575,7.384940190685987,8.159380701130297,-16.47649922038732,-12.42681516016115,-15.949953992737408,374.7971200980393,0.9274522567961355,0.9247579265143833,0.8172893844905723,0.38733125635606397,125.3557884231537,30.490012785628842,19_skilled_forgery_forgeries_19_12.png,19,skilled_forgery
2.0992495438272196,4.6991565043118015,7.707052793651851,8.041463349701056,16.72099574490367,10.564671732757184,15.921111368025247,115.4436274509804,0.9517843783212254,0.9503085736916942,0.7811705254433562,0.5075845971367651,175.02438080495355,22.82272392940365,19_skilled_forgery_forgeries_19_13.png,19,skilled_forgery
2.173103813780291,4.9586125791731535,7.7131590732678355,7.991476576375295,16.021735375473376,10.622351508641001,15.96996214304342,122.1609068627451,0.943794609183853,0.941746149500068,0.80399603181827,0.6765027318707635,174.80704041720992,22.406896812098736,19_skilled_forgery_forgeries_19_14.png,19,skilled_forgery
2.0997311418003535,4.635608808024891,7.703748192268978,8.291708744655944,16.376536034996604,11.421883879261577,16.52990393135219,103.31933210784314,0.9512028157383184,0.9497880421212526,0.7697875844145323,0.8507142851066326,181.51177151678888,21.623291319923226,19_skilled_forgery_forgeries_19_15.png,19,skilled_forgery
2.0453821300663053,4.533994401243274,7.090981712203507,7.653046070118091,15.028548131360955,10.009654512516905,15.923880043031442,102.65839460784316,0.955992581581144,0.9548271998053443,0.7795053002496104,1.7683215109121495,176.21007685738684,22.440819239523677,19_skilled_forgery_forgeries_19_16.png,19,skilled_forgery
2.1234814782779248,4.769867438734137,7.357131254628309,7.840719996659662,15.985558189391941,10.378106959538053,15.457974203586154,133.59332107843136,0.9494668037880275,0.9479652819484268,0.7428816041286939,0.5596926710640114,176.28192497158014,21.915406688676896,19_skilled_forgery_forgeries_19_17.png,19,skilled_forgery
2.2238506585095403,4.998759724281095,8.937976332493662,8.388168210022586,-17.088249944069872,11.433216818357351,-17.45370322254976,115.49678308823529,0.9480344654289508,0.9467246362357716,0.7625599167015096,0.26016635847496933,180.21268793546022,21.50863618430458,19_skilled_forgery_forgeries_19_18.png,19,skilled_forgery
2.144910492332814,4.927765779760622,8.749400321566354,8.293295560873773,16.831907865613772,11.30019084639387,17.3730203666554,127.19534313725494,0.94506182595162,0.9435843776725085,0.7789709292420399,0.6467941503673823,176.18169398907105,21.940332483354208,19_skilled_forgery_forgeries_19_19.png,19,skilled_forgery
2.210746216850795,5.365217994658222,7.416719267726454,8.654763266636323,-16.69051730733661,11.521422000837216,18.80573280058066,284.9876225490196,0.9364280980194255,0.9338257166358,0.8404930664498191,0.6679052481802576,127.53578390420496,29.773035220202562,19_skilled_forgery_forgeries_19_2.png,19,skilled_forgery
2.268447685430074,5.228446868396424,7.447492978268746,8.37637242804215,-16.290423414300435,11.174006606141223,17.29474856859846,336.85897671568625,0.9305637876067314,0.9278824298141177,0.836619391885508,0.3201887427299667,123.3357161092673,29.75786692953896,19_skilled_forgery_forgeries_19_20.png,19,skilled_forgery
2.1796024438208588,5.334020445279841,7.137340698637474,8.005448432513706,-15.591962919891573,11.081185201155781,-16.16296147948944,368.9184129901961,0.9247329841278801,0.9217555758254019,0.8274975652440413,0.41630178497261644,125.66420927467301,30.890762479078493,19_skilled_forgery_forgeries_19_21.png,19,skilled_forgery
2.1912884084292465,5.318589259267878,7.327942761327279,7.847824328604334,-15.49251804057473,10.691417093062684,15.75465815542824,370.3451286764705,0.9294419099061841,0.9273619256515756,0.8108347004864324,0.5133333331320261,126.12723503498316,30.542459061852142,19_skilled_forgery_forgeries_19_22.png,19,skilled_forgery
2.294618560038436,5.671699055144483,7.6420798816317905,8.658056860459224,-17.13009898898204,11.52765462571593,16.864039394482255,390.78823529411767,0.9223955043329611,0.9195038265887969,0.8274226910449196,0.7451768485750897,123.5409949332105,29.837492462488804,19_skilled_forgery_forgeries_19_23.png,19,skilled_forgery
2.150838196864742,4.913665185891179,9.049055496960465,9.254472871008916,18.429383825573144,11.724854643987877,18.903839599012652,98.02521446078431,0.9489596337750955,0.9474903632319186,0.7966913174194883,0.6394517278668345,180.95819701926573,21.666503307192922,19_skilled_forgery_forgeries_19_24.png,19,skilled_forgery
2.2981358927524695,5.078186508443817,7.51862346629796,8.227390671734545,16.50434075956843,10.774523385065395,16.13713324605394,301.0550245098039,0.9417545857742835,0.9400601863627177,0.8083183248636776,0.6212353238278533,128.61964735516372,30.761056735140674,19_skilled_forgery_forgeries_19_3.png,19,skilled_forgery
2.327871635616762,5.096023769161722,8.089253613964983,8.754968491762366,18.267474129603052,11.30304041435889,17.178516360672067,256.67889093137256,0.9094842344737615,0.9057645042548637,0.8406997773564995,0.9383226773454973,153.57140085370585,26.994323209564996,19_skilled_forgery_forgeries_19_4.png,19,skilled_forgery
2.3110834536065985,5.0665701100983185,8.092965317368039,8.430860535782742,-17.85085353349943,10.97608890976533,16.69382456433122,247.82294730392155,0.908077811454088,0.9042173780273757,0.8549552829775485,0.7919349370410251,151.4215204236006,26.207168900379763,19_skilled_forgery_forgeries_19_5.png,19,skilled_forgery
2.278577692887873,4.933682056425632,7.951757740579842,8.231884210873,16.747103213803154,10.699348515545514,16.35703740238138,235.79221813725488,0.9123244543277755,0.9090425869085139,0.8429638147560055,0.7672352520372299,155.46812789060928,26.517822159282186,19_skilled_forgery_forgeries_19_6.png,19,skilled_forgery
2.251562140189111,4.78772361826922,7.901137203885817,8.305747349477587,16.515171132717118,10.711969508010426,16.615791520021677,238.06890318627453,0.9165913499848868,0.9133162872291257,0.8383645096881712,0.990270727161476,153.85972369819342,26.9387206266205,19_skilled_forgery_forgeries_19_7.png,19,skilled_forgery
2.3059744713264,5.075071254456742,7.843055173257237,9.10990667046319,-17.741141905752585,11.684268523915163,17.73274445539446,238.9469975490196,0.9179038297184953,0.9153075564249205,0.8299596633576244,1.0701674961203407,154.63612508200305,25.74230361729768,19_skilled_forgery_forgeries_19_8.png,19,skilled_forgery
2.329688097858161,5.172102259228269,7.965750886012952,8.62275850480111,-17.762160476843636,11.248611983113797,16.921489595890325,300.13789828431374,0.9095435036629822,0.9056269118543728,0.8365593061832931,0.9112754155596025,146.2588007736944,26.56093947356775,19_skilled_forgery_forgeries_19_9.png,19,skilled_forgery
1.753212859196553,3.594008699377544,7.692617291614853,9.063068222448939,-17.456748410335678,-11.013394530166817,18.01731636028505,60.124264705882354,0.9825310695300731,0.982000861802698,0.8099205748849178,0.13603818599518117,154.38970588235293,29.498227035413883,1_skilled_forgery_forgeries_1_1.png,1,skilled_forgery
1.8414831755781553,3.822446327858546,6.312661720279649,6.635052996255719,13.122063191470282,8.601082146346508,-13.724321018638244,43.254932598039204,0.9805689555272203,0.9801783306834787,0.649120977227607,2.7215686167781623,193.66385669125395,23.07667547056948,1_skilled_forgery_forgeries_1_10.png,1,skilled_forgery
1.775204068540972,3.7187489934746343,5.821785005620379,6.415208796361224,12.659357138833144,8.48507725912737,-12.712303757637867,78.05165441176472,0.9778212081598227,0.9773290108630881,0.6856746752978095,13.53947350605956,172.27239819004524,24.63391709867211,1_skilled_forgery_forgeries_1_11.png,1,skilled_forgery
1.785133513764352,3.907252463724908,5.913812215501109,7.087017213547704,-13.803180983146232,-9.499283570148648,-13.687849845640725,69.06115196078433,0.9768936381149618,0.9763638733748882,0.8067106408289518,1.2606284634738845,160.95175797219952,29.262118674239602,1_skilled_forgery_forgeries_1_12.png,1,skilled_forgery
1.703931050658326,3.551069715390722,5.685088844948269,6.071776487567851,11.95277137451888,7.859477876187772,-12.915557895134905,27.685845588235292,0.9811451051829908,0.9803315366665573,0.742203544402208,21.651162287182274,198.4476386036961,21.177038763950083,1_skilled_forgery_forgeries_1_13.png,1,skilled_forgery
1.6684193103297114,3.4196058049421234,5.5582282962541445,5.6881950601540705,11.311407457344243,7.399749850033678,-14.051424018832064,24.04169730392157,0.983812018734445,0.9830274813554034,0.7438517501772386,1.9574468015693376,198.00599520383693,21.59849920467766,1_skilled_forgery_forgeries_1_14.png,1,skilled_forgery
1.6635982528128617,3.4128775624400918,6.129043565978273,6.53705188849363,12.874554872737859,8.292687692453551,13.716264212320645,27.41559436274509,0.9829955594823612,0.9822461712675794,0.7390779674076852,6.60683755036891,196.3112359550562,21.354492926204934,1_skilled_forgery_forgeries_1_15.png,1,skilled_forgery
1.7020864420218749,3.507295046258498,5.681170014500156,5.854822336469538,11.623206414426035,7.61830593884248,-12.997028318705976,24.08553921568628,0.9827031523811713,0.9818173222592262,0.7889336846816237,2.536679526885407,194.31004366812226,20.848118562506937,1_skilled_forgery_forgeries_1_16.png,1,skilled_forgery
1.7400939187499902,3.6140986133194586,6.487107788484704,7.13179404853721,14.031508920881462,9.302176534406428,14.17543579531297,27.092861519607844,0.9847035974610591,0.9841763061573419,0.6302073363106896,1.190751441645227,202.5,20.750798693977895,1_skilled_forgery_forgeries_1_17.png,1,skilled_forgery
1.6656373254011163,3.389889244753205,5.945621507076135,6.10908367200427,12.136759327891234,7.816997365163652,13.550329072159105,25.799387254901966,0.9869346236036209,0.9863207151400285,0.7290745543772368,14.886363298037198,192.28469241773962,23.684452389515577,1_skilled_forgery_forgeries_1_18.png,1,skilled_forgery
1.7102995188888845,3.5677549117792164,5.748063121969171,6.01813942296858,11.902939142489643,7.816725791924117,-12.955440516949338,29.506188725490198,0.9814073505037233,0.9807451070306938,0.6675269849979028,1.2075471669633322,202.133547008547,18.439097797605786,1_skilled_forgery_forgeries_1_19.png,1,skilled_forgery
1.8951188521041789,3.8951197900402765,6.303706128872884,6.457345345247482,12.838160835000716,8.411838202060258,14.275379359801297,52.85407475490195,0.9807501199105964,0.9800554330050576,0.8280736754162581,1.4850574678504427,162.4495837187789,29.303027824735114,1_skilled_forgery_forgeries_1_2.png,1,skilled_forgery
1.6874495325540195,3.477225942341364,6.032329206895465,6.236663811340761,12.371435555798024,7.9942333455242816,13.819822983975227,27.435079656862744,0.9837832313676985,0.9831499671786961,0.7114374686983125,0.6410256397612907,197.48677884615384,21.546513152880326,1_skilled_forgery_forgeries_1_20.png,1,skilled_forgery
1.8768313601187891,3.931464238635567,5.866740576510226,6.023439706742501,11.968821862554869,7.989330945947278,-13.404351021957238,44.26115196078431,0.9793565279370515,0.9785391338735951,0.7216991215024648,3.5672268757679544,189.71389144434224,24.172410852089186,1_skilled_forgery_forgeries_1_21.png,1,skilled_forgery
1.7853289502846947,3.7271729304552217,5.791610876545794,5.998433987961317,11.893461415715096,7.866641594393719,-14.212546584329953,29.67374387254902,0.9804544370726098,0.979734116582817,0.7183555588577806,0.7230769218408941,200.40873015873015,21.85022073130042,1_skilled_forgery_forgeries_1_22.png,1,skilled_forgery
1.7665360696878243,3.65401099974124,5.978125661794923,6.277942209860084,12.412371089506772,8.112099866759975,-13.174624561659973,33.17787990196078,0.9793485254768294,0.9784933043403391,0.7938121675150717,5.37426897441948,189.79266055045872,25.248183535069483,1_skilled_forgery_forgeries_1_23.png,1,skilled_forgery
1.772334926037399,3.7250990727905875,5.725032462542306,6.015241395643986,11.886247533583559,7.889694571322563,13.084627873142102,35.53964460784314,0.9796972810056434,0.978922231853511,0.7138628542792265,2.9695817377582445,195.8802681992337,21.06994449085259,1_skilled_forgery_forgeries_1_24.png,1,skilled_forgery
1.736607582042152,3.6531523956803085,6.23669880790744,7.72682724352137,-15.035333494668466,-11.218546682713354,-14.763123385941487,50.37810968137257,0.9816303587524635,0.9810818495707038,0.7770221264913606,1.4314214428144103,171.97435897435898,27.883721176348903,1_skilled_forgery_forgeries_1_3.png,1,skilled_forgery
1.7716711349686398,3.651876811046666,6.16723880737192,6.361587905760263,12.626342654289775,8.18753870686354,-14.027922447094518,70.33682598039218,0.9787921586896471,0.9782785072815222,0.8023325073003579,27.92499930187502,158.1789109766638,28.813529866971187,1_skilled_forgery_forgeries_1_4.png,1,skilled_forgery
1.6968939553324667,3.553835150344965,6.304008630701153,6.672676857141868,13.180187089321857,8.599268820056666,-13.697627408580843,53.365349264705884,0.9806061558528794,0.9801167748939439,0.805150514689449,0.7832764491752962,166.69473684210527,29.689970936547656,1_skilled_forgery_forgeries_1_5.png,1,skilled_forgery
1.8066389562529535,3.86221887994499,6.1479608101854195,7.621305555594115,-14.549876847279105,-9.581606419596993,14.87449395767563,75.15333946078432,0.978808826469538,0.9781560092210647,0.7649903127613056,1.6824644509894207,162.23056537102474,27.63727098931609,1_skilled_forgery_forgeries_1_6.png,1,skilled_forgery
1.8029531010704203,3.7085394450752722,8.028954162366409,8.66749992965672,17.033524019204943,10.533476472533586,-17.567767951502706,47.94754901960785,0.978647633187201,0.9779417118665491,0.7473119920666167,4.803108783403582,183.65714285714284,22.96473116653057,1_skilled_forgery_forgeries_1_7.png,1,skilled_forgery
1.815554520122511,3.754145743463742,6.207400705517586,6.729047478293232,13.285191804444091,8.82115740199558,-13.436083205567325,46.74267769607843,0.9800793403969568,0.9794890037954315,0.6945306298887596,1.4800994988057226,188.08726178535608,24.507985070611944,1_skilled_forgery_forgeries_1_8.png,1,skilled_forgery
1.8061551763812433,3.739014072559948,7.0814434780211055,7.978440058900089,-16.258816543647935,-10.989819124453868,-15.515345363116772,59.72264093137255,0.9795198892657767,0.9789834347719607,0.6708166795183067,3.965853639190958,182.40471512770137,25.083226053301996,1_skilled_forgery_forgeries_1_9.png,1,skilled_forgery
2.0577170937699845,4.753489362994019,7.4356277332003655,7.733538752471947,15.417864880396417,-10.477661405749199,-15.535024011345552,235.34001225490204,0.9463839394155175,0.9430314095952872,0.8678309819827016,1.6502092036399922,119.78718029681086,30.91617847370146,20_skilled_forgery_forgeries_20_1.png,20,skilled_forgery
1.9052521276221681,4.0276710238395665,6.929397431082668,7.721375216593022,-15.525382786269267,-9.814489743396184,-15.072151029216826,111.4513480392157,0.9641999782548304,0.9630676778413769,0.8001920919930668,0.2610647849512092,160.6149542217701,24.907024673787333,20_skilled_forgery_forgeries_20_10.png,20,skilled_forgery
2.0010663293356017,4.212304560122483,7.465122876914572,7.552561790514508,15.087374041098407,9.780007436217675,-15.535401563882248,121.38670343137255,0.9592860746931344,0.9575071442033225,0.838561292216708,0.43131188092121786,153.35538261997405,25.396721463283527,20_skilled_forgery_forgeries_20_11.png,20,skilled_forgery
2.2760550380315596,4.860511470288223,7.879064445758466,8.226791589466243,16.32639517897048,10.67510484855386,-16.636471851705757,195.0578125,0.9403692081293803,0.9356019721208708,0.9121519921239317,1.9927826768301662,114.92068595927117,30.31757828056991,20_skilled_forgery_forgeries_20_12.png,20,skilled_forgery
2.0652075463189083,4.3126232230989405,9.06339117148228,8.425954089660598,-17.17266597060034,10.594820677965037,18.185287430569577,102.80098039215686,0.9491691944841922,0.9474287902498212,0.8131865479017525,0.9878571421515305,176.21451670858787,22.61473269652577,20_skilled_forgery_forgeries_20_13.png,20,skilled_forgery
2.0667557794582994,4.4085067811328535,7.275810647183739,8.109518825149584,16.364795942774098,10.592677250720248,15.819101103412617,124.3439031862745,0.9453288350801721,0.9437985387573894,0.7898659117133499,0.8791348594916444,175.21496276235612,21.464938098791176,20_skilled_forgery_forgeries_20_14.png,20,skilled_forgery
1.9858162653532612,4.109587152905112,6.783253590815611,7.323665153899706,14.677444812938216,9.924456554058668,14.439830980618765,91.23970588235294,0.9562599297364615,0.9545819325556854,0.7959969029974451,0.29972899712751816,178.3911592994162,20.83992259787408,20_skilled_forgery_forgeries_20_15.png,20,skilled_forgery
2.030123208527657,4.383091551067324,6.892050853688797,7.972533260074048,-16.15871069432873,10.790645484541825,15.411677319985802,109.0295649509804,0.9558563837585715,0.9547815421349185,0.7494601289469399,0.4183736806838152,178.0140043763676,22.2913820113003,20_skilled_forgery_forgeries_20_16.png,20,skilled_forgery
2.033528600402457,4.303058644489732,7.276718372869054,7.780746948184874,15.792577109197994,10.67500917275216,15.334320272650592,92.12389705882352,0.9459485200068896,0.9439364142930743,0.8256561474108158,0.4933002478941438,180.51046859421734,20.95003408815547,20_skilled_forgery_forgeries_20_17.png,20,skilled_forgery
1.995700646011587,4.199713210079909,7.233797901989097,8.266304029860912,16.236779888270316,10.584083959315981,16.114070050481104,110.18075980392156,0.9518019065295865,0.950262275591513,0.8073864857598475,0.9348462657870817,172.26939084373817,22.295764056466396,20_skilled_forgery_forgeries_20_18.png,20,skilled_forgery
1.9841031848571438,4.255797838229539,6.860207650760198,7.465398343775697,-15.251885850856242,-10.340831846441219,14.640847843216386,112.2746323529412,0.9506495404114386,0.9494816606175974,0.7558515439528045,0.335917312487898,180.27001934235977,21.05016139091967,20_skilled_forgery_forgeries_20_19.png,20,skilled_forgery
2.0454656989380884,4.3101563158337015,8.578728453483153,8.727499069288314,17.490180643845136,10.996125134197097,-17.581633701127352,169.71004901960788,0.960130273101215,0.957751967569383,0.8812795674563214,1.5651237873357118,115.7415023080151,29.913098119711485,20_skilled_forgery_forgeries_20_2.png,20,skilled_forgery
2.141625796166979,4.619087050835884,8.116643681381275,9.358019467290482,19.187858245529018,-12.224168979010681,18.096773901035437,275.9572303921568,0.9472891807114455,0.9447317795308866,0.8347918232264718,1.575705730046445,120.70076386582531,30.045937309428293,20_skilled_forgery_forgeries_20_20.png,20,skilled_forgery
2.1014282658506414,4.450099246283901,8.662702727170522,8.053947767706894,16.539117779913738,10.279345137864697,16.589357708185034,238.41917892156863,0.9529973015294737,0.950690441017365,0.8396684666603348,1.1477635773580162,121.45035329118632,30.811532702488595,20_skilled_forgery_forgeries_20_21.png,20,skilled_forgery
2.3339846022051627,5.174877880647029,8.849702214639578,10.19757267528945,-19.723932906224416,-12.821442675152351,-20.673440494415132,246.13792892156866,0.9254967553475919,0.919793895230359,0.9113300205220198,0.9565584137677949,113.55809441690019,30.77349502451503,20_skilled_forgery_forgeries_20_22.png,20,skilled_forgery
2.27467335734204,4.904235530900855,8.962175291290917,8.799492178252642,17.877853894944877,11.295315333222092,-17.792216983806483,232.69929534313732,0.9376385047311067,0.9325384739456748,0.9010132054706778,0.858373205330922,113.11380020597322,28.6640027137323,20_skilled_forgery_forgeries_20_23.png,20,skilled_forgery
1.9167811581732341,4.0124222846778315,7.143207714151162,8.7346481533755,16.939542007025757,-10.869928734308788,16.749115635561733,77.23066789215687,0.9634685707264146,0.9623634225592854,0.7678862480768169,0.3792372878677702,182.34408602150538,20.987534083085073,20_skilled_forgery_forgeries_20_24.png,20,skilled_forgery
2.2060568228937045,4.745396227446453,8.727241134234266,9.081613687761658,-17.997922880142916,11.537941917479097,-18.622891279954533,210.44301470588235,0.9378804526191808,0.933411536379438,0.9090503033969328,1.5055374583025813,113.81695267810713,29.64190480922286,20_skilled_forgery_forgeries_20_3.png,20,skilled_forgery
1.940933698013408,4.102863895809625,7.5295411585823535,7.686434308792181,15.29573670101805,9.986741770326612,16.40404971469693,130.55686274509804,0.9627069055428065,0.9614593368146904,0.7623422326524114,0.5743348978291589,162.6202783300199,25.316111732306204,20_skilled_forgery_forgeries_20_4.png,20,skilled_forgery
1.9100206940205784,3.996920481716479,7.332110087510994,7.447870666166755,14.858227912240253,9.572179556410312,-15.36187990927876,96.72150735294117,0.9685713816337536,0.9672801052923652,0.7918043592002865,0.3595943834948561,164.08720596672404,25.59773934785316,20_skilled_forgery_forgeries_20_5.png,20,skilled_forgery
1.900580647948301,3.972868530199525,6.874108686268357,7.005452684485403,13.96032836190995,9.140921213038244,-14.531697859162554,120.50171568627447,0.9646244899340667,0.9634659348136488,0.7792550355155224,0.3976777936156184,161.0264797507788,26.089983770256513,20_skilled_forgery_forgeries_20_6.png,20,skilled_forgery
1.8870696815710453,3.9887055313370325,6.994150495888635,7.063999683856658,14.120874737732457,9.298490121939832,-14.553181523241543,114.23501838235293,0.9657724535343274,0.9643237789489514,0.774754924661422,0.32039520090303797,163.0016034206307,25.02737138909402,20_skilled_forgery_forgeries_20_7.png,20,skilled_forgery
1.954156593564397,4.109212975871076,7.500332469377513,7.501797655095053,15.003454465684596,9.7053049019231,-16.28546715311944,118.18615196078431,0.9628077614324547,0.9613213748441257,0.7992298254048267,0.4611032528563626,160.71248789932235,26.292855284629862,20_skilled_forgery_forgeries_20_8.png,20,skilled_forgery
1.9050519375207784,3.9697482162627016,6.721326597278024,6.8900939956642935,13.716957185312609,8.924286121845892,-14.211987158569434,105.41737132352941,0.9668874915837747,0.9654572146053778,0.7967894238667901,0.2456258410190943,161.6423554835224,26.060160205478777,20_skilled_forgery_forgeries_20_9.png,20,skilled_forgery
2.1269075552845456,4.459041075725788,8.17134687969332,10.529048751741145,-19.981893531107744,-13.131157378816608,20.091256158449216,318.269362745098,0.9455191520608764,0.9437056169456244,0.8051479246395697,2.0832476854231783,122.21766666666667,30.828335794993684,21_skilled_forgery_forgeries_21_1.png,21,skilled_forgery
2.287456699301642,4.878445221396459,8.276297447132096,10.01235613118866,19.15682240964673,12.52510527334357,20.752859365307653,176.4437806372549,0.9393550118831855,0.9370730961172117,0.8593527292521138,0.8905228753319592,146.6369922212619,26.053667824069343,21_skilled_forgery_forgeries_21_10.png,21,skilled_forgery
2.265638149111117,4.7738096666978285,8.180957608409132,9.461652475524353,-18.43963616281927,-11.897997830139786,-18.427479002664988,199.24430147058828,0.9340912577105807,0.9314516755024512,0.8510154551676118,0.9481327795912173,147.1261980830671,25.582678210393983,21_skilled_forgery_forgeries_21_11.png,21,skilled_forgery
2.149592292838111,4.512552174253347,7.9253926297640955,9.006209029487723,17.478434950820713,11.2635492742143,-18.239651976173977,296.01305147058827,0.9490194205047299,0.9475045114316379,0.800746454691649,2.3547215467860516,123.58787441356911,31.03388302410864,21_skilled_forgery_forgeries_21_12.png,21,skilled_forgery
2.0761250457390004,4.531441323041298,7.334640902672625,8.840271827598675,17.109445410577703,11.115338112110427,-17.050966324249924,93.98673406862746,0.9612948637172165,0.9601576561433417,0.758264393549696,2.820370365147462,178.71449345613183,22.712804034484613,21_skilled_forgery_forgeries_21_13.png,21,skilled_forgery
2.0513425730577683,4.387045098579469,7.2661933680757675,8.622092049545294,16.644561349385757,11.61253015451553,-16.825644665604454,105.85569852941175,0.962590776734297,0.9617507065864322,0.728226624100941,2.4303350927154583,176.21696658097687,22.68372507077016,21_skilled_forgery_forgeries_21_14.png,21,skilled_forgery
1.9720697608672564,4.154146624180073,6.7496813392221755,7.170917885099423,14.132979703781068,9.283265409864184,15.17744676049057,99.99185049019609,0.9665430275399068,0.9658558727745055,0.7234371331246653,1.7349206321667927,174.19965177016832,22.19809144843369,21_skilled_forgery_forgeries_21_15.png,21,skilled_forgery
2.13335501010019,4.652363578262417,7.278663956883056,8.897952016410207,17.10755332426487,11.436559739121767,17.17054969860906,132.8844362745098,0.9511807353109,0.9501096101322581,0.7415212266232892,5.305970136054801,175.21577909270218,22.385513849589742,21_skilled_forgery_forgeries_21_16.png,21,skilled_forgery
2.064780531433239,4.437583254191879,7.1767348928838155,9.544936232113809,18.476969583263383,12.107842179613085,17.922008358926124,117.8033088235294,0.9529251900780489,0.9517789080320418,0.7737854286733388,2.00479041676073,174.3523316062176,22.816129007123678,21_skilled_forgery_forgeries_21_17.png,21,skilled_forgery
2.066011556296761,4.481354971794057,7.295444291362385,7.796101391169553,-17.10536826254941,10.174517604842832,-15.341938772707923,110.04996936274512,0.9576726796262047,0.9566653557230669,0.7384866956128825,3.7840172704448873,178.08126410835214,22.032106394346,21_skilled_forgery_forgeries_21_18.png,21,skilled_forgery
1.9965198653696188,4.401064402511397,6.582954437683229,7.761631228997725,15.113811416129096,11.64924638152304,-15.058570507392552,138.33826593137255,0.958750455715485,0.9579827350648665,0.7043812612820037,2.1729893745478157,171.13199426111908,22.27620590213951,21_skilled_forgery_forgeries_21_19.png,21,skilled_forgery
2.2562503612218516,4.865019443705264,8.31314748505645,9.975765277338782,-19.25357011456124,12.916633993253605,-19.289377696315064,373.4866115196078,0.9225606517208832,0.9185842706610474,0.8544873811692217,1.7976338718570148,117.01936345426219,30.29544892465351,21_skilled_forgery_forgeries_21_2.png,21,skilled_forgery
2.232817055655261,4.757213728009501,7.939873765047499,8.450135100614997,16.679785647646906,10.831959134610196,-17.060782204631202,312.79696691176474,0.9304809962609367,0.9266258465993943,0.8754387931412425,1.8524930735093537,112.52294246176257,29.672557860051224,21_skilled_forgery_forgeries_21_20.png,21,skilled_forgery
2.2977930305590877,4.766256505320869,9.190742716509847,10.37969732257996,-20.64143671036987,-12.815340282201522,-20.19056895650483,303.1348958333333,0.9288019484361792,0.9249561365016254,0.8803177637486501,0.917609777764776,113.98087818696884,30.339118295453176,21_skilled_forgery_forgeries_21_21.png,21,skilled_forgery
2.30354541349095,4.863548278347342,8.257127053081117,9.987033972384044,-19.116217704899324,-12.450673853660017,-19.855305944906398,386.7075367647059,0.9209761079378023,0.9169451980321315,0.861586768978457,1.8441158337374517,112.63994800693241,30.36822541289935,21_skilled_forgery_forgeries_21_22.png,21,skilled_forgery
2.1716860147576353,4.517810522549649,8.50100352623842,8.984717543567793,-17.782843100574556,11.263734216831827,-18.051776838687687,377.92659313725494,0.9348781203522346,0.9325542605174858,0.8261447158040288,2.5057915033727878,114.59939427312776,30.329523382669223,21_skilled_forgery_forgeries_21_23.png,21,skilled_forgery
2.052037409568922,4.368955514324683,7.352626684337189,8.864875420555848,-16.979661949691547,-11.059797889353883,-17.754658591080318,84.44316789215684,0.9644031258666355,0.9632364587272884,0.7670208709707861,1.7019773987260207,178.42916884474647,22.201597974663322,21_skilled_forgery_forgeries_21_24.png,21,skilled_forgery
2.182632182849092,4.611246430314291,8.533117921748486,9.016886823312383,-17.804397347283906,11.3497165162699,18.417893844125437,339.37450980392157,0.934462661998759,0.9314664157929301,0.8479629531210991,2.9147609117310176,115.08736059479554,30.00236430037479,21_skilled_forgery_forgeries_21_3.png,21,skilled_forgery
2.317356444840637,4.924768539682237,7.963082720707349,9.155729125150724,-17.837260137289327,-11.63049084322225,-17.898317976589507,205.44436274509803,0.9324495987011678,0.9298279616951036,0.8503767758005558,1.0109660569133336,146.89145676447677,25.29497046356084,21_skilled_forgery_forgeries_21_4.png,21,skilled_forgery
2.352175055528718,4.999950263902325,8.23338571326785,9.426247882194348,-18.760324699756236,-12.222843561303927,18.278475207583462,198.2017156862745,0.9352774299327954,0.932631019161883,0.8503317667016381,0.9556025364928105,147.10243243243244,26.461415960296097,21_skilled_forgery_forgeries_21_5.png,21,skilled_forgery
2.3770420038641515,5.091294418017757,8.253806704353497,9.706426484056363,-19.29731511457961,-12.494062128488908,-18.6999888788216,206.34368872549018,0.9263438783517046,0.9233333397454062,0.8606493593966398,0.7956761336177719,147.8061850802644,25.784874336687345,21_skilled_forgery_forgeries_21_6.png,21,skilled_forgery
2.2089179827663497,4.6051635084936855,7.980366078089464,8.436160869856607,16.64617534936705,10.793428813803509,17.692032656347408,194.72187500000004,0.9427051091640776,0.9407648577095895,0.8248667774185616,0.8181299881310546,148.9952963311383,26.30458713437864,21_skilled_forgery_forgeries_21_7.png,21,skilled_forgery
2.245270825118534,4.754979001106424,7.943416366063198,9.019146019329138,17.5927245222536,12.20455816101974,17.730726352558744,196.0806066176471,0.9388436717802722,0.9365677685363841,0.8371150426175407,0.7744593198895677,148.6012768427162,26.05964493489649,21_skilled_forgery_forgeries_21_8.png,21,skilled_forgery
2.2808591126088587,4.818890325396908,8.205637934074632,9.45969659949706,-18.46788160485813,-11.967754591856712,-18.420460028345826,190.93504901960785,0.9395827795953564,0.9372416820277613,0.8434984341734377,0.9065628471042475,147.47637106184365,25.735341162115137,21_skilled_forgery_forgeries_21_9.png,21,skilled_forgery
2.286477728343545,4.783766982922312,7.950104629197724,8.244840639235138,16.378075565649027,10.920510691868916,-16.75161355319396,284.8139705882353,0.9418333152853693,0.9390793600969636,0.8634274461423631,1.3470097348073644,112.59437037037037,30.620524189513862,22_skilled_forgery_forgeries_22_1.png,22,skilled_forgery
2.2880205787489047,5.0096919277472765,7.7140937275402335,8.027627110101605,15.960008933039715,10.565477889843116,-16.202386503221515,238.11841299019605,0.9224150953059514,0.9199486215622183,0.827521615473586,1.2012226178292293,153.0962740106457,27.04712281524782,22_skilled_forgery_forgeries_22_10.png,22,skilled_forgery
2.300390759655178,5.031591863365914,7.703977343473952,8.002171900003415,15.888871538419558,10.550615434247542,-16.276888027123796,227.73795955882355,0.9296489329558643,0.9272855004668958,0.8176038700519225,1.3941248461480262,153.62142126789365,27.49486066913545,22_skilled_forgery_forgeries_22_11.png,22,skilled_forgery
2.2035521689735056,4.563841229857357,7.5376544456442245,8.01074083154745,15.821583621475586,10.572866409122428,-16.18937233283939,287.00848651960786,0.9502996264212575,0.948561396653143,0.8188936601808253,1.364027537552472,118.62504550418639,31.85253264299906,22_skilled_forgery_forgeries_22_12.png,22,skilled_forgery
2.2469962211841366,4.857598839038406,7.784545362781765,8.152407736182502,16.236151681858843,10.766414746942452,16.31349840463364,159.76424632352942,0.9314924033873766,0.9288487336432645,0.8054552965863104,0.9596690791315051,171.65171503957782,22.996869488986274,22_skilled_forgery_forgeries_22_13.png,22,skilled_forgery
2.232995686079571,4.945856443867639,7.803154838555045,8.265810027577134,16.355569348739458,10.785269096747145,-16.62445028360385,148.5906556372549,0.9325925550547691,0.9299052866193404,0.8255268405660081,2.8384146312617737,169.73762245168123,22.599545825047947,22_skilled_forgery_forgeries_22_14.png,22,skilled_forgery
2.2926878032875404,5.019553194052877,7.798302335195823,8.214475795127269,16.224940864347634,10.72631878725184,-17.086159528353956,119.17809436274511,0.9425566755073598,0.939984211627186,0.8213772821521057,1.3461818172027769,174.08927464352138,22.96998154889736,22_skilled_forgery_forgeries_22_15.png,22,skilled_forgery
2.128756898156277,4.92003257785519,7.42386011209889,7.891435737505877,16.038676096110134,10.52519745307269,-15.573150206886142,140.7094362745098,0.946699640899291,0.9451158920537328,0.770406632879187,2.179687497567313,172.4970164970165,22.62053028859203,22_skilled_forgery_forgeries_22_16.png,22,skilled_forgery
2.2007043730190112,4.9136430097479975,7.2565865076820835,7.711354537059155,15.195568920780252,10.180400375078667,16.67025264923803,141.70471813725493,0.9355397387989856,0.9330453555059957,0.8189641527038583,1.2459526766837155,171.3041308566676,21.567653395377853,22_skilled_forgery_forgeries_22_17.png,22,skilled_forgery
2.2835308844991875,5.29340878433836,7.398883740491421,8.438838205253624,16.475071214667544,11.135260337974987,-16.547343035162754,147.17113970588235,0.9308312771485707,0.928128258565288,0.8449271270971864,1.9409124891990182,166.53357070193286,22.874166866445965,22_skilled_forgery_forgeries_22_18.png,22,skilled_forgery
2.1491866213388398,4.679795506798984,7.513823311081037,7.948775531908198,15.794228032570654,10.493525213780911,15.874290167429063,166.90551470588235,0.9410783913428996,0.9395711652778503,0.7597152529475817,0.6519893895745414,170.7495183044316,22.829846043117037,22_skilled_forgery_forgeries_22_19.png,22,skilled_forgery
2.2819419966257453,4.780275334015322,8.054121992949762,8.751643142514299,17.608371268681836,-12.221889870804324,-17.18319501226223,287.7938725490196,0.9458780015896042,0.9435064149326918,0.8406627734819802,1.317940952825177,116.38928804702809,30.68787883614263,22_skilled_forgery_forgeries_22_2.png,22,skilled_forgery
2.199919566637372,4.66630014363789,7.382474386698755,7.679003991842442,15.229668390432462,10.065923248611412,-15.738305322831957,310.75621936274507,0.9419123100578121,0.9399375198882373,0.8198339727697606,1.3737971862518155,122.97848456501403,31.32849737161262,22_skilled_forgery_forgeries_22_20.png,22,skilled_forgery
2.212885064189793,4.695685465328621,7.908085816421934,7.854784117999716,15.736369171332417,10.215258469246889,17.316501013827825,323.3240502450981,0.9359975104933319,0.9335806039638183,0.832245474727362,0.7036156038517528,122.60290421669924,31.623797988493084,22_skilled_forgery_forgeries_22_21.png,22,skilled_forgery
2.2751765676873186,4.86457361828544,7.442666009109081,8.007301594785714,15.835231833281583,10.60843192692473,-15.943800348556415,351.2840379901961,0.9385702660246872,0.9367055169261495,0.8103934048483891,2.215311002664774,121.04375,31.25664009811698,22_skilled_forgery_forgeries_22_22.png,22,skilled_forgery
2.3236874326024908,5.054075520599717,8.034912433479114,8.347283570340526,16.7099360157856,11.57645713618171,-16.669716783905784,378.1500919117647,0.9223530082002446,0.918936599113528,0.8531007202844816,1.3162260231642167,116.37264995523724,30.052135159154854,22_skilled_forgery_forgeries_22_23.png,22,skilled_forgery
2.311393135175501,5.558062103878686,8.102128322332021,8.574349496377414,16.954576890035064,11.364940833729637,-17.290056517725997,161.6838541666667,0.9120032078938932,0.9072508351708053,0.8583867406411214,1.200854700341515,169.5378640776699,22.5509051612829,22_skilled_forgery_forgeries_22_24.png,22,skilled_forgery
2.3410539014862173,4.967321146428653,7.89749820266043,8.276496985614783,16.407036537925443,10.912475821492219,-16.7338250706698,318.5260416666667,0.9363223640784563,0.9332279573881684,0.8607601115107275,1.5125764775577317,112.14258658008659,30.813360166300832,22_skilled_forgery_forgeries_22_3.png,22,skilled_forgery
2.360594292697932,5.144492289431617,7.993356460751066,8.297716114750838,16.44523827142702,10.87044497990466,17.463646448037725,310.355606617647,0.9150402778411882,0.9127191292874779,0.8211777244542486,0.7800687282244869,145.3112398112398,31.28461323244695,22_skilled_forgery_forgeries_22_4.png,22,skilled_forgery
2.402624630447088,5.353636123169653,7.922983680890113,8.339305271202951,16.470651235405178,11.020366261135297,-17.986802880539962,297.74479166666663,0.9108836618271814,0.9081697701190324,0.8181382627415567,0.9383346422080383,150.5562310030395,27.28721544658041,22_skilled_forgery_forgeries_22_5.png,22,skilled_forgery
2.3720976854158806,5.277201948034299,7.962214897563236,8.46131225650569,16.678916084049618,11.128243669509315,-17.461150833850105,383.34053308823525,0.8973815680413197,0.8943847782756741,0.8123860013536024,0.8881446748532671,145.465413267116,29.44978095616206,22_skilled_forgery_forgeries_22_6.png,22,skilled_forgery
2.3389985561257984,5.127873345863139,7.744369449145944,8.09295859841665,16.01771733633854,10.674600011878493,-16.79056333917576,294.6750306372549,0.9176770253318353,0.9151390527538078,0.8247685182541398,0.9126050416333593,145.47671353251317,29.986601913117667,22_skilled_forgery_forgeries_22_7.png,22,skilled_forgery
2.3486647636027294,5.2997079325958865,7.621530586965588,7.977219727026859,15.779659531973595,10.627119109209753,-16.70331226744149,249.57996323529412,0.932844597175053,0.9310692749716166,0.7924536702644016,1.2076735680830246,152.18068965517242,29.033719508356022,22_skilled_forgery_forgeries_22_8.png,22,skilled_forgery
2.303361684679255,5.051098164450951,7.741018673917356,7.956744568887057,15.834636262168322,10.487730115723052,-16.257072520675035,232.0399509803922,0.9208648529870507,0.918631734875353,0.8176495687160323,0.9529359027552955,157.88776681202663,27.044655384959672,22_skilled_forgery_forgeries_22_9.png,22,skilled_forgery
2.0569222308610913,4.390783549220857,7.101966628406883,7.9962696246823475,-15.73011560705404,-10.321448910041719,-15.666353826035138,194.1760416666667,0.9650689666642314,0.9640326126472649,0.8143686325964243,1.824925813316134,123.09716386554622,32.26519107306745,23_skilled_forgery_forgeries_23_1.png,23,skilled_forgery
2.1638696862445843,4.894559504399775,6.9583362370498705,8.054998946727757,17.13187231609624,12.308097027002505,-15.561823755784362,219.59681372549022,0.9414022233697165,0.9400298393055789,0.812238932976382,2.3190823750583083,146.32579327678292,27.548815111833175,23_skilled_forgery_forgeries_23_10.png,23,skilled_forgery
2.1792756306939816,4.871575976013385,6.847726286405412,7.9143280746200135,-15.338511526488485,-10.467956636500048,-15.667431335161346,189.5695465686275,0.9493064735614521,0.9476887188523767,0.7985468482125715,3.2717391253544426,150.90039985459833,28.014813482647437,23_skilled_forgery_forgeries_23_11.png,23,skilled_forgery
1.9583690346652582,4.0539687577267065,7.362947964378377,7.933648997760091,15.713122418774818,10.326698096742025,-15.753694962957207,173.78498774509808,0.9672597976243426,0.966391645813391,0.7868200491273116,1.2714285697773655,134.20411663807892,31.822892270750913,23_skilled_forgery_forgeries_23_12.png,23,skilled_forgery
2.0451475192230277,4.471585181203947,7.4064066819369545,7.54403574288446,15.07990866016268,9.781151986932313,-15.32583305428502,92.78556985294118,0.9575520184370049,0.9557458857747472,0.8112718629886041,1.5882352923875434,174.30934343434345,21.90405725312199,23_skilled_forgery_forgeries_23_13.png,23,skilled_forgery
2.0595304664975913,4.667701313321318,6.935965022031,7.4333710045790475,14.65418113591263,9.788293633871145,-15.02522984613808,101.75039828431375,0.9589499850851967,0.9578140865323156,0.7624935858066917,1.5841232208718918,176.77716643741402,22.294676312501647,23_skilled_forgery_forgeries_23_14.png,23,skilled_forgery
1.988749155301933,4.288262841245886,7.388306708413025,7.540988040626039,15.070925337226106,9.840328125847604,-15.298417124206726,82.99664522058823,0.9673939787703726,0.9660854175902702,0.7522935013343129,1.9165302750956952,179.00224466891135,22.83783645316635,23_skilled_forgery_forgeries_23_15.png,23,skilled_forgery
2.043205089840274,4.5330192629519,7.5970516415150815,8.34662863110956,-16.319967786065217,-10.743494384621917,-17.399691486283672,118.06507352941178,0.9523258878188356,0.9507679553513895,0.7553328682586579,1.9014722515272116,178.1814988290398,21.869446238621514,23_skilled_forgery_forgeries_23_16.png,23,skilled_forgery
1.9919077949855581,4.327217692468994,7.599296941675935,7.884171940966481,15.726264824942628,10.297203551993325,-15.841756631827614,118.88878676470588,0.9578675436390338,0.9567418311742211,0.7463648242261994,1.3183246059493983,173.66576332429992,22.79283656683417,23_skilled_forgery_forgeries_23_17.png,23,skilled_forgery
2.0493325501160413,4.4082406115656685,7.672972723520603,8.109865304550615,16.031856580371937,10.390842091196777,-16.442104506921442,105.3314644607843,0.9561810348344205,0.9549343527696926,0.7603967273069797,1.1215970951709644,178.34260051325919,21.709791472072116,23_skilled_forgery_forgeries_23_18.png,23,skilled_forgery
2.1066996308257453,4.664750687786352,7.450595823696204,7.6734504531961205,15.271651163897094,10.084991937121785,-15.642468745370804,131.51384803921567,0.9455427239222215,0.9436144622615987,0.795647206171944,1.4962468711457488,172.37053123955897,22.44431860492989,23_skilled_forgery_forgeries_23_19.png,23,skilled_forgery
2.0284653821510417,4.258533448508116,7.50819475304698,7.7494437452789855,15.40704941002461,9.94940716306703,-15.831280583300455,207.22889093137258,0.9591226748696297,0.9577980465285467,0.839491505254178,1.1463414623392667,120.51704545454545,31.086764823871864,23_skilled_forgery_forgeries_23_2.png,23,skilled_forgery
2.040370620187919,4.308640119988647,7.389165164759788,8.090318151437447,16.32909229832278,-10.554210180847319,15.853046322644774,215.99564950980385,0.9643615312460662,0.9634658266736554,0.7855313086701006,2.5462962915809326,125.95404699738903,31.644813682009104,23_skilled_forgery_forgeries_23_20.png,23,skilled_forgery
2.0469090903750233,4.227444610719169,7.332142063611186,7.77225386512363,15.38875683109953,10.087698720597427,-15.620066232442081,204.3640625,0.9644593873858729,0.9633738358167179,0.815882189944737,1.2714617154623413,120.54034729315629,31.081266117300693,23_skilled_forgery_forgeries_23_21.png,23,skilled_forgery
2.193667973148642,4.58641697238685,7.352073417965194,7.792188090774769,15.428984263038004,10.299845160759004,-15.658890882522543,193.62889093137255,0.9594850039147309,0.9575528077998144,0.874848894897216,2.2045760401015126,109.84334313313734,30.122350024787522,23_skilled_forgery_forgeries_23_22.png,23,skilled_forgery
2.161945345256215,4.490714073473579,7.433668724054351,7.6816840620148765,15.25398571424625,9.98800998740135,-15.832457414970252,205.92882965686266,0.9568496038161795,0.955025355541961,0.8641996399683602,1.7425742555087191,115.01604492579222,31.727791776927994,23_skilled_forgery_forgeries_23_23.png,23,skilled_forgery
2.1062952787786435,4.54121807010035,7.0938289065679925,7.334475155170514,14.548980161536278,9.627620629550306,-15.943308528801335,97.53930759803923,0.9546118868560713,0.9527896156961738,0.8097450771653584,1.0952775467313358,175.143139580862,22.061098015716404,23_skilled_forgery_forgeries_23_24.png,23,skilled_forgery
2.1346415013723843,4.558786112557002,7.981568695269096,7.9480544545711185,15.950431669782898,10.380255471346267,-16.31235989748852,232.2494485294118,0.9503350579732555,0.9484233983160145,0.8489343118214031,1.009971509252157,122.24521615875265,30.332952229132736,23_skilled_forgery_forgeries_23_3.png,23,skilled_forgery
2.123016423861476,4.549355025147607,6.7324966126963295,7.324824910921044,14.433856547194013,9.783859736993291,-14.608260874795281,195.54157475490197,0.9576223977702711,0.956802716728091,0.7638466132480658,2.027100268255962,147.7148612354521,31.332874828755493,23_skilled_forgery_forgeries_23_4.png,23,skilled_forgery
2.209623708184923,4.922308686036743,7.233912608604794,7.616654047568734,15.06462890692693,10.109030431310023,-15.543629604955592,217.53452818627449,0.9470183748159445,0.9456206710529379,0.7982673931445327,1.5109361316614731,146.1773519163763,30.69106901086153,23_skilled_forgery_forgeries_23_5.png,23,skilled_forgery
2.1939009348602103,4.813949566301232,7.048672973957268,7.503231871277743,14.787447494194106,9.932464505108957,-15.49310581015814,209.2114276960784,0.950272580933273,0.949036621945135,0.7980251221082064,1.7613636345440458,144.1705948372615,29.4669960570016,23_skilled_forgery_forgeries_23_6.png,23,skilled_forgery
2.149881091165117,4.6217063664969515,7.133970931152108,7.527689598321343,14.865405438558357,9.878775959976698,-15.611360589008132,184.61191789215687,0.9534843172598814,0.9523605937746015,0.7879873054075773,1.2904411752845208,150.03852327447834,28.438906258004103,23_skilled_forgery_forgeries_23_7.png,23,skilled_forgery
2.218563010844486,5.146509475724294,7.277433256785225,8.128464633161682,16.543202116418666,11.44733279510568,-15.839759933290042,193.71954656862752,0.9491236879086171,0.9476120484777463,0.7972872224856326,1.7945344111391353,150.49583484244837,28.950332782826447,23_skilled_forgery_forgeries_23_8.png,23,skilled_forgery
2.1723098853243217,4.740100633422883,6.818753002624861,7.344197428204053,14.441342271300128,9.752394552934701,-15.004308164358564,154.36237745098038,0.9589524410636002,0.9577676124738959,0.8082595311727289,1.815558341511219,148.40463458110517,27.165504101742034,23_skilled_forgery_forgeries_23_9.png,23,skilled_forgery
1.874516691251177,4.037502986969997,6.517571138190255,7.037963024531319,13.824646393169568,9.128576723703706,14.513458126531388,227.19782475490194,0.9671977634423707,0.9665602523758211,0.7323615244599202,2.94847774485134,128.8185053380783,30.39130391863962,24_skilled_forgery_forgeries_24_1.png,24,skilled_forgery
2.159651322033286,4.957145255491257,7.48723142726937,8.26411619314812,16.671449780693358,-11.266127790965216,-16.1594198421837,215.24574142156865,0.9400753806157687,0.9379771158502541,0.8251003532979381,1.0322580638878527,145.40161725067387,25.15880934605104,24_skilled_forgery_forgeries_24_10.png,24,skilled_forgery
2.06034182584111,4.3801856261884025,7.4281912505035095,7.593319030717092,15.106473987987137,9.866833039878438,-16.083561100445284,190.60450367647056,0.9499599366322874,0.9481941411992947,0.8055618411336818,3.502463048436021,147.7680525164114,25.560047015377616,24_skilled_forgery_forgeries_24_11.png,24,skilled_forgery
1.8558526942487217,3.8802622521948047,7.086948362814967,7.155416257208224,14.289637577971352,9.14959516734361,14.893840286690493,202.46677389705883,0.9718395381190698,0.9711709668954819,0.7300408510083455,1.557319221239296,127.20068965517241,30.403364143602822,24_skilled_forgery_forgeries_24_12.png,24,skilled_forgery
1.940394074461118,4.087676220178015,6.716180710518453,7.567105641422163,-14.893525042344207,-9.705097779451917,14.829678837637102,83.39362745098039,0.967224454778018,0.9664225846806287,0.7732287406058885,1.1207317059503272,173.94824611845888,22.53754572506018,24_skilled_forgery_forgeries_24_13.png,24,skilled_forgery
1.8966216892672334,4.019901634739259,6.6144529980418385,7.4384216398027965,-15.111499695902864,-9.692374118795595,14.476202991958376,96.06286764705884,0.9651900007657495,0.9642628289500452,0.7439855926807247,0.6341681568567368,175.3070607553366,23.02820358443876,24_skilled_forgery_forgeries_24_14.png,24,skilled_forgery
1.8974757224910697,4.024857283473544,6.37853255112836,6.981564448904481,13.785986854556105,9.401674669372161,-13.841852297033961,98.4422181372549,0.9674061830510573,0.9666064664023271,0.7322310441590247,0.5705009271145631,172.8854105138807,22.801588654092477,24_skilled_forgery_forgeries_24_15.png,24,skilled_forgery
1.9258012075296265,4.261569822534472,6.711924665002475,7.572941902097051,-14.721113996507585,-9.716921147301145,-15.507204473725505,117.54629289215686,0.9598124481058288,0.9588405215279939,0.7451775221702837,0.8169136871692121,171.87667946257199,23.148557478819942,24_skilled_forgery_forgeries_24_16.png,24,skilled_forgery
1.8640620613434045,3.9227362321736146,6.831017170001023,7.498818341413468,15.254480504004942,-10.374486369531757,-14.678526216413415,119.93826593137254,0.9654830016029227,0.9648450520885351,0.6792723684756836,0.48323301764124416,172.98492753623188,22.96050305104546,24_skilled_forgery_forgeries_24_17.png,24,skilled_forgery
1.9126664604912977,4.101406876432082,7.035182845675667,7.710512496355209,15.636406393833015,-10.236870404564085,-15.101071567097426,106.4844975490196,0.962782992755223,0.9617355374280174,0.73548594877445,0.5572580640667273,174.4075608493009,22.397152589742827,24_skilled_forgery_forgeries_24_18.png,24,skilled_forgery
1.8540245224453498,3.924411970601455,7.35584256569433,7.4767173892674155,14.910548816487122,9.633086890696195,15.447934645356693,113.56099877450984,0.9678171137609406,0.967020081017208,0.710142653666462,0.6279761898531983,168.6782449725777,22.990023978374104,24_skilled_forgery_forgeries_24_19.png,24,skilled_forgery
1.892069289723337,4.01515238238446,6.586528956585641,7.324193726531187,14.406639137162449,9.910303586066796,-14.456338536952275,247.15113357843137,0.9647159259771864,0.9638795660519569,0.7485921445618233,1.5006821261927938,124.37370430987453,30.352367898882967,24_skilled_forgery_forgeries_24_2.png,24,skilled_forgery
1.9402775894880588,4.1210068682724215,6.903226962746525,7.118313936923065,14.130247010609166,9.275509413454524,15.265322982989852,231.54966299019608,0.9644165578902619,0.963450596410447,0.7788314924962702,1.2123687267066876,122.28691983122363,30.364747454588105,24_skilled_forgery_forgeries_24_20.png,24,skilled_forgery
2.007094608552138,4.307866496491038,6.986456686950872,8.248918922078582,-16.582026491422493,-10.599582789955345,-15.874812022441478,231.01924019607844,0.963951846863077,0.9628377937213356,0.7954529770063405,2.635009306080057,119.0297131147541,30.826426720330826,24_skilled_forgery_forgeries_24_21.png,24,skilled_forgery
2.049415760603514,4.410634534478355,7.069396007713717,7.425151238650987,14.681739082094053,9.711793809786807,-15.360869231452957,261.63848039215685,0.9563793316189603,0.9548111664578978,0.811410895867601,1.045183289816553,118.57232180075032,30.777714271472373,24_skilled_forgery_forgeries_24_22.png,24,skilled_forgery
1.8863324692428722,3.959114467487524,6.847004409806833,6.795679071551878,13.61776460794408,8.794983249190807,14.850042926347642,226.11645220588235,0.9652741517443507,0.9642164910959358,0.7767826623641345,1.7611940272220985,122.98108108108109,30.61575586098393,24_skilled_forgery_forgeries_24_23.png,24,skilled_forgery
1.930423367277794,4.106059644440671,6.709893952041002,7.427760811784164,-14.831473177040381,-9.63001036508015,-14.54885191445077,95.7282169117647,0.9677898242413315,0.96712727307372,0.7307622165300031,0.5360443617966317,173.49759326113116,22.564834925041463,24_skilled_forgery_forgeries_24_24.png,24,skilled_forgery
1.8810343189036642,4.039528062950267,6.270207985263333,7.074878327513844,13.805479914803668,9.431703921435965,-14.062248802294944,249.62089460784313,0.9653245639558832,0.964522935829393,0.7440739347247526,2.18085105996303,123.76923076923077,31.58323629208091,24_skilled_forgery_forgeries_24_3.png,24,skilled_forgery
2.0741783562572436,4.468394145155508,7.627075079067313,7.721321272769288,15.467224735973856,10.150051839552216,-15.670987964815877,199.01789215686276,0.9572126892078171,0.9560367903424718,0.7761166183545024,0.4353015072642578,144.1238512035011,28.89217826742976,24_skilled_forgery_forgeries_24_4.png,24,skilled_forgery
2.0617957719301185,4.415642536217689,7.320954188706754,7.805171591121722,15.606133806771275,11.108965252419125,-15.456611518137189,202.5015012254902,0.9518565385494762,0.9504150941130719,0.7970844688188179,0.6696371733484168,144.46016012199772,26.273391710692984,24_skilled_forgery_forgeries_24_5.png,24,skilled_forgery
2.0259848734485604,4.331205030099803,7.6780678589407865,7.688322579552522,15.3717664680192,10.06132571864689,-16.84220826328688,183.1687193627451,0.9564393324291494,0.9552249362095587,0.7988465141670575,0.646443514193554,143.90808979246083,26.33546216298429,24_skilled_forgery_forgeries_24_6.png,24,skilled_forgery
2.0606299415660945,4.382255871442692,7.367573427817198,7.674006423552101,15.196531736052343,9.995220580224405,-16.244342475785032,192.30220588235298,0.9505850982196956,0.9488066163356095,0.8177804440364461,1.1836248003309817,143.86712777575536,26.62167703687366,24_skilled_forgery_forgeries_24_7.png,24,skilled_forgery
2.0012431012228915,4.237213350641929,7.047329996967198,7.103137059175095,14.178537895718335,9.28241279968942,-15.73507242736204,180.38670343137252,0.9560723900169493,0.9547654345331225,0.7947250252054922,0.8637431473267476,146.45294117647057,26.431453517484805,24_skilled_forgery_forgeries_24_8.png,24,skilled_forgery
2.081688748262926,4.594726951995598,7.404018355932548,7.4143273321012515,14.825933455218154,9.776337642489406,-15.799996874442648,190.75655637254903,0.9466672214555614,0.9448394203668987,0.8214402008075126,0.7413286297816998,147.11512491559756,25.714855541978615,24_skilled_forgery_forgeries_24_9.png,24,skilled_forgery
2.073754383388283,5.1882011224454585,6.652827603677526,7.6353580236201894,15.55895120316372,-10.734143542121656,14.78552964221395,230.93529411764706,0.9488024555942731,0.9456508659277956,0.8766660667552697,5.546436273117848,112.81854173540086,29.779804446500563,25_skilled_forgery_forgeries_25_1.png,25,skilled_forgery
2.0109869619674368,4.1167960174058225,7.666628393925673,7.67580648987468,15.347806787749375,9.747101563182927,-16.56895146481909,158.69607843137257,0.9563549456479861,0.9544893814363774,0.8596739417668372,0.8828828822200578,134.8616427432217,28.971435844794613,25_skilled_forgery_forgeries_25_10.png,25,skilled_forgery
2.067177501474076,4.2458231864779465,8.052854113899501,9.027292089287375,-17.5687248321917,-11.27074762163186,-18.66970963882407,155.45830269607848,0.9518685853212152,0.9494803922030298,0.8756361527346068,1.0742647050924523,135.298830202056,27.46079727159792,25_skilled_forgery_forgeries_25_11.png,25,skilled_forgery
2.0454370125772763,6.050384814777454,6.194340319979546,6.786276359228135,13.328796570207999,9.939986527861844,13.611660328553668,245.82242647058828,0.9570310488916817,0.9553166167070665,0.8348013341266575,5.605479436697316,113.68021567814185,30.188598702435545,25_skilled_forgery_forgeries_25_12.png,25,skilled_forgery
2.0353771142021726,4.216027577525053,7.502500484967903,8.409062456537415,-16.758798169991522,-10.673087219312626,16.403471843115067,80.25186887254901,0.964583611562,0.9635427151640426,0.8166446795133872,1.7055555531867284,171.01796714579055,22.16255480066671,25_skilled_forgery_forgeries_25_13.png,25,skilled_forgery
2.060469398489682,4.308027690872952,8.118604991312225,9.076774583481264,18.00324657764834,-12.092305006348559,17.72841888959283,88.38435968137254,0.9615254668148309,0.9605404189272576,0.8014843819071883,0.7905982899225655,173.29355608591885,21.87659534456324,25_skilled_forgery_forgeries_25_14.png,25,skilled_forgery
1.9902393747397804,4.0632264803993055,7.325599871648145,7.985668243767342,15.742143914539618,10.754435085388602,15.856332613670796,72.11583946078431,0.9705256156728964,0.9697311432179574,0.7951600700343431,1.8297872307982497,172.08020050125313,22.190558491740088,25_skilled_forgery_forgeries_25_15.png,25,skilled_forgery
1.9632026098754658,4.053671629664123,7.21887268345083,7.8794482038029665,16.175113861853603,-10.824824308884581,15.435701441896096,74.40042892156865,0.9661791313547647,0.9652430082133718,0.8171102765434466,1.443569551911326,172.06981740064447,21.714494999707657,25_skilled_forgery_forgeries_25_16.png,25,skilled_forgery
1.9651912952319035,4.032429242942082,7.620730175203742,7.890845977162711,15.646634498253185,9.933061490881098,-18.49087669235499,86.37423406862744,0.966231433096178,0.96535021291285,0.7990961793046525,0.9815817974197381,169.05576817933297,22.202732970616935,25_skilled_forgery_forgeries_25_17.png,25,skilled_forgery
2.1047519059523494,5.860392020570936,6.4589311167592065,7.066020979660209,13.856021478559853,-11.247809951536487,14.290631731283451,235.11482843137262,0.9523054578644407,0.9501850939685134,0.8434723821688667,6.148148131883206,120.99185788304959,30.49579105342049,25_skilled_forgery_forgeries_25_18.png,25,skilled_forgery
2.077394297269199,5.312624313584022,6.695094545167557,7.328165601109287,14.445490301158378,-9.988116031344704,14.546854323940464,272.48823529411766,0.9429439656057997,0.9401058726939434,0.857108536377908,5.737704906275195,117.12530413625304,29.63831227225819,25_skilled_forgery_forgeries_25_19.png,25,skilled_forgery
2.063513512965836,4.963829780523764,6.595018850196234,7.7598662711139275,15.02696612578754,-10.376061440417626,15.172681577524084,227.67049632352945,0.9470166403878261,0.9438432765769984,0.882665114901724,6.2834101237709445,112.95128124011389,29.12514585821963,25_skilled_forgery_forgeries_25_2.png,25,skilled_forgery
2.1134507548924595,5.819912435057121,6.645798418038211,7.444056884495166,14.507876283655131,-10.368916441199747,15.028603018800922,253.41927083333331,0.9446176398415654,0.9418827129148811,0.8623036321906203,5.066162561311602,117.90246182611405,29.118034206201532,25_skilled_forgery_forgeries_25_20.png,25,skilled_forgery
2.136995451063002,5.245703587444306,6.76553665955273,8.061483624359237,15.72348322073446,-10.71415209126839,15.558240195110333,236.38351715686278,0.9432187961667182,0.9397228252354439,0.8820665006602234,4.971781296346065,115.25575900767868,28.39139009474381,25_skilled_forgery_forgeries_25_21.png,25,skilled_forgery
2.1032904177433975,5.533130905227884,6.6400567917108315,7.190683829502803,14.137573770772699,-10.583716715410771,14.540709954371831,239.93192401960786,0.9416447873534457,0.9384821498942042,0.8826129086682052,6.261052618397784,115.3305305885764,29.430208931910144,25_skilled_forgery_forgeries_25_22.png,25,skilled_forgery
2.1029088989458113,4.862202480487364,6.970553101146233,7.884947115602286,15.381678789623061,-10.577636474621368,15.595286345102751,211.1119178921569,0.9509208446006109,0.948132359308494,0.8784010312582973,7.363112370711492,115.14231564438319,28.920100867678798,25_skilled_forgery_forgeries_25_23.png,25,skilled_forgery
2.0232013425440516,4.158768369243113,7.8730449428356435,8.176009692064625,16.201907977250833,10.42713709339969,17.30108567336799,69.56363357843136,0.9671219115906128,0.9658249466098178,0.8373457609516346,1.6174402227602809,170.02794196668458,22.059230352608704,25_skilled_forgery_forgeries_25_24.png,25,skilled_forgery
2.2306290122167196,5.169949863334871,7.322487308164359,8.461609789818553,-16.619002564791952,12.164219669387295,16.429457069249846,212.69785539215684,0.9414838115459097,0.9369654318684989,0.9088200958117505,4.916938102741143,108.86237269474263,28.111713297809242,25_skilled_forgery_forgeries_25_3.png,25,skilled_forgery
1.9576436406815387,4.036316230388051,8.687370400366321,8.275619945573707,16.762886542075098,10.541314415030376,17.547730123781875,150.45140931372555,0.9586853357455991,0.9575071682818675,0.8407025457723591,0.955744680037664,140.98694516971278,29.55536181163812,25_skilled_forgery_forgeries_25_4.png,25,skilled_forgery
1.9863004433437823,4.047646070748128,7.161674804641706,7.280900082089933,14.502188190012776,9.32836948529445,-17.259298889458876,141.02625612745098,0.9582294701052136,0.956725856464193,0.8665812543789371,0.9966527188312528,136.38139145012573,30.061929190656315,25_skilled_forgery_forgeries_25_5.png,25,skilled_forgery
2.0251334821342812,4.368948955361695,7.200680331290759,8.186267543665235,-15.956987572540754,-10.434263330516552,-16.14165968032284,175.68780637254903,0.9534845933485142,0.9518240956097921,0.8514621158253376,1.3493761128793438,134.8706373292868,28.236985448906594,25_skilled_forgery_forgeries_25_6.png,25,skilled_forgery
2.074847222909035,4.346443982616852,8.575445480888563,8.334890251917825,16.814730371679417,10.837759294991969,17.27455020482483,163.55321691176474,0.9496114692716078,0.9470601547777586,0.8822591284418118,1.0406056427800374,131.8283305227656,28.452911427720167,25_skilled_forgery_forgeries_25_7.png,25,skilled_forgery
2.1357878383890947,4.456849084607725,7.535493182835632,8.747794796170412,-16.9639300510315,-11.039016228353328,-17.157945198742794,132.47028186274508,0.9548881230287968,0.9529115949164145,0.8821836580849695,1.3876811581633322,138.3509104704097,29.410098137611026,25_skilled_forgery_forgeries_25_8.png,25,skilled_forgery
1.9862841184060402,4.090654677818623,7.806932191191371,8.513133710395769,-16.82807340854424,-10.853088919359074,16.81937697361054,153.7842218137255,0.9573116581188945,0.9552552510665111,0.8672034623415202,1.3168224286758667,132.32835820895522,27.760172093601323,25_skilled_forgery_forgeries_25_9.png,25,skilled_forgery
1.7265053455444432,3.5326756606293626,7.756357069385386,7.655138526048598,15.870719468995965,9.474721274249573,-15.382699484570947,329.6787990196078,0.9642578442738161,0.963665361392692,0.661898137950187,1.4226519317366686,122.14139110604333,31.11523562000682,26_skilled_forgery_forgeries_26_1.png,26,skilled_forgery
1.7019757979111132,3.4915850929216647,6.083857649282959,6.326872124683128,12.53849761643035,8.080169216242604,13.305428807380402,222.4700367647059,0.9630677572508228,0.9625780809471612,0.6159052234621245,0.6529466785285811,153.57894736842104,26.29230077936958,26_skilled_forgery_forgeries_26_10.png,26,skilled_forgery
1.6616528617915092,3.4081343308144953,5.955235954560932,6.240053791635893,12.339197543097443,7.944156147532466,13.418941635422208,164.62058823529412,0.9701524639976503,0.9697774561570278,0.5901347019116516,0.8090322570206036,160.76676176890157,25.720220943946863,26_skilled_forgery_forgeries_26_11.png,26,skilled_forgery
1.7817129572609811,3.973109213953494,5.900902653777206,8.141153324818411,-15.95711724418236,10.13100874703176,-15.167837535498672,315.3498927696078,0.9611636111743668,0.9587940368925629,0.714361361447459,1.795727634451632,126.3844317096466,34.70877291307888,26_skilled_forgery_forgeries_26_12.png,26,skilled_forgery
1.7299866310142984,3.5008436395273677,6.763701129340965,7.030117803849616,13.92822451413303,8.781119121803906,15.056911497006302,77.37650122549022,0.9753548459817032,0.9747710521433451,0.643383590983392,1.1801801780537293,180.89256198347107,21.66506944212523,26_skilled_forgery_forgeries_26_13.png,26,skilled_forgery
1.6650403589483054,3.437326720374103,6.731117425069181,8.109892001213574,16.19490695315516,10.053545769445982,15.540822724253731,140.0180147058824,0.971563267295591,0.9711868388886048,0.5715990638178324,1.1664050217167896,165.98840579710145,31.21449652181965,26_skilled_forgery_forgeries_26_14.png,26,skilled_forgery
1.730915312911744,3.521019965465653,6.393123392433455,6.574827450527254,13.058806592495515,8.349871164844156,15.44188194148363,89.79097732843138,0.9744005743071114,0.9740818450665774,0.5644471477674592,0.9077901416410331,182.4925,21.25154763972105,26_skilled_forgery_forgeries_26_15.png,26,skilled_forgery
1.7302441359603293,3.5248531373486665,6.338981591916367,6.480353852605709,12.89125237904814,8.24594669642381,14.013919362597617,82.97823223039215,0.9739228249089842,0.9736070414762474,0.5879503166258305,0.8734756084245798,184.2807160292921,21.145667688137237,26_skilled_forgery_forgeries_26_16.png,26,skilled_forgery
1.700900779875163,3.453782532330764,7.449759813394002,8.072442831111195,16.712203872212445,-10.51347144524719,15.837374691452373,76.6049785539216,0.9752073559825145,0.9747711769638164,0.5911997627874559,0.7929984767229856,185.437181663837,21.22756183669395,26_skilled_forgery_forgeries_26_17.png,26,skilled_forgery
1.72939668848162,3.511252661511227,7.88022894110423,8.582037770294184,17.24858419966779,-10.603758602333107,-16.844572698170378,90.36542585784315,0.9737080954988147,0.973377133091087,0.6122282547128629,0.7929078002937479,179.81487341772151,21.944166066430178,26_skilled_forgery_forgeries_26_18.png,26,skilled_forgery
1.8387901102144066,3.7581202721013125,7.820208236069977,8.028982376622238,15.95803222284638,10.256843931194842,-16.799776877641804,103.0336243872549,0.9692866758541695,0.9687818524232404,0.6474483558307126,0.8686493173870516,177.68567639257296,22.676876399015654,26_skilled_forgery_forgeries_26_19.png,26,skilled_forgery
1.827265764831592,3.7465427082004075,7.873646296759865,7.7308122797943675,15.533659787710022,9.605545872907875,-16.80615636393863,349.0201899509804,0.9593149576610335,0.9586105179205775,0.673475232306055,1.23111110974321,124.81274900398407,30.780853675633267,26_skilled_forgery_forgeries_26_2.png,26,skilled_forgery
1.8383555873727917,3.7752687691980173,7.551538397004738,8.8286948370544,17.02156153063165,10.723012814308476,-17.968889807747402,337.35254289215686,0.9607494400369205,0.9599277415171801,0.6898911786175221,1.3017543844423924,122.16514227642277,30.48399660751112,26_skilled_forgery_forgeries_26_20.png,26,skilled_forgery
1.7621439735723807,3.5872793979249677,7.808833401391574,9.5108685384785,18.55319332624378,-11.40642160735999,18.21165492454688,351.0636335784313,0.9612410168073023,0.9604333132765135,0.6695123488611588,1.2665876762244221,122.12388917929952,31.397953578209133,26_skilled_forgery_forgeries_26_21.png,26,skilled_forgery
1.8270436467104445,3.7230245118993337,7.092982894089439,7.55127209746072,14.873460194683421,9.416037090999398,16.650565551806253,350.3983455882352,0.9594848101766766,0.9585796431335747,0.7240946620101101,1.196825395558915,115.06165703275529,31.742218774773324,26_skilled_forgery_forgeries_26_22.png,26,skilled_forgery
1.8083300031557812,3.7141728538584324,7.779005467796422,8.713110665652739,-17.00987259719653,10.572688987436454,-17.299884208358385,359.0945465686274,0.960402640009364,0.9596367085827651,0.6764868855143665,1.3987804860990483,120.90899847483477,31.30882230630735,26_skilled_forgery_forgeries_26_23.png,26,skilled_forgery
1.814424690072072,3.70394551577393,6.403921191495567,6.560070090084212,13.044142930789924,8.41390030842564,14.05274151256406,101.73673406862746,0.9706962205087715,0.9701604928203206,0.6111334922624982,0.9831223614864665,179.2418439716312,20.99950237852954,26_skilled_forgery_forgeries_26_24.png,26,skilled_forgery
1.8322953580812644,4.147301581627551,6.089073243099033,7.708581829467358,14.987978954489002,-9.820756744243965,-14.648741923222207,316.73314950980387,0.9618398703780092,0.9600042274897291,0.702682570323832,1.4069627834250147,124.95411471321695,30.969551280419477,26_skilled_forgery_forgeries_26_3.png,26,skilled_forgery
1.6659360316763843,3.389447537378561,6.800325233133007,7.593795288181469,14.790898419883199,9.29395958230524,16.643172109521135,218.44834558823533,0.9643923316369776,0.9640179208360424,0.6092007207371805,0.9906213352982165,153.26914016489988,25.788575950508545,26_skilled_forgery_forgeries_26_4.png,26,skilled_forgery
1.729445123591615,3.541577590627501,6.377941831842161,6.721042596426545,13.285729854105666,8.505935676265372,13.855614213935823,233.93241421568632,0.9610865056762676,0.9606328069778656,0.6172058202558517,0.7748091595660217,153.30860215053764,26.03154478421264,26_skilled_forgery_forgeries_26_5.png,26,skilled_forgery
1.6571198382052144,3.3592470423692093,7.008511945895371,7.417134573924983,14.67323250064489,9.160720226768893,15.001496240564421,238.10248161764713,0.9626352304648966,0.962087813978989,0.634223682813786,0.8370672089235568,148.69124168514412,28.080311469956886,26_skilled_forgery_forgeries_26_6.png,26,skilled_forgery
1.6503337718290294,3.372706542021363,6.036087075557658,6.359893082834227,12.563335558869095,8.049921976045246,13.360687085236222,201.20790441176473,0.9670222671578242,0.9665298569014199,0.661422932963475,0.7021052624188365,147.73964131106987,27.85583734305693,26_skilled_forgery_forgeries_26_7.png,26,skilled_forgery
1.710175705083208,3.5066698708320483,6.136642316066304,6.512831074586259,12.851536053999354,8.2862105647991,13.440320102818353,238.475,0.9617227808786537,0.9609696413518851,0.6390002279155172,0.7291280141659294,149.5466738197425,27.65221179693778,26_skilled_forgery_forgeries_26_8.png,26,skilled_forgery
1.5800294952451501,3.6439500009601637,5.344308246095747,6.624535305441607,-12.623484569471778,-8.800476030409518,-13.203462221758295,321.4863357843137,0.9618996474046645,0.9614295226110409,0.5151221733361169,0.7910602902379831,144.69820081253627,26.7355991190927,26_skilled_forgery_forgeries_26_9.png,26,skilled_forgery
2.4842936512847205,6.146373934355935,8.164291464106151,10.59445093729287,-20.208797760267185,-13.892284026281935,-20.063682712139325,432.21078431372547,0.914495661687091,0.9106960972983825,0.840971152667807,1.1600886912815571,118.34715664134674,30.514751567985915,27_skilled_forgery_forgeries_27_1.png,27,skilled_forgery
2.487540528011029,6.290879155058814,7.926753088738822,8.503507558038141,-16.839934233614958,-11.650710679508869,-16.902923525917927,265.4667279411765,0.9046533511713358,0.899529189980936,0.8879835214018067,0.8521880062067462,136.51942597129857,26.991962478716328,27_skilled_forgery_forgeries_27_10.png,27,skilled_forgery
2.437242309370959,5.786654242069324,7.708680544864301,8.702728904685404,-17.21238972027303,-11.698357372831573,-16.9699363297394,229.8214154411765,0.9171026584983202,0.9132540966682036,0.877624013487474,0.8314522194012596,141.53779786359902,26.044341673288013,27_skilled_forgery_forgeries_27_11.png,27,skilled_forgery
2.4676608847804,6.023248458292585,7.925775008918379,9.52111825052903,18.318674369308336,12.542591915730386,-18.514007036135318,390.0704656862745,0.9120195540399636,0.9072183641326461,0.8727222289161102,0.7592842671305591,114.08539627710613,30.406442035576042,27_skilled_forgery_forgeries_27_12.png,27,skilled_forgery
2.262138405679919,5.451644073513779,7.683890051639728,9.418731597878928,17.993698409604047,12.162315389958806,18.463169670123314,129.81458333333333,0.9376041516525309,0.9354969916879434,0.7941988795827973,0.9355022825710603,178.17251548215864,21.809935255761182,27_skilled_forgery_forgeries_27_13.png,27,skilled_forgery
2.1947895510232787,5.388625891931622,7.618621694529069,9.45251365320802,18.07016015798215,12.168772995478998,18.239091157939963,141.08805147058825,0.9292635183079925,0.9262760444799782,0.8130062475674721,1.2094594587784575,176.46865443425077,21.898810149344573,27_skilled_forgery_forgeries_27_14.png,27,skilled_forgery
2.2877335843195032,5.154088885781339,7.701971042870075,9.109000946617178,-17.636863744776534,-12.87552452168456,-17.697336874131135,150.48841911764708,0.9348650850627027,0.9327701593630722,0.7811111108462073,0.6794326237922305,176.56728603603602,22.37628600308946,27_skilled_forgery_forgeries_27_15.png,27,skilled_forgery
2.2404334851358336,5.216285818491271,8.123640981438609,9.307959097713562,-18.059060931624607,12.397606790689983,18.43564972802351,178.98244485294117,0.929420498495882,0.9271952763294118,0.7602262933527968,0.9973572933417773,175.3238952103731,21.600412315256207,27_skilled_forgery_forgeries_27_16.png,27,skilled_forgery
2.230907868951461,5.185550020948219,7.63809454513141,8.972483906841962,-17.46036106240656,-11.908349040742928,-17.400348463832614,166.2931066176471,0.9323452433594275,0.9301819076066651,0.7625663871576942,0.9808847618891945,176.19409980700303,20.927812921159404,27_skilled_forgery_forgeries_27_17.png,27,skilled_forgery
2.2365871320554924,5.2090223056023985,9.063171245330414,9.49024663687976,-20.642280492567917,-12.155562798656279,18.766994138516885,165.81341911764704,0.9330462736134695,0.9308556607929508,0.7851258137069296,1.1036479437732205,172.17698871456096,21.33283354417656,27_skilled_forgery_forgeries_27_18.png,27,skilled_forgery
2.2633193625806776,5.584615912877389,7.729163217370761,8.715970434411428,-17.02649454550794,-11.670709939630521,-17.17727468420639,188.62720588235294,0.9261838301821665,0.9237330012563647,0.7950009957683756,1.0074664006931475,168.88618894123482,22.12305127351087,27_skilled_forgery_forgeries_27_19.png,27,skilled_forgery
2.442100776857567,5.779342440141256,8.048856049677426,9.44792382750067,-18.199539387774635,-12.406571669182517,-19.111995023201978,443.2416360294116,0.9078651470816128,0.9032056331008659,0.851393820895099,0.941219157858774,117.52915887850467,29.11316929493109,27_skilled_forgery_forgeries_27_2.png,27,skilled_forgery
2.323835478596906,5.869583793097716,8.873914656542144,9.213449369379505,-19.02664786414442,-12.383424299809908,18.263500434966318,384.25386029411766,0.9256393439296257,0.9227055087122936,0.8083857533812401,1.7322259124702817,128.51848249027236,30.464388038383365,27_skilled_forgery_forgeries_27_20.png,27,skilled_forgery
2.5043085402683314,5.826518551288868,8.07938076018375,9.127192317799604,-17.78966571330429,-12.198704655295698,18.04166504210632,393.49007352941175,0.914678012334044,0.9100064312128354,0.8628802172321827,0.861658608827944,116.07271274470635,29.83483476866224,27_skilled_forgery_forgeries_27_21.png,27,skilled_forgery
2.4966013167068564,5.801475882694578,8.096264326305777,9.147620171590214,-18.211031499187655,-12.446012412381178,17.800036749387893,414.0277879901961,0.9185040929714198,0.9146786287998211,0.8379859525375437,0.8091900308375428,119.60546706844598,30.437411774718836,27_skilled_forgery_forgeries_27_22.png,27,skilled_forgery
2.3865471154230615,6.266147154543579,7.86309700957814,8.642286986105969,17.48154575297961,-12.076399098250466,-16.910066614925654,365.10116421568625,0.9256415162332714,0.9227204189209475,0.8302331853403737,0.9125457871279553,124.88316973904716,30.95496658290215,27_skilled_forgery_forgeries_27_23.png,27,skilled_forgery
2.2234218111816317,5.211499277629061,7.82263366069657,12.030887624446589,22.101560081027795,14.638474874561048,22.114973546373772,143.08477328431374,0.9385742679022308,0.9364156839847483,0.791772961549095,1.5093353237420946,174.01339285714286,21.30729249549366,27_skilled_forgery_forgeries_27_24.png,27,skilled_forgery
2.4624794865628576,6.113504973063922,7.68999855863308,9.872733645412712,-18.656135945808984,-12.931552757611994,-19.66908416556276,376.8328278186275,0.928599921845462,0.9259369798296962,0.83325244325104,0.718870346290599,118.79288025889967,30.872910270856128,27_skilled_forgery_forgeries_27_3.png,27,skilled_forgery
2.413908655384256,5.436460765039746,8.405607487354894,8.701392791416202,-17.366187619134937,-11.639326460122044,17.4533086462581,306.9458946078431,0.8979772722281613,0.8929123706098944,0.8771213927984699,0.8814352571352776,136.56301824212272,28.101626615184326,27_skilled_forgery_forgeries_27_4.png,27,skilled_forgery
2.3927673333555215,5.3258425535889495,7.785336527675637,8.469149356967536,-16.70257409779957,-11.265552710065496,16.802676223266474,257.17429534313726,0.916700242130469,0.9132231850344373,0.8662730301586425,0.8705701075228929,140.2242586490939,27.07286518472631,27_skilled_forgery_forgeries_27_5.png,27,skilled_forgery
2.4150871929447386,5.400629900098005,7.768257073217972,8.42286326674405,-16.548587373953808,-11.12492285225786,-16.961963990612077,287.0132352941177,0.9116995616760964,0.908214512033399,0.8588567923649012,0.8621444198168693,139.6282804543674,27.00968358758479,27_skilled_forgery_forgeries_27_6.png,27,skilled_forgery
2.363980544232676,5.458039671352726,7.908091978754257,8.458739139316478,-17.11672985019533,-12.13257173110894,16.668051331820127,329.76302083333337,0.9033730542296916,0.8993307876071626,0.849115326229951,0.8213700423397673,139.8470397696599,26.56442213315976,27_skilled_forgery_forgeries_27_7.png,27,skilled_forgery
2.3514603230424704,5.501348382864064,7.808419216743767,8.512933251159176,-17.107536796641007,-12.252291851618644,16.705243141157908,266.5172487745099,0.9110344828504712,0.9070353842814416,0.8607417023541328,0.8197183095705217,143.6188080495356,25.76286932255328,27_skilled_forgery_forgeries_27_8.png,27,skilled_forgery
2.404741838587366,5.642436178569371,8.042458853376022,8.819443501478245,-18.405900057091454,-12.502249016066449,17.25145834862198,267.51430759803924,0.9105939867702009,0.9063607380292369,0.8785729157492589,0.9035971219771234,136.85903250188966,27.611058088547836,27_skilled_forgery_forgeries_27_9.png,27,skilled_forgery
2.131167836462493,4.619089597438664,7.187273506705352,8.667850241256243,-16.69201087696689,-11.019099973468157,16.817815304434642,213.88367034313728,0.9578971075620087,0.9565727968056486,0.7889616849550609,0.5312710151101069,136.3249890206412,30.584479920383128,28_skilled_forgery_forgeries_28_1.png,28,skilled_forgery
2.08364635935906,4.809096903551461,6.484912158244164,8.255812870996623,-15.64900036713523,-10.73450387994993,16.126659859431797,53.79770220588235,0.9622307071861028,0.9610316183199166,0.747037755647029,0.5373721474922327,197.73439099283522,19.269291718676328,28_skilled_forgery_forgeries_28_10.png,28,skilled_forgery
2.1997935338430854,5.055991726686934,7.088110317369686,8.549829949781804,16.599337784208963,11.08455005011348,16.460971144061862,49.497058823529414,0.9626518118595546,0.9612769785233326,0.763996053326545,0.25386597921786985,198.4902363823227,20.48440003151703,28_skilled_forgery_forgeries_28_11.png,28,skilled_forgery
2.0911038504243917,4.465425674316726,7.167097672498994,8.199143553872858,16.00107483330178,11.496748240275858,-16.06991706495357,211.4134191176471,0.961358483330345,0.9604790887901836,0.7336262030836861,0.7482456133787319,143.23833416959357,29.814275342264597,28_skilled_forgery_forgeries_28_12.png,28,skilled_forgery
2.182656760013588,4.769417666304601,6.954396941133038,7.200422960014858,14.280968080904229,9.598970405337488,15.199645198262516,114.35839460784314,0.9600077673169265,0.9586866209683442,0.8376841725731616,0.9413793095332936,155.4271758436945,25.27396122148657,28_skilled_forgery_forgeries_28_13.png,28,skilled_forgery
2.1662733619999943,4.726143157790897,6.978963417727326,7.245525565783884,14.357771315363049,9.63407762243382,-16.976337981562175,115.85196078431373,0.9607148928600492,0.959375965363136,0.8258667095887892,1.1633858256265888,157.19426751592357,25.21575730844052,28_skilled_forgery_forgeries_28_14.png,28,skilled_forgery
2.2455590814862836,4.952471322416571,7.351073352664127,7.567328942780016,15.02897489059514,10.049143877490048,16.002006824766898,121.44080882352944,0.9542126939071929,0.9524676426660614,0.8457504473740071,1.0344557548673017,156.5646651270208,24.23569660834743,28_skilled_forgery_forgeries_28_15.png,28,skilled_forgery
2.2085664887383256,4.9045943551629305,7.120175369305127,7.5778452683054045,14.927237942431727,10.081601045073702,16.304190325319,127.86752450980391,0.9558734323365075,0.9543824288154658,0.8307147265385594,0.7654232419186346,156.2263307598537,25.090465606492312,28_skilled_forgery_forgeries_28_16.png,28,skilled_forgery
2.1883628881154955,4.93902633976438,6.841857144661696,7.243687694914398,14.297048577823455,9.727475471056026,14.947693527375039,122.70505514705881,0.9562255633843941,0.9546581048632593,0.8288517276154574,0.5942782830986487,158.87805872756934,25.52213749409227,28_skilled_forgery_forgeries_28_17.png,28,skilled_forgery
2.2444708240411315,5.172666474858166,7.235742702966896,7.584083382307245,15.012507510633315,10.239928332048914,-15.537847433616943,141.71207107843136,0.9524712829094253,0.9507519963939018,0.8373216634151515,1.514553989188212,153.37565347274085,26.71187575639535,28_skilled_forgery_forgeries_28_18.png,28,skilled_forgery
2.202862423990271,4.880508191482476,7.097466038450337,7.638304574484233,15.009875409758978,10.143504178711433,15.893157291743984,128.4060661764706,0.9540443481507802,0.9524676638539618,0.8421653403517948,0.8082575221775664,155.11068111455108,26.33394983244194,28_skilled_forgery_forgeries_28_19.png,28,skilled_forgery
2.165827260533214,4.662188189502743,7.302235554989268,7.810860965544816,15.375429958627118,10.426767958920568,16.087677381256288,256.31887254901966,0.950165357813684,0.9485462034739279,0.8083632977867813,1.5859449177721319,129.56665442526625,30.90920358142741,28_skilled_forgery_forgeries_28_2.png,28,skilled_forgery
2.1498233457976643,4.82994653214344,7.029219726328874,8.62306867956248,16.454119084818906,11.16161562415698,17.274665796400242,254.7654718137255,0.9522830636770676,0.9511044949840859,0.7683766817570565,0.38656387643911677,137.15488482922956,30.099949961013564,28_skilled_forgery_forgeries_28_20.png,28,skilled_forgery
1.9702276641478742,4.186249356639723,6.923935930251848,7.618756318534775,14.890104840051201,10.04341297991773,17.368635629465814,165.4238970588235,0.9685256636482334,0.9679389119258559,0.737299381319788,0.6564417171202027,145.32037037037037,30.924067974794962,28_skilled_forgery_forgeries_28_21.png,28,skilled_forgery
1.9992339486929112,4.348596526391747,6.6222435490126035,8.07127452683155,-15.710127195751916,-10.307040366201594,-15.483565358082783,166.61917892156862,0.9696106026879402,0.9691950785933071,0.6985807434058453,0.518555666480887,148.54821664464993,29.12292287607931,28_skilled_forgery_forgeries_28_22.png,28,skilled_forgery
2.1064326761562127,4.592747799496474,6.98594471139655,8.068290427506609,15.595423184722527,10.662927095298608,-17.673045823673853,229.06945465686275,0.9600603998527606,0.9592077429450798,0.7367420681750593,0.35263157871537393,139.4362840466926,29.65519794538586,28_skilled_forgery_forgeries_28_23.png,28,skilled_forgery
2.1569450000152965,4.721835437294975,6.760025901794546,7.030637920692514,13.929921493305024,9.39167154644777,14.797929963402813,117.39307598039215,0.9577811284847603,0.9562511560005872,0.8334934949670035,0.9841004175865268,157.92239561366512,24.97983767976375,28_skilled_forgery_forgeries_28_24.png,28,skilled_forgery
2.150786493641669,4.544941332825127,7.31006673402772,7.838470143032219,15.430361128955592,10.279476426627458,-15.966833082954336,245.12450980392154,0.9567782466550387,0.9554545782672711,0.7960264879122705,0.9738617192463223,126.66211020931226,29.59228666064656,28_skilled_forgery_forgeries_28_3.png,28,skilled_forgery
1.9309346278579274,4.34436671975987,6.160981789115145,6.750193727850387,13.395786776583098,8.922999195320562,-13.322894782460583,56.585600490196086,0.966927024134999,0.9655037913715159,0.8499554725581954,1.0740318894373213,176.67984623833058,28.226610552884296,28_skilled_forgery_forgeries_28_4.png,28,skilled_forgery
2.0722425076567927,4.557100098478697,6.746631109399657,7.874589596662629,-15.786389110919831,-10.316734197169556,15.199272491193332,90.30946691176472,0.9571011505725899,0.9558077359772454,0.7906846707245034,0.6026629287998156,179.06296458242238,24.35679736939218,28_skilled_forgery_forgeries_28_5.png,28,skilled_forgery
2.152886306190255,4.927070159394562,6.706589464389882,8.204078221069317,15.661033553230746,10.681670222424053,16.723642400594375,99.08523284313725,0.9579883020712154,0.9568797803102388,0.8023051668363637,0.27556818166160896,172.45835189309577,26.61126037179568,28_skilled_forgery_forgeries_28_6.png,28,skilled_forgery
2.0989449417227046,5.647183697146816,6.238021165221831,8.188445242715284,-15.999248766363243,-11.078440736902435,15.415995446395316,82.93560049019608,0.9601140367775847,0.9589477621942047,0.8027820992485213,0.4727021420368333,177.8517128108869,26.144861769102928,28_skilled_forgery_forgeries_28_7.png,28,skilled_forgery
2.143401850994902,4.761185264728641,6.738468413772465,7.992300752520614,15.98724052719403,-11.854487827157303,-15.369984775128273,100.53602941176473,0.9591629735022914,0.9579977841598423,0.801899513796574,0.29876252192176633,170.3656987295826,24.38575019419242,28_skilled_forgery_forgeries_28_8.png,28,skilled_forgery
2.0321568163457107,4.271859363443299,6.344385749002112,6.489353884442455,12.908825529863474,8.625756097459286,13.868261124514698,69.34476102941176,0.968907354545595,0.9681382537026175,0.7708738920426776,0.6778797138859534,179.94106925880922,22.576658713420702,28_skilled_forgery_forgeries_28_9.png,28,skilled_forgery
1.5325751837783024,3.1082868608294034,6.840360648912911,6.688270175325846,13.488333398805791,8.33409641608425,-13.861966770260764,69.67768075980393,0.97860270833292,0.9782944395433549,0.5858313474395505,4.632183881424231,184.46428571428572,27.690375363203405,29_skilled_forgery_forgeries_29_1.png,29,skilled_forgery
1.5223770507585441,3.0916509573304727,5.547103543278496,5.6277623845985305,11.215501970080831,7.174239189020726,12.640424466130908,101.94226409313725,0.9786314891409372,0.9783708775456882,0.5536221912731223,2.9157088010892385,170.8082191780822,35.376316485207305,29_skilled_forgery_forgeries_29_10.png,29,skilled_forgery
1.6625873756967302,3.3588327164894345,6.585359012862576,7.374552108587907,15.044216577589552,10.064405365035773,-14.36376663698487,72.32999387254903,0.9765431786479801,0.9761651414887351,0.6299412669438126,6.616438310846313,183.15377697841726,26.342935931748727,29_skilled_forgery_forgeries_29_11.png,29,skilled_forgery
1.529570597442027,3.0883289349341614,5.932678107228086,6.2211340234192285,12.304391416127235,7.794775258426165,-13.068152920218214,63.933823529411754,0.9804996825898228,0.9802090341121696,0.5701178630100792,0.581560282656808,184.98206278026905,24.628807392816874,29_skilled_forgery_forgeries_29_12.png,29,skilled_forgery
1.8784542158325175,3.803716693901488,7.037074418791125,7.513706982282756,14.813716959736531,9.462752494305597,-15.27403054348406,131.3362132352941,0.9640898469235272,0.9634358401298617,0.6586611640066067,4.478527593624149,173.36002239641658,23.432463598167683,29_skilled_forgery_forgeries_29_13.png,29,skilled_forgery
1.769257510700021,3.572542455642845,6.833500570140135,7.3117138289785135,14.397822599537477,9.129474216578839,-14.99422184205576,233.47588848039214,0.9700198416584399,0.9694093541332546,0.7100108235026469,3.7601245988781167,126.1348167539267,31.318121852691508,29_skilled_forgery_forgeries_29_14.png,29,skilled_forgery
1.883088605760718,3.826255283018233,6.955081700289229,7.552229029585391,14.917427766935088,9.631195007842596,-15.003929198382515,151.51841299019608,0.9622321074921852,0.9616438273642551,0.6369852511969105,5.452631559815328,171.04187058183797,23.616841024366494,29_skilled_forgery_forgeries_29_15.png,29,skilled_forgery
1.8003010621580158,3.630276651952804,6.527788628832134,6.7441605766852435,13.38388461336843,8.584022947784883,-14.26340150444327,120.395006127451,0.9696834154769199,0.969103396095266,0.644941653602622,11.391666571736112,171.0114324142569,23.44360093459915,29_skilled_forgery_forgeries_29_16.png,29,skilled_forgery
1.8187371696868957,3.6775075526582053,6.6494481872574775,7.037798269418435,13.905772186037613,8.9448182207196,-14.368604613385772,219.82617953431372,0.9684456730523893,0.9675710987984427,0.7606066677249709,7.459595921921233,123.02268656716419,30.63361862068016,29_skilled_forgery_forgeries_29_17.png,29,skilled_forgery
1.7897865809026612,3.6237088862050078,6.806934569789217,7.499348937904681,14.881552825340881,9.66172888391185,-14.74544605966125,138.8515931372549,0.9680184632776571,0.9676176370470899,0.6010529654815391,4.062913893831411,171.18966644865927,23.87821998434126,29_skilled_forgery_forgeries_29_18.png,29,skilled_forgery
1.860844145971778,3.7565658138723226,7.34097071210346,7.6825702434751575,15.201064016410776,9.582615962765951,-15.952279764741599,133.92261029411765,0.9651666311419618,0.9646612752084683,0.6542464230390121,3.1277108358368415,171.22358435493285,23.36845868204797,29_skilled_forgery_forgeries_29_19.png,29,skilled_forgery
1.5215355846560958,3.079037252872627,6.004990964824009,6.258915966537369,12.39700473416838,7.8295877134508824,-13.168389047500513,78.47463235294117,0.9802355248311335,0.97993334164012,0.5087155800927328,3.1981566672896005,181.1470911086718,29.254744139298236,29_skilled_forgery_forgeries_29_2.png,29,skilled_forgery
1.7559991607686565,3.5799032149684438,6.878045777882203,7.4747495271900934,15.12683951511496,9.871610743888857,14.676902718823778,265.0993259803921,0.9667516633165911,0.966039391547867,0.7037717875417263,4.290030198519546,125.1753283837807,32.40663938948014,29_skilled_forgery_forgeries_29_20.png,29,skilled_forgery
1.833358764014951,3.7219844393507584,6.578269509161306,6.985582329887729,13.782046328926812,8.877250781958642,-14.361860373189268,148.16219362745096,0.965016239412881,0.9644622908105083,0.6091744775218894,4.72013650266165,171.36754176610978,23.835849665562204,29_skilled_forgery_forgeries_29_21.png,29,skilled_forgery
1.8302564468801679,3.695599429567922,7.271896103826212,7.853549743236346,15.463159841622055,9.781437568484769,-15.772144708073888,147.15989583333337,0.9664028472298224,0.9658560512863092,0.6268643571630634,3.5943661870581236,168.3065603923973,23.761417853749368,29_skilled_forgery_forgeries_29_22.png,29,skilled_forgery
1.8222472307020612,3.6869075737513786,7.154303221638222,8.046824279786719,16.175422595264077,10.378778651378717,-15.667364007859222,221.6636335784314,0.9692550303659317,0.9685975312029281,0.7169434557983203,8.33928566464711,129.414913957935,29.97469605267438,29_skilled_forgery_forgeries_29_23.png,29,skilled_forgery
1.814073905794278,3.6741583092726025,7.069744742267692,7.821186249999106,15.51264930817361,9.961135804878827,-15.35107229116203,153.48538602941176,0.9672822313256312,0.966867113589054,0.5850017668297994,3.607142846407313,169.06266149870802,24.252879125745068,29_skilled_forgery_forgeries_29_24.png,29,skilled_forgery
1.493395443597913,3.1377689104312285,4.996161021661182,5.3349387892771105,10.535947755284006,6.957141151572189,10.911490561889785,138.07109375000002,0.9789893832817068,0.9787384466900619,0.517212241643574,3.954545434573003,160.68909276248726,38.96160023480605,29_skilled_forgery_forgeries_29_3.png,29,skilled_forgery
1.5423932436335872,3.1289172902991886,5.877914146554914,5.926593154287886,11.829805375218273,7.513859602745199,13.006891039708126,100.20401348039216,0.9799419388494862,0.9796728202572884,0.5637827113122883,7.179487118124042,167.0909090909091,33.62024522727646,29_skilled_forgery_forgeries_29_4.png,29,skilled_forgery
1.555097197005612,3.157336514151598,5.934316617146018,6.6583498990757635,13.19556382499908,8.572914395505599,-13.041577996161278,63.57156862745098,0.9802980759520606,0.9800558745245552,0.6013773060943813,6.198412649218947,183.94156560088203,27.567255694456342,29_skilled_forgery_forgeries_29_5.png,29,skilled_forgery
1.6535494627286853,3.347233526613712,6.725074997557802,6.623124641146354,13.299232513312905,8.340991112549695,-14.31521730542854,85.02322303921568,0.9763812246741945,0.9760732286091439,0.6037150356905063,4.102325562314765,179.26891522333636,27.90346149101573,29_skilled_forgery_forgeries_29_6.png,29,skilled_forgery
1.6104228224405739,3.261243601405958,7.689448800577682,8.24766423900231,16.263381082869742,10.02417122871019,-16.570963091632045,92.26110600490196,0.9777476458305006,0.9774670915504164,0.5523205761517579,0.7537688429585112,176.6733524355301,29.401321636553618,29_skilled_forgery_forgeries_29_7.png,29,skilled_forgery
1.4412489191712339,2.91937767955934,6.3187075290956685,6.679531671212972,13.216664306436103,8.275494835787844,-13.575791476482364,75.78080575980391,0.9819146087282574,0.9816182595168648,0.5014862367031766,2.522821566295346,179.1248527679623,30.34844299909781,29_skilled_forgery_forgeries_29_8.png,29,skilled_forgery
1.6106743037471498,3.2978638084336933,6.004374846982268,6.29825341288277,12.46262512862705,7.975220513385624,13.066509334217589,179.21308210784315,0.9710332296191007,0.970604580767831,0.5712021223673794,1.777096110885284,160.4720176730486,36.22615956355686,29_skilled_forgery_forgeries_29_9.png,29,skilled_forgery
1.7883661662422892,3.5961021811916796,6.241432010975228,6.266371346858834,12.520278518926228,8.064427075639706,14.818742186611441,204.37248774509803,0.9720664354269472,0.97166123831045,0.6451015151096633,0.544419133776288,140.38643067846607,31.591925968117042,2_skilled_forgery_forgeries_2_1.png,2,skilled_forgery
1.8089988526604293,3.6330528422652253,7.634569486567016,7.615731350980019,15.241086001941204,9.43496817267754,16.75429894096642,115.51222426470586,0.9716797791169399,0.9711711385104728,0.7163102307364666,0.48232848182710136,162.07784011220195,29.564610109571163,2_skilled_forgery_forgeries_2_10.png,2,skilled_forgery
1.7979569897343206,3.611472761316014,7.35519650439104,7.5673336990544655,15.033296659082081,9.437054303985805,15.863370696149643,125.59073223039212,0.9711382223173213,0.9705890638438944,0.6899030972223127,0.2795031053420558,162.00901525658807,26.906563589903495,2_skilled_forgery_forgeries_2_11.png,2,skilled_forgery
1.7941439349982808,3.606042070866379,6.968733394237293,6.99125714572952,13.971298457779953,8.795665756459902,15.808075187781505,198.7973039215686,0.9721622907763993,0.9717530975471894,0.6726723959683634,1.041420116802633,138.68260869565216,33.48219278623216,2_skilled_forgery_forgeries_2_12.png,2,skilled_forgery
1.8370068551690668,3.6980619028827477,7.055494403813091,7.143812259405654,14.244008752080074,9.0034531620396,15.54464995714289,222.4808210784314,0.9697887948060145,0.9693941946160315,0.6516959878881688,0.5705128199032983,139.12244897959184,32.52264474506007,2_skilled_forgery_forgeries_2_13.png,2,skilled_forgery
1.8373081456436162,3.706874259219796,7.077067724651944,7.139202667944013,14.247734613007884,8.993136606403128,15.616655573971787,234.46302083333333,0.9666801222682658,0.9661161762631482,0.6710349699259346,0.5456255874453192,138.83931832014608,31.708881771889832,2_skilled_forgery_forgeries_2_14.png,2,skilled_forgery
1.9231686358230722,3.8733549429367895,7.301961808318279,7.445401289193281,14.821438508960904,9.406045345375535,15.802579447645908,229.3289522058824,0.9646851260451472,0.96407874429222,0.7147108411423686,0.2979797977648053,137.29016120066703,33.32814377119738,2_skilled_forgery_forgeries_2_15.png,2,skilled_forgery
1.808111017892952,3.648471212233949,6.733577652086409,6.906355521218718,13.729444977122082,8.754171170924993,14.64898192830267,220.1649050245098,0.9692430020619184,0.9688273757808625,0.6668926409776893,0.29769033336382345,138.51944627554383,31.774031970614907,2_skilled_forgery_forgeries_2_16.png,2,skilled_forgery
1.9118604568042628,3.8496673345288364,8.51749102212717,8.959918397331933,17.725218280883453,10.930477636072075,18.16776073334482,278.29074754901956,0.9639898499460953,0.9634048946768043,0.672199565505695,0.9473684200138505,132.86036036036037,33.02042919185462,2_skilled_forgery_forgeries_2_17.png,2,skilled_forgery
1.7757520620663925,3.569002549464757,7.2023497419121485,7.2596199201782,14.490784050223306,9.046282380191153,16.0322826187611,191.8367340686275,0.9712942570971681,0.9708800786640299,0.6513504307188775,0.11868484352952297,145.12329749103944,32.54615463063568,2_skilled_forgery_forgeries_2_18.png,2,skilled_forgery
1.8313770705281578,3.696792489054848,6.932176416367012,6.985710255529914,13.944753902309168,8.834955321933778,15.612406989118792,225.04463848039208,0.965158874643362,0.9645537633652439,0.6925420014188326,0.5478105446400263,140.55484988452656,32.30560792290494,2_skilled_forgery_forgeries_2_19.png,2,skilled_forgery
1.8064626553468823,3.6312744237384824,7.123625167473598,7.1302375732839165,14.25726895605588,8.950044221318828,15.925569195920598,220.94304534313727,0.9691236944963805,0.9687201363914324,0.6783676788594066,0.33743409460682416,136.8042049934297,32.973943971020056,2_skilled_forgery_forgeries_2_2.png,2,skilled_forgery
1.8331866313023126,3.6887453764957328,7.307871687176478,7.410281224806583,14.770752644486064,9.278975831344045,15.866150495714859,234.5063112745098,0.9669436463219677,0.9664683603556804,0.6866204768478719,0.48964896445576145,136.17341389728097,31.567423935193347,2_skilled_forgery_forgeries_2_20.png,2,skilled_forgery
1.9363845376347808,3.9064503707479385,7.468949860562227,7.714362488305235,15.318657571115589,9.76327508954015,15.929829841219806,226.85674019607845,0.9646074232172934,0.9639561764632482,0.7212316548910472,0.32916052994907175,136.45595567867036,32.428021708912716,2_skilled_forgery_forgeries_2_21.png,2,skilled_forgery
1.8695306545180443,3.7751140653909525,7.069915461411104,7.259344210860749,14.428439174966664,9.173036978369753,15.269662988076359,250.10324754901958,0.9650847436731418,0.9645230379510449,0.6806104966035511,0.4063260337337177,136.34890426758938,32.18607514213912,2_skilled_forgery_forgeries_2_22.png,2,skilled_forgery
1.8104867923356378,3.639256306220042,6.77854111305582,6.804978964477339,13.596798340958907,8.626354620291414,15.378480420129446,200.74120710784317,0.9705910196343149,0.9701906935226016,0.6534402213419167,1.3311793193357362,144.01108801108802,32.49459491907588,2_skilled_forgery_forgeries_2_23.png,2,skilled_forgery
1.8301907323016422,3.6787535944742156,7.483232645763498,7.5640562766101755,15.088164138461146,9.408869121762644,16.42333122880528,176.10922181372547,0.9702581168727051,0.9698077652713046,0.6927524098276138,7.534482715319065,146.65387205387205,33.565013954635496,2_skilled_forgery_forgeries_2_24.png,2,skilled_forgery
1.7914295523642498,3.6037131355309158,6.547738509058502,6.581332974654464,13.145972548082256,8.387481079827802,14.80613307487277,196.81743259803926,0.9723560636215944,0.9717990524330865,0.6834542282074016,0.37400793613689687,137.07797833935018,32.2870203194944,2_skilled_forgery_forgeries_2_3.png,2,skilled_forgery
1.7948172044207769,3.6070587050275567,6.5484549125175695,6.5942957790723815,13.165764825509507,8.407266318762456,14.848223847719016,198.3909007352941,0.9712944585957359,0.9708646575067845,0.6739623035856513,0.43983821997994116,140.33918539325842,32.971378180350555,2_skilled_forgery_forgeries_2_4.png,2,skilled_forgery
1.7827852654413812,3.5804966431631358,8.057282725108225,8.064771547516083,16.12617460373544,9.8617975571783,17.506816112076148,174.36406250000005,0.9725054009205482,0.9719981318090486,0.7032991547679417,0.5635545550466203,140.61438848920864,31.533370610135012,2_skilled_forgery_forgeries_2_5.png,2,skilled_forgery
1.701460870566528,3.4144534999163607,6.242157444967545,6.275821322409016,12.534829623135991,7.985502016909559,14.564770746263653,151.75425857843135,0.9765857993051815,0.9763178708884361,0.6815387634789255,0.5032341520009908,143.1041308089501,32.97715268356895,2_skilled_forgery_forgeries_2_6.png,2,skilled_forgery
1.781465623163448,3.5792074222858115,7.218835250598163,7.33523085304197,14.61338476216325,9.152141054441925,15.756426087696706,141.37141544117648,0.9720424228005188,0.9716919172618576,0.6803852297212317,0.4759358283679831,155.78985507246378,28.849321921690205,2_skilled_forgery_forgeries_2_7.png,2,skilled_forgery
1.8216423530304082,3.6595890448067276,7.231775903736075,7.268774485900782,14.519160739442201,9.109565705176605,16.164706027818387,125.86868872549016,0.9705372489290708,0.9700683664803643,0.6666057163339283,1442000000.0,165.8994452149792,28.25371012123087,2_skilled_forgery_forgeries_2_8.png,2,skilled_forgery
1.7842453566607441,3.585466907191524,7.453878065647936,7.5320274980042115,15.02544660304986,9.336346991775295,16.359247037150165,119.21050857843136,0.97090615933653,0.9703288007235721,0.6716835082092071,0.5010482175041423,167.04329608938548,27.139039317145745,2_skilled_forgery_forgeries_2_9.png,2,skilled_forgery
2.083460748052297,4.227592883932649,7.768011336005159,7.779039732790875,15.553246051301318,9.896132872898855,-16.80477802213612,484.38471200980393,0.9428354493081641,0.9415315231981458,0.6829636211349843,1.924897117361217,123.73795286669012,32.583051031508276,30_skilled_forgery_forgeries_30_1.png,30,skilled_forgery
1.8168883280003552,3.729477730046276,7.4439471170945914,7.506350621430022,15.0294548739544,9.381016968542285,15.332994561377392,117.75180759803922,0.9692688252212143,0.968889486420331,0.611740436792126,0.5346320340534285,176.41537376586743,30.653350351402043,30_skilled_forgery_forgeries_30_10.png,30,skilled_forgery
1.83779198780572,3.7448924881869625,7.3214823695970965,7.903535523851187,15.574968587775274,-13.048209511317902,-15.828071328476543,176.26272977941179,0.9656656487548015,0.9652591137600272,0.5356760555219955,1.2279005507901926,168.3831370117793,32.571645682962,30_skilled_forgery_forgeries_30_11.png,30,skilled_forgery
2.0694768575164804,4.220696155624508,8.00607382594714,7.84552800703132,15.771764792256057,9.965070723864278,-17.12024611997032,478.2132965686274,0.9465735440810338,0.9455755127419949,0.648094925621312,1.5674603159052973,125.64451313755796,32.70149139482965,30_skilled_forgery_forgeries_30_12.png,30,skilled_forgery
2.0663812173965304,4.255157080318242,7.436086389265234,7.5902567707307105,15.105557995445041,9.720861218035779,-16.10871588207133,339.93881740196076,0.9359429565136435,0.9350371214959798,0.7081391210209339,1.1005188060307918,147.7613460944736,28.41939099743936,30_skilled_forgery_forgeries_30_13.png,30,skilled_forgery
2.1050213835055147,4.31747906939394,7.609118688430168,7.818498163259752,15.534128948890967,10.023202408863522,-16.571277227912763,306.88992034313725,0.936106512564932,0.9350066932872348,0.693198472409712,0.9658119652223369,155.52639751552795,27.067495325042064,30_skilled_forgery_forgeries_30_14.png,30,skilled_forgery
2.110734622393084,4.334351672605521,7.51983544614954,7.742083673630991,15.373491340703323,9.9360799953492,-16.71595345407396,330.9352328431373,0.9339272337859242,0.9328008523467369,0.7027743265871351,1.036452004230588,151.69003579952266,26.775401402875637,30_skilled_forgery_forgeries_30_15.png,30,skilled_forgery
2.109456447267857,4.351090153140702,7.492799812158631,7.682006439708317,15.270734410447828,9.859020068499827,16.37736630533988,330.84430147058833,0.9344413274387009,0.9333981852079309,0.693622877391479,1.2126666658582221,152.78577884905093,26.515906694892923,30_skilled_forgery_forgeries_30_16.png,30,skilled_forgery
2.0497419101176675,4.207227612757321,7.083016729339404,7.304816780047283,14.498994442702495,9.410453312863831,15.958997467361883,289.9355698529412,0.9417102719870569,0.9408732144469439,0.6844036414660489,1.1544172226025113,154.83735354927637,27.319202247985192,30_skilled_forgery_forgeries_30_17.png,30,skilled_forgery
2.0792012852336565,4.2893734011124245,7.45975398648492,7.65602825218171,15.214548348831421,9.805240023087862,16.483293450471734,279.1589154411766,0.9405326160394462,0.9393873601633119,0.6898298891642437,1.013440859533978,157.29038718291054,26.386981982431113,30_skilled_forgery_forgeries_30_18.png,30,skilled_forgery
2.184970381661993,4.520113685347068,7.986263383290401,8.450772536747635,16.678213322015935,10.878354523752211,-17.366862596609433,296.1259191176471,0.9340310901481776,0.9328160201029573,0.7325464682357954,0.8861743470926294,152.99676184869003,27.844689770570117,30_skilled_forgery_forgeries_30_19.png,30,skilled_forgery
2.0728408200960375,4.1920636430914495,7.173085294645762,7.233242737412584,14.436473833352647,9.333938728186752,16.191521211850038,489.0750306372548,0.9442666862507234,0.9431551232716834,0.6822812505365833,2.158494866409926,121.32924187725632,32.07612634615826,30_skilled_forgery_forgeries_30_2.png,30,skilled_forgery
2.055398142801327,4.186215271427893,7.80991961143195,7.856081328104581,15.689453719126652,9.978979468268802,-17.072419391148642,473.0908394607843,0.9416404746432433,0.9405975868438721,0.6380815714085203,2.0032017054394857,133.65742714996446,32.75365048949904,30_skilled_forgery_forgeries_30_20.png,30,skilled_forgery
1.9891548779193362,4.173464965420507,6.610121387304595,7.3145686761785935,14.78741327636921,9.64643212146739,14.298656565768367,530.6113357843137,0.942126500693748,0.9415478644277365,0.5682773470162411,1.4500458281851092,133.9618406285073,30.94583387788002,30_skilled_forgery_forgeries_30_21.png,30,skilled_forgery
2.146343034763342,4.376628434974599,7.906146636785737,8.306095748876052,16.43158990560709,10.571780437008018,16.946610536053367,512.2109375,0.939196808026791,0.9378706220064179,0.6940064070756182,1.76979071722494,121.98061760840999,32.8632527686438,30_skilled_forgery_forgeries_30_22.png,30,skilled_forgery
1.958680897355803,4.079182077431582,6.591878528457121,7.0866803824018785,14.074918235339409,9.21159454321616,14.078042674949689,488.35528492647063,0.9461817307872809,0.9455145331794754,0.6066613961854149,1.404356059276178,129.96455297361166,30.78209129434799,30_skilled_forgery_forgeries_30_23.png,30,skilled_forgery
2.0502376777742746,4.178357755571343,7.622513109920593,8.00482114314275,15.818489976036973,10.094111541037257,18.370830624688036,348.7807598039216,0.9327969017597475,0.9316827281088015,0.6946381289687342,1.189799870116333,151.17983490566039,27.790427698595376,30_skilled_forgery_forgeries_30_24.png,30,skilled_forgery
2.073350637327464,4.2044770991664295,7.596569038435451,7.5997424403325375,15.198028733547696,9.703114572834634,-16.80844580071411,496.851256127451,0.943256629162579,0.9420521491484818,0.6945282871579221,0.9757785460375235,119.43012259194396,31.933610035468984,30_skilled_forgery_forgeries_30_3.png,30,skilled_forgery
1.7088919175326995,3.4742155101259558,7.006035028294059,7.64749054810801,14.99366383471446,9.504698857670007,-15.508245109739008,99.07726715686276,0.9749021197057115,0.9745874831539851,0.6051778236380394,0.9711864390318874,175.96904557179707,30.360047592234412,30_skilled_forgery_forgeries_30_4.png,30,skilled_forgery
1.756525493781445,3.5777315935697156,7.170297323180622,7.744022674996272,15.214053217112056,9.712533572476863,15.821164883500034,94.36587009803921,0.9747369869385215,0.9744190607403425,0.5899477295036946,1.4437367272956758,178.93136403127716,29.01103145225888,30_skilled_forgery_forgeries_30_5.png,30,skilled_forgery
1.6280296332804294,3.378661596852318,5.885555091591138,6.75122034377103,-13.424035827744552,-9.136130393546562,13.116844758466751,146.6693780637255,0.9745848352685448,0.9742963590477123,0.5043621333671696,2.4199999930857143,164.3968253968254,31.925881528819797,30_skilled_forgery_forgeries_30_6.png,30,skilled_forgery
1.8555529941496234,3.779407646506388,6.848069851562323,6.961347593953873,13.868017670447871,8.851218089480845,14.889135449738015,114.42784926470588,0.9680038937195616,0.9674957801598706,0.6180743340498521,0.8201970433248805,178.55277401894452,30.077295367685487,30_skilled_forgery_forgeries_30_7.png,30,skilled_forgery
1.8891753071460222,3.852279465490403,7.487072000226711,7.8273298775406035,15.48664856419004,9.904940582587873,-16.491028871445828,126.01341911764705,0.9679244746060788,0.9674188943391123,0.6201749675501547,0.9596354154171414,174.68571428571428,29.893013471213106,30_skilled_forgery_forgeries_30_8.png,30,skilled_forgery
1.8272443001114436,3.721994093071828,7.544159372742434,7.522431295777554,15.070810320527924,9.38433344791849,-15.64234817211857,130.6999080882353,0.9695238276745288,0.969118987171447,0.6020027836159397,1.2695374780390152,172.41602248770204,29.344127244060047,30_skilled_forgery_forgeries_30_9.png,30,skilled_forgery
2.330752437233887,5.257295377873334,7.131240653842396,7.67063510590968,15.115250826708918,10.406012001489454,15.441292542499179,345.4660232843138,0.9231478428483568,0.9215577816155889,0.7379306211466338,1.1539289552454635,151.90129935032485,27.8140197286209,31_skilled_forgery_forgeries_31_1.png,31,skilled_forgery
2.177328699758614,4.983964989625004,7.835544182049502,8.328139393019676,16.420105086472542,11.622512832670079,-17.08072657472852,474.80822610294115,0.9370661139863715,0.9356339456096974,0.7240151507259672,1.1294583876291555,123.68176178660049,32.15417982581421,31_skilled_forgery_forgeries_31_10.png,31,skilled_forgery
2.2680980624902487,5.182371807638546,7.422236982808439,8.23697554109286,16.603362037083002,-11.684972478675453,16.08573338624939,453.2967524509804,0.9371284337816448,0.935618512346564,0.7318098114658782,1.037060300856118,125.37773666358311,32.31520804767774,31_skilled_forgery_forgeries_31_11.png,31,skilled_forgery
2.2462137196352026,5.033326571294694,7.005836186132403,7.512805553216932,14.814862514941547,10.149275576938233,15.146123888346747,328.73844975490204,0.9333035991913881,0.9318970717441667,0.708912622683902,1.09342347812328,151.77187316500294,26.88050013608056,31_skilled_forgery_forgeries_31_12.png,31,skilled_forgery
2.3712263354759893,5.718561180909826,7.4598079385782015,7.94087057542441,15.737047880646292,10.92558787960476,15.86497746226055,382.38538602941173,0.8983822670314497,0.8956564375208077,0.7922433287288959,0.9189565214194935,149.76672104404568,27.40425939561655,31_skilled_forgery_forgeries_31_13.png,31,skilled_forgery
2.2663243374188387,5.0819489154800355,6.969004713943608,7.4436641154326,14.72328399831924,10.152090332202297,14.921479912431161,318.9489276960785,0.9263565729241401,0.9248971580643874,0.7304033789499808,1.094661529392041,155.0885444035733,27.304529874931248,31_skilled_forgery_forgeries_31_14.png,31,skilled_forgery
2.2798623720216327,5.254606849481019,7.235309940157887,7.776468982789257,15.408902293225356,10.59487420024096,15.459822981586525,380.5348651960785,0.9223319785173277,0.9209144692757284,0.7214330728327968,0.9484435793052318,149.78931602596106,27.207052580467135,31_skilled_forgery_forgeries_31_15.png,31,skilled_forgery
2.2728189159950327,5.6015499725269,7.0644072728251945,7.611820923505981,14.998460502275421,10.469615425808689,15.299138355938162,372.4202818627452,0.9182968921206182,0.9168096105834627,0.728744216214037,1.2581333326623287,152.4041095890411,27.219048668424563,31_skilled_forgery_forgeries_31_16.png,31,skilled_forgery
2.279768362506873,5.2591399025925645,7.21116531176297,7.706304869347623,15.233522462907061,10.472553959736322,15.448969402463645,351.7190870098039,0.9214784291056901,0.9197354004210007,0.7253044797920911,1.064532519784282,153.93231602264336,26.591505099692125,31_skilled_forgery_forgeries_31_17.png,31,skilled_forgery
2.312262862440966,5.294800175371099,7.3168310728760355,8.024837645687937,15.858597882268503,10.891227841735066,15.834447271234644,367.35315563725493,0.9137963493396194,0.9119389287796954,0.740298724082788,1.144830871298318,153.81697023545092,26.89784871588939,31_skilled_forgery_forgeries_31_18.png,31,skilled_forgery
2.2913749547292195,5.0911825386709655,7.203462278784471,7.781246661205971,15.39510626253952,10.536741785453172,15.45760804923771,344.67426470588236,0.9232835711395084,0.9216802057953908,0.744047916881593,1.0653628404192677,150.6615998006479,27.123479550342303,31_skilled_forgery_forgeries_31_19.png,31,skilled_forgery
2.280477551734185,5.445651831317458,7.072848661762538,7.81541160290245,15.364223576083715,10.734251039460489,15.468225495960333,333.5090992647058,0.9230422117043463,0.9212973357757979,0.7424324606281755,1.0677270389596063,152.93151364764267,26.691180771174047,31_skilled_forgery_forgeries_31_2.png,31,skilled_forgery
2.3256072894971314,5.302678117862167,7.325380059330163,7.8082076654696895,15.423999415662166,10.576867189599563,15.722328476298003,359.40226715686276,0.9155312572837717,0.9134551474256792,0.7523333565873647,0.977333332898963,151.94830298943583,27.394556054729772,31_skilled_forgery_forgeries_31_20.png,31,skilled_forgery
2.3362645235409616,5.320641801022606,7.286194463598196,7.771029009060118,15.390486205308255,10.567827785890305,15.532707739264136,361.15845588235294,0.9105659786636311,0.9085537992528773,0.7549524423406281,1.1095706614000131,153.8304006783973,26.508202979752422,31_skilled_forgery_forgeries_31_21.png,31,skilled_forgery
2.3031861631398347,4.986929366765033,7.309064145664863,7.796137326981232,15.393364254495056,10.430983372709202,15.71425140765464,339.4216605392156,0.9272553091695542,0.9257392479105231,0.739158262621746,1.0767964887126733,149.72794506075013,27.909671404386646,31_skilled_forgery_forgeries_31_22.png,31,skilled_forgery
2.339637160453559,5.263285633680719,7.31570249042883,7.804219171467873,15.392526238381723,10.560442924712884,15.820328422077434,393.8205269607843,0.9154719197948386,0.9135014663937202,0.7287957498305543,0.9406554468819064,150.9525330899133,26.779608851218473,31_skilled_forgery_forgeries_31_23.png,31,skilled_forgery
2.320651754390285,5.417517020161792,7.147423821128021,7.5711650817749,14.967060868567891,10.36709091222628,15.335131898104265,357.2579350490196,0.9137823081474613,0.9118928598302208,0.7541255859455401,0.8430020280555773,152.70041822584196,26.504823566441964,31_skilled_forgery_forgeries_31_24.png,31,skilled_forgery
2.313343696905548,5.183588459411739,7.222591424468711,7.869664313555998,15.457450603037412,10.515335295102318,15.794814256353217,370.93302696078433,0.9215596153932736,0.919965418288787,0.7061135193607002,1.0465711355954088,153.97949487371844,26.867313650244352,31_skilled_forgery_forgeries_31_3.png,31,skilled_forgery
2.19004820301364,4.966859765667692,7.586856430127199,7.882536823593726,15.624947174659527,10.645424165786036,16.345823999642032,535.0181525735295,0.929684875902954,0.9284050911189078,0.6679258314630687,0.8987341767205645,132.45478260869567,31.979302391929693,31_skilled_forgery_forgeries_31_4.png,31,skilled_forgery
2.2573813174146746,5.287168915172086,7.432654677999319,7.813992472741655,15.437525087181104,10.602993134870612,16.94568398586788,568.8205729166666,0.9255763696289951,0.9238857066836521,0.7077758491108529,1.23229958968268,125.86841415465268,30.95452185129188,31_skilled_forgery_forgeries_31_5.png,31,skilled_forgery
2.2559441096944153,5.002384720254019,7.830295754404478,8.255121562861506,16.349760574992924,10.992217180605875,16.633944702741918,502.44960171568624,0.9308155961638249,0.9291699077518442,0.7271502341795673,1.2451288489974048,125.51875699888018,31.34497993101927,31_skilled_forgery_forgeries_31_6.png,31,skilled_forgery
2.2871406639932856,5.158101488498911,8.020551360450591,7.993970163898502,16.04974995589566,10.607011492784379,-16.350460023565148,579.9151654411766,0.9264070817822025,0.9249425463863903,0.7152073219243354,1.3611809036676,122.05453578079276,32.035153859138056,31_skilled_forgery_forgeries_31_7.png,31,skilled_forgery
2.292202928636296,5.1512172238147285,7.902360052671184,8.62709003609662,16.893634098214253,11.348858522168616,17.931182645731568,605.6808057598039,0.9207763208323726,0.9191065090088002,0.7237591871635249,1.483910138746867,122.25226106086531,31.284610915328443,31_skilled_forgery_forgeries_31_8.png,31,skilled_forgery
2.179195684916973,4.775415362003223,9.010139345675574,8.558452152953643,17.746799126833498,11.023452608983407,-17.379463468397294,508.9528799019608,0.931381198215512,0.9296446941907663,0.7347359679549623,1.0483314148168403,122.46404494382023,31.36106061606132,31_skilled_forgery_forgeries_31_9.png,31,skilled_forgery
1.9957112692021954,4.0557702912163975,9.938909226528198,8.655775241276492,17.966190017200297,10.683669041081322,18.56981809073151,358.70631127450986,0.9559403958751428,0.9552101109567394,0.6654119634777043,1.8187660645003008,129.6657546739626,32.24692407432629,32_skilled_forgery_forgeries_32_1.png,32,skilled_forgery
1.9667227621390373,3.972751948734719,7.951485358415695,7.988264072502342,15.958183077169327,9.976742967204999,17.803389133104417,344.9217830882354,0.9568117340716983,0.9557917714341145,0.7252087158261439,1.0885122400296494,120.70964833183048,32.41155693931877,32_skilled_forgery_forgeries_32_10.png,32,skilled_forgery
1.959552916683113,3.9565186460895223,7.939763934070961,8.10780831640769,16.13192852019095,10.115373043790658,17.53821432524863,327.2044424019608,0.9583977825602661,0.9575379994735065,0.7157192619451282,0.8869100615432679,123.77442189712129,32.6816567929886,32_skilled_forgery_forgeries_32_11.png,32,skilled_forgery
1.978487499100976,4.0034531377045095,7.914482195098796,8.039250434512505,16.01650409433448,10.048004997474882,17.39063856455271,324.3326593137255,0.9572087469830908,0.9564659623952834,0.6793632096879886,1.0075757566216137,132.4452830188679,32.27701189109694,32_skilled_forgery_forgeries_32_12.png,32,skilled_forgery
1.9539717475724696,3.9776366009595647,7.080707712661618,7.2156822013629425,14.363878383469096,9.207155756657405,-16.988170244673082,202.01234681372554,0.960305128285967,0.9597748792794603,0.6421352670630585,1.0661686221278883,159.61415289256198,26.23840527291779,32_skilled_forgery_forgeries_32_13.png,32,skilled_forgery
1.9372184081223855,3.9270774387135425,7.12361978044929,7.219180180728584,14.390859680784132,9.183248923753482,15.835891034424938,182.73529411764704,0.9573559410139908,0.9568185667938331,0.6756745527279842,1.6019655999975853,164.02596789423984,25.983920099958144,32_skilled_forgery_forgeries_32_14.png,32,skilled_forgery
1.996835507398832,4.058546177331299,7.218079573427503,7.350068343480318,14.634534868228473,9.379388908897466,16.0057592091671,180.6996323529412,0.9582773609608995,0.9577529052283372,0.6784895898029006,1.6500638548530475,163.0366265060241,25.542454301653716,32_skilled_forgery_forgeries_32_15.png,32,skilled_forgery
1.9246137375834609,3.9098077941243967,7.22148191654651,7.456324242660323,14.79642332013547,9.411622891505981,15.925337001133421,175.21559436274515,0.9613893294887114,0.9607244710920314,0.6666517366140011,4.010443853758632,162.7519541427827,26.090314241563583,32_skilled_forgery_forgeries_32_16.png,32,skilled_forgery
1.8881161596046556,3.821031935680918,7.460769679309369,7.577728034978074,15.097162934745004,9.491651484311681,16.630640837384618,187.41847426470588,0.9624081525282611,0.9618120662212739,0.6397060512120776,1.6076487229353418,161.31558935361215,26.330903546560005,32_skilled_forgery_forgeries_32_17.png,32,skilled_forgery
1.9232337321455215,3.8920795135051485,7.134971874122648,7.23777380413045,14.42458763481345,9.184383689154364,15.770529122424312,178.45551470588234,0.9623067923372982,0.9618120437143644,0.648908236160883,2.890756296447991,162.69060475161987,26.0551595123743,32_skilled_forgery_forgeries_32_18.png,32,skilled_forgery
1.9012279372982475,3.8455785839848358,8.268435206093798,8.792001582763264,17.322667558405822,10.719122555602105,18.665384962162886,185.5378982843137,0.9628295439950195,0.9622409525954886,0.6366773168489548,2.2326820564250762,161.57362637362638,25.946999382574173,32_skilled_forgery_forgeries_32_19.png,32,skilled_forgery
1.9646005755077394,3.9885233638540534,7.535480900040466,8.116367355812011,16.14219883048947,10.46467182655105,16.052593203945076,410.6580729166667,0.950394200245463,0.9494505152332102,0.6811096052094299,3.037643202884381,125.96068098905553,32.13971315611848,32_skilled_forgery_forgeries_32_2.png,32,skilled_forgery
1.8821905484452033,3.806081761450246,7.55694383840545,7.769536477265968,15.435529478280245,9.698219592050231,16.382638024595536,184.41286764705882,0.9631735570445182,0.9627770731443589,0.6445390852288599,0.9867403304013919,160.2046718576196,26.064827633715588,32_skilled_forgery_forgeries_32_20.png,32,skilled_forgery
1.879636959424296,3.800756690891036,7.431759496930021,7.806454257727317,15.453939956191439,9.811510313717221,15.881476016363806,166.42640931372551,0.9651651962614295,0.9647531526703654,0.6226155345829228,1.4117647038568655,164.71921475312314,24.943117552627307,32_skilled_forgery_forgeries_32_21.png,32,skilled_forgery
1.908445334020677,3.8559279071878185,7.8649105673974224,7.952319056153955,15.86111872416022,9.881644327575483,17.395986400780767,156.84708946078433,0.9639119124545141,0.9632978337093441,0.6819638786603164,1.3372093005979209,162.70646766169153,24.826308001877113,32_skilled_forgery_forgeries_32_22.png,32,skilled_forgery
1.9719334341739283,3.9937046604390116,7.6034862210703515,7.682017849187396,15.325128748865723,9.67954139649348,16.715861170430156,203.7408700980392,0.9568384210993734,0.9561444459747477,0.6819084872018343,1.0660287071138481,158.68179712830013,26.70078829744586,32_skilled_forgery_forgeries_32_23.png,32,skilled_forgery
1.8582295063295602,3.756832763893235,8.123730995946785,8.878432015371773,17.393514552128735,10.822195035532609,-17.981773571160776,160.3917279411765,0.9657708223622891,0.9652892024682318,0.6375709237232041,4.208722728321736,164.3773923444976,25.27121858743485,32_skilled_forgery_forgeries_32_24.png,32,skilled_forgery
2.023073871800249,4.095604289980368,8.287291591767366,8.230594606690902,16.48959487679792,10.296893239848682,18.279356017970283,348.0801776960784,0.9567038359290447,0.9556845246171554,0.7234501967789368,0.824157764318687,120.56801801801802,32.37621422314689,32_skilled_forgery_forgeries_32_3.png,32,skilled_forgery
1.928437480794227,3.8974330312090055,8.363575039639976,9.118461905037291,18.803165896302513,-11.535244685919697,17.862313158233437,309.10173100490204,0.9604149536213508,0.9596519442339768,0.7010591676515644,0.6019108275462492,127.47713717693837,32.84103791791475,32_skilled_forgery_forgeries_32_4.png,32,skilled_forgery
1.950614542989854,3.946832262829034,7.152389728248822,7.2438590303338115,14.442498289730684,9.217839360619413,15.754764900900845,203.5311580882353,0.9581470035724466,0.95741574485172,0.6872319038559719,1.0191387550056088,156.65071090047394,26.58012632792336,32_skilled_forgery_forgeries_32_5.png,32,skilled_forgery
1.8164608915382243,3.6614577196040723,7.120637352826851,7.1962479558406365,14.354760465002654,9.026977221339068,16.101004479796657,189.4708026960784,0.9640492735708817,0.9635122721101996,0.6566149324117375,1.0896226402245015,156.69751693002257,27.61385081465545,32_skilled_forgery_forgeries_32_6.png,32,skilled_forgery
1.9533686422160665,3.9719748648843356,7.2554647841352,7.453516070401963,14.81688252754385,9.471360045863506,15.506697175799909,199.30208333333337,0.9599978804279314,0.95936134673708,0.6405147169986475,1.6988950252777693,160.84544524053223,25.714610828530223,32_skilled_forgery_forgeries_32_7.png,32,skilled_forgery
1.8461838090158547,3.737233752848196,6.9268484803937405,7.063333081616065,14.059437333819409,8.932126576389468,15.22440185339734,182.547181372549,0.9654924390417298,0.9650288105059012,0.6193825612301701,0.9576968261366665,160.44177671068428,26.140639713335453,32_skilled_forgery_forgeries_32_8.png,32,skilled_forgery
1.924617832638538,3.8863356539823775,7.88545481984191,8.223025732895932,16.2793822246607,10.178060627723955,-17.28392048064582,317.23576899509806,0.9619459461024755,0.9611225454517606,0.6753531938583368,0.42200452115900183,127.25596184419715,32.59482412662969,32_skilled_forgery_forgeries_32_9.png,32,skilled_forgery
2.0059704596967856,4.0751674344353885,8.453326927112476,9.551731533348246,18.742072115247314,-12.376672759216607,18.672956099272845,251.44874387254907,0.9648030443603927,0.9640173229986181,0.764456050792532,1.0217864912616705,120.03286637931035,32.79443053494687,33_skilled_forgery_forgeries_33_1.png,33,skilled_forgery
2.0004938767543394,4.103069365077723,7.827109198431683,10.027816588278057,19.14143862571255,12.343441948508799,-19.07518456562721,122.29981617647061,0.9616692455794437,0.9608320353648175,0.8093459097477295,1.0717255706115119,157.33467134972403,35.47301875812399,33_skilled_forgery_forgeries_33_10.png,33,skilled_forgery
2.037602679848409,4.173083892171633,7.141713123509927,7.651061483554926,15.057495609425906,9.872993787468614,-15.719815626829561,112.23511029411765,0.9610447631243276,0.9598975775240376,0.8198175715884813,0.9310344818909277,160.8523166023166,35.07114121854043,33_skilled_forgery_forgeries_33_11.png,33,skilled_forgery
1.9401095192940359,3.927396692941125,7.711248272406893,8.754524973650637,-17.069130166270593,-10.818042481307279,-17.2392077959774,223.54479166666664,0.9686663068481816,0.9679847150447078,0.7384705272546291,1.412721891401299,126.72777437155119,32.60366320799867,33_skilled_forgery_forgeries_33_12.png,33,skilled_forgery
2.1625758136141675,4.459202136853197,7.524790212116773,8.254322633564897,16.34924824023925,11.23626947877199,16.250639733254882,128.78921568627453,0.9555718993906859,0.9540759444056028,0.8304117152243946,1.3439849611428711,156.66038492381716,25.25198862352928,33_skilled_forgery_forgeries_33_13.png,33,skilled_forgery
2.113848022538708,4.3769598661724345,7.033755868491315,7.429510996532576,14.679563542388497,9.72644991254183,15.206031688615887,151.28507965686276,0.9587211934185805,0.9575992165011785,0.7766856853830901,1.5494252855753732,156.78990081154194,25.53173111754296,33_skilled_forgery_forgeries_33_14.png,33,skilled_forgery
2.135967782167332,4.381543309416025,7.299772632918178,7.5430800447812905,14.965630871794465,9.791561613148975,16.107968098733185,156.19549632352943,0.9530176527970756,0.9513340623824306,0.8135761316187666,1.6595528438419178,154.1620175773787,26.25390634214427,33_skilled_forgery_forgeries_33_15.png,33,skilled_forgery
2.2458066512864705,4.670574543906309,7.511560000595745,7.921574056696382,15.661995559443868,10.416569280826486,16.129551380138512,152.81176470588235,0.9494779190999668,0.9473206439050709,0.8433182512130986,4.0051903044892905,150.9502246802627,25.635286886540918,33_skilled_forgery_forgeries_33_16.png,33,skilled_forgery
2.208752709959843,4.56254796168966,7.455601604292204,8.13272793222536,16.097666486488688,11.012407409666476,16.05887872125593,152.34292279411764,0.9567506625937368,0.9554239493384368,0.8098311971246176,1.4746113974356359,151.8320770519263,26.36944121562332,33_skilled_forgery_forgeries_33_17.png,33,skilled_forgery
2.221914080387575,4.59335495574254,7.690407949757029,8.191079027553055,16.177128540237764,10.679023155817157,16.494380989271765,162.65468749999997,0.9431456909563669,0.9411323220363907,0.8478316952004704,1.3781204101482227,151.8020994133992,25.499784462485497,33_skilled_forgery_forgeries_33_18.png,33,skilled_forgery
2.0687602942543784,4.25947758337538,7.419978028511937,8.023358171961426,15.745737733616416,10.592314565096224,-16.987683386701047,264.68878676470587,0.9609590435857552,0.9600039674700638,0.7778589798312415,2.975238089570975,120.03402012458074,31.6506186364884,33_skilled_forgery_forgeries_33_19.png,33,skilled_forgery
2.0808200932277767,4.270341805714922,7.810177237578984,7.876164516272409,15.723707790542816,10.037056674949186,-16.569535270381277,264.5549325980392,0.9572061579670073,0.9556075674176957,0.8176009537400801,1.1979742162081268,115.0670297444491,31.11080831993282,33_skilled_forgery_forgeries_33_2.png,33,skilled_forgery
2.0107345804941934,4.131117539411197,7.646395311177233,7.9322455677255865,15.72467612980793,10.159572738622728,16.645107613550547,233.98751531862743,0.9615693519547392,0.9603562094985812,0.8042852344503961,1.4130434766441151,120.28307254623044,31.017852319096566,33_skilled_forgery_forgeries_33_20.png,33,skilled_forgery
1.929355528443173,3.90762050071545,7.261997300147439,7.390808524099812,14.717229954381102,9.389240899231238,-16.751798964371936,249.75258884803927,0.9641771567485897,0.9635118457205157,0.7530515153321992,1.2428229650205467,124.25386666666667,32.026382120301314,33_skilled_forgery_forgeries_33_21.png,33,skilled_forgery
1.965658220166116,4.006030591718388,7.363033983591332,8.354599658685665,-16.872569995719395,-10.829868804489454,-16.224109400027896,260.5130208333333,0.9660887403826875,0.9654725693146828,0.7340854566514651,1.4435146423381944,121.92237442922375,31.895837203180076,33_skilled_forgery_forgeries_33_22.png,33,skilled_forgery
1.9645586685381615,3.990727639173869,7.50780345990585,7.7666173791145745,15.403943796478792,9.868069573734335,17.040037975422088,253.4784160539216,0.9643720742012689,0.963665066078166,0.7392404819279979,1.453580899928938,126.01675675675676,31.5948719799166,33_skilled_forgery_forgeries_33_23.png,33,skilled_forgery
2.124122231432369,4.374899669978772,7.286017040413764,7.71788830150594,15.254209030024438,10.08451122761546,15.637098068742452,131.09862132352941,0.9629021988188238,0.9617962428189085,0.7936621129154825,1.4798534780465769,155.79222058099458,25.977268374929867,33_skilled_forgery_forgeries_33_24.png,33,skilled_forgery
1.946451312234355,3.9852048533326054,7.632389859197226,7.941286475963423,15.729873260732301,10.068573316145864,16.776028151695577,297.4394301470588,0.9596300325034379,0.9590544533095635,0.7224045413569645,1.4452380935175737,126.26241480038948,31.225282792998396,33_skilled_forgery_forgeries_33_3.png,33,skilled_forgery
2.0489990285786557,4.262227691017483,7.286421805753635,8.431958606013671,16.32480011637105,11.407451037171137,16.712633424134385,178.12267156862742,0.9389523660654288,0.9371207553493115,0.7667052724553081,1.571768436501373,170.97748997841504,31.23249608710696,33_skilled_forgery_forgeries_33_4.png,33,skilled_forgery
2.0794772384319673,4.2903152399976845,7.17531451365209,8.066769070506943,15.785209267595022,10.459238634701695,-15.908794062766802,156.52999387254906,0.9443158930518036,0.9430483871627385,0.8299256835256695,1.2710068120582838,158.76966666666667,34.334083355885426,33_skilled_forgery_forgeries_33_5.png,33,skilled_forgery
2.1199701942425127,4.365538906069488,7.200313161832934,7.632145636506557,15.05035443056727,9.815027428388477,16.069474916661107,180.5334865196079,0.9479693117801994,0.9464633417303617,0.8001022562024069,1.2377179071016498,155.53116147308782,31.183304225023313,33_skilled_forgery_forgeries_33_6.png,33,skilled_forgery
2.0657313798851846,4.250738707316535,7.741111040029512,7.8509254533568225,15.695707013191027,9.977089556880088,15.995199834465128,157.14417892156862,0.9557484444935624,0.954551172437577,0.7739847095059591,0.6671368119413703,160.1912013536379,30.60430264716915,33_skilled_forgery_forgeries_33_7.png,33,skilled_forgery
2.0985730349953644,4.338169344202586,7.576206922529574,9.414201456719812,-18.234993879111798,-11.617433480522623,17.96426962386238,168.98265931372552,0.9443024993213028,0.9427871070919205,0.8250547247042662,1.4321966681743086,156.44245190740136,31.974642467532398,33_skilled_forgery_forgeries_33_8.png,33,skilled_forgery
1.9487683320375626,4.035325796419933,6.751828366863909,7.567798338979162,14.729822610068744,9.872363851734546,15.724807036611578,111.60677083333334,0.9677719675907211,0.9669740838103926,0.762987580291715,1.2010443848550334,163.5379596678529,31.095165131129004,33_skilled_forgery_forgeries_33_9.png,33,skilled_forgery
1.9684492045449744,4.4181663585387625,6.266808748026116,7.891578015830975,15.133796123992832,10.24135644887425,15.109458257662766,332.05946691176473,0.9592199646312994,0.9586105136979125,0.637619683429909,3.150313145823981,134.38229376257544,30.64599140352373,34_skilled_forgery_forgeries_34_1.png,34,skilled_forgery
1.785511048318661,3.846660164714374,5.871803327311621,6.58183749241321,12.899566716174988,8.584641590299974,13.04160298829047,84.48791360294118,0.9701617590227852,0.9696553299978289,0.5881989913679003,0.9887323929736164,189.4971671388102,23.425987794673688,34_skilled_forgery_forgeries_34_10.png,34,skilled_forgery
1.7166353197301594,3.5524621119160096,5.70870904801041,5.9812725745693704,11.83198195492284,7.770675507931678,12.618849868070036,85.37668504901958,0.9760550448862951,0.9756595362277692,0.5953894591418493,0.9010067098976398,180.46954986760812,25.003869064603826,34_skilled_forgery_forgeries_34_11.png,34,skilled_forgery
1.8633148315678998,3.942636346327162,6.372410268478675,7.070557984354252,13.826356133921522,9.051336618812675,-14.209614575203853,288.36410845588244,0.9634794414927464,0.962822918069721,0.6274189831248271,2.5862068913058684,138.07296380090497,31.611108968532076,34_skilled_forgery_forgeries_34_12.png,34,skilled_forgery
1.946315941541533,4.159183135067587,7.078006488133678,8.125109995352222,-16.68865880735811,-10.206958915791851,-15.729270630619595,185.5046875,0.9644870565438828,0.9636808707266206,0.640536121391441,0.7239685651041566,158.85185185185185,24.577634210970178,34_skilled_forgery_forgeries_34_13.png,34,skilled_forgery
1.9060404019932184,4.064064274834373,6.981723363320944,7.805075769592851,-15.198516501942775,-9.97526872146209,17.05960430590946,185.66274509803918,0.9653913951319167,0.9647837810665899,0.6187884957859447,0.5408631767301532,159.95292014302743,25.92120728864942,34_skilled_forgery_forgeries_34_14.png,34,skilled_forgery
1.922083461950681,4.063722793034298,6.7186169047484885,7.668839102303425,15.098958930237023,9.858902563499136,14.951705314307183,179.08910845588235,0.9639238406562789,0.9631752889924426,0.6613392998344378,2.1837455791806617,158.92397336293007,24.648456020862383,34_skilled_forgery_forgeries_34_15.png,34,skilled_forgery
1.954345704366522,4.187932351518405,6.509117978319282,7.4099082366220905,14.709668979683379,9.714535268429293,14.420248424491923,202.2739276960784,0.96304025826585,0.9624706935849855,0.6365848179298899,1.5379213461546049,156.8782512451577,26.313435910071373,34_skilled_forgery_forgeries_34_16.png,34,skilled_forgery
1.914064976061713,4.044698127352802,7.0413516900007105,8.430697747641513,16.180681883671912,10.453047039838902,16.76960829933813,192.42611825980387,0.9605449563695133,0.9599127415637799,0.6593608944217534,1.8219971030072402,159.50410256410257,25.181591436434907,34_skilled_forgery_forgeries_34_17.png,34,skilled_forgery
1.8185429224821796,3.9729680058144794,5.839348144599495,6.587720084515814,12.808845583875389,8.575981987518475,-13.53325548837692,255.25957414215685,0.9653867322181192,0.9647683132992417,0.6360652948433012,2.24418604216243,140.6911589008363,30.768311069027845,34_skilled_forgery_forgeries_34_18.png,34,skilled_forgery
1.926591916806386,4.28888931058067,6.2737577828698585,7.204355163726784,13.989656063526379,9.382598301880375,-14.301971115241544,295.7840073529412,0.9604090915902529,0.9596366796059128,0.6866199304000459,4.221052620470914,132.5695564516129,31.531061883687684,34_skilled_forgery_forgeries_34_19.png,34,skilled_forgery
1.9400524011005715,4.155228365622092,6.362070297537704,7.019559546184245,13.745141204518607,9.152865966160864,14.12532114790436,333.23117340686275,0.9584538197917267,0.9578753727609173,0.6279158742668272,1.9850299371481588,136.2271815446339,31.42503208119369,34_skilled_forgery_forgeries_34_2.png,34,skilled_forgery
1.796419265716087,3.9980130471143274,7.112006031246761,8.306243877288303,16.162037924399247,-10.305250425631504,-16.169799079398654,393.86784620098035,0.9567086092103683,0.9560219783542624,0.6142814860622543,1.6843466989853213,129.7898795180723,30.212168516865987,34_skilled_forgery_forgeries_34_20.png,34,skilled_forgery
1.811493694718977,3.945992052199416,5.972029711014965,6.636626956445886,12.976438726738039,8.6567602427087,-13.351819788954504,260.57049632352937,0.9647211456433479,0.9640177599968777,0.6420517375150668,1.9620034508428266,139.57551020408164,30.440449645067975,34_skilled_forgery_forgeries_34_21.png,34,skilled_forgery
1.8536033231558804,3.9713154744209986,6.267999604584942,6.919172243486606,13.603504745193868,8.98861167449017,13.746015641996854,274.9184895833333,0.9632291731066677,0.9627311210429707,0.6124026821396316,1.679389310413146,142.66324786324788,30.28158429286919,34_skilled_forgery_forgeries_34_22.png,34,skilled_forgery
1.9119586004649902,4.137134726214502,6.500263747197597,7.307801338297919,14.352019186232658,9.440685022380723,14.373194604784091,322.70615808823527,0.9573575725608763,0.956818417558819,0.6434187667168584,1.5200974402922078,137.53310778153698,30.2639985714001,34_skilled_forgery_forgeries_34_23.png,34,skilled_forgery
1.9649618696057882,4.252068346555081,6.627790820634333,7.577931132696838,15.58728879576209,9.982403661388355,14.684158175624168,173.05231311274508,0.9604949335817503,0.9597134556587585,0.695924581946749,1.5200501234084585,160.54599701640976,24.380708427956346,34_skilled_forgery_forgeries_34_24.png,34,skilled_forgery
1.8706330521814913,4.080902256359644,6.1019938394574105,7.042867426507283,13.644404105055974,9.105906978245473,14.066074106771747,310.2736519607843,0.957513526311757,0.956711319738041,0.6144509844512265,2.0206794652574898,144.11295843520782,30.559772738513097,34_skilled_forgery_forgeries_34_3.png,34,skilled_forgery
1.7646272564458716,3.7105422406977002,5.807535121533671,6.1583681345609484,12.153292696623753,8.021526628125482,12.776555587086387,74.78239889705881,0.9733383588900506,0.9729639038235965,0.5938846982544077,4.615384594500522,188.87590652699436,23.68291900043723,34_skilled_forgery_forgeries_34_4.png,34,skilled_forgery
1.6857640473845081,3.6501809234362663,5.429142161980066,5.970027534972142,11.755193160463191,7.842351567751375,11.913188273990302,61.652971813725486,0.9769778197797151,0.9765329318981049,0.5686136646474315,0.4687933419295515,192.22662889518415,22.986665450674305,34_skilled_forgery_forgeries_34_5.png,34,skilled_forgery
1.77480531978326,3.7877654248653774,5.780579479262634,6.002143511329564,11.901340452247744,7.896255852567244,12.61875625645439,67.15726102941177,0.9744814193785515,0.973898205262225,0.6691820861330039,0.9046153832236686,185.9458804523425,25.96486027879799,34_skilled_forgery_forgeries_34_6.png,34,skilled_forgery
1.7619101950426075,3.7686016649750487,5.922628198918384,6.567184271958646,12.961675116214353,8.510787744571907,12.963539897748056,95.25539215686274,0.9730531551555086,0.9726727327348416,0.5923206946500844,0.6209573083816853,180.79569034317637,26.190500107332607,34_skilled_forgery_forgeries_34_7.png,34,skilled_forgery
1.787561520278256,3.791254740584446,6.121110047584968,6.627228967338157,13.098993444722826,8.637795717898259,13.222034832603288,67.28572303921568,0.972696939883306,0.9723205761374079,0.6286754489719024,0.7820689644385256,191.0812693498452,23.938622282388014,34_skilled_forgery_forgeries_34_8.png,34,skilled_forgery
1.8181825678188221,3.8044767091411344,5.941363722200265,6.271445983305661,12.3785705063062,8.175758918310962,13.618020955336469,79.43458946078432,0.9723599883355643,0.9718303299653933,0.6015359137634051,1.471590906303805,187.73946360153258,23.506344095564852,34_skilled_forgery_forgeries_34_9.png,34,skilled_forgery
2.0883313860182926,4.344433806149612,7.7606148572466145,9.597347295001448,-19.13402211096117,12.032705892727094,18.280550997142146,154.465318627451,0.95235072902413,0.9514731785156821,0.7215961776585975,1.3300970860872843,170.69708333333332,26.456007348547306,35_skilled_forgery_forgeries_35_1.png,35,skilled_forgery
1.9603401719882998,3.9880997653042782,8.521540802799828,9.758573441124481,19.049091273251374,-12.389844281774668,19.049199862151674,139.84883578431374,0.9630390138057665,0.9622716009634281,0.7328497277782132,0.6860465110142696,162.7527851458886,28.295436434382722,35_skilled_forgery_forgeries_35_10.png,35,skilled_forgery
1.9310781133903847,3.9607663563483992,6.992262233822477,7.523833470164749,14.79774770352898,9.513881744830474,15.35790442354363,154.58743872549022,0.9650793699378537,0.9643700774600039,0.7157391436878886,3.1168224226242467,157.7905788876277,29.65426702111059,35_skilled_forgery_forgeries_35_11.png,35,skilled_forgery
2.110737441626125,4.350005516612178,7.393722222111975,7.923436011870149,15.599092737804668,10.107708472203266,16.142661600376556,147.1155943627451,0.9532403420651506,0.9522694385503987,0.734851517452155,1.886746985678618,170.567612687813,26.292149932194608,35_skilled_forgery_forgeries_35_12.png,35,skilled_forgery
2.115443056378649,4.4326602048919925,7.4366567841575515,8.480094713668507,16.526464208576574,10.718221726692944,16.67713489421173,183.17297794117644,0.943331514409338,0.9422213166343012,0.7592678305716593,1.2846034204629833,165.2773995915589,27.666735200756545,35_skilled_forgery_forgeries_35_13.png,35,skilled_forgery
2.131458268315555,4.501724211540264,7.019376082634139,7.830213804201714,15.256914308447008,10.08961148834707,-16.284326580879537,172.82441789215693,0.9450454414286645,0.9440135737279669,0.7455026141317612,2.039870687457036,168.2477844735909,25.622195758945683,35_skilled_forgery_forgeries_35_14.png,35,skilled_forgery
2.114480383294774,4.406957037932369,7.166502191998708,7.61242435276713,15.012550954750381,9.81716560359185,15.661628213283409,159.49313725490194,0.9575998166993852,0.9568031320668066,0.7379855515849175,1.1128404658435402,161.8927255985267,27.695995058760204,35_skilled_forgery_forgeries_35_15.png,35,skilled_forgery
2.140980679709227,4.597665407895678,7.291504481929673,9.847303174831044,-18.51739816128379,-12.29991736157966,-18.631992109424292,195.84194240196075,0.9361647430334002,0.9347620462473282,0.7684980788601575,1.6173228333721865,165.54783393501805,26.69593794961561,35_skilled_forgery_forgeries_35_16.png,35,skilled_forgery
2.1089638710174103,4.440833829528979,7.036554644043321,8.07233790856494,15.940368811661997,10.485007070788193,15.685224957021457,148.75376838235294,0.9455679582561092,0.9446267722488685,0.719264268739711,1.3226079582365724,177.91323368574552,24.74795549848838,35_skilled_forgery_forgeries_35_17.png,35,skilled_forgery
2.0539178179473323,4.327837014122726,7.234621226368156,10.59304291065666,19.59997216060802,13.604073993985587,-19.735671942821117,165.34712009803926,0.9474285483978129,0.9463266321379328,0.7339517979705802,1.4787037023345335,170.47964138961524,26.96236353904097,35_skilled_forgery_forgeries_35_18.png,35,skilled_forgery
2.0958167233442944,4.472133145085595,7.239635530018116,9.269470880216526,17.555386328272252,-11.914218037018122,17.959690106741895,151.32257965686273,0.9490795641001587,0.9479962028521299,0.7477982750012476,1.6717791393949089,171.1075392269422,27.178611369755888,35_skilled_forgery_forgeries_35_19.png,35,skilled_forgery
2.0468633487544285,4.294414938137839,7.366978338817349,7.992096415428828,16.068097701459845,10.444839623462197,15.709776452600595,131.21648284313724,0.9552851081361308,0.9542912132581869,0.774725387558112,0.7972243633020629,167.58086658086657,28.051826665256893,35_skilled_forgery_forgeries_35_2.png,35,skilled_forgery
2.1177670638962867,4.535226131752591,6.97117715816365,8.318908670485373,16.237297287962654,10.693181270950575,16.036493140750395,158.3579963235294,0.9502349483958982,0.9495278906977002,0.7118050372583492,1.0858333324284721,172.62325209748303,25.292327857929624,35_skilled_forgery_forgeries_35_20.png,35,skilled_forgery
2.089759480688522,4.508410071918754,7.109017970320908,8.114293661802764,15.731961695725792,-10.818922043892046,-16.507808454004618,162.10165441176477,0.9530890311519968,0.9523613711619666,0.7332007631328609,0.4333936103475626,166.56391925988225,28.345732752839808,35_skilled_forgery_forgeries_35_21.png,35,skilled_forgery
2.1808029038285275,4.657872042660054,7.447884298960895,9.199135666285096,17.80279537170136,11.59309734257655,17.59254645305971,145.31038602941177,0.9522687722832932,0.9514122958438097,0.7118937890802381,1.0769903752607257,174.61457455770852,26.601685624457517,35_skilled_forgery_forgeries_35_22.png,35,skilled_forgery
2.051392627622673,4.3978149330431915,6.823896550970128,7.509229451692812,14.752664483480016,9.721796016996803,14.938588741101762,151.40422794117646,0.95206301976173,0.9509674922082835,0.7349618708861787,1.412915849889515,170.61759935117598,26.64054678957301,35_skilled_forgery_forgeries_35_23.png,35,skilled_forgery
2.1004353985411486,4.473348294290526,7.082447936281032,8.044268134979468,15.80296970082161,10.313977696101801,15.721002284655102,155.05749080882356,0.9538001045432704,0.9526982054551004,0.7506840755407604,0.6166328596236423,165.32956921790046,27.42047014475781,35_skilled_forgery_forgeries_35_24.png,35,skilled_forgery
2.114207194571213,4.372449895918067,7.58257231447613,8.207967086238932,16.104344289118945,10.400473591340617,17.249995098290363,160.7684129901961,0.9549520308212945,0.9539541113613551,0.7482208832633578,1.297244093211374,163.10839760068552,28.060740026794367,35_skilled_forgery_forgeries_35_3.png,35,skilled_forgery
2.159612407852277,4.621177452812376,7.418439100354063,8.674358263156057,-16.76982407992544,-11.074609615231418,-17.067810544111172,178.74852941176474,0.9478153806256253,0.9468315293732703,0.7570634741725611,0.8310810805195398,162.87343173431734,26.96308524101006,35_skilled_forgery_forgeries_35_4.png,35,skilled_forgery
2.1016045227807165,4.428104357716698,7.332518096341998,9.062035075331147,17.408459065506683,11.306751006249797,17.411202920215555,155.03633578431368,0.9536026318412668,0.9527290808785303,0.7315319179255131,1.1500457446019707,168.1608510638298,27.41041266891007,35_skilled_forgery_forgeries_35_5.png,35,skilled_forgery
2.0704937949620983,4.295911182870626,7.886072576938239,9.198239570456293,17.754588897070875,-11.77023566645279,18.339789804572572,135.34929534313727,0.9605496913127076,0.959851460432371,0.7163141084396771,0.7568042135585563,169.52423788105946,26.464775552776846,35_skilled_forgery_forgeries_35_6.png,35,skilled_forgery
2.113378715098936,4.356233177301246,7.493959726376639,8.045394060791232,15.819963140299377,10.225009308008676,16.641138135895428,134.8828125,0.9592858658459752,0.9584269360192667,0.7474000538003213,1.02901353865666,166.72116301239276,27.654340962180783,35_skilled_forgery_forgeries_35_7.png,35,skilled_forgery
2.039780105568511,4.179369240342009,7.622319748355003,8.263007110493954,16.22335726282877,10.353621474896944,16.759007351930723,160.03235294117647,0.9551371244688384,0.9541685578222457,0.7426804680675427,1.048758864318476,163.87840761575075,27.83261795942182,35_skilled_forgery_forgeries_35_8.png,35,skilled_forgery
1.911777888303203,3.904359513222384,7.542918730334373,8.156780458197641,16.098338956069178,10.180761370711886,16.2380444746475,128.63250612745097,0.9683065819301491,0.967510182136588,0.7233087377902105,0.7133757954210448,161.51425030978933,29.632707952055167,35_skilled_forgery_forgeries_35_9.png,35,skilled_forgery
2.062561985460804,4.265691179837502,7.0427575124579995,7.236937381418677,14.37682521781292,9.378140946373875,16.24204817922643,118.01314338235295,0.9593122808253882,0.9584112019202319,0.8143604015117011,0.6440804164973339,160.48460144927537,27.684979613826137,36_skilled_forgery_forgeries_36_1.png,36,skilled_forgery
2.0025556415894,4.1411938594167985,6.899815712033207,7.216540218298764,14.284760082163105,9.32490757378078,-14.947189023667782,140.984987745098,0.9592703350430408,0.9583806838872728,0.7684832686319105,1.6791510590772147,161.64631873252563,28.874092425253824,36_skilled_forgery_forgeries_36_10.png,36,skilled_forgery
1.8982420180017432,3.905625877084342,6.6563664260285265,6.851051197592466,13.605897274739728,8.851094651432158,-14.745774650571345,88.02763480392159,0.9685046755067893,0.967816689242312,0.7283472468802547,0.8553386901775675,177.2450495049505,25.473376710541405,36_skilled_forgery_forgeries_36_11.png,36,skilled_forgery
1.979274742238471,4.049818588391402,6.731495435502877,7.0133481097180805,13.887354649369518,9.076369985027402,-14.954956226545045,103.78964460784313,0.9694287066640341,0.9687201557098729,0.7876537165559635,1.3049645371560787,158.77107692307692,28.073473278473397,36_skilled_forgery_forgeries_36_12.png,36,skilled_forgery
2.034760769451895,4.1894692609408475,7.112489757014332,7.271084505839515,14.463502024221954,9.376275939682511,15.731760303412257,120.63495710784314,0.9600969186862838,0.9593149618232778,0.7802630603186961,0.8670166221635899,165.76710402999063,26.359379611208077,36_skilled_forgery_forgeries_36_13.png,36,skilled_forgery
2.0923616911537066,4.362244428211334,6.907433099588964,7.169297038329908,14.20861958026309,9.360512764134224,-15.385954563618043,136.04972426470587,0.9533435072832555,0.9524833812043209,0.7870208440822762,0.629169391347829,165.81212364512245,26.819348021311118,36_skilled_forgery_forgeries_36_14.png,36,skilled_forgery
1.9639036241450398,4.0427024043310755,6.857817236615343,7.121463487576723,14.112340085799895,9.142862430814768,15.234048116783525,114.97426470588238,0.9668614593085865,0.9660547801196974,0.7743112927061022,0.3199404759524252,160.728297632469,26.973044286314902,36_skilled_forgery_forgeries_36_15.png,36,skilled_forgery
2.035835023847949,4.216164583486633,7.083648145128889,7.365575974656575,14.591086683323677,9.475032529230111,15.782219368631067,134.56881127450984,0.9617560950239881,0.96075483895924,0.7722634791346468,0.768630848554046,160.34296913277805,27.747089766285622,36_skilled_forgery_forgeries_36_16.png,36,skilled_forgery
2.073968277420129,4.297267993422422,6.780840846583864,6.988828671019221,13.87368473139852,9.138042925184465,15.87784535247446,122.77395833333334,0.9623404858118746,0.9615361482334003,0.7630562771232501,0.7495590822314293,165.08417338709677,26.179619002789696,36_skilled_forgery_forgeries_36_17.png,36,skilled_forgery
2.0217971318698362,4.1566377317548495,7.269061696255276,7.312039583463598,14.602700239309065,9.391722936497397,-16.250294489045864,130.18069852941179,0.9583314124124264,0.9569711357092073,0.8105473651698301,0.9394449109003826,158.66782307025153,27.820462313944102,36_skilled_forgery_forgeries_36_18.png,36,skilled_forgery
2.024791668070899,4.224801361603634,7.732675079644162,7.435785421007976,15.022441980873134,9.551286171745643,15.997131751488423,142.91323529411767,0.9553972368200464,0.9545205105250796,0.7861386404841976,0.5085388991090836,161.31069182389936,26.237160400747356,36_skilled_forgery_forgeries_36_19.png,36,skilled_forgery
2.0272438107818265,4.179876342945354,6.794645937518179,7.005103057618094,13.905359289266924,9.103521014266239,-15.282665084636303,123.77352941176471,0.9579977440696863,0.9570327609585834,0.794215957524516,1.100187264887465,163.8970129291128,27.166526388831045,36_skilled_forgery_forgeries_36_2.png,36,skilled_forgery
2.050221823329227,4.274771256383731,7.595654090896786,7.490106309148855,15.034699925404153,9.639636976945896,16.085288373288993,153.72637867647063,0.9547278009711987,0.95377009155614,0.7667789908164865,0.7992452824156638,162.24286912751677,27.1082250171454,36_skilled_forgery_forgeries_36_20.png,36,skilled_forgery
2.0725569986697434,4.314341641353614,7.262370965678005,7.453977884342631,14.812201217117291,9.611366376543042,-16.635865015131568,126.34984681372549,0.9608582742055343,0.9599123107027899,0.7855540198626475,0.6300309592646819,162.09496676163343,27.906037281147373,36_skilled_forgery_forgeries_36_21.png,36,skilled_forgery
2.0037585057068594,4.156676818099892,7.502232015008704,8.052465007966845,15.964245878139641,10.486136128321808,-15.997698251335589,133.29589460784314,0.9596088795167643,0.9584571327074254,0.7876334740971693,0.8610400674671439,160.45671094823638,27.30051671844667,36_skilled_forgery_forgeries_36_22.png,36,skilled_forgery
1.8921911265736513,3.8828847107106212,6.56027174825948,7.17988311170968,14.18845420719037,9.55762410128247,-14.213201579515134,103.78339460784314,0.9689077049932553,0.968199373942713,0.767258509425453,0.7732181417135873,164.42509135200976,29.437471524265792,36_skilled_forgery_forgeries_36_23.png,36,skilled_forgery
1.960057248819696,3.993360267551349,7.159526574314586,7.249494871009312,14.454658879452994,9.277061261630651,-15.715157709385826,102.45710784313727,0.965451058779019,0.964737616123028,0.7755831594105241,1.3856209132214106,167.73643835616437,27.627723091219515,36_skilled_forgery_forgeries_36_24.png,36,skilled_forgery
2.0132094215866245,4.1275563306822205,7.1153350961033395,7.307161574643299,14.518746797835894,9.371829266515183,-15.923212835644954,118.12827818627451,0.9617911315044492,0.9609080252926345,0.8014035829745209,1.512789279521572,160.74503150751332,28.420138267152534,36_skilled_forgery_forgeries_36_3.png,36,skilled_forgery
1.9819078961958463,4.053514605731765,6.60815382680115,6.812495200139069,13.52462347291551,8.858284557607112,-14.564008834378438,131.19445465686275,0.9656604765672776,0.9649060464158267,0.7475999461175099,0.4247011948807161,160.21868008948545,27.409843021343708,36_skilled_forgery_forgeries_36_4.png,36,skilled_forgery
2.070754142387592,4.34420164997974,7.093509020560082,8.04335480127007,16.040524656111383,10.975194714758855,-15.644245554043962,135.7470588235294,0.957713997016666,0.956726406921075,0.7830835186439117,0.5707282909168568,162.06286223807402,27.678800136674788,36_skilled_forgery_forgeries_36_5.png,36,skilled_forgery
1.9445140987560985,4.003532991877413,7.676267980910684,8.04856026739771,15.953978924795612,10.124116281178003,-16.283741947934455,142.11118259803922,0.9638346767792824,0.9630371611689857,0.7611315381389778,1.6657342634045675,156.72717733473243,28.50629182784791,36_skilled_forgery_forgeries_36_6.png,36,skilled_forgery
2.0851060865596907,4.301652510202682,7.410294270685539,7.930099496534524,15.601962677495337,10.109550703058828,-16.6586299019478,128.41354166666665,0.9602980918208797,0.9592996558133094,0.7982429987208348,0.09127995915793984,159.23644859813083,28.94345403217761,36_skilled_forgery_forgeries_36_7.png,36,skilled_forgery
2.0300607547146505,4.131093081652003,6.74573055730432,6.934934708855204,13.77539061909418,9.01304093150277,-15.398264826421498,110.44748774509806,0.9651927038160348,0.9643852806708028,0.7618335657007581,1.2773631824908418,167.01037684325505,27.235554424630827,36_skilled_forgery_forgeries_36_8.png,36,skilled_forgery
1.963064050918131,4.037947535255384,7.082687873693455,7.457276101188164,14.758256642131505,9.607953277163896,-15.165279458690934,131.4253982843137,0.9655068308692323,0.964706852354623,0.762959615692207,0.6065428818686623,157.93175564116675,28.281620326036848,36_skilled_forgery_forgeries_36_9.png,36,skilled_forgery
1.9298031261590503,3.968144341133097,6.52002110317206,6.70971470289845,13.326817338963632,8.695856809383315,14.319463347989887,158.7061580882353,0.9554524766430706,0.9547512971545233,0.6569630332002487,0.5282087443383577,174.51684356252883,26.571851336290397,37_skilled_forgery_forgeries_37_1.png,37,skilled_forgery
2.112559546610587,4.378540535776231,7.181824494438125,7.547556048170715,14.928233458004254,9.764887761022015,15.486682636821389,198.5875612745098,0.9351237585621592,0.9338440410321954,0.709058826688985,0.7059442395023965,174.63213074313907,27.05128198284466,37_skilled_forgery_forgeries_37_10.png,37,skilled_forgery
2.0150618222407566,4.143607625761682,7.07642462448549,7.333997134006511,14.55221153141035,9.470118618940633,15.157024051268005,148.21636029411764,0.9506008142959019,0.9496963758354985,0.7250458437700966,0.5768261961103109,174.04113418530352,26.90309763970289,37_skilled_forgery_forgeries_37_11.png,37,skilled_forgery
1.9861789989176928,4.138790627761533,6.939693439537143,7.275122575660219,14.38267917766985,9.34868700993594,15.964980796693725,196.11795343137254,0.9484955222102218,0.9476594820161355,0.644945873119299,0.9000762769640912,172.37936571657968,25.922687909504404,37_skilled_forgery_forgeries_37_12.png,37,skilled_forgery
1.9538421262109802,4.0897781701197315,6.613374971868761,6.857975836652002,13.597222389487737,8.909680262148855,-14.487407566375383,195.30229779411766,0.9499408266952801,0.9492676808328626,0.6547487245797429,0.5216572501433413,170.2161716171617,26.376500364568813,37_skilled_forgery_forgeries_37_13.png,37,skilled_forgery
1.9551352379805735,4.090676549160416,6.94489702901318,7.32930325472613,14.468598272333027,9.462629599336157,15.465172099036335,154.73955269607842,0.9558892222242092,0.9551494045714655,0.6749508842243562,0.7033831623104774,172.71547344110854,25.116419292534395,37_skilled_forgery_forgeries_37_14.png,37,skilled_forgery
1.8883171392726292,3.8617937879875317,6.91603035048956,7.068539608930235,14.06088173867338,9.037845485678565,15.850722077152374,195.66155024509808,0.9552336338524853,0.954582295639518,0.7062251160960372,0.722007721450187,158.73721973094172,28.25754402038199,37_skilled_forgery_forgeries_37_15.png,37,skilled_forgery
2.041296945169259,4.23255700778766,7.2942844531169335,7.560009258328626,14.987507132200536,9.67914138816887,16.383043971343266,156.2765931372549,0.9644984909214409,0.9641102568300991,0.5910855366252771,0.7971491219329505,170.69554606467358,26.115959993336727,37_skilled_forgery_forgeries_37_16.png,37,skilled_forgery
2.007633860858091,4.220305672224184,6.746485842579088,7.144273743565091,14.08994638585122,9.284996916078175,-15.524855071212885,176.46629901960787,0.9514839913711395,0.950661553949831,0.6798882363676855,1.1166518244731505,170.33824148085822,25.7510986229719,37_skilled_forgery_forgeries_37_17.png,37,skilled_forgery
1.8883564726446316,3.8546280361485517,6.551248810364039,6.617646933259935,13.20217110204077,8.5465460823327,14.929256468004638,203.8359987745098,0.9507139108289361,0.9500335587392654,0.6570474451161394,0.5861610109207178,167.24077181208054,26.778263913036863,37_skilled_forgery_forgeries_37_18.png,37,skilled_forgery
2.0916382784029017,4.372792398080977,7.49700907648769,7.93745795098846,15.655960603475712,10.157706533684308,16.7719483307849,218.0149203431372,0.9407454447380862,0.9397861531371494,0.7085406407916377,0.7802395204908745,166.51934073326606,27.20275639653827,37_skilled_forgery_forgeries_37_19.png,37,skilled_forgery
2.0198543773208124,4.245056361244968,7.031111972836457,7.621313852316618,14.958493296870005,9.877163148855614,15.601329457872987,176.95122549019607,0.9410116718964617,0.939832789663262,0.7127269458998782,0.6325966847333719,175.14483925549916,26.750852786499284,37_skilled_forgery_forgeries_37_2.png,37,skilled_forgery
2.1107072151628063,4.419671711206151,7.374094813296645,7.843587011615781,15.466671563495433,10.093645196242708,16.05107748821034,164.56734068627452,0.95626495309983,0.9556704967202201,0.6296037522951835,1.7100130016774864,174.1626679462572,25.152756491105958,37_skilled_forgery_forgeries_37_20.png,37,skilled_forgery
1.923226681132175,3.951953866979398,6.710241886600039,6.897285738004964,13.708410873568704,8.89142371785203,14.439619027178143,202.17346813725487,0.9500637303320278,0.9494055299430381,0.6601175099568141,1.3868110222570758,168.32247422680413,27.792662572111976,37_skilled_forgery_forgeries_37_21.png,37,skilled_forgery
1.9893193232945736,4.1147128296667,6.753576485354917,7.140548557697152,14.10889310924184,9.257201770261544,14.6025358251305,207.5833946078432,0.9506560422463016,0.9499107611479829,0.6720409785526258,0.6329284746066609,165.1396694214876,27.595564918959404,37_skilled_forgery_forgeries_37_22.png,37,skilled_forgery
2.0782626895111282,4.383171684706365,6.96392371611566,7.454957872211864,14.6744184209835,9.711276445523465,15.33733789503037,192.0024203431373,0.9388202019536853,0.9376268336605494,0.7306142732310337,0.6855277471787118,170.76533247256293,27.396641827847585,37_skilled_forgery_forgeries_37_23.png,37,skilled_forgery
1.9248978047672667,3.9458373940386164,7.443078496467412,7.520953543850865,15.004798251648527,9.544780338886,16.04119065938659,154.20621936274512,0.9683003212892474,0.96790878854915,0.6132835004953165,0.5871657747730847,164.63274932614556,28.105582226303028,37_skilled_forgery_forgeries_37_24.png,37,skilled_forgery
2.067701088232227,4.2680506298685925,6.8511178049099195,7.0971093202893005,14.07246953343928,9.240812437951817,15.19235070122242,181.33066789215692,0.9427624366900064,0.9416395811361238,0.7267837652077688,0.6774379684492567,171.0543515651875,26.811996994223804,37_skilled_forgery_forgeries_37_3.png,37,skilled_forgery
2.0911985537639897,4.430382072270846,7.132465354048689,7.635513340587205,15.020010036030895,9.85836441956341,-16.335480440228412,139.9291053921569,0.958405929130718,0.9578148858305024,0.6575006023464981,1.0461065563052188,176.35052578868303,26.09768091992195,37_skilled_forgery_forgeries_37_4.png,37,skilled_forgery
2.004534395310001,4.132343738931866,6.764179257355883,6.86323717861514,13.677414726603539,8.940847505389966,15.00981801801962,124.49984681372548,0.9617297086432585,0.9609855509495521,0.6712942787789433,0.5225225220945761,176.9548144163529,27.06601620375628,37_skilled_forgery_forgeries_37_5.png,37,skilled_forgery
1.9994598860852764,4.127286593177454,6.81596079129569,7.163565301938608,14.167577621846876,9.292635904522008,14.751894826327234,174.29779411764707,0.949248048982071,0.9482410928134412,0.7148403702927235,0.7432249317457825,169.27788573649437,26.365574780405026,37_skilled_forgery_forgeries_37_6.png,37,skilled_forgery
2.0661191370956606,4.378397691932012,7.1049560930883,7.543131063607244,14.877014594254902,9.767431570019264,15.54395670074657,148.34877450980392,0.9520067975084764,0.9513205584531833,0.6709489836164457,0.8743961345616778,178.56314432989691,26.206773587486246,37_skilled_forgery_forgeries_37_7.png,37,skilled_forgery
2.032988060350692,4.227171190798492,7.142991109065769,7.595472786718798,14.984714182166364,9.842442939834465,15.49239224713552,168.21847426470592,0.9483854005682248,0.9475217154499913,0.6955130320491704,0.6451195858790435,173.2589390962672,25.77471049372977,37_skilled_forgery_forgeries_37_8.png,37,skilled_forgery
1.9336360747148849,3.96033160652331,6.62774062082086,6.792540063092649,13.504811447768958,8.790163980371975,14.507826134923066,156.33308823529413,0.9563916689456534,0.9558694459898194,0.6713429380466209,0.5064011376199138,172.3847969782814,26.956417369957965,37_skilled_forgery_forgeries_37_9.png,37,skilled_forgery
1.7967980353603783,3.6484896116505205,6.301858445723801,6.539170636897711,12.959800638887499,8.363483381773081,14.596903010166924,102.323743872549,0.9746338521958849,0.9741122214001902,0.6731491772817176,0.16666666651234566,168.33809523809524,27.2837816152568,38_skilled_forgery_forgeries_38_1.png,38,skilled_forgery
1.710863493529721,3.4969930656046486,5.91855146196861,6.210387694486979,12.274857750518285,7.958999908740384,15.103610000541705,90.44718137254901,0.9777142603737607,0.9772217638454777,0.6549273754300736,0.5082191773860011,170.2851952770209,26.737844075345173,38_skilled_forgery_forgeries_38_10.png,38,skilled_forgery
1.8820108315023893,3.847220851174444,6.552868238456754,6.879498267393073,13.598969485399492,8.8079112997967,14.507236987976183,106.31145833333333,0.9727288614848876,0.9721054291840848,0.73985447774053,0.3674059784306596,160.8194640338505,27.00751844848357,38_skilled_forgery_forgeries_38_11.png,38,skilled_forgery
1.6579439914360696,3.3532957053479615,5.920441097483406,5.994345687258007,11.951740599837384,7.67101737796187,14.529165394762684,87.90566789215686,0.9791322637689676,0.9788148324579103,0.6375055304601083,1.5617128424138216,170.16814159292036,26.431564065441464,38_skilled_forgery_forgeries_38_12.png,38,skilled_forgery
1.726600777343723,3.511860109918788,5.869669140855929,6.051005531715473,12.012010684084075,7.811923378166432,13.267725411343836,74.83471200980394,0.9783247161577879,0.9780183410720186,0.6667347413970549,1.1148514829408882,175.89232209737827,26.589658535788146,38_skilled_forgery_forgeries_38_13.png,38,skilled_forgery
1.798891436718193,3.7338257932612247,5.826332205929084,6.132746020699293,12.11700737188747,8.01217351866544,12.945945201868128,108.08857230392157,0.9712665266214133,0.97078845480387,0.6530446254613049,0.6050808307100684,172.87697841726617,26.737061865526158,38_skilled_forgery_forgeries_38_14.png,38,skilled_forgery
1.6887497429227991,3.4340472966576203,5.763866005419509,5.992925670252698,11.872930520544283,7.718025387407917,12.937222972359018,68.94221813725488,0.9801567833055603,0.9798104755015797,0.7013424667903503,0.3311170208362806,171.7782217782218,26.597731593292995,38_skilled_forgery_forgeries_38_15.png,38,skilled_forgery
1.7084884456111875,3.4752197062908885,5.788839968633136,5.960648293719508,11.835850436306044,7.701856223167926,13.173560399415148,75.86896446078431,0.9792160135794082,0.978830202381025,0.649895312642386,1.1302520984658568,175.0483234714004,26.126052957648604,38_skilled_forgery_forgeries_38_16.png,38,skilled_forgery
1.798891436718193,3.7338257932612247,5.826332205929084,6.132746020699293,12.11700737188747,8.01217351866544,12.945945201868128,108.08857230392157,0.9712665266214133,0.97078845480387,0.6530446254613049,0.6050808307100684,172.87697841726617,26.737061865526158,38_skilled_forgery_forgeries_38_17.png,38,skilled_forgery
1.749152202005431,3.55327605871763,5.955754043152567,6.101628952082761,12.130325641614306,7.878559353333524,-14.44103646344107,86.83204656862745,0.9770382849021221,0.9765017350616363,0.7173192033611273,0.7634730527492919,166.06706281833615,27.29123104684142,38_skilled_forgery_forgeries_38_18.png,38,skilled_forgery
1.7657887677918922,3.592147147663707,5.974048392645267,6.140300577831477,12.198226119626636,7.940715013838493,13.42839131997935,82.99240196078429,0.9781804793532185,0.97766592055852,0.7067926173666887,0.2699316625627202,166.84125560538118,25.429598626715126,38_skilled_forgery_forgeries_38_19.png,38,skilled_forgery
1.6201888609964064,3.3300128009295724,5.985120885609398,5.772801761400689,11.652195002557207,7.440740345390831,-13.002655689243396,99.29056372549022,0.9770946718066865,0.9768085428708286,0.5068902548508444,3.531645554718795,178.64338919925513,26.68214898666987,38_skilled_forgery_forgeries_38_2.png,38,skilled_forgery
1.7812186596012571,3.65762961087515,5.994079867041114,6.181605692567024,12.272758609743034,8.019670237280202,13.179555587658808,104.32288602941176,0.9742364670897551,0.9737292841256712,0.6740099582115843,0.33229166632052953,167.68256450351836,26.304007269373066,38_skilled_forgery_forgeries_38_20.png,38,skilled_forgery
1.7493858978231667,3.5489170192449975,6.119828988739722,6.378719045883987,12.633794259214651,8.184111810166351,13.417505591357761,77.91023284313727,0.97844232238938,0.9780642133142705,0.7058759501168739,0.24401368273202545,169.16773602199817,26.091503375682976,38_skilled_forgery_forgeries_38_21.png,38,skilled_forgery
1.7485770090401764,3.553109929746592,6.582808890313166,6.9174827067313185,13.677412183652264,8.719501972726054,14.345628051318503,87.16495098039213,0.9769487710212473,0.9764558899900684,0.6574964940849125,0.2999999996590909,172.75437062937064,24.804726493595417,38_skilled_forgery_forgeries_38_22.png,38,skilled_forgery
1.7484572550961117,3.5460716966865022,6.710951494676106,7.020603517166143,13.891447790776759,8.804835016657679,14.704921142543315,84.67830882352943,0.9777009501174545,0.9772830224123698,0.6679189349115938,1110000000.0,171.97297297297297,26.86813292428611,38_skilled_forgery_forgeries_38_23.png,38,skilled_forgery
1.6887497429227991,3.4340472966576203,5.763866005419509,5.992925670252698,11.872930520544283,7.718025387407917,12.937222972359018,68.94221813725488,0.9801567833055603,0.9798104755015797,0.7013424667903503,0.3311170208362806,171.7782217782218,26.597731593292995,38_skilled_forgery_forgeries_38_24.png,38,skilled_forgery
1.6208143529126027,3.297363963620987,6.268800870123442,6.504244376829593,12.892203318818693,8.155988614406875,13.98123654247879,87.78305759803922,0.9803655480109312,0.9800096633660142,0.6273649659710805,0.5785953167582019,168.08368644067798,26.458681987428058,38_skilled_forgery_forgeries_38_3.png,38,skilled_forgery
1.8303791218481105,3.7479410847069263,6.243661405605483,6.671924163763038,13.14475833028226,8.573254740719847,-13.716927518787747,113.90254289215686,0.973628421007454,0.9731930233982153,0.6962483050689183,6.812865457234705,162.57410179640718,28.171080532788356,38_skilled_forgery_forgeries_38_4.png,38,skilled_forgery
1.747410138615752,3.5514245089324774,7.564636454590923,7.8576726211846735,15.589548969817868,9.664186043870986,16.089268984141174,102.42279411764709,0.9770159936023686,0.9766090025212203,0.6623266231675637,0.5384615377348697,164.84298245614036,26.42279209285325,38_skilled_forgery_forgeries_38_5.png,38,skilled_forgery
1.6396051928878475,3.3690976472427994,5.501364030770758,5.732634779062035,11.350865685826337,7.4201921223802785,12.473409267789272,83.19595588235295,0.9779953333195286,0.9776814821358755,0.605834358088499,0.783362217013237,176.7745383867833,25.929741599608775,38_skilled_forgery_forgeries_38_6.png,38,skilled_forgery
1.761538235656673,3.638081737290794,6.001933592618581,6.495550061398468,12.744463619448622,8.316129560456703,14.295330504023422,104.88658088235294,0.9748416369470354,0.9744646055660353,0.6409919393738975,0.6954102911051318,170.12797374897457,27.459927341383494,38_skilled_forgery_forgeries_38_7.png,38,skilled_forgery
1.7995502660023506,3.6476337416179097,7.177595771754333,7.3404986853273995,14.603413001383364,9.173767790159616,15.47616174567913,106.13578431372551,0.9744572417621612,0.9740202482672697,0.6831114403338557,0.4420697407850734,165.88923556942277,27.25124725495601,38_skilled_forgery_forgeries_38_8.png,38,skilled_forgery
1.6635561956145233,3.3967838021862713,5.766748860699758,6.085531489998432,12.018999364708947,7.806966713546164,12.751218548338363,69.66969975490197,0.9797401198310303,0.9793203242650144,0.6848181242646098,0.23030303002387512,174.02364532019703,25.555839229642704,38_skilled_forgery_forgeries_38_9.png,38,skilled_forgery
1.8950529157324922,3.920580735638826,6.776388978756177,7.725885361749157,-15.31726706416413,-9.854282514643884,-15.027850430874288,56.42601102941177,0.9740259683579487,0.9730552765992264,0.772556866222994,1.3877550996806887,182.44017094017093,24.815960399893253,39_skilled_forgery_forgeries_39_1.png,39,skilled_forgery
1.9599759436305009,4.005240417044719,7.923420416563013,8.227899859118326,16.30485106722863,10.316242544978541,17.41710742984857,72.1670036764706,0.9726910466983925,0.9715998433868719,0.8147743724045193,0.8669950728238977,166.29023746701847,26.493618183047356,39_skilled_forgery_forgeries_39_10.png,39,skilled_forgery
1.858721851511548,3.791769824263252,6.908642248109317,7.10544887701722,14.113537698126065,9.037292006533162,15.272197042426088,65.35983455882355,0.975642685379367,0.9745255898107491,0.8195238771311814,0.9250353593705299,164.8398236590742,26.94227483114432,39_skilled_forgery_forgeries_39_11.png,39,skilled_forgery
1.9084696255049307,4.237196152797872,6.0476483231029645,6.816105596670809,13.248379290549307,8.951939666158829,-14.617308345265593,71.17751225490197,0.9728242289942682,0.9721057519880599,0.7108681667878393,6.20418844919273,181.53706395348837,23.590099879183715,39_skilled_forgery_forgeries_39_12.png,39,skilled_forgery
1.785207406218324,3.658063997606522,7.064423667319698,8.009952859504612,15.867024626801694,10.269863568663052,15.603673002519434,62.62389705882354,0.9797510808780199,0.9793355556664046,0.7659275012269612,28.611110316358047,167.66979362101313,26.264739761544334,39_skilled_forgery_forgeries_39_13.png,39,skilled_forgery
1.818287775044032,3.772745368479821,5.978378526953823,6.141879179413756,12.205149971353084,8.042945722348618,13.123355407943913,76.48382352941178,0.9757147736932271,0.9750772119299017,0.7085825326201063,0.5066185312796407,175.11421725239617,24.143749926006578,39_skilled_forgery_forgeries_39_14.png,39,skilled_forgery
1.803121755415804,3.7038699678926856,6.604272352911458,6.640178735350896,13.262434286754761,8.492378204707455,-15.19218317831821,62.492325367647055,0.9789288485446592,0.9784777375675442,0.7467066276437849,0.6919575103308687,173.35515695067264,25.913539544065063,39_skilled_forgery_forgeries_39_15.png,39,skilled_forgery
1.8588948385568347,3.806499648803459,6.765850584774592,7.087955199724768,14.017488495186049,9.099220638911655,14.974537960706996,57.20969669117647,0.978367199033697,0.9775433190878335,0.7880068238189003,0.004230118439737632,172.5324347093513,27.280524995499395,39_skilled_forgery_forgeries_39_16.png,39,skilled_forgery
1.8833296941792703,3.934289030056573,6.024299082492158,6.270181863033306,12.426630844721746,8.270218207386064,13.108292820668503,58.78602941176472,0.9761311653252505,0.9755367476703036,0.7624561468845683,0.38419319387025996,177.50911974623315,22.734113678796515,39_skilled_forgery_forgeries_39_17.png,39,skilled_forgery
1.7237979148556621,3.5012133805719485,6.265642811551267,6.516392813032805,12.91011082222956,8.303157547613484,13.861438765027662,58.69603247549019,0.9807539918331266,0.9801780591374479,0.757674550404732,2.03254437268478,170.90146341463415,27.441095189067997,39_skilled_forgery_forgeries_39_18.png,39,skilled_forgery
1.875039024159668,3.902819053816827,6.462726270731844,6.998496414736054,13.760248319923463,9.015326320425945,-14.166205927472236,95.36191789215684,0.97564778865588,0.975061825084492,0.7150476123748131,0.007252215949031251,164.728,27.306138796981166,39_skilled_forgery_forgeries_39_19.png,39,skilled_forgery
1.8051093221301813,3.7001226312618885,6.587466046180244,6.699584561548142,13.343300777195935,8.552892020835275,-14.871166104593584,78.07043504901961,0.9722040139946417,0.9713241980070032,0.790721135165607,1.0337837823867786,168.20863787375416,27.044671888314813,39_skilled_forgery_forgeries_39_2.png,39,skilled_forgery
1.8530200643753088,3.8306469109985883,7.210625482654529,7.869182785766231,15.429884940394457,9.85436849610511,15.928769094167741,78.60171568627452,0.972618142272615,0.9719369592218854,0.7508197462062801,1.971134016554363,172.84316446911868,23.329973976688525,39_skilled_forgery_forgeries_39_20.png,39,skilled_forgery
1.8518751137355542,3.833729313103081,6.571472879413699,6.742263788784887,13.399729071435164,8.66615590818575,-14.679839235430281,56.618412990196084,0.9752135544597398,0.9740355461056794,0.7716249766433138,1.6149425256418726,181.24249084249084,24.552832107349133,39_skilled_forgery_forgeries_39_21.png,39,skilled_forgery
1.7887890693087036,3.6514874019093537,6.084191980646358,6.2029937784329165,12.347434813395058,8.043496585470406,13.551150033967868,78.51139705882349,0.9779525042039178,0.9773594658067605,0.758801107327285,0.7552238794698151,163.22108843537416,27.68334854331048,39_skilled_forgery_forgeries_39_22.png,39,skilled_forgery
1.8459585554492155,3.8301636965891945,6.597067287879762,6.857952008030439,13.589895317661307,8.797359492491573,14.432670597828983,66.76988357843139,0.9759040248300478,0.9752456659548339,0.7519393972821212,12.499999867021279,174.57368006304176,24.096050916095532,39_skilled_forgery_forgeries_39_23.png,39,skilled_forgery
1.7246522500059607,3.5183786628403637,7.407037864960074,7.5777082516250855,15.071480219179021,9.339387577295408,-16.16626277416752,62.901164215686286,0.9816863692674984,0.9811890970837903,0.7173979003790529,0.4137931028278964,171.20784729586427,28.0070673918539,39_skilled_forgery_forgeries_39_24.png,39,skilled_forgery
1.756882636088689,3.6764059200428316,7.449173851961839,7.327718923084057,-14.881958062271558,9.26258853778177,-14.852407153152456,62.0154411764706,0.9756331476493997,0.9748934756518669,0.7088031186611045,0.17458866528831016,183.58988326848248,23.831491255747196,39_skilled_forgery_forgeries_39_3.png,39,skilled_forgery
2.0047831645406764,4.200126645261655,7.872038240305199,8.601922749932198,16.96695682574786,10.892189639418874,-17.01447396928387,51.15514705882353,0.9761820161132821,0.9754141254704252,0.8101134975279679,1.6598777970267256,176.4073506891271,26.07048534846016,39_skilled_forgery_forgeries_39_4.png,39,skilled_forgery
1.8171455231844236,3.706792782137374,6.287378664872153,6.316297473050391,12.618207218394346,8.197085549882207,14.358860497279538,76.30747549019608,0.9736522313727893,0.9726721365378468,0.7781928356793404,2.0041666624913193,169.6879334257975,25.879207967438266,39_skilled_forgery_forgeries_39_5.png,39,skilled_forgery
1.847628056428841,3.853239390821064,5.9958386933713514,6.181027484983292,12.270471331393326,8.135207976872717,13.436019485705804,51.77892156862745,0.975679077735864,0.9749394439567617,0.740031627976846,0.5423728806993064,186.37205651491365,22.022174589166678,39_skilled_forgery_forgeries_39_6.png,39,skilled_forgery
1.9230517868136812,3.983758806288004,7.185922119516298,7.411822231200576,14.723375839102946,9.404438803638428,-15.333797265336614,69.30845588235294,0.9738786496914728,0.9731470900913822,0.7710354151819173,2.170068022290095,174.15236051502146,25.90477979119409,39_skilled_forgery_forgeries_39_7.png,39,skilled_forgery
1.858497321004462,3.7842917476182105,7.857795143064149,8.056795871447388,16.014937042981828,10.008192259535354,17.219292238366634,68.17889093137255,0.9723329712798767,0.9711096248258395,0.8203801203816362,1.3298507442838048,168.71684817424727,25.884195446690953,39_skilled_forgery_forgeries_39_8.png,39,skilled_forgery
1.825046134184667,3.7122940481110205,6.394598995749225,6.476635181130823,12.913797661286338,8.35108048667235,-13.986882375108875,70.75698529411765,0.9751394278580353,0.974372461951323,0.794969707295409,3.2594936605712226,166.4219910846954,26.16069765565379,39_skilled_forgery_forgeries_39_9.png,39,skilled_forgery
2.1133942618058392,4.397049759418617,7.2606911408719,8.080102910304005,16.30112374255964,-11.161795505233615,15.76841845060457,281.1466605392157,0.949705637818557,0.9488224631477186,0.7155866453103814,1.3943661958738345,144.95607843137256,31.880272840520128,3_skilled_forgery_forgeries_3_1.png,3,skilled_forgery
1.9904737440532296,4.071938417275252,7.243032476977479,7.624638166309906,15.077986980381938,9.788298864813267,-15.591366830618473,161.4218137254902,0.9629535582734731,0.9621028183751104,0.736141934540399,1.1728813546069137,155.77067082683308,28.767125545220793,3_skilled_forgery_forgeries_3_10.png,3,skilled_forgery
1.8709059380460782,3.819721742693547,6.661702008986247,6.967622659655875,13.794542132522668,8.955357704147309,-14.41256734642193,134.39803921568628,0.9671020727800189,0.9664685578142995,0.7111175040848077,4.488448830071126,162.46121467227903,28.035018565947155,3_skilled_forgery_forgeries_3_11.png,3,skilled_forgery
1.902635577886948,3.911023238329922,6.579562514363128,7.074746284009005,13.967862877728596,9.298834953553765,14.19277715021619,185.51066176470584,0.9662432450846591,0.9657793280760119,0.6528734411863163,1.9728260833825615,155.46069469835467,31.156596816284072,3_skilled_forgery_forgeries_3_12.png,3,skilled_forgery
1.8780670416331302,3.8731973096822663,7.435899613453088,8.357741431693466,-16.485843432407997,-10.331109519563636,16.346340755218908,84.26317401960786,0.9652371072594387,0.9646928198605197,0.5557565784408082,2.5879732681782333,196.38237119801366,22.176069600050504,3_skilled_forgery_forgeries_3_13.png,3,skilled_forgery
1.8889263329418393,3.9599199683801247,6.301831063256088,6.689677825753735,13.23675631855371,8.82869686145755,-13.52380578710271,82.46700367647057,0.9667085233510052,0.9660254272357993,0.5626191987293451,2.720481921155465,194.92098445595855,21.48849493507835,3_skilled_forgery_forgeries_3_14.png,3,skilled_forgery
1.8291512336414466,3.7799978598135735,6.030929034628892,6.256976049443595,12.40632060643365,8.177092464841659,-13.20612063407285,72.31421568627451,0.9704699077995612,0.9697472666624566,0.5856888933590396,2.768817196858018,194.49643366619117,21.94147451680733,3_skilled_forgery_forgeries_3_15.png,3,skilled_forgery
1.9125100766452077,3.931349824316605,7.132384705381759,7.723500162567597,15.209763456083392,9.810753091192392,-15.465415965072882,82.46170343137256,0.9671031460102106,0.9665306316326524,0.6111017509659127,2.246887962143386,191.37316293929712,21.702991841035306,3_skilled_forgery_forgeries_3_16.png,3,skilled_forgery
1.815711695959336,3.765257079748006,6.8663088580062945,7.397093043267663,14.686247220029479,9.57645809291788,-14.672585604941112,99.15517769607844,0.9648695082521397,0.9642641451468146,0.563827238986661,2.99502486817158,190.77210460772105,24.422783371790793,3_skilled_forgery_forgeries_3_17.png,3,skilled_forgery
1.8758070900414765,3.841643780515525,6.628630717128161,6.806947560451754,13.525257078101372,8.728381442194715,14.835214171990502,84.73639705882353,0.9653599012396533,0.9646160874489652,0.6229282587288825,1.5453148977798543,191.43391671695835,22.10318990897893,3_skilled_forgery_forgeries_3_18.png,3,skilled_forgery
1.907615030769328,3.9381275380874907,6.384112172012739,6.632277165115076,13.141034472683753,8.608044615805055,-14.434015332157106,106.02634803921569,0.9657492735149427,0.9650751255263219,0.6581976751658243,0.3897180759620911,180.98090692124106,26.51267753022854,3_skilled_forgery_forgeries_3_19.png,3,skilled_forgery
1.9385041945353592,3.9609173106493163,7.597869686759319,7.816785263362036,15.52431628767448,9.885246930249712,-17.038256907773203,196.86311274509802,0.9642612730253997,0.9635734378651174,0.7241469198776116,1.2877059552754044,144.85373961218838,33.29115566591354,3_skilled_forgery_forgeries_3_2.png,3,skilled_forgery
2.0021434965333045,4.162035957228114,7.485689341237218,8.520236077453706,-16.545122283266025,-10.605504228728037,17.03199056515703,135.90003063725487,0.957295287332995,0.9563901620769774,0.6532625236566738,3.5917030489264126,179.20874940561103,22.88898302655634,3_skilled_forgery_forgeries_3_20.png,3,skilled_forgery
1.917466100385739,3.9182289394942464,7.283602348441066,8.082622268194116,16.763909349462864,-10.450100637740846,15.76793549434107,98.71106004901962,0.9656014176348806,0.9647380428830928,0.6875904727644133,1.1526908621368075,180.8656976744186,25.395545024105903,3_skilled_forgery_forgeries_3_21.png,3,skilled_forgery
2.029733050392761,4.1835438830000475,7.268441832872377,8.157737893602677,17.054534474540844,-10.660426218700993,-15.871761600962609,117.70419730392156,0.9623182499309756,0.9613524879923929,0.7353159588432575,0.9027237345304243,171.5163599182004,25.690887800797356,3_skilled_forgery_forgeries_3_22.png,3,skilled_forgery
1.9249383055272324,3.9384786388767914,7.276052351583866,7.398949270265767,14.737429681484693,9.396459320846608,-15.909792401601328,129.21164215686272,0.9613338049854078,0.9601731018942384,0.7539643132149043,1.4652014634124524,166.43932639920752,29.828960314503608,3_skilled_forgery_forgeries_3_23.png,3,skilled_forgery
1.8053508504159894,3.7221830286478435,6.596673716273598,6.9601506656888175,13.747375649623494,8.854207247519737,-14.438774725091703,46.81786151960785,0.9679569297801961,0.9671899752199513,0.5915176830728555,2.8211586830701294,208.28345418589322,18.284864381727978,3_skilled_forgery_forgeries_3_24.png,3,skilled_forgery
1.8946906832374086,3.8593814556652255,6.852734793805731,7.029268155183227,13.97160720139617,9.032059223050336,15.076156691311791,227.13051470588226,0.9629341888527481,0.9623173031157177,0.6900181176085136,1.6690647457999068,144.81617250673855,33.1248257062987,3_skilled_forgery_forgeries_3_3.png,3,skilled_forgery
2.0036484320993746,4.107883163722845,7.264160375145255,7.32298096192135,14.616552287361575,9.403041909448884,17.376177197093565,289.2626225490196,0.948301599354972,0.9470298659525167,0.7806627897063833,1.298245612950505,132.202471828426,34.69199901678031,3_skilled_forgery_forgeries_3_4.png,3,skilled_forgery
1.965317226369092,4.050382392101614,7.26440759345232,7.835806754410442,15.413512540026316,10.214160703562888,-15.847500640301838,287.73498774509795,0.9532617059094104,0.9523913316310387,0.7287366898313565,1.2085264122256474,136.48887956357532,31.568105775760298,3_skilled_forgery_forgeries_3_5.png,3,skilled_forgery
2.0574092611692816,4.2183890606555385,8.151681137053243,8.407608718107408,16.68749528882896,10.659874728577842,18.164164377512904,338.32573529411775,0.9458406487354007,0.9444564359054497,0.7786961928015537,1.3287671222169481,124.32975778546712,30.7809469043575,3_skilled_forgery_forgeries_3_6.png,3,skilled_forgery
1.9776840669492746,4.065285391344099,7.0972797492315065,7.6819084625659055,15.162646557438404,9.95772953605028,-15.303996030515497,173.92279411764704,0.9608827770623126,0.9599430737525687,0.7436969654481885,0.440569394704221,152.82905138339922,28.773348070378916,3_skilled_forgery_forgeries_3_7.png,3,skilled_forgery
2.0722524274599126,4.292071312751133,7.464252196648469,8.132958538766355,16.085723453874543,11.430450859918672,16.078494515683744,207.64221813725487,0.9503773843181319,0.9492511523056273,0.776006146945638,1.4648547315230975,149.63992395437262,29.510982733473273,3_skilled_forgery_forgeries_3_8.png,3,skilled_forgery
1.9337673386666405,3.9533660768559233,7.264287943948915,7.402149170217769,14.735431119601587,9.45886186699248,16.502758324299396,158.38950674019605,0.9638824961894288,0.9631445888579452,0.7086358039367396,1.5588235272285385,159.25944170771757,28.402003373669857,3_skilled_forgery_forgeries_3_9.png,3,skilled_forgery
1.8038074442561083,3.6956757056543714,7.062173311489717,7.557691184793581,14.88593153502015,9.444676756729816,-15.413768666617884,108.44546568627452,0.9708673244399686,0.9702675633999451,0.6530716784315546,0.8271446852405318,173.08619481429574,24.22124716694505,40_skilled_forgery_forgeries_40_1.png,40,skilled_forgery
1.7471387446923548,3.5722573523064236,6.488129418011825,6.985893803110058,13.72695418398701,8.774194188699262,14.589642241103236,93.15094975490199,0.9775891293735044,0.9772064313591203,0.6627063528434908,0.5547752801196977,167.90424570912376,26.189943559928448,40_skilled_forgery_forgeries_40_10.png,40,skilled_forgery
1.6961585995603148,3.459655632923745,6.103230651938052,6.452630973232097,12.744804437432196,8.214078309922762,13.329225921316981,80.05045955882352,0.9795266610999265,0.9791671690393913,0.6422775495184458,0.4537572247778075,173.00795228628232,25.32704446424703,40_skilled_forgery_forgeries_40_11.png,40,skilled_forgery
1.7732988443362174,3.6126237610094685,7.164011525839193,7.579567648220336,14.952712477182647,9.38989593234053,-16.05440324625765,109.93875612745099,0.9690318277098008,0.9682607234677433,0.7204115031259343,0.3247508302950574,168.03134796238245,25.845968047786446,40_skilled_forgery_forgeries_40_12.png,40,skilled_forgery
1.5697615518312213,3.180668328767277,5.777675736865157,5.957324223912375,11.826585336016471,7.556140387309919,12.871185413770101,67.87738970588236,0.9833958149976714,0.9831958382517969,0.5851206452492207,0.26991869874809965,175.94750320102432,25.749727386427644,40_skilled_forgery_forgeries_40_13.png,40,skilled_forgery
1.7242562303843625,3.5073826319845867,6.0674625451594135,6.3071370615692155,12.494667683581776,8.06428043661549,-13.981293975193248,77.59301470588237,0.9776857447103338,0.977175844130873,0.6933000389221359,0.2829324166289434,173.16339285714287,28.11794513275322,40_skilled_forgery_forgeries_40_14.png,40,skilled_forgery
1.7986335147953327,3.6623939633430442,7.15555454426094,7.666084033189031,15.080638830094028,9.502577345929701,-15.960970710420188,80.22138480392155,0.9754943525688189,0.9749700618139706,0.7097261943629944,0.4322132092326614,172.82686084142395,25.953701437386986,40_skilled_forgery_forgeries_40_15.png,40,skilled_forgery
1.7200389800958868,3.5266018833971784,6.172185292427405,6.6930033632471,13.14495613917678,8.482521905046454,13.660146900836743,97.93030024509807,0.9762739849760825,0.9758738557977137,0.6517456861133465,0.2264957262537439,169.04616724738676,27.14874746271599,40_skilled_forgery_forgeries_40_16.png,40,skilled_forgery
1.6031041898831975,3.2558727988540475,6.792603946733368,7.726895215927604,16.347934919405706,-9.47401254674416,-14.987056501849995,90.37518382352941,0.9812753892057942,0.9809134440085773,0.5919227066573772,0.08924205368063319,168.26038159371492,26.30375083609613,40_skilled_forgery_forgeries_40_17.png,40,skilled_forgery
1.6690070039853457,3.400749571541171,5.836900842255405,6.085313132226914,12.049152017678287,7.7932587121303545,12.99792953751773,77.82230392156863,0.9807522320295319,0.9803160680827017,0.6314098425267534,0.25437415847325145,172.75321888412017,26.94998627133326,40_skilled_forgery_forgeries_40_18.png,40,skilled_forgery
1.610519591326528,3.2658041991323707,6.299637459080279,6.708018329027412,13.22146387277863,8.358259990982281,13.893479979719013,78.69077818627451,0.9813449196238387,0.9810666113760937,0.6165532223839192,0.176240208647206,172.0832408435072,25.57482888102725,40_skilled_forgery_forgeries_40_19.png,40,skilled_forgery
1.670998187309588,3.392931519817185,7.663500624741023,7.280729336912934,14.910176130041673,9.02363941435252,-14.896750001127046,66.983118872549,0.9766272427284132,0.9761803654495725,0.699195841739097,0.4947643972581618,178.87215411558668,25.893141152771214,40_skilled_forgery_forgeries_40_2.png,40,skilled_forgery
1.67339371668294,3.4292847347458166,6.0357311850513575,6.639962221547265,12.984659238398457,8.372582701205586,-13.7317470098878,80.38869485294117,0.9801707302435713,0.9798104929847622,0.6705423061368802,0.2298994971986187,168.08375893769153,26.34308742582632,40_skilled_forgery_forgeries_40_20.png,40,skilled_forgery
1.6768433343381486,3.4213420739737126,6.764899180967241,7.5360591088862,14.71468961849847,9.28495172984896,-15.144089322404412,78.25450367647059,0.979020726039422,0.9787230067541508,0.6143489948147269,0.40363128435247025,177.06069651741294,24.681761500319308,40_skilled_forgery_forgeries_40_21.png,40,skilled_forgery
1.6338089909109745,3.328205736190917,5.940329976324156,6.361986355010842,12.513326943936542,8.026646663058186,14.0510727796149,66.30407475490195,0.9807863456085673,0.9804385824543176,0.642651825464475,0.2074263761748702,178.08377518557793,24.32290686289839,40_skilled_forgery_forgeries_40_22.png,40,skilled_forgery
1.6407608474663224,3.3333686950075556,6.159392438939963,6.500702586489755,12.830874829387861,8.167405920084057,14.451203838936923,77.36902573529412,0.9801502490243198,0.9798412338642772,0.57976389720238,0.19540229860101876,177.86324786324786,23.567517477444987,40_skilled_forgery_forgeries_40_23.png,40,skilled_forgery
1.6721684480863361,3.408334141990947,6.793716931958571,7.965362358625402,-15.370356495245428,-9.698686623357041,-15.822999883903224,82.64938725490197,0.9808426007479942,0.9804538288540405,0.6471246389974749,0.21126760536329373,168.40274841437633,26.28337107342238,40_skilled_forgery_forgeries_40_24.png,40,skilled_forgery
1.8732046458485672,3.8513492915981047,7.016947242990373,7.800970317848872,15.351501349104085,9.869083840468365,15.369771008769902,90.03373161764705,0.9719441813656043,0.9714163907695428,0.7005662934753341,0.2669683255502549,174.46857142857144,25.76651505266445,40_skilled_forgery_forgeries_40_3.png,40,skilled_forgery
1.841843745248184,3.7899649774314628,7.550615568828261,8.2272100239456,16.146603045436954,-11.310514697974504,16.557552768005717,101.86173406862747,0.972065230281265,0.9713397011942739,0.6628842668469987,0.5572858725725407,174.39142857142858,26.194921769889145,40_skilled_forgery_forgeries_40_4.png,40,skilled_forgery
1.7493130443436258,3.5706677707527557,5.826142706035269,6.0501951360183615,11.988948320641162,7.836139159576121,13.273728867488613,79.69736519607844,0.9772167444953569,0.9769462049553893,0.5975262218284271,0.23455377547533893,180.61909175162188,23.43160826145274,40_skilled_forgery_forgeries_40_5.png,40,skilled_forgery
1.6406666073454839,3.327890397402407,7.942152491578072,7.674539605506726,-16.099676503721557,9.3611104909222,-15.49595259825262,82.96193321078435,0.9800550961815626,0.9797798893340571,0.6361105637498402,0.1636582428836844,170.31127197518097,25.139801605269206,40_skilled_forgery_forgeries_40_6.png,40,skilled_forgery
1.8940400857253548,4.028701582736408,6.353992200914418,7.225642589195411,14.628531298294485,10.48011574803675,14.028759736799415,83.27579656862744,0.9772065446772351,0.9769003400269605,0.5931154386430105,0.3902759521809777,178.92060491493385,24.896635670046024,40_skilled_forgery_forgeries_40_7.png,40,skilled_forgery
1.8587692570824217,3.849559772299409,6.751533038184986,7.49685136536265,14.675210745114175,9.461980852711797,14.94907350251016,132.64862132352943,0.9682680113335022,0.9677860970620844,0.6196058723754401,4.003257315950302,171.28580729166666,23.81164601759043,40_skilled_forgery_forgeries_40_8.png,40,skilled_forgery
1.708401475747685,3.5433817153193274,5.514624996670494,5.773882291331783,11.4335414152716,7.603883673710652,12.000332679496045,91.91044730392156,0.9791100391073841,0.9787536044913749,0.6061027366909157,0.33734939713875584,170.98098098098097,25.93351472177389,40_skilled_forgery_forgeries_40_9.png,40,skilled_forgery
1.9323152602083002,4.0669278067625845,9.09521990683365,8.679209464223751,-19.09448982153912,-11.181323631846393,17.566615053239452,162.64620098039214,0.9584033380341132,0.9577072927651755,0.6426918459512246,0.594956658317607,171.75296442687747,25.011010245583115,41_skilled_forgery_forgeries_41_1.png,41,skilled_forgery
1.8583585770614959,3.8877803965445725,7.414534640077671,8.145403975663905,16.00263875612205,10.093907212633914,-16.18724612408622,152.66933210784313,0.9672954258235277,0.966775117480148,0.6371703793388742,0.42895927562990105,164.56111462951236,26.769402680054295,41_skilled_forgery_forgeries_41_10.png,41,skilled_forgery
1.9318374576044055,4.094361160939723,7.442978841587185,7.830510798352148,15.595447198890591,9.922145897645729,15.642654708551651,148.75986519607847,0.9690227505895647,0.9686438227583656,0.6698056632896585,0.40130353780139333,159.11362126245848,28.08136695289132,41_skilled_forgery_forgeries_41_11.png,41,skilled_forgery
1.975612998977164,4.171372563457917,7.618550194429669,9.646159410941646,-18.284665581610554,-11.751244055388815,-19.05547394081685,148.16473651960786,0.9620487840738784,0.9614141462881725,0.6519444642704411,0.5249169430856171,171.26742919389977,27.457549849135365,41_skilled_forgery_forgeries_41_12.png,41,skilled_forgery
1.7768440529703997,3.6318000223346174,7.513280519716247,7.826114261410346,15.582384145846897,9.790180810214805,-15.737348875382386,114.02086397058825,0.9712132482093295,0.9706812175200323,0.6445097042131914,0.41015228384756114,171.34485241180707,26.226402753029376,41_skilled_forgery_forgeries_41_13.png,41,skilled_forgery
1.8507156691207576,3.8929452090070913,7.680763631482643,8.359559895058737,-16.90900588314492,10.347826855434295,-16.399577601321226,113.8515931372549,0.9656983551804166,0.9651518517130676,0.6376126134008582,0.43964757670515625,178.8794369645043,25.028469091098405,41_skilled_forgery_forgeries_41_14.png,41,skilled_forgery
1.8585937958807448,3.8588635776921687,7.8132014436814,8.329579171786177,-16.636821513475308,-10.595926410023006,-16.490382181667712,130.55015318627449,0.9647515834180013,0.96420208725838,0.6406939527127641,0.48808473037238764,173.66310794780546,24.273948628869245,41_skilled_forgery_forgeries_41_15.png,41,skilled_forgery
1.8465068283220107,3.82459235302086,6.235824196612135,6.409678333387264,12.733698152017631,8.322078337485227,-13.849786307927303,108.84865196078431,0.9693755285550955,0.9687971199839815,0.672350447699246,9.517482450926696,173.08643617021278,25.5819080240349,41_skilled_forgery_forgeries_41_16.png,41,skilled_forgery
1.8050318123220748,3.7556627488575787,8.571409859506874,8.180852710375653,16.55882707830244,11.151130179652679,-17.593509597843482,128.16011029411766,0.9695183642835342,0.9692259947942331,0.6250427748656149,0.3388581948997622,170.5171939477304,26.35300345360388,41_skilled_forgery_forgeries_41_17.png,41,skilled_forgery
1.8229607664450416,3.7512961833876566,7.260023331797074,7.7705401752737595,15.288930695213791,9.665882340955806,-16.209457570398257,137.63511029411765,0.9690807923641739,0.9683985775958234,0.690199261116426,0.4392265189325722,161.52911068458093,27.386635123836864,41_skilled_forgery_forgeries_41_18.png,41,skilled_forgery
1.8173616081320667,3.79400283981494,6.881445177254029,7.407685572108583,14.605897763204977,9.358071439039922,-14.882127583152206,148.93057598039215,0.9642135662751516,0.9637117927689863,0.6408064335937042,0.3120243528827821,169.6450116009281,27.511890986435617,41_skilled_forgery_forgeries_41_19.png,41,skilled_forgery
1.779340446713678,3.7041296211662997,6.69016146507111,6.904303641241044,13.710197947870993,8.757138369390463,-14.405426923544669,124.33311887254905,0.9698455337589883,0.9694100296161838,0.6053434517776173,0.5664804462944353,172.69329529243936,26.562822433733214,41_skilled_forgery_forgeries_41_2.png,41,skilled_forgery
1.8688687340192693,3.8640964579168795,7.863194691787855,7.972842067296247,15.983652931045667,9.905608913824082,16.12022776263055,166.36400122549017,0.9648028108537984,0.9640789775946516,0.7067133649975466,0.5188679240833036,156.2970073404856,31.24755687017967,41_skilled_forgery_forgeries_41_20.png,41,skilled_forgery
1.8502005989717392,3.825050882302749,7.869120966523181,7.939232261307669,16.028368242338654,9.918556315654746,-15.964202507390391,148.6438112745098,0.9649629144917332,0.9645082780670013,0.6367203000016239,0.45281385242180616,168.71096543504171,26.546053919302746,41_skilled_forgery_forgeries_41_21.png,41,skilled_forgery
1.8222471039760664,3.769599814826969,7.069304619972808,7.271077105764453,14.461762377248814,9.156812571137591,-14.963994046833337,129.94371936274513,0.9679919779877977,0.9674644914712041,0.6715813809944813,0.5116731512532362,167.2039897039897,28.03291794634955,41_skilled_forgery_forgeries_41_22.png,41,skilled_forgery
1.8665389913527102,3.9032827231358147,8.740927842339058,8.96506084647771,-17.888530390772548,-11.718086143148351,18.09669959453128,158.27524509803916,0.9607672820856678,0.9602042047776204,0.6489675454874928,0.5890295353679075,169.5862984599044,27.029543900971856,41_skilled_forgery_forgeries_41_23.png,41,skilled_forgery
1.8909971358365645,3.882141600680291,7.2274692218515915,7.448026626989915,14.797470371451144,9.434515207270428,-15.425958033245706,164.3510110294118,0.9557016815494512,0.9550420337141107,0.6816740443878925,0.7211311856079095,169.61296211775445,25.400954422350793,41_skilled_forgery_forgeries_41_24.png,41,skilled_forgery
1.8954211746351817,3.9957766005300734,8.108912347445045,8.570947363846582,-16.915716684075413,11.01331759253241,17.739270957720603,154.35361519607844,0.9630126296740273,0.9624404166136864,0.6550795977275082,0.47603305745782387,167.34154535274357,26.544113353338975,41_skilled_forgery_forgeries_41_3.png,41,skilled_forgery
1.9253461869924866,4.033729525572169,6.9798398950624465,7.5633564779351445,14.83727793851493,9.613336335723716,-15.821442199912871,130.32677696078431,0.9715738635733984,0.9711867343265713,0.5879010225839133,0.5305651666314127,170.14167294649585,26.91135585987958,41_skilled_forgery_forgeries_41_4.png,41,skilled_forgery
1.9141997755043993,4.078004577108133,7.053471575194766,7.711421414069635,15.253684662808553,9.803906989220966,-15.235463288564587,162.69221813725488,0.9604228580159415,0.95997456383315,0.625652525678132,0.49437298995629175,170.67079074771382,26.865738382497405,41_skilled_forgery_forgeries_41_5.png,41,skilled_forgery
1.8276486034330814,3.778427440735461,7.318682792765852,7.6033162800094605,15.102546826789279,9.503101413787773,15.460320207024331,137.24417892156856,0.9731513178893487,0.9728563160427499,0.5650796682539903,0.72991689649596,167.12570056044837,25.93054813672369,41_skilled_forgery_forgeries_41_6.png,41,skilled_forgery
1.9094210471364428,3.992332345221576,7.8783017322026,9.800379262827837,19.38699496833646,11.857773494306196,18.646787035611872,154.68391544117645,0.9580910690877456,0.9573400501911334,0.6763576645935074,0.5385790675793896,170.8997020854022,29.853396672080738,41_skilled_forgery_forgeries_41_7.png,41,skilled_forgery
1.8234524355471067,3.828172660223569,9.066873372897158,8.081453181108404,17.333201804261485,11.61537028366272,16.665419244351938,132.18716299019607,0.9660392750030327,0.965734035236925,0.5891848655346063,0.42307692268948993,176.1904761904762,26.368193114787957,41_skilled_forgery_forgeries_41_8.png,41,skilled_forgery
1.9220175914625568,3.96711931168209,7.182905148173598,7.142945646461964,14.307527681777616,9.15919876556136,15.36546218476872,152.20205269607843,0.9609335830193338,0.9602189097909338,0.7398037338537836,0.6677740858241078,159.9636454183267,27.464105024532923,41_skilled_forgery_forgeries_41_9.png,41,skilled_forgery
1.9947726660123153,4.138642264865862,6.793737106935598,7.207284946567752,14.20894461826063,9.276921823962123,-15.346654298328508,114.82625612745095,0.966169192265706,0.965457489015771,0.7307643867395751,1.7788309608549273,168.61000568504832,25.53064421718277,42_skilled_forgery_forgeries_42_1.png,42,skilled_forgery
1.92535425234738,3.9998094195657217,6.902471989334304,7.357639678857874,14.495086424161382,9.360149847848636,-15.22540865240714,121.04712009803917,0.9710970211607552,0.9700527289168059,0.6972330675813019,2.027722768261935,166.29431000654023,29.160093057807583,42_skilled_forgery_forgeries_42_10.png,42,skilled_forgery
1.9379541691122935,4.030673012948418,7.056724045416041,7.510460994324107,14.800162218148717,9.579635727840907,15.572503324476576,161.24883578431374,0.96685504115788,0.9659475592364948,0.6677117106975529,1.0876979280296006,162.86872812135357,31.236772825662086,42_skilled_forgery_forgeries_42_11.png,42,skilled_forgery
1.9934173544407603,4.133367042844112,7.046352708361759,7.658488217591344,15.018425622100803,9.729264106998906,-15.745012880927424,151.07107843137257,0.9666011085839044,0.9659017644068039,0.6544620856995171,2.245647964708611,165.29082240762813,25.759084615056647,42_skilled_forgery_forgeries_42_12.png,42,skilled_forgery
1.9686114860704615,4.06203827088883,6.912155689990677,7.275576362503984,14.370287592767317,9.306595636249455,-15.57476123553112,123.65064338235294,0.967751316220514,0.9666827225809171,0.748774647450059,1.4178272960754494,161.17569124423963,26.175953432810264,42_skilled_forgery_forgeries_42_13.png,42,skilled_forgery
1.9126765175440363,3.940586386382034,6.729052593759778,7.197533781097526,14.162080141374325,9.197956252059374,15.280824923090925,116.0607536764706,0.969761666631512,0.9687506670407309,0.7270774731232955,0.7135306546368598,165.29179518815545,26.739829754445555,42_skilled_forgery_forgeries_42_14.png,42,skilled_forgery
1.9326814614885504,3.9639751056157784,6.946211087274168,7.407998342326944,14.585315329329733,9.393158955853563,16.090139779625247,105.09139093137257,0.9707290617353649,0.969685117676227,0.7109616751842742,1.52741935237513,171.15443522654755,26.685344501279996,42_skilled_forgery_forgeries_42_15.png,42,skilled_forgery
1.9608293225740696,4.051647488381199,7.126011643092375,8.018242408341251,15.596944482551995,10.0446308113344,-16.353076340736433,113.1511642156863,0.9670552770525206,0.9662847227033312,0.7454746449071957,2.4075546671818,166.00233372228703,27.44386432039265,42_skilled_forgery_forgeries_42_16.png,42,skilled_forgery
1.956580488692,4.052360895260102,6.562783388352041,6.9228107419201,13.665649429760174,8.951933667044516,-15.524340630601795,134.03198529411765,0.9643846180926975,0.9633282580843556,0.7135892829569863,1.9018691559160916,167.01288244766505,26.040779890305902,42_skilled_forgery_forgeries_42_17.png,42,skilled_forgery
1.8854577827291927,3.8563262649513277,6.6537532067047085,6.96156067327165,13.769979779811587,8.899432547325489,14.996950800130277,106.18939950980393,0.9725243205153926,0.9714007456161696,0.6730140142849746,1.6140035877666004,173.2342032967033,27.269553130491385,42_skilled_forgery_forgeries_42_18.png,42,skilled_forgery
1.903020785825888,3.9003207468798013,7.048979308565056,7.554280463993465,14.855926471659187,9.50545111028902,-16.920594374238313,105.31228553921568,0.9705906976570122,0.9695626808012531,0.6692893558741652,0.999999998694517,175.79960835509138,25.672463427507157,42_skilled_forgery_forgeries_42_19.png,42,skilled_forgery
1.9687510715354573,4.071686929731166,6.816905647477804,7.3141826593027455,14.382346789177163,9.360571985926779,15.340263944981073,119.92708333333334,0.9635484694078932,0.9627925907551641,0.6954837548150138,1.7659574441246848,173.26318681318682,23.838985217870498,42_skilled_forgery_forgeries_42_2.png,42,skilled_forgery
1.9604224520044085,4.028734879772176,6.523085374385447,6.928812852474406,13.654771603573357,8.945439899087324,15.831157938667124,109.21124387254902,0.9696794664301617,0.9690573387408163,0.6750161142728153,2.77037036352995,173.3215455140799,25.843024201967197,42_skilled_forgery_forgeries_42_20.png,42,skilled_forgery
1.9473630956138595,3.986898923401544,6.935175326725871,7.280309049152196,14.38805316478239,9.274241789746542,16.913910630868145,144.58033088235297,0.9657746058252562,0.9649520559322543,0.6496917739811219,1.3155792259446348,170.289246693502,27.601050776652873,42_skilled_forgery_forgeries_42_21.png,42,skilled_forgery
1.8897562058954953,3.90064157442124,6.8390877106942245,7.516726186387415,14.748851044144402,9.609572266843806,15.022484103997392,110.0998161764706,0.9734781053247141,0.9726109625521392,0.6330947273814389,1.4653284644793276,173.22797927461139,26.486673637371442,42_skilled_forgery_forgeries_42_22.png,42,skilled_forgery
1.9307795170316107,3.9770699175126714,6.918503230289395,7.3810918976494175,14.531518226154715,9.372777417997634,15.800336906706717,121.16565563725489,0.9717990535172226,0.9709565512013391,0.6573325382393689,0.15177865600649906,169.55387783115992,27.986221001606445,42_skilled_forgery_forgeries_42_23.png,42,skilled_forgery
1.9725312022226615,4.096470955111093,6.72998379750723,7.105316655178557,14.026061029576105,9.159046538663242,-14.94761873093588,127.8939031862745,0.9668827898926988,0.9656411860516007,0.6995669567192309,3.045977004492007,169.28636363636363,27.313392410293485,42_skilled_forgery_forgeries_42_24.png,42,skilled_forgery
1.977726368856344,4.080477466977499,7.207870061424541,7.796513610218097,15.30994194304219,9.866219069152564,15.947361155943156,116.14546568627448,0.9676107094486918,0.9663765394263055,0.7395246012204997,1.2901069501469158,165.620548744892,26.78084891236874,42_skilled_forgery_forgeries_42_3.png,42,skilled_forgery
1.9170267623858495,3.981817613596556,6.592577706364219,7.080190958823264,13.919651981603177,9.105727343913067,14.842447094847458,136.65569852941178,0.9658065533116252,0.9644923800468026,0.6879877773899986,0.5899470894268544,169.4126455906822,28.38977763267025,42_skilled_forgery_forgeries_42_4.png,42,skilled_forgery
1.9528688285746598,4.011757763762077,6.824090034301884,7.297871951808805,14.364919772842986,9.32486090477767,15.138775613745148,109.57346813725492,0.9674537720293612,0.9663305311353353,0.7229722774346679,1.3150134030629848,170.96120440069484,24.49116689254418,42_skilled_forgery_forgeries_42_5.png,42,skilled_forgery
1.9229602712361313,3.913210503285669,6.935750947516153,7.263883697821596,14.369880954981877,9.258304285943746,15.13966888157111,95.1898743872549,0.96939462294549,0.9681380812470296,0.7283270728371681,0.4801084986617463,174.7080024434942,26.540070385797264,42_skilled_forgery_forgeries_42_6.png,42,skilled_forgery
1.9108976111231033,3.9925380356012408,6.475513195717628,6.893676259681365,13.584724416457464,8.894047030223309,-14.34497159777812,115.76415441176472,0.9687197416385589,0.9675408018977523,0.7130253303800839,4.762411330629747,167.8683076923077,26.45197468674886,42_skilled_forgery_forgeries_42_7.png,42,skilled_forgery
1.939054848137194,4.00502881473692,7.426519375827986,8.771857438032255,16.880208915333988,10.810825847526228,17.56296791646601,113.46029411764707,0.9722361508435942,0.9712476994512593,0.6222438800445674,4.895833312934028,175.2042402826855,26.43757865347869,42_skilled_forgery_forgeries_42_8.png,42,skilled_forgery
1.9337029065465694,3.959113096065819,6.9152461263258695,7.206512853816315,14.267456759405635,9.201177854730673,16.03130645612769,113.51534926470589,0.9696430443076633,0.9680920421413396,0.7088287763322088,1.11238824889861,171.6378476420798,30.335927263109987,42_skilled_forgery_forgeries_42_9.png,42,skilled_forgery
2.247210058899103,5.6657370588280855,8.007059085696081,8.543754375715402,17.612675602507384,11.457808802567707,16.824854965854243,256.6369485294118,0.9107706141191175,0.9074035998277663,0.8394714715800304,1.0333735420050771,153.34605497330432,28.02954881622878,43_skilled_forgery_forgeries_43_1.png,43,skilled_forgery
2.199536638920147,6.093590742181642,8.156537997485339,8.094368270024775,-16.266170354702815,-11.14307761746284,16.577941033173815,232.87913602941177,0.9422419632135047,0.9408730908034254,0.7219768422904413,0.6888509666161257,161.2118558437184,28.501911458324003,43_skilled_forgery_forgeries_43_10.png,43,skilled_forgery
2.229176917814486,5.633242039685858,7.7158340199671684,8.055697975299939,15.941851429492473,11.166307657849249,-17.315923321643336,287.6423406862745,0.9166807412158695,0.9142045376570177,0.810449005232902,1.3414634139525083,151.58420138888889,28.44312875406912,43_skilled_forgery_forgeries_43_11.png,43,skilled_forgery
2.206548549032921,6.076644899178943,7.733576546125973,7.946966488823173,15.823135500757495,11.207678776273276,16.19578463401867,298.524662990196,0.9149157848812467,0.9124595720127195,0.7855822169506221,0.7569018402005745,155.5259711916194,26.781209370460367,43_skilled_forgery_forgeries_43_12.png,43,skilled_forgery
2.2264042003556868,5.773325153564652,7.925766557983467,8.219108527109322,16.295397828894863,11.517264600736242,-17.16901669384066,257.8064644607843,0.9099056897632785,0.9062858713156238,0.828177470093912,1.4636627899885355,157.0906588003933,28.13390234955962,43_skilled_forgery_forgeries_43_13.png,43,skilled_forgery
2.1605948709898732,5.704681854570902,7.63984103199844,7.680479243763024,15.644113170482518,10.722894654982696,-15.402300225946512,219.55045955882355,0.9244118674779213,0.9216492671641725,0.8089807568544349,1.2815057276151087,161.36154949784793,27.64397266262208,43_skilled_forgery_forgeries_43_14.png,43,skilled_forgery
2.212595298659461,6.010268830577681,7.990132135181287,7.997374094729123,16.030294295491572,11.632229679764395,16.38233300168763,274.4543198529412,0.9139903241569972,0.9109112465143715,0.8222067362861414,0.883339835784885,152.82597886886265,27.760547269845507,43_skilled_forgery_forgeries_43_15.png,43,skilled_forgery
2.2004749547082,5.24572835163406,8.19453579589803,8.124676098529537,16.502019202341323,10.846932281550039,-16.38353950718568,252.95955882352945,0.9244712301935196,0.921954906037424,0.8244674813530627,0.9952785642137496,150.0189304306673,28.686667050001798,43_skilled_forgery_forgeries_43_16.png,43,skilled_forgery
2.211426936150024,5.25263086027308,8.016386900579647,8.115723237580491,16.293015496684205,-12.083402744580596,16.380279931487692,247.3151348039216,0.9188919948030825,0.9160734261620139,0.8191658655738961,0.42245989291523756,155.890535161433,27.007267253446717,43_skilled_forgery_forgeries_43_17.png,43,skilled_forgery
2.195192937651146,5.392764704173433,7.889166197229148,7.911300653743077,15.831300882829197,10.6515591287137,16.341751446999375,261.44785539215684,0.9329798999598355,0.9310845467967035,0.7835043469068231,1.6627393213087338,151.59375,28.288319900550952,43_skilled_forgery_forgeries_43_18.png,43,skilled_forgery
2.1874995905778665,5.2181965684954426,8.777376192751262,8.288595947644128,17.913625132389043,12.010749046725564,16.823007931470244,247.22634803921568,0.9223498942356728,0.9195656394548195,0.8192532409537937,0.8254101805530458,153.74325881539525,26.792408235280824,43_skilled_forgery_forgeries_43_19.png,43,skilled_forgery
2.2464614811755563,5.7581912754263085,8.543725685790212,8.553938713716557,17.533208077842637,13.147343654742537,17.134957033024275,250.3748774509804,0.9227259367152205,0.9202093539455781,0.8022577033061634,1.0389423071928163,157.1530299457675,28.15603809820712,43_skilled_forgery_forgeries_43_2.png,43,skilled_forgery
2.181430902090788,5.463956655420444,8.530582437451425,8.401774838605988,17.024794174837403,-11.383427596418052,17.012321843457936,244.21786151960788,0.9326706326537632,0.9308855622143122,0.7698729000974793,1.564229949209205,158.60365347356768,28.44708710839674,43_skilled_forgery_forgeries_43_20.png,43,skilled_forgery
2.1723042518693703,5.28851518241973,7.734282796202672,8.70001735529981,-17.13919352251413,11.588703326267844,-17.013977752880855,259.71985294117644,0.9383975479913125,0.9367671854616494,0.7685160300285447,0.9103009253991313,151.00787640109058,28.748972533902773,43_skilled_forgery_forgeries_43_21.png,43,skilled_forgery
2.224134134307642,5.594354565731652,7.920926323003462,8.866648224089548,18.10933847642666,-12.219939049223147,-17.264834354076246,234.69117647058823,0.9424639650930777,0.9411631827569558,0.7864105770085194,0.8909866011626146,148.86570048309179,28.66924489642557,43_skilled_forgery_forgeries_43_22.png,43,skilled_forgery
2.2027205407904016,5.4361424523318425,8.0096121911688,8.434785880165824,16.865595098744357,-12.6496096681384,-16.76171234590696,289.85968137254895,0.9206694588902907,0.917834947982726,0.8111888797590073,0.8783841852692806,149.0885380919698,31.585897074791315,43_skilled_forgery_forgeries_43_23.png,43,skilled_forgery
2.144212430461189,5.186437111965576,8.015816586695722,7.319548709954281,15.045916383863768,10.066637721612373,15.300026952590063,208.14102328431372,0.9331033136188701,0.9310538676149941,0.8060594694271733,0.6427297053333052,158.66901982079827,27.47972636622348,43_skilled_forgery_forgeries_43_24.png,43,skilled_forgery
2.1797599621950443,5.3069835432412935,8.56428800980527,7.744259724391575,15.922666310809198,11.828860393571897,16.387562239729423,240.05958946078434,0.9208527721683224,0.9179880380390993,0.8203682559899944,0.4140575078549337,156.4387708992318,28.27945363993086,43_skilled_forgery_forgeries_43_3.png,43,skilled_forgery
2.1079751203100443,5.6018983282714565,7.858972683756912,7.913693524553625,15.915784875549503,-11.74016321635904,15.99194178673883,266.1227022058824,0.9252616610628428,0.9231811880122649,0.7606735724417795,1.0305033040007607,160.80721081622434,27.52846004139169,43_skilled_forgery_forgeries_43_4.png,43,skilled_forgery
2.1726773078181,6.329121633494805,7.828928963675794,7.865766908565838,15.724875243836648,11.078869462696485,-16.35213463308417,284.486887254902,0.9264820860145571,0.924697360540475,0.7716257081758787,1.3422778763611938,154.14078411405296,28.120997775365478,43_skilled_forgery_forgeries_43_5.png,43,skilled_forgery
2.2179795596893146,6.038032524716384,8.721718288383087,8.259502725807733,16.964287173124198,-12.588021059634311,-16.851462595289224,293.5559742647058,0.9116473197241068,0.909013252620078,0.7831018950225074,0.922643029442932,159.58507963118188,28.614889740328564,43_skilled_forgery_forgeries_43_6.png,43,skilled_forgery
2.157138206031697,5.201618267603848,7.943285585197517,8.055237833216903,16.584059792071624,11.357452109570463,16.074329074152093,289.0269607843137,0.9195461280641254,0.9172683709279934,0.7909202391778338,0.8375314857944872,154.01644962302947,28.19006291517965,43_skilled_forgery_forgeries_43_7.png,43,skilled_forgery
2.2561388769734934,5.591581560234549,8.341166519285123,9.099523916062891,-18.069228284844836,-11.98585086604129,17.90271042063749,307.210324754902,0.9091469881282277,0.9062700805535112,0.8256320087692027,0.9463395933513455,148.1443481685703,28.191445860248162,43_skilled_forgery_forgeries_43_8.png,43,skilled_forgery
2.2508995224793553,6.736338119112002,8.733160828319312,8.554896856389437,-17.243130863442524,-11.99771137814573,-17.566294105679724,268.8310968137255,0.9189881680055721,0.9167019887468465,0.7857322269881161,1.1917124307580067,159.3013667425968,28.037033318665674,43_skilled_forgery_forgeries_43_9.png,43,skilled_forgery
1.9657783494991035,4.063188477609473,6.230827146121427,6.438579625826774,12.774740790986387,8.522925665207808,13.860542778946353,146.5822610294117,0.9706888990547428,0.9694244205828307,0.8665158349610705,1.236530878795623,111.85252643948296,33.200491127781774,44_skilled_forgery_forgeries_44_1.png,44,skilled_forgery
1.973636199153293,4.093206714343132,6.0802131028355735,6.218256775848989,12.368835735038934,8.297748170994634,13.47233769523943,171.45358455882354,0.9706881612592652,0.969501064396288,0.8433042019919251,0.83351708838642,110.31870114251353,32.80653661230592,44_skilled_forgery_forgeries_44_10.png,44,skilled_forgery
2.0042808409246113,4.173852363011456,6.14428210547348,6.349694907188842,12.597874867205567,8.483972716980833,13.727617443279966,163.16250000000002,0.9698238931757439,0.9685360154241268,0.8505560019638281,1.1551939910448135,113.31649245063879,33.911688545177675,44_skilled_forgery_forgeries_44_11.png,44,skilled_forgery
1.9769552007245375,4.065620090700675,6.340470054043487,6.605745563298651,13.080111756034334,8.690591909265445,14.197952812960692,141.33547794117646,0.970911076905579,0.9693478642735164,0.8675783267286541,1.9703315846940113,114.0111633372503,33.29795330671735,44_skilled_forgery_forgeries_44_12.png,44,skilled_forgery
1.930425335380523,4.092518813892498,6.060581974541634,6.422068306441616,12.673210033406974,8.570329614649562,13.340680159208826,184.22077205882357,0.9705142885213174,0.9697155898127313,0.7979405845722519,1.800350259544045,120.8692933083177,32.56178696217017,44_skilled_forgery_forgeries_44_13.png,44,skilled_forgery
1.9170870992535671,4.001930616759005,6.237189522588816,6.663132674014697,13.123772163184153,8.790690388659712,13.776741760671067,178.17068014705882,0.9710814477072167,0.9700372091525667,0.8166259249996538,3.0606060528772576,116.51865671641791,31.90320248100256,44_skilled_forgery_forgeries_44_14.png,44,skilled_forgery
1.958138300884781,4.155571318862391,6.120439335373925,6.500932878594878,12.81625460127293,8.674673328058214,13.649256115679862,169.72984068627454,0.969001290336691,0.9679232741428874,0.8363455878183594,3.5142118772242585,118.14653692043503,33.902774272139794,44_skilled_forgery_forgeries_44_15.png,44,skilled_forgery
1.9581014368573944,4.129664251484278,6.258272508328048,6.696479085737708,13.193898020839686,8.91564649318621,13.701193671723347,170.56939338235296,0.9704099111477462,0.969317250817626,0.8337482338552568,2.2209302282540113,115.13718411552347,32.94608440696251,44_skilled_forgery_forgeries_44_16.png,44,skilled_forgery
1.9473884296120527,4.078014874932745,6.241427436018906,6.697772412841307,13.181355073609394,8.8720258478251,13.769907264079,164.91204044117646,0.9701062042597136,0.9690721692402505,0.8351053222472263,2.179924238295598,117.94282310899345,33.773679280781444,44_skilled_forgery_forgeries_44_17.png,44,skilled_forgery
1.9501801285903198,4.036141063401692,5.978615082740967,6.098221906261423,12.136887995854826,8.151275894860236,13.608270328406176,159.74004289215685,0.9728071351369061,0.9717528483383012,0.8425208650855407,0.6834061127910414,110.4727626459144,32.809974006593066,44_skilled_forgery_forgeries_44_18.png,44,skilled_forgery
1.9286022484527432,4.036370110200734,5.9973757753535,6.234902451563698,12.353876687991766,8.299409228630601,13.294548791719581,175.57573529411764,0.9712141007833607,0.9703129281171144,0.8207821416184201,1.065976712721893,116.02504696305573,34.37187508989967,44_skilled_forgery_forgeries_44_19.png,44,skilled_forgery
1.9284193566797032,4.01999758289014,6.134734282693961,6.425346513710149,12.710165320173152,8.50773705374821,13.5365072663237,155.27398897058825,0.9713832572436091,0.9702669709248567,0.8379320793942439,3.037406476215944,118.13897467572576,32.389172756615956,44_skilled_forgery_forgeries_44_2.png,44,skilled_forgery
1.9523882987667254,4.098689056357888,6.193712468024811,6.459585547885006,12.7907045518642,8.584790835396054,13.63168930928333,176.55376838235293,0.9700657652612121,0.9687504691389078,0.8351126589508052,0.6539961007270992,113.85562757807897,34.5103609659359,44_skilled_forgery_forgeries_44_20.png,44,skilled_forgery
1.988829730252736,4.194500391309834,6.157624735914291,6.340013005200159,12.592216680328495,8.492087475501943,13.494132438076498,204.13722426470594,0.9676485211937869,0.966468109541293,0.8115378776725044,0.8205912325987857,116.27043673012318,32.80508778326499,44_skilled_forgery_forgeries_44_21.png,44,skilled_forgery
1.914214519945576,3.965661049393933,5.989003964173485,6.218045175598715,12.323792680086104,8.240278652073085,13.317594079457029,169.7402879901961,0.9715207916110373,0.9705120750219354,0.830095885883743,2.46623093144612,114.31992457573853,34.45397150331612,44_skilled_forgery_forgeries_44_22.png,44,skilled_forgery
1.8847211746754822,3.908680087156767,5.866652039079188,6.040601004160178,11.994312444132209,8.01572357118488,13.698146361858488,166.27120098039217,0.9735270568298934,0.9729170690965164,0.8060538292497585,1.451448038413206,118.11813759555247,33.49848737531532,44_skilled_forgery_forgeries_44_23.png,44,skilled_forgery
1.9479901606731398,4.091651305439335,6.090342496568745,6.358725075483018,12.583588131712375,8.438885926411997,13.993024417604374,172.6986213235294,0.9693976713290949,0.9682449670987247,0.8333933736896144,2.7521739070604916,117.33314020857473,33.92906720808429,44_skilled_forgery_forgeries_44_24.png,44,skilled_forgery
1.9410472270094024,4.009236823402266,6.0754479845647955,6.303058165577671,12.495198850947327,8.373181472927023,13.431861312639896,141.43961397058825,0.9726349210368865,0.9715230403378052,0.8513574246143933,0.9320987642813595,116.33993610223642,32.861711933160535,44_skilled_forgery_forgeries_44_3.png,44,skilled_forgery
1.9877025853935169,4.139899300946285,6.264323843201862,6.5728519963714085,12.993968498893263,8.70415566856414,13.959641554345422,159.0655637254902,0.9690559837741693,0.9678007306395849,0.8520310644507151,1.4021739111383507,116.45305429864253,34.21460505129434,44_skilled_forgery_forgeries_44_4.png,44,skilled_forgery
1.8944892490113152,3.902601821639406,6.143073311357754,6.40251636594239,12.677685334236596,8.422788317176904,13.657122130296287,156.51994485294117,0.9735185471743282,0.9727179062752362,0.8153537804303442,0.9428950850691964,119.80861244019138,32.32317596343414,44_skilled_forgery_forgeries_44_5.png,44,skilled_forgery
1.9017650140397264,3.90112748318219,6.021154549507955,6.205089882460674,12.318674309060851,8.190258704660978,13.654400362601045,150.4086090686275,0.9752910954895108,0.9742956645533263,0.8283773827313612,1.2395498372354505,114.13424264178033,33.397407990197955,44_skilled_forgery_forgeries_44_6.png,44,skilled_forgery
2.024609835201707,4.24847016308511,6.341089886998907,6.547897773893241,12.993487687665462,8.726770389889502,14.141394787683907,195.69108455882358,0.9629160111017205,0.9615202654398037,0.8545725370251989,0.6624803762460907,112.41501416430594,32.65392258697469,44_skilled_forgery_forgeries_44_7.png,44,skilled_forgery
2.012700568942869,4.169126802419209,6.30690707638016,6.5130268905427355,12.925619787098121,8.663715467495557,13.883042490877203,170.63679534313727,0.9632360667003094,0.9612445365594146,0.8757578675683242,0.30894800464997096,112.60323325635103,33.190820521843975,44_skilled_forgery_forgeries_44_8.png,44,skilled_forgery
2.056608457384117,4.276724179195636,6.476246387577863,6.695282773598745,13.281325242809967,8.890303378421219,14.727628058187685,170.8627144607843,0.9659908510597244,0.9640936698749805,0.8756115073688685,1.852691215506103,107.11717974180735,32.665728585511616,44_skilled_forgery_forgeries_44_9.png,44,skilled_forgery
1.841912927447537,3.8151879634155033,6.845899957021397,7.5583253782121815,14.852671414610233,9.911808466044606,14.990857959634763,252.6499080882353,0.9741035459962598,0.9738211833513325,0.5819584876949885,0.7351664244064162,130.05504587155963,33.58489631060207,45_skilled_forgery_forgeries_45_1.png,45,skilled_forgery
1.7419392442221087,3.581800293061861,7.847173446563207,8.862753051248353,-17.523775322412178,11.233854747928618,17.278534879626317,291.2628676470588,0.9706887969090675,0.9703899370313128,0.6115444346411818,0.7182044878825381,124.80914368650218,34.17899613886621,45_skilled_forgery_forgeries_45_10.png,45,skilled_forgery
1.8442810079561016,3.861373114872738,6.506045928885657,7.38349265167804,14.444466621492506,9.646319688293957,-14.51954470138329,227.27732843137255,0.9750753406797755,0.9746789226927681,0.6200428633262659,0.41309523760345807,130.19629317607414,33.99342400961101,45_skilled_forgery_forgeries_45_11.png,45,skilled_forgery
1.7757814933936098,3.691245027825909,5.800073164076827,6.09992087858225,12.0519417952693,7.977255165907081,-13.066212192330767,172.11957720588234,0.9794140311244358,0.9789985346092264,0.6623331346866849,0.5148367944883727,130.61410381978453,32.64320453113786,45_skilled_forgery_forgeries_45_12.png,45,skilled_forgery
1.7389876516140825,3.5914595482158167,6.7674507729909426,7.9797420570848825,-15.394652849210479,-9.779961134971527,15.733994793393029,215.35962009803922,0.975991682543602,0.9758279793642792,0.49453292350404776,1.0487329414254718,143.61179828734538,32.00347289820859,45_skilled_forgery_forgeries_45_13.png,45,skilled_forgery
1.7087458205038644,3.543253170743375,6.32116267034239,6.962800433330461,13.631641023352516,8.923357048723949,-14.071905026133738,242.70477941176478,0.9732317162396871,0.97294808132098,0.592463251161479,1.3598484822730141,133.23434991974318,32.50864275528708,45_skilled_forgery_forgeries_45_14.png,45,skilled_forgery
1.8104448205051482,3.7331603179343933,6.761181360282335,7.589389685449366,14.93505750859938,9.88489654744709,-14.89698921854704,238.65680147058828,0.9744292876192958,0.9740508169023921,0.6543375227012652,0.5865139941647405,123.51242983159582,33.365242700739316,45_skilled_forgery_forgeries_45_15.png,45,skilled_forgery
1.844179888044726,3.8480962250949267,6.418215087390352,6.757316042039849,13.347976133724213,8.689516940694457,14.284115620223668,226.70566789215687,0.9739048686474481,0.973254310828502,0.6589154843733107,0.44058295914732853,128.56731517509726,34.99391194674385,45_skilled_forgery_forgeries_45_16.png,45,skilled_forgery
1.753961783916817,3.641371312049397,5.9648092328764015,6.358700685015171,12.52145080566568,8.242702451104371,-13.690383364911046,180.04139093137252,0.9768772971374855,0.9763331809761532,0.6924275164798325,1.547461365237392,129.72876949740035,33.77956507027313,45_skilled_forgery_forgeries_45_17.png,45,skilled_forgery
1.7457712301794144,3.5756091827380523,6.203223018732475,6.557898099563624,12.940455559341355,8.40140187839234,-13.957655274730426,203.05006127450983,0.9793776243056262,0.9791364647551826,0.6080129008190821,1.179775278247696,126.40309278350516,33.74995060281455,45_skilled_forgery_forgeries_45_18.png,45,skilled_forgery
1.921623162699791,4.02660264732821,6.72056795579448,7.879770428419351,-15.407106833691138,-9.991306349745855,15.273914266371564,268.50116421568623,0.9689117192882374,0.9684138798527403,0.6602692677180957,1.5968858103860106,126.96002664890074,34.19004379936681,45_skilled_forgery_forgeries_45_19.png,45,skilled_forgery
1.668669459060197,3.4576027185172338,5.832596608490415,6.377153424054214,12.517755567312772,8.332658850766718,-12.891525246461715,182.74831495098044,0.9786105847334122,0.9783245616110867,0.644146559649981,1.8429752015345036,131.03875968992247,33.451869416429915,45_skilled_forgery_forgeries_45_2.png,45,skilled_forgery
1.8026744115539117,3.741717359318992,6.6124272223837215,7.0264165163082986,13.846696196198712,8.926076862613431,15.047948617358923,215.92751225490198,0.9745372133382555,0.9742194364800677,0.6131382231000497,0.8106060593778696,135.54142259414226,35.15853752868772,45_skilled_forgery_forgeries_45_20.png,45,skilled_forgery
1.8147091759873835,3.743626539174251,6.402397549502335,6.71363729738434,13.277121533832739,8.585680234355047,14.073892441133873,193.50888480392155,0.9770844602886141,0.9767620822222535,0.6623994413178789,0.3452380948270975,129.59646017699114,33.20702007347119,45_skilled_forgery_forgeries_45_21.png,45,skilled_forgery
1.769548036698381,3.632818135753889,6.760165925466873,7.3244143650673506,14.371934126438402,9.20492327863063,-15.178456323811488,195.87239583333331,0.9774733212250994,0.9771603574112033,0.6613415004415164,0.3612823670021179,127.54800724637681,33.623736650152196,45_skilled_forgery_forgeries_45_22.png,45,skilled_forgery
1.9017205999580284,3.951124819040552,7.327170794777453,7.951420530370508,15.605520513273918,9.97367137155565,16.18125922136152,256.5179227941177,0.9693104115611203,0.9687201390560449,0.6941593235833763,0.39926739890176977,123.96335078534031,33.8769132846206,45_skilled_forgery_forgeries_45_23.png,45,skilled_forgery
1.8396311099306943,3.82607569276942,6.140956037716406,6.561194564074714,12.91828908618898,8.53780005908064,-13.693879528942913,239.64457720588234,0.9723472434545124,0.9720289953098564,0.6270822452042906,1.6222222189450057,131.66563944530046,35.36480460667723,45_skilled_forgery_forgeries_45_24.png,45,skilled_forgery
1.791468363614411,3.669529791847961,6.413667258107227,6.6766635450185285,13.222072986698025,8.514539920879367,14.696597501102836,181.7967524509804,0.9806680455202226,0.980377198228598,0.6080427793382969,1.0483516460475788,131.15021459227466,33.52311626308457,45_skilled_forgery_forgeries_45_3.png,45,skilled_forgery
1.8337730782373003,3.8147572058558628,6.549814572141438,7.574714483253254,-15.11481921920627,-9.747067187525989,14.662465570122544,274.5398284313725,0.9714746165328939,0.9711558517303149,0.5885532449397631,0.5381062349444501,130.37087087087087,33.792632841741096,45_skilled_forgery_forgeries_45_4.png,45,skilled_forgery
1.7329303779692298,3.5434351430198756,6.128819636258565,6.402615769276791,12.668780056630558,8.195932589022142,-14.011982019248544,190.95177696078434,0.9795231206569647,0.9791363845288226,0.6669858097280699,0.6462035530756001,122.75564278704613,33.93178741689238,45_skilled_forgery_forgeries_45_5.png,45,skilled_forgery
1.735357643653769,3.5466103726091145,6.304121054006537,6.672307739528577,13.1648837743759,8.574929154459339,-14.011251649909731,187.82489276960786,0.9790761703644474,0.9786614896865039,0.676449829224054,0.3397190289403333,123.92755004766444,34.155541903339696,45_skilled_forgery_forgeries_45_6.png,45,skilled_forgery
1.7083824795726603,3.4941443432988994,6.379679951491578,7.143122031561397,14.22898210367606,9.661768662816696,-13.959712656710751,204.26130514705886,0.977295418448047,0.9769459075303957,0.6651971430295891,0.6325036593960415,124.47713004484305,33.52870621784087,45_skilled_forgery_forgeries_45_7.png,45,skilled_forgery
1.786519177493591,3.682332191098217,6.967565318912966,7.960752939157374,15.760193861621737,10.499388417575414,-15.477067935117358,237.31250000000003,0.9742837739317007,0.9738517057657149,0.6484565196854184,0.4339839260229806,125.11769415532426,33.084670702845855,45_skilled_forgery_forgeries_45_8.png,45,skilled_forgery
1.710977191354828,3.507553781814126,6.599757618543174,7.457873068200335,14.636462059658067,9.476895506920322,-14.637947298822098,175.30713848039215,0.9794732465621283,0.9791058438113276,0.6345652072719666,1.8994082784041175,132.08061224489796,33.095758277333466,45_skilled_forgery_forgeries_45_9.png,45,skilled_forgery
1.8887659836640744,4.014016778079773,6.010748258458641,6.241334867302697,12.368246460226914,8.291298436005532,13.566421332892878,144.38198529411764,0.9616229940824575,0.9610156564368935,0.6892634596024009,0.35602836854182385,168.48221757322176,25.805368584890125,46_skilled_forgery_forgeries_46_1.png,46,skilled_forgery
1.9938964361805118,4.212861137915826,6.32192265458935,6.635306339276022,13.118397765378926,8.793600702607637,13.959042501034615,136.87273284313724,0.9629918762306289,0.9622870026021907,0.714888784587316,1.3446540863589256,166.168991416309,27.215951754146804,46_skilled_forgery_forgeries_46_10.png,46,skilled_forgery
1.9056660097263045,3.9549232895015236,6.201675538329587,6.40290596795312,12.707943900487846,8.414679891252716,13.655502510387949,133.6504595588235,0.9694022120889482,0.9689501559228655,0.6574944199835343,3.0953678389771992,166.07784431137725,27.36806969808152,46_skilled_forgery_forgeries_46_11.png,46,skilled_forgery
2.001170169761011,4.326381717139196,6.435430030916155,6.865097275459172,13.516034226090103,9.115169077627602,-14.769971165545453,173.11746323529414,0.9567053893481179,0.9562370742072369,0.6465394732898245,0.7443037968402499,170.25931301403,27.937235343495807,46_skilled_forgery_forgeries_46_12.png,46,skilled_forgery
1.8712356376593806,3.8898891655955343,6.300587564622463,6.43218207602451,12.798635015013582,8.409506814879208,-14.5503450467382,157.15312500000002,0.9641384311194396,0.9635429979738067,0.6831043326255978,0.37028483420301395,162.38483146067415,27.384993332171092,46_skilled_forgery_forgeries_46_13.png,46,skilled_forgery
1.991672279921713,4.17252401334588,6.433941226929058,6.877311403751387,13.574476748176362,9.151132715541149,13.91252523089581,180.68514093137256,0.961439556453322,0.960678695118425,0.6739755949398882,0.8651574794634277,160.6395778364116,30.00667323899652,46_skilled_forgery_forgeries_46_14.png,46,skilled_forgery
1.7841872944951345,3.67852626489887,5.91943485632174,6.156251590322819,12.195654583954521,8.07022187131818,13.266721065195837,113.695618872549,0.9716804442102784,0.9712478261137769,0.6689002265130584,0.3543689316947874,168.2752688172043,25.963060287256365,46_skilled_forgery_forgeries_46_15.png,46,skilled_forgery
1.9502551101602397,4.107269283081598,6.553695370664465,7.033991579189394,13.835876555546177,9.255797075734566,14.547551982841636,157.83799019607844,0.9631567568180404,0.9626086113201252,0.6966149890597181,0.636931310760989,160.9858310626703,25.764915329018933,46_skilled_forgery_forgeries_46_16.png,46,skilled_forgery
1.9617731359456756,4.13056943798876,6.528014026832442,7.093023736799371,13.958448396557975,9.382509917983466,14.228985492347011,171.09886642156863,0.9596065059733152,0.9589170861447667,0.6984456334047757,0.5523882892508565,161.9225806451613,28.193569850824545,46_skilled_forgery_forgeries_46_17.png,46,skilled_forgery
1.9036030133436868,4.021452818071616,6.262750383337599,6.570651593236054,12.988106463938575,8.620674512134004,14.21745476473844,161.18808210784312,0.9673284248451329,0.9668976411655621,0.6620382861597509,0.7313596483208776,159.10132995566815,29.747361256327174,46_skilled_forgery_forgeries_46_18.png,46,skilled_forgery
1.9835937711395726,4.212943447905377,6.496924349166397,7.025719790919219,13.81048704850519,9.220888839401196,14.282009294106201,199.51541053921568,0.958715487827439,0.9580748321973556,0.6519622464588631,0.9607843127835448,161.31,29.097798885826396,46_skilled_forgery_forgeries_46_19.png,46,skilled_forgery
1.9250281954103965,4.109222351239968,6.461780324825818,6.981310080905266,13.736951936091018,9.365967561919433,14.121701864380203,155.9031862745098,0.9603628833533251,0.9596675829833082,0.6864153081447752,0.3953651682616817,167.79114242576748,28.15880199684784,46_skilled_forgery_forgeries_46_2.png,46,skilled_forgery
1.9177005811037868,4.079742305484581,6.022329005506533,6.4801139808798585,12.759080138308336,8.68922918597352,13.191847543027807,150.800949754902,0.9660068108539142,0.9654884261000544,0.6825266731513139,0.7845659155578072,161.76216216216216,29.01601314358122,46_skilled_forgery_forgeries_46_20.png,46,skilled_forgery
2.0462811639698533,4.397956433838459,6.513391031755119,6.796186548891691,13.452786811614848,9.027578134586907,-14.491241742908926,170.50180759803925,0.9560002560202248,0.9553331386079329,0.6715701384373864,0.5017373172329831,168.77047663118927,25.530322920705075,46_skilled_forgery_forgeries_46_21.png,46,skilled_forgery
2.0115586225713296,4.330742413927638,6.284165637699044,6.580935365832154,13.013903614908218,8.809815973482818,14.371615034333004,167.86902573529412,0.9575558207702857,0.9567878595132396,0.6935152805357718,0.6388676353183874,165.9593837535014,26.041960201250372,46_skilled_forgery_forgeries_46_22.png,46,skilled_forgery
1.9224400719984431,4.10164346998697,6.453925452248139,7.429408904504855,14.416907341919869,9.609101888448345,14.731385076581414,166.09491421568626,0.964671246938313,0.9642017908305354,0.6177676031478783,3.201492529349521,166.91119005328596,28.9588495378008,46_skilled_forgery_forgeries_46_23.png,46,skilled_forgery
2.0243190715002997,4.298829649066593,6.765039400454345,7.1629134401881505,14.127234125381625,9.370271593474806,-15.526992772604805,196.4122855392157,0.959481421832653,0.9589782766179539,0.660177907989928,0.7022184294349672,160.46616541353384,28.157242564833012,46_skilled_forgery_forgeries_46_24.png,46,skilled_forgery
1.968592699500738,4.152350283806432,6.631635870676155,7.080734154557436,13.970701133217077,9.33105047381572,14.357625911726357,179.90389093137256,0.9569402625532599,0.9562671277206733,0.7130279679392473,0.5523672879825199,160.0032347504621,27.02725892892333,46_skilled_forgery_forgeries_46_3.png,46,skilled_forgery
1.9761760666467065,4.168157496907384,6.582104143283987,6.987065173959664,13.780274909045243,9.170987985476803,14.476443777384327,184.3024509803922,0.9589924331389931,0.9583197533204046,0.6749668536616032,0.6554828145208814,162.05239742956005,27.877144195532306,46_skilled_forgery_forgeries_46_4.png,46,skilled_forgery
1.9964840258158543,4.293289565145171,6.404701208847757,6.691274314041497,13.240075526912372,8.915759215616362,-14.452880019571884,146.31366421568626,0.9622130286487556,0.96124497866314,0.7632221421634318,0.7362924275576218,156.47418546365915,26.44473520999039,46_skilled_forgery_forgeries_46_5.png,46,skilled_forgery
1.9513201464878176,4.0930150671811925,6.480777166022362,6.893588173146788,13.582584070487338,9.044083456252842,14.620827804360106,172.28146446078435,0.9634694912093702,0.9628844410202849,0.6647563965804114,0.6542404467341654,160.5892957746479,27.909426915858955,46_skilled_forgery_forgeries_46_6.png,46,skilled_forgery
1.9203056762816928,4.0405825008127385,6.4311148701352625,6.8024007828523665,13.420351435828797,8.881170408572974,14.549843271104614,165.0701286764706,0.9618881393198645,0.9613219324336649,0.6995097101939757,1.0278074855317567,160.63660337552741,28.52262980946449,46_skilled_forgery_forgeries_46_7.png,46,skilled_forgery
1.7839771575430055,3.6527563307910076,5.6099238826701034,5.597795151313038,11.201804096423391,7.427737676728517,-12.782890371419644,112.02633272058824,0.9737616091078705,0.9733005443650105,0.6316823667474415,0.4426966287160712,169.1051401869159,26.63841191127584,46_skilled_forgery_forgeries_46_8.png,46,skilled_forgery
1.9626569076477052,4.069266252367911,6.233029728615031,6.396983102373159,12.71352965824642,8.446450324876956,13.787356137086407,118.90873161764705,0.965848065181494,0.9651976167234673,0.6829092565832405,0.4920071043587858,173.175,27.61651237850973,46_skilled_forgery_forgeries_46_9.png,46,skilled_forgery
1.893839618286958,4.0147231375951105,7.28849793032059,8.068968279011985,15.895561215061155,-10.388756707809947,-15.900904416301536,253.41636029411765,0.9574289060812204,0.9566498909285517,0.6965591777780187,0.3900196977084572,143.99858290033066,30.89540001309507,47_skilled_forgery_forgeries_47_1.png,47,skilled_forgery
1.9168073833817407,3.9460902655715833,7.257123004605831,6.988843429162618,14.112731070578501,8.971443349555269,15.302469692344792,237.63192401960788,0.9612082696840893,0.960555716648174,0.706704102693485,0.6267664167691052,141.34133878385285,31.339716270058677,47_skilled_forgery_forgeries_47_10.png,47,skilled_forgery
1.880289470430249,3.9536598423695093,6.96918939506777,7.968809831142332,15.442774426274449,9.945968738717111,16.260705522648113,237.51905637254907,0.9603286260480052,0.9595294875058987,0.7135459117373647,7.699999966521739,141.33283358320838,31.640174084678122,47_skilled_forgery_forgeries_47_11.png,47,skilled_forgery
1.8256167267920231,3.822742182307784,7.447029647959528,8.520747733285662,-16.89509598662018,-10.503525063522698,16.543951314713322,217.3736825980392,0.9624310329393735,0.9617657824237672,0.7227046198588923,0.7949438194803896,141.75952008346374,30.007181706534016,47_skilled_forgery_forgeries_47_12.png,47,skilled_forgery
1.8335643512307784,3.928932348858964,7.508743849403392,7.5844050196633965,-15.15708344519456,9.551825139760519,-15.603924415774806,153.07368259803917,0.9619607493718193,0.961414424354355,0.5848398054775943,0.9495060362793567,176.11486486486487,26.883534341217715,47_skilled_forgery_forgeries_47_13.png,47,skilled_forgery
1.8420709217089823,4.060928974561496,7.41883484132893,7.099912911914198,14.75489515985457,9.157283631865146,-14.397594119567023,160.6246017156863,0.9585148556615302,0.9579221827093889,0.581633886337056,0.9206349197215924,176.90857438016528,23.56918795153708,47_skilled_forgery_forgeries_47_14.png,47,skilled_forgery
1.8614340962454894,3.9888143261664477,8.095106626500012,7.547914291903175,-15.53309334562384,9.543475098173893,-15.507537622130485,127.61102941176472,0.9598165584398815,0.9591630312967889,0.5944247753039589,0.7350505972998613,184.19247083775187,24.064304241879842,47_skilled_forgery_forgeries_47_15.png,47,skilled_forgery
1.8443735678618431,3.897648203844419,7.595278952839047,7.466280716911971,15.324026360295717,9.45734724309244,-15.051530166719754,136.10335477941175,0.9623159681682096,0.9618432552294479,0.6020786741610147,0.6798493402261305,178.43273542600897,23.620812536704282,47_skilled_forgery_forgeries_47_16.png,47,skilled_forgery
1.835487811402048,3.9226524801175864,7.1413021802265,7.697153778322973,15.118353145429074,10.196934011958001,-16.138357827862297,147.03681066176472,0.9616114638544738,0.9610315389018418,0.5311083911517941,1.3964817301806742,181.83173348390739,23.90915255101329,47_skilled_forgery_forgeries_47_17.png,47,skilled_forgery
1.90101208409819,4.1481927994301575,7.185675640969601,8.133906823165118,-15.846559056974556,10.208567458162504,-16.126402110623506,234.61801470588233,0.9533064808204776,0.9526374626559654,0.5611314557405551,1.0091827355287577,168.26553930530164,26.537913288557142,47_skilled_forgery_forgeries_47_18.png,47,skilled_forgery
1.893527128760076,4.1308104975128215,7.069557832732541,7.423347546529428,14.67783042701336,9.67067003041677,-15.389817182605084,187.45196078431374,0.9570430454212218,0.9564973755906031,0.5927702585406857,0.7493540045225202,171.95174790743476,26.742598117227526,47_skilled_forgery_forgeries_47_19.png,47,skilled_forgery
1.8644864971919417,3.8672012825117013,7.451027160113916,7.144666842437305,14.443105276044442,9.117746850711596,15.725234119481907,224.63700980392156,0.9640549435384935,0.963496875505395,0.6629196987725584,0.7260273965498754,147.047052154195,31.49771519870571,47_skilled_forgery_forgeries_47_2.png,47,skilled_forgery
1.893796383445052,4.094488021036949,6.863989536365074,7.084055822421766,14.058199397527686,9.203860625621978,-15.685310655123649,163.04911151960783,0.9561830664862511,0.9555324817935653,0.6099928254538758,0.8908926953193032,176.379113018598,22.903454822348078,47_skilled_forgery_forgeries_47_20.png,47,skilled_forgery
1.9099009337827269,4.2285205387889775,7.223868856637752,7.869256675218272,-16.45573235440804,10.017127680901147,-15.41763387717822,167.32098651960789,0.9547735812756875,0.9541541697839164,0.6079511108684398,1.0074626856273667,176.87732342007436,23.94966078198143,47_skilled_forgery_forgeries_47_21.png,47,skilled_forgery
1.8744270610199307,4.0820249666019395,7.318419525282223,7.466261941398498,-14.911260519083966,9.509966703029663,-15.192045417030624,173.23480392156864,0.9560125937539784,0.9554256855441147,0.5609160500550154,1.1029106017641261,178.50173010380624,26.394041928156955,47_skilled_forgery_forgeries_47_22.png,47,skilled_forgery
1.8683530536593302,4.03001224753509,8.116696365916292,7.096920635354056,-14.777464107713236,9.11291751907624,-14.974094787822727,164.65047487745096,0.9575290835149712,0.9568191357137903,0.6225324274619,1.682959046653951,174.55686853766616,27.258768564542542,47_skilled_forgery_forgeries_47_23.png,47,skilled_forgery
1.9120282744399144,4.194391214833006,7.7789130796369435,8.219392443018387,16.393519343277255,10.518409228454185,-16.347079309415193,200.67383578431375,0.9517140530739098,0.9510753677778266,0.5748792231979476,0.8288942689032329,174.90776699029126,24.64291962767896,47_skilled_forgery_forgeries_47_24.png,47,skilled_forgery
1.8052265831593015,3.726908088605382,6.79398936521965,7.011812155384161,13.914775024543651,8.938191906674383,15.686544356683795,216.11920955882354,0.9641259400824113,0.9636192984162872,0.701199453658475,0.507963117763652,142.93107281823234,30.159677451611575,47_skilled_forgery_forgeries_47_3.png,47,skilled_forgery
1.9196625694187068,4.051686527858239,8.59790463187162,7.569314864665141,-15.805719403314715,9.615784389519979,15.801183504909499,250.25863970588236,0.9602361050540816,0.9591156983254973,0.7423701924783083,0.514598539770366,133.26216867469878,30.512832617326673,47_skilled_forgery_forgeries_47_4.png,47,skilled_forgery
1.7933576497904529,3.7244518558677986,7.152481666946888,7.025570488590491,14.243173524566686,8.997396105092637,14.289517645346391,227.7511029411765,0.9666536983741066,0.9661774460961642,0.6703365778537949,0.9604316535246623,140.80672782874618,32.92070842830293,47_skilled_forgery_forgeries_47_5.png,47,skilled_forgery
1.7765981377156155,3.626622878710028,6.334757018609229,6.512672413828728,12.936787303731109,8.374090328610142,14.30384008160143,186.41583946078435,0.9680948553716604,0.9674487009713424,0.7317321259903097,0.567593479800965,140.3547400611621,32.52529714846646,47_skilled_forgery_forgeries_47_6.png,47,skilled_forgery
1.9650241265988122,4.080910874326997,8.795144600236467,8.163601705836188,-16.68601443262848,10.207133609897843,-17.015582495718075,258.6083639705882,0.9556437319572869,0.9546583067311202,0.7387424625047351,0.3070325898759104,138.4129483814523,31.888573065942253,47_skilled_forgery_forgeries_47_7.png,47,skilled_forgery
1.843470850727215,3.8248758486165535,7.57512360195782,7.4632108474791075,15.099702702909424,9.501510568672334,15.172088073003538,212.15033700980393,0.9670557849324541,0.9665756314413019,0.7022868027714846,0.7391763455763714,139.14693381906497,32.23187885590187,47_skilled_forgery_forgeries_47_8.png,47,skilled_forgery
1.7440153581005498,3.600470636040765,6.974517515007905,6.881370947647898,13.817151140832717,8.707038657286226,-14.53455237919197,195.79586397058824,0.9676173654859489,0.9670658442430448,0.6855585779264118,1.0149439588854994,145.88875154511743,30.840512173898897,47_skilled_forgery_forgeries_47_9.png,47,skilled_forgery
1.9743166924754423,3.983753030349541,7.883128167509323,7.93259142030916,15.840459443253689,10.010332756381814,18.051158024145785,322.4593443627451,0.9587998889928291,0.9580740318301574,0.7064193700782553,8.619266015507954,126.43919885550787,33.15473252666468,48_skilled_forgery_forgeries_48_1.png,48,skilled_forgery
1.9394923445078172,3.9389427829380095,7.306802217427562,8.246153798676362,-16.05774298709014,-10.293391584591378,16.435605340088888,331.42233455882354,0.9591735583735159,0.9584724650864356,0.6667722950473831,3.9901477734232813,130.7300098716683,32.550434065429585,48_skilled_forgery_forgeries_48_10.png,48,skilled_forgery
1.9165221880928418,3.9127970761445074,6.908849849547278,7.759787438571066,-15.781838697863604,-10.672877428150086,15.103451550230684,267.65983455882355,0.9621106043937775,0.9614900629971435,0.6857120870248694,10.19526621186233,136.7431289640592,33.418411902084216,48_skilled_forgery_forgeries_48_11.png,48,skilled_forgery
1.942657770092645,3.9258275513240566,7.457110386564492,8.389349277712945,-16.325033026200778,-10.35232799794578,-16.939500493585847,311.1046875,0.9602432186113385,0.9594373712736928,0.6999642896041224,1.31271477512862,127.88459633481922,33.23037177335144,48_skilled_forgery_forgeries_48_12.png,48,skilled_forgery
1.7991260425078162,3.660203107307356,6.918264742368335,7.6626651356511255,15.349364934016348,10.07227836409778,14.991316745587229,110.32680759803924,0.9683361876875487,0.9677403349790648,0.6083991769708301,2.567757003346362,180.94368041912247,25.808081621049865,48_skilled_forgery_forgeries_48_13.png,48,skilled_forgery
1.7119312646932816,3.4922913424648665,6.931396146175793,6.947335795070843,13.921105379961627,8.857321267802403,14.303751629966257,108.12233455882351,0.9683277010424308,0.9677865352682304,0.5574348743530116,5.67420811912123,185.0677966101695,25.024804241960876,48_skilled_forgery_forgeries_48_14.png,48,skilled_forgery
1.7892911284803228,3.649125956574767,6.431205685380858,6.88799929283105,13.586980476047678,8.783815666544472,13.937740165381703,92.0860906862745,0.9701438027359837,0.9695325128159877,0.6048733796945314,4.2327272573355375,185.1535788742182,22.699337958599582,48_skilled_forgery_forgeries_48_15.png,48,skilled_forgery
1.867089737272059,3.7899432845375767,7.143243386853044,7.297201017927895,14.517451234285378,9.360555878244359,-16.462127078492014,131.1043504901961,0.967414318392064,0.9668976397093977,0.6117421924962381,8.705521418984532,174.42857142857142,25.149206186076288,48_skilled_forgery_forgeries_48_16.png,48,skilled_forgery
1.8876227067618225,3.8417077857709585,7.448825968876933,7.758926139730866,15.364595216850772,10.090530298610474,16.40528233840172,145.18946078431375,0.9639469682474159,0.9633133333093499,0.6486668573383486,5.914062476898193,170.89491525423728,27.180776422201813,48_skilled_forgery_forgeries_48_17.png,48,skilled_forgery
1.8542972565994602,3.774531167527233,7.093705514160099,8.06736386118421,-15.75399828450616,-10.209647793832444,15.854312658493312,93.27803308823529,0.9661868597331291,0.96542746498149,0.6265366257743533,6.634259228545096,186.88599151000605,20.52991968878754,48_skilled_forgery_forgeries_48_18.png,48,skilled_forgery
1.8960579075588468,3.8839978460735156,7.211775804430645,7.4490165849753565,14.781069465133212,9.726566891617164,15.838997723932597,101.09871323529413,0.9611940835520109,0.9604495443091446,0.631154572524975,7.488687748919965,188.37313432835822,21.385396522371433,48_skilled_forgery_forgeries_48_19.png,48,skilled_forgery
1.9622290519456649,3.9600583622290437,7.818101526584112,8.00426697443611,15.919729371235835,10.146213200032193,-16.770336128478135,334.44822303921563,0.9563492019700928,0.9555772884173774,0.7004125893171921,5.013586942897861,128.78626299141436,32.796128401626724,48_skilled_forgery_forgeries_48_2.png,48,skilled_forgery
1.8548173622838096,3.768711626117399,7.494825704453291,7.61611050454912,15.175878505958302,9.671102191814345,16.02537314595808,126.85465686274506,0.963366760045522,0.9627467826529024,0.6349070363972908,4.301492524473157,178.02702702702703,24.94144835642843,48_skilled_forgery_forgeries_48_20.png,48,skilled_forgery
1.821300066355792,3.7145451529151017,7.22944473893891,7.592365183031502,15.003807883410255,9.948824187942598,16.306630189519602,132.41587009803922,0.9672176331092242,0.9666219480283327,0.6197692374451325,6.427906946846944,173.35691922354414,24.802141978854337,48_skilled_forgery_forgeries_48_21.png,48,skilled_forgery
1.9252490390087595,3.9173112518335613,7.274929464659519,7.069669660499727,14.24863242309938,9.089115448875084,15.001828036557288,131.1059129901961,0.9606695632991117,0.9599282994884347,0.6590023123101616,8.202830149986651,176.98154792414147,22.96300297769431,48_skilled_forgery_forgeries_48_22.png,48,skilled_forgery
1.8170414784298514,3.6998665403249245,6.756823806866764,7.6202192092330945,-15.471641457962736,-10.35600576120056,14.819246198785605,124.74996936274512,0.9665214553379483,0.9658866570998245,0.6732583184428963,5.251879679504212,171.8376428141912,27.45656563972818,48_skilled_forgery_forgeries_48_23.png,48,skilled_forgery
1.8038433503121583,3.6753747524823006,6.879882844095466,7.877911576238248,-15.295341015588274,-9.809222792293616,15.651255172554428,97.16017156862745,0.9682837875344172,0.9677250826932936,0.6047143464174328,2.897435890006575,185.17368421052632,22.715374855979054,48_skilled_forgery_forgeries_48_24.png,48,skilled_forgery
1.9650458537307574,3.981120082546025,7.659292163813006,8.63955234269872,-16.811091014702125,-10.70350692869469,17.295958712732354,351.76796874999997,0.954344939411385,0.9535399828520416,0.7092429999926038,4.043196535543852,127.15546038543897,34.141352270410806,48_skilled_forgery_forgeries_48_3.png,48,skilled_forgery
1.974411517050003,4.0450590248103495,6.998105044834104,7.874140911943107,15.310755147151843,9.903655366288989,16.633232333878514,456.81113664215684,0.9482718209242778,0.9475969558477143,0.6528847753511006,0.7212449250871144,126.9752358490566,33.80534967443824,48_skilled_forgery_forgeries_48_4.png,48,skilled_forgery
1.881569200418276,3.8203064879111484,7.838294531270605,8.598480275584892,-17.917743024677083,-11.22457791381014,16.818236579270895,349.35672487745103,0.9582042961750062,0.9578445983639162,0.6195092954732585,2.640759926354473,134.72058823529412,33.598861647655646,48_skilled_forgery_forgeries_48_5.png,48,skilled_forgery
2.0123594040088872,4.098599579339341,7.404041759032028,8.17789081809784,16.03670402467664,10.314428911929555,16.254510106295342,405.4113204656863,0.9502248520016828,0.9494809608241787,0.666482492288184,2.1387856231241815,130.8207658902487,33.200325269373074,48_skilled_forgery_forgeries_48_6.png,48,skilled_forgery
2.000536697885184,4.053603451194161,7.6056368370766,8.51870203295994,-16.660832864225704,-10.645059696549326,16.836563662305178,349.51948529411766,0.9548017264351983,0.9540609006570373,0.6998051858087662,4.239080450025102,127.67266344888108,32.078842422513254,48_skilled_forgery_forgeries_48_7.png,48,skilled_forgery
1.9208672128743953,3.9087957490292107,7.204903992617413,8.073998744601143,-16.164157209490455,-10.831432078984847,15.74256605067007,274.0946384803922,0.9575751518035518,0.9568180509090142,0.7257616110752384,8.568281900580256,134.7196132596685,32.15174830685648,48_skilled_forgery_forgeries_48_8.png,48,skilled_forgery
1.9698897652419738,3.989279316868685,7.283105913878675,7.855732181523353,15.561663716619561,10.171353012633517,15.590634295121824,338.94004289215684,0.9568980624555983,0.9561440729309063,0.6913116481514826,2.765624995198568,128.9225449515906,33.99686061735418,48_skilled_forgery_forgeries_48_9.png,48,skilled_forgery
1.9382798332712334,4.505349126719578,6.424087869647982,7.439712804704086,-14.658882174363015,-9.810594685245103,-14.438870357141775,204.9544424019608,0.9599865540221103,0.95926907400566,0.6988770896658235,1.920863306588686,152.57487684729065,27.912637450057115,49_skilled_forgery_forgeries_49_1.png,49,skilled_forgery
1.995182875495051,4.497835673999863,6.464059495912251,7.208420879759476,14.204839005391593,9.80885509077034,-14.185924864178684,218.42264093137254,0.959488420319641,0.9587329635882154,0.6990262481517093,1.187833509938278,149.95073170731706,29.429121332303378,49_skilled_forgery_forgeries_49_10.png,49,skilled_forgery
1.9366794320687573,4.457800887185232,6.40296543546148,7.0328074735091075,13.840293139003366,9.402624018627387,-13.986180345295189,229.06911764705882,0.960128948583428,0.959207834195704,0.6733857715754779,1.0766839367080996,150.5109780439122,28.988045220574925,49_skilled_forgery_forgeries_49_11.png,49,skilled_forgery
1.9073746560010731,4.35833328533755,6.1699363506331615,7.265029255765043,-14.1256069987394,-9.503268830474573,-14.14070966071876,190.15162377450983,0.9638077991788477,0.9630526006981868,0.6871130355499263,1.7257824117350486,153.13012575177692,27.545747326479194,49_skilled_forgery_forgeries_49_12.png,49,skilled_forgery
1.9460839156740724,4.587162588124927,6.318024305200462,7.103673618575205,13.978193055671783,10.37594987175179,-13.95263377962016,207.29721200980387,0.9621058186116718,0.9615056537896653,0.6486985066667872,1.3291614501512372,155.5599140247179,27.2582980832162,49_skilled_forgery_forgeries_49_13.png,49,skilled_forgery
1.850252004769107,4.274813144794103,5.821272781891199,6.839959365483713,13.371578879313125,9.798347029264068,-13.280154692391925,163.3806066176471,0.9695814039740094,0.9691492493848374,0.59644308426903,2.24444443945679,163.05547945205478,28.039288802516865,49_skilled_forgery_forgeries_49_14.png,49,skilled_forgery
1.887440581909164,4.350211331993054,6.164342774232059,7.294717111593625,-14.151086081061917,-9.595467873220919,14.201338979729954,149.35435049019608,0.9652895061007143,0.9647070719442358,0.6723193118838807,1.6462480832369861,164.66840277777777,25.799383996105618,49_skilled_forgery_forgeries_49_15.png,49,skilled_forgery
2.00479557399603,4.680522119778141,6.519832498410896,7.555996464006464,15.480076728831065,-10.330834595607993,-14.59761022154036,195.7722732843137,0.9552020434563544,0.954428953197346,0.6881724802103996,2.173239433558818,161.52996005326233,25.697471968180825,49_skilled_forgery_forgeries_49_16.png,49,skilled_forgery
1.924497379658554,4.335880475840312,6.293813332123678,6.9497889368031895,13.574725905369492,9.190454700565404,-14.493356719851507,178.05052083333337,0.9615861938900273,0.9609235323041356,0.6912055238060804,2.491862563305854,158.60124287933712,26.990772317089448,49_skilled_forgery_forgeries_49_17.png,49,skilled_forgery
2.0052133267788843,4.6105197848152955,6.544855721068927,7.679899667157559,-14.911365456209504,-10.037633037069277,-14.979549913874816,153.12876838235292,0.9643650007847572,0.9636960730005353,0.6917667231444277,3.246445489937333,162.70758928571428,27.653253739890037,49_skilled_forgery_forgeries_49_18.png,49,skilled_forgery
2.0243932575938612,4.686721590810202,6.517777419410399,7.889473476673087,-15.197147604578602,-10.317125125126234,-15.302808755384822,192.5213541666667,0.9597017249458825,0.9591161932790886,0.6648275580472851,2.0665634642932456,160.42857142857142,28.136943751292062,49_skilled_forgery_forgeries_49_19.png,49,skilled_forgery
1.9024433151884284,4.264274598561576,6.564472298671312,6.672294203000378,13.290679131590268,8.983744360726655,-15.846691303205091,198.72392769607845,0.9628952174374203,0.9622408927867144,0.6546310297361478,0.5124172181188599,156.53256704980842,29.24339485169943,49_skilled_forgery_forgeries_49_2.png,49,skilled_forgery
1.953415310375175,4.384864478097274,6.380923883107443,7.253622075059813,14.236037737448568,9.824641134378476,-14.207705849528343,182.94325980392156,0.9601624215261,0.9594377537374735,0.6810287476714175,1.1453175445152664,160.66131460110387,27.658573391718893,49_skilled_forgery_forgeries_49_20.png,49,skilled_forgery
1.9129174221462628,4.307211548149499,6.399602381861232,7.286957491492975,14.690147552436043,-10.18275156075384,-14.147375396088611,167.70171568627455,0.9637444189354545,0.963144657808004,0.6717630289776725,2.0149999966416665,161.44112769485903,26.605090392071897,49_skilled_forgery_forgeries_49_21.png,49,skilled_forgery
1.8891634525513166,4.239628250631935,6.377740353131297,6.9348699375165515,13.791601231027023,9.556864082435458,-13.701134091718169,165.84384191176468,0.9639949160780789,0.9633897896236181,0.6600945376417261,0.8285420936051929,162.84727681078047,26.103887591408952,49_skilled_forgery_forgeries_49_22.png,49,skilled_forgery
1.940785721236146,4.3198875909017636,6.738958370817301,7.094782437353831,14.023838737381931,9.36133857931568,-14.643165721597754,203.2969669117647,0.9599410276759297,0.9593610636118606,0.6922177348935598,1.0180360711242125,153.62859980139027,27.30682074339553,49_skilled_forgery_forgeries_49_23.png,49,skilled_forgery
1.9603929835307454,4.408515356153957,6.429229617840342,7.434461819052685,15.602498198341992,-10.029236435926684,-14.367040540564547,189.07922794117644,0.961787820582297,0.9610001663565416,0.656321631898375,1.4134860032907304,160.41328413284134,27.919720606693982,49_skilled_forgery_forgeries_49_24.png,49,skilled_forgery
1.9796633378084447,4.557031325694427,6.501616056352512,7.2856445976645015,14.179965867130923,9.80524728792238,-15.428276521822507,206.08930759803923,0.9579158865165549,0.9572165515930611,0.6955198741074341,2.3234374963696287,155.58580159849552,28.732837858781526,49_skilled_forgery_forgeries_49_3.png,49,skilled_forgery
1.9268307998711547,4.301451090851124,6.2342317559530285,6.968744689526968,13.606258722512335,9.380698108148195,-13.978067117815455,204.25140931372553,0.9649322112784271,0.9644006564008988,0.6421374900378446,2.862612606165287,153.3253644314869,28.222031451855518,49_skilled_forgery_forgeries_49_4.png,49,skilled_forgery
1.9225031827219363,4.416189986516841,6.22998706241599,7.179991900064284,16.3543420521976,-10.213294199917808,-13.884983881854025,212.0563725490196,0.9612625720441144,0.9605865306081905,0.6707310923436619,1.6168478238901525,152.6723779854621,27.427240388367576,49_skilled_forgery_forgeries_49_5.png,49,skilled_forgery
1.9361062706334478,4.34404525157552,6.325974275541589,6.743551050456112,13.280018623046695,8.95466109308876,14.331692091277812,183.3834865196078,0.9622459183356017,0.9616434684107369,0.6871385492664898,1.8691019758461158,157.01644562334218,28.7403125432769,49_skilled_forgery_forgeries_49_6.png,49,skilled_forgery
1.9592705761533884,4.423254364855941,6.521842153896391,7.31609319787043,14.252081243070926,9.68639107752634,-14.796408142480608,198.5972426470588,0.9600381979331488,0.9593917642944634,0.693197994145127,0.4962518736909656,154.875751503006,29.444703672053535,49_skilled_forgery_forgeries_49_7.png,49,skilled_forgery
2.0181744302350157,4.62307751397501,6.528129121060884,7.248641027728639,14.21778626600862,9.85515832513495,-14.390934691338416,219.033118872549,0.9568825215869797,0.9560370260982898,0.7201753764607682,2.5728155298174507,149.69248188405797,29.305890761637073,49_skilled_forgery_forgeries_49_8.png,49,skilled_forgery
1.9985582710410084,4.513324031073956,6.401648650930734,6.93731912161784,13.607047947438222,9.220292391533505,15.08077316961892,203.44160539215687,0.9571626948770751,0.9562514614573894,0.732056438647299,2.5432692266934787,151.52962460425147,29.41529406474825,49_skilled_forgery_forgeries_49_9.png,49,skilled_forgery
1.955038473761999,4.003786592880794,6.408644171092603,6.523217749461762,12.98975217101476,8.525207877372901,14.267502825019537,115.6748774509804,0.9609320539369232,0.9598667843518204,0.7745356615489825,0.02348825586032571,168.00146484375,29.076936901485734,4_skilled_forgery_forgeries_4_1.png,4,skilled_forgery
2.0914989981458025,4.309459538087865,7.889125302110121,8.487459356306791,16.680896872889438,10.69642632316464,-17.490995759733234,189.0527879901961,0.9522610453300868,0.9512424525705088,0.7838836955402048,0.5755127404751319,150.95542406311637,29.299406345468782,4_skilled_forgery_forgeries_4_10.png,4,skilled_forgery
2.0709890960533524,4.244921882269544,8.462951152469953,8.355064075393354,16.777033965974297,10.485345863582868,-17.38255710317274,192.5390318627451,0.9512609564668286,0.9500785582571919,0.770114333042422,0.9729729722216424,154.03561643835616,30.078812060848144,4_skilled_forgery_forgeries_4_11.png,4,skilled_forgery
1.9016764805381898,3.8717657030845096,6.512796380081795,6.667412251965434,13.257518748257459,8.60448039995858,15.756639834676493,89.09583333333333,0.9628155256366636,0.9617203364932628,0.7567190915590801,1.9290030182341344,179.21248066013408,24.32480124545215,4_skilled_forgery_forgeries_4_12.png,4,skilled_forgery
2.080778603911033,4.359860858444176,7.442246502621867,8.45680081711011,16.484538076138147,10.676566119477036,16.66599475195611,340.0991421568627,0.9383287304426416,0.9367520507448664,0.7658103340564036,0.9519807917455096,135.23431734317344,30.768555588000293,4_skilled_forgery_forgeries_4_13.png,4,skilled_forgery
2.0350286542986296,4.308628311994419,6.646138920964997,7.191646642655126,14.114451043260864,9.346654137453957,14.984691193604606,263.71047794117646,0.9501564087404145,0.9492207785138908,0.7411260125332532,0.4842105260326254,142.8223010244287,31.720613857298734,4_skilled_forgery_forgeries_4_14.png,4,skilled_forgery
1.9971728803564164,4.12180460780203,7.347054199865573,8.654318006205978,16.998917954183344,10.91603643742794,16.70487452860241,242.07987132352946,0.9526114875903933,0.9516100928294597,0.7757064288672056,0.7606534085506722,137.97337636143607,32.17987366344847,4_skilled_forgery_forgeries_4_15.png,4,skilled_forgery
1.81992369072747,3.728293176688378,6.262948286199526,6.561887147493741,12.974333402580339,8.426314848674112,-14.914982698425613,208.4089767156863,0.9627257568907658,0.961934347025971,0.7303680120149838,1.0585683285698826,142.90516332982085,33.05061202801594,4_skilled_forgery_forgeries_4_16.png,4,skilled_forgery
2.1476413122393763,4.477026860683253,7.36977686019976,7.765330250238492,15.332995159565874,10.005528186869105,16.97796351576934,229.84102328431374,0.9582960530437391,0.9573390555057212,0.7388664839796005,5.1976744034951325,141.58161350844279,32.114832650908205,4_skilled_forgery_forgeries_4_17.png,4,skilled_forgery
1.9906510575736827,4.103159237064395,6.999410943202042,7.484065617628229,14.741722340838594,9.558478643475645,15.301141366583215,239.88731617647053,0.9562799878956004,0.9553935986935707,0.7569970727813623,0.48719632272672597,138.26225165562914,32.72564542771817,4_skilled_forgery_forgeries_4_18.png,4,skilled_forgery
1.9225843536314686,3.946146690058691,6.804860458740329,7.209169176643091,14.221804292225054,9.192840282293648,15.012485572556676,207.06259191176474,0.9601310821954248,0.9590851080218851,0.7599906673782857,0.15104740895752622,141.65804597701148,32.41617427770408,4_skilled_forgery_forgeries_4_19.png,4,skilled_forgery
1.8102170371226491,3.692784331007872,6.438208879893472,6.562616794421725,13.063272227819944,8.409277550232845,14.539086042945305,86.6138480392157,0.9641344353700891,0.9634365202271711,0.7023352085579276,0.9373626363325686,185.1055019852524,25.175914002244443,4_skilled_forgery_forgeries_4_2.png,4,skilled_forgery
2.056389870704395,4.257900826133068,6.761484384209994,7.009420623442061,13.894913486442823,9.140650989029343,-15.7602993257634,220.64197303921569,0.9513585292258958,0.9499710041839903,0.8007179364170834,1.0326848240990778,139.53177641653906,32.18903750878148,4_skilled_forgery_forgeries_4_20.png,4,skilled_forgery
1.9733678003415944,4.0849171922734175,6.965291688112895,7.818542840503899,15.306113395101494,9.947717632460689,15.434561146007901,247.64822303921568,0.9548408157166772,0.9538311890071818,0.7466610523741951,0.6132596680847654,140.48330479452054,31.842461560884633,4_skilled_forgery_forgeries_4_21.png,4,skilled_forgery
1.994047198799571,4.163453030097914,6.634117768897321,7.1207471681571395,14.000954918742666,9.20405084856753,14.946289393597196,288.69185049019615,0.9503644947909171,0.9495115415501671,0.741312135495029,0.6958831336680722,137.51722787783868,31.62328264856722,4_skilled_forgery_forgeries_4_22.png,4,skilled_forgery
2.0760962507084875,4.304305501002268,6.987472234286147,7.338383283272175,14.502678428271292,9.492204878485161,15.602425934750649,270.89990808823524,0.9438205836907526,0.942496016497122,0.7846686214900082,0.8259803916507472,139.4557046979866,32.22609489666155,4_skilled_forgery_forgeries_4_23.png,4,skilled_forgery
1.9511761145584563,4.020585652267945,6.510744968651102,6.816616951118422,13.483259952142364,8.83664877968069,14.414358862853208,253.37833946078433,0.9575821262241939,0.9567569568734782,0.7271654763642817,0.5218617767828901,138.70342910101945,31.12446384428768,4_skilled_forgery_forgeries_4_24.png,4,skilled_forgery
1.923497784211495,3.9333487606110933,7.819406950184785,9.396765610770437,18.2493403329677,11.598505132813582,-18.089993212421074,87.44512867647059,0.9632633456931612,0.9621954838682203,0.7435083251291773,4.566371667945806,181.68309485956544,26.0219475537823,4_skilled_forgery_forgeries_4_3.png,4,skilled_forgery
1.889273583148373,3.8536998073345017,6.407551554017621,6.500171057564835,12.954188911078626,8.427608939295187,14.525164413363772,80.73443627450982,0.9731577315470901,0.9725960612154966,0.6430897987289327,0.9969278018480372,183.2723076923077,25.23982815796865,4_skilled_forgery_forgeries_4_4.png,4,skilled_forgery
2.0082689664061277,4.142545951755292,6.743090065769336,6.959231138641259,13.810405708186929,9.03082465538307,15.906219023970827,112.31593137254902,0.9514798633947317,0.9499565806065499,0.7815703896429631,1.0852272718464064,176.61230050603348,25.104389695409523,4_skilled_forgery_forgeries_4_5.png,4,skilled_forgery
2.004188321800032,4.128345175366253,7.167180577876337,7.625052995455666,15.022438130003609,9.689882960102839,16.138561611199812,116.49776348039215,0.9534205842236169,0.9521779201488468,0.7387481190785751,0.5983935738966575,179.68760469011724,25.110400731883132,4_skilled_forgery_forgeries_4_6.png,4,skilled_forgery
1.9969114005395001,4.063994105186277,7.653384144982167,8.11024327669289,15.994597427728424,10.169594123885128,-16.959248639038503,169.48008578431373,0.9609937727522718,0.9600501124330977,0.7715919059227168,0.07556018755833237,149.18701550387595,29.860640560086352,4_skilled_forgery_forgeries_4_7.png,4,skilled_forgery
1.9880205920930392,4.049083801308077,7.962575892769057,8.57220903142916,16.860579796762163,10.678703746346434,-17.35749818494638,155.42837009803924,0.9570637850792373,0.9559144388512779,0.7875488977531316,0.44381313103294623,155.23567993003934,28.932425594355855,4_skilled_forgery_forgeries_4_8.png,4,skilled_forgery
2.0005459484680257,4.078707416880913,8.758058291159468,12.44880140479887,-23.188540278780938,14.505205743874885,-23.21794690392566,166.35882352941175,0.9599575915542353,0.9588400177440588,0.7954443273587272,0.625855512832049,146.02946679139382,30.498992787983195,4_skilled_forgery_forgeries_4_9.png,4,skilled_forgery
1.8231015701881292,4.022237437103521,5.7809816176011575,6.232599984605808,12.24107098332862,8.266941257042632,13.295927318131339,95.42092524509803,0.9794682617657469,0.978967907912871,0.6910476806217558,1.792553186721933,160.5457142857143,28.684694869004467,50_skilled_forgery_forgeries_50_1.png,50,skilled_forgery
1.793050167750389,4.030494416641358,5.692683546906547,6.526237792802242,12.668173807275004,8.725355362959629,13.064334078240028,104.55723039215687,0.9779303257716984,0.9771755981060073,0.7319390723033419,1.7361111070923354,154.3849407783418,28.824309571769746,50_skilled_forgery_forgeries_50_10.png,50,skilled_forgery
1.8945359170354508,4.142428973582165,6.1963190317599235,6.8433425057826645,13.363620595612595,8.917538142323556,-14.706464382489537,116.36378676470589,0.9718991530154403,0.9708032274949939,0.79124797676393,1.8841121460110053,148.98314970836034,28.594688831205673,50_skilled_forgery_forgeries_50_11.png,50,skilled_forgery
1.8263094291642978,4.0178191733287525,5.97124394686961,6.652826212482097,13.025397764071549,8.814890594643334,13.271795404055514,116.99448529411767,0.9752901710238415,0.9747094422021092,0.7125760179384426,1.3554327783509525,156.14308053166536,28.399705097394996,50_skilled_forgery_forgeries_50_12.png,50,skilled_forgery
1.7783171257285455,4.070794505069044,5.583553480161101,6.201874967090242,12.095919363912156,8.237414296160383,13.201676999472848,114.41780024509804,0.9765539420015661,0.9758429364940581,0.7392452857721191,1.6745689619082567,150.6986301369863,29.47774379540798,50_skilled_forgery_forgeries_50_13.png,50,skilled_forgery
1.8262081908795222,4.278701087275379,5.69079379709702,6.369447009941223,12.412230073708232,8.511480911969485,-13.022982658098188,123.73023897058825,0.9739446611129834,0.9732082862567997,0.7109332134566365,2.250602404215416,155.98517420311342,27.481427160132064,50_skilled_forgery_forgeries_50_14.png,50,skilled_forgery
1.8439436119053914,4.177487428516258,5.691587556723352,6.280430616659711,12.26881311609076,8.369515586662633,-13.248315852075692,122.33318014705883,0.9740699136614274,0.9731316153363379,0.7372622161703394,1.8483606519500806,153.29208633093526,28.446635802023735,50_skilled_forgery_forgeries_50_15.png,50,skilled_forgery
1.7537791257881894,4.218015875425269,5.458205596674397,6.426378447707739,12.371250261049259,8.571145923943943,-13.332543971933461,126.7432598039216,0.97744697430851,0.9767008113439303,0.667220958250671,2.5090909014876033,154.77633851468048,29.47220041499519,50_skilled_forgery_forgeries_50_16.png,50,skilled_forgery
1.735922278822768,3.9150950712383508,5.424354179895944,6.021391570437094,11.75044191910319,8.004323833967112,12.52031757226392,103.05686274509806,0.9780495037735593,0.977466693274507,0.7072598434304158,1.9329896857397173,157.9244288224956,28.945611395336854,50_skilled_forgery_forgeries_50_17.png,50,skilled_forgery
1.7343890686603491,3.924330915321173,5.499710685025667,6.382742958819898,12.324143032172096,8.395274964522725,-13.873095145287701,110.58719362745099,0.9784337842829833,0.9779723344679854,0.6400252789072434,2.9999999886363637,161.0,28.32776237566464,50_skilled_forgery_forgeries_50_18.png,50,skilled_forgery
1.8098968417724481,4.253740204867958,5.630296016930721,6.384264956602494,12.418880976119622,8.512234454106517,-12.855083234974595,117.93241421568626,0.9758325348957279,0.9752455924464439,0.709078432981563,2.2291666608615452,154.67016129032257,28.207327119026925,50_skilled_forgery_forgeries_50_19.png,50,skilled_forgery
1.7498118504265199,3.788597979158922,5.978683798471513,6.58975360859856,12.897712307619859,8.574932100361321,13.366371020115555,103.96982230392159,0.9797857460234458,0.979151698836896,0.676245033596091,1.6531645527767986,158.74427480916032,29.75590046125907,50_skilled_forgery_forgeries_50_2.png,50,skilled_forgery
1.7940189576780377,4.009459210899653,5.84854016786146,6.56146140013339,12.76705685223235,8.597260592273178,-14.047999286530901,109.72022058823532,0.9771993012941382,0.9765782656238934,0.7212508728525865,1.9873417671206537,153.37118644067797,27.315008296783937,50_skilled_forgery_forgeries_50_20.png,50,skilled_forgery
1.8615354888368547,4.290530317923365,5.795538638622865,6.5129342448636764,12.678286482261425,8.66174462283461,-13.318111756447406,130.99301470588233,0.9726654803618562,0.9720287437575731,0.7132769731829977,2.1365638719458944,155.50772471910113,28.09129272293407,50_skilled_forgery_forgeries_50_21.png,50,skilled_forgery
1.7725488936040017,3.893000427083415,5.688774261291184,6.186289900681745,12.12419085296417,8.139202421030978,-13.508946118255137,106.00882352941179,0.9788091893644928,0.9782479154935932,0.7071524413732814,2.2536873089861733,154.75339981867634,28.85356980088373,50_skilled_forgery_forgeries_50_22.png,50,skilled_forgery
1.805677756318174,3.9563623840595152,6.061728271356689,6.563617597445834,12.878204950493815,8.57422505629399,13.904605737882463,112.24390318627452,0.9762296111860624,0.9754599910566049,0.7188047511651997,1.7445414809071147,156.47891805887033,29.077594752146467,50_skilled_forgery_forgeries_50_23.png,50,skilled_forgery
1.823080534636928,4.055897554236459,5.912576436006715,6.477753457708464,12.673380377353098,8.505873781243803,-14.009218310941133,118.55065870098042,0.9753759523048173,0.9747553917417078,0.7115959323966984,1.5127701345525144,155.44956997654418,28.12043374122724,50_skilled_forgery_forgeries_50_24.png,50,skilled_forgery
1.8360755235216564,4.0305386806048675,5.935638523093652,6.5328221968741795,12.787828815692164,8.599010460982258,13.286951350360237,117.29197303921568,0.9754025117569946,0.9748166417272063,0.7084731363570591,1.1190082626132094,157.49921996879874,30.395244763412332,50_skilled_forgery_forgeries_50_3.png,50,skilled_forgery
1.8513683198018052,4.2736255421952105,5.829008870162732,6.717894763285732,13.044820882615141,8.939423921844277,13.321839914434463,142.14788602941178,0.9724926882133887,0.9718143147887296,0.7174291038001562,2.0491452947667836,150.35739313244568,28.20782977256923,50_skilled_forgery_forgeries_50_4.png,50,skilled_forgery
1.833483483871701,4.0001678271972345,5.900120606717985,6.3427617633432405,12.47685543039632,8.37628504264589,13.087787766117371,108.24868259803921,0.9766731737312806,0.9757969448596021,0.7515585049504766,1.1137123727195446,151.80537974683546,28.43127016081164,50_skilled_forgery_forgeries_50_5.png,50,skilled_forgery
1.8534731927487986,4.207527699274573,5.848166102490219,6.723889089370328,13.038166553429901,8.938584324465305,13.466757453869555,110.11200980392158,0.9749852925217345,0.9743571146726436,0.7336096851065702,2.053488367317469,156.7989337395278,28.739909895432692,50_skilled_forgery_forgeries_50_6.png,50,skilled_forgery
1.8675342522426268,4.10466091734628,6.101635525628436,6.674358318197127,13.062464123613886,8.73886008165704,14.712305793183257,110.01957720588236,0.9762241879064562,0.9755519143265615,0.7125215686404489,1.1086587417510039,157.45571658615137,26.901952117032625,50_skilled_forgery_forgeries_50_7.png,50,skilled_forgery
1.9336970073562258,4.51656745693297,6.059439165965961,6.833338469780837,13.280121219137953,9.100942305442667,-14.650591035538083,100.42176776960787,0.9750176504597955,0.9740507236092887,0.7673389701251505,1.8463157855867036,155.89275147928993,28.40284291968827,50_skilled_forgery_forgeries_50_8.png,50,skilled_forgery
1.91638205118581,4.4271250721197495,5.7774497974399095,6.343995777860957,12.443759103456093,8.582028441105493,-12.796565714722517,136.7229473039216,0.9710014921478275,0.9699300788498069,0.7528702717565422,2.4571428517425433,150.59949141767325,29.0355425878586,50_skilled_forgery_forgeries_50_9.png,50,skilled_forgery
1.9193010759269293,3.9721047790242205,7.403193326073706,7.880034124053871,15.527087112929392,10.029525633680226,16.32496890032535,235.86253063725493,0.9594491581789618,0.9590250778783954,0.455411575992978,1.781395346075356,168.72686733556299,25.385612075402552,51_skilled_forgery_forgeries_51_1.png,51,skilled_forgery
2.0232941348764784,4.143288643698474,8.68885714166201,9.005647895517177,18.096847832512285,11.18240629860383,-17.938301944726284,307.8896752450981,0.9464447889972879,0.9460516788320366,0.48458851955625165,0.49813664565333127,167.19734660033168,25.718272593591433,51_skilled_forgery_forgeries_51_10.png,51,skilled_forgery
1.9858437540852663,4.059731880227794,8.233680126052539,8.391242107483585,16.73648333219845,10.421713623655803,-17.130459101372676,260.40082720588236,0.950657332029158,0.9501411885912595,0.5125720390192017,0.3463151585702126,168.88785046728972,24.499963564251416,51_skilled_forgery_forgeries_51_11.png,51,skilled_forgery
1.989858534111072,4.118165342807288,7.977958787254781,8.374969509497708,16.63680030375253,10.603332285650296,16.79545349228816,229.92968750000003,0.9576996515587474,0.9572942290623029,0.5041719135204541,0.6113945573032359,168.0527704485488,25.49421500891763,51_skilled_forgery_forgeries_51_12.png,51,skilled_forgery
1.9489962337908688,4.021120821189708,7.602799933647819,8.121936322817396,16.19202165139287,10.719321436995877,16.089587178912012,267.0570465686274,0.9539361664545778,0.9535573496615213,0.40677885604072245,0.8661639954136059,171.21363636363637,24.777868014470418,51_skilled_forgery_forgeries_51_13.png,51,skilled_forgery
1.885516565039665,3.898980962950347,7.168129126608259,7.545155682669533,14.960222745396118,9.690031322842405,15.21543490095481,225.98860294117648,0.9563397848596037,0.9558701379148007,0.43504709239829764,1.0527448858420398,174.70582066072365,24.2438447676804,51_skilled_forgery_forgeries_51_14.png,51,skilled_forgery
1.965022596526895,4.0335116100520105,7.357316430100945,8.249333680785435,-16.090063292664052,-10.293825142771873,16.453007521719847,255.47040441176478,0.953889985100916,0.9534340694259945,0.5155073221286146,0.9374999991383272,167.08301707779887,26.179776151111167,51_skilled_forgery_forgeries_51_15.png,51,skilled_forgery
1.9970727503762447,4.22660756080804,7.2250696405904655,8.435477303799813,-16.37850044698674,-10.6402122182847,16.46201128582102,267.6195465686274,0.9507401881382676,0.9503098624220649,0.4620975014787417,1.5766509415369683,171.17620137299772,25.315574953517913,51_skilled_forgery_forgeries_51_16.png,51,skilled_forgery
1.900244331187719,3.9239642554067986,7.491058458394612,8.218290683323964,16.357141972493235,10.968205968933436,-16.14135614594337,226.95238970588235,0.9563373052811127,0.9559623521687475,0.3886739639281528,0.882591092224098,176.6,23.36248256067513,51_skilled_forgery_forgeries_51_17.png,51,skilled_forgery
1.8802686729144638,3.877629481962845,7.814985597768787,8.547288102180163,17.58306098649032,-11.091597644706578,16.732708053077086,221.23244485294114,0.9589459184646046,0.9585655814094202,0.473753417767992,0.8459979728004073,171.08616904500548,26.46389615916608,51_skilled_forgery_forgeries_51_18.png,51,skilled_forgery
1.9378222232072695,4.017603003604611,7.144356854909862,7.792696590998368,15.397015951158588,10.35591570889907,15.427531901731815,228.75796568627453,0.9537112710742524,0.9534040767466361,0.46365294713432303,1.6053639826240562,174.9720588235294,24.896702350273387,51_skilled_forgery_forgeries_51_19.png,51,skilled_forgery
1.9127831964750912,3.9369205251030848,7.304506122944993,7.454358066460159,14.84301154020109,9.493334245728203,-15.524363755395466,265.8092830882353,0.9532539935698101,0.9528066648085025,0.4394269632969969,0.8722426462571299,170.5527736867943,26.30809094004179,51_skilled_forgery_forgeries_51_2.png,51,skilled_forgery
1.8952215231349345,3.9223616722959953,7.526245368401879,7.953436715681669,15.798454050813811,10.33102156235084,15.901165656526727,234.6918198529412,0.9564110147040941,0.9560230887305428,0.4437073660187505,0.9845201228229926,172.79615184607385,24.544907123289985,51_skilled_forgery_forgeries_51_20.png,51,skilled_forgery
1.9207173026307887,3.9624115677830876,7.697708321187121,8.546930286006923,-17.087583611729457,-10.764457182881968,16.70343350760707,250.85661764705884,0.9564779916530993,0.956022716314348,0.5058652395596558,1.1624863673255328,165.95461422087746,26.122678064638084,51_skilled_forgery_forgeries_51_21.png,51,skilled_forgery
1.998683177534652,4.133677764589347,7.637644936651125,8.47847811091696,17.193682164255467,-11.386494381875488,16.547334555443143,239.33167892156865,0.9524320799799305,0.9519490434071984,0.45515868369596946,1.7909454037404189,174.63597328244273,24.279751243098993,51_skilled_forgery_forgeries_51_22.png,51,skilled_forgery
1.9851456432267236,4.121142943599935,7.825646280720979,8.277440065346868,16.338822736465396,10.440341101170562,-17.00577509559563,261.16170343137253,0.9472430800116957,0.9466801406737072,0.45670943554444304,1.21212121097337,175.1292808219178,23.782934601304067,51_skilled_forgery_forgeries_51_23.png,51,skilled_forgery
1.9952718851675664,4.129983412329111,7.330436983861196,7.629420679861889,15.109856345951236,9.717225801749702,-16.42554706925765,280.11640624999995,0.9528059530394541,0.9522394120226138,0.49236395280413875,3.436852994954756,165.7438170788614,26.46615704576355,51_skilled_forgery_forgeries_51_24.png,51,skilled_forgery
2.074124138466819,4.3258198526573,7.676432617478873,8.061649749037429,15.936061473996764,10.320947686101293,-16.736738780020016,295.8085784313725,0.9457486728859742,0.9451784493402273,0.5253315754186633,1.6050420151207543,166.65483870967742,26.33675021848291,51_skilled_forgery_forgeries_51_3.png,51,skilled_forgery
1.9834455805002154,4.094958445459854,8.462398438011503,8.770121215134795,17.39812729770815,10.857063090649477,18.02565512247355,281.7113664215687,0.948986403138471,0.9485178611227194,0.488930883671221,1.4701411493266654,168.19824175824175,25.229370578072867,51_skilled_forgery_forgeries_51_4.png,51,skilled_forgery
1.9550042051068954,4.004458133570725,7.595030347737511,7.8785113489242224,15.619687422869102,9.902690011657798,-16.463874166353058,239.4066176470588,0.9522597484884782,0.9518574701023648,0.4082026105352373,0.7745865963667653,177.097106424718,24.424105236230034,51_skilled_forgery_forgeries_51_5.png,51,skilled_forgery
1.939931870728846,3.967743884684925,7.889107438913867,7.841646365822424,15.7091030106748,9.827498273618254,16.717434685538194,251.63818933823526,0.9544103710399516,0.9539400056223026,0.4452814302168985,1.0698869464852139,171.53227408143,24.78015954233845,51_skilled_forgery_forgeries_51_6.png,51,skilled_forgery
2.008500378213165,4.141692799311241,7.81444237957623,8.335196691062176,16.483942031093854,11.07385833672908,-16.67991062681198,253.22212009803926,0.9528696703709585,0.9524392535972626,0.4271722506862235,0.2478632477119272,173.39481409001957,24.706975343829203,51_skilled_forgery_forgeries_51_7.png,51,skilled_forgery
1.9430083917855396,3.969564721792903,7.487127571917317,8.181363977714271,16.270157460424056,11.122911595400998,16.09608260138142,232.0488051470588,0.954867988993445,0.954353699234132,0.44039935805942626,1.1271367509325463,174.72124560522352,23.449147682316116,51_skilled_forgery_forgeries_51_8.png,51,skilled_forgery
2.020522085048336,4.157317053947095,7.927065674231357,7.82711713306448,15.72311051668058,9.905819018033183,-16.243714482991425,244.54911151960786,0.95191124415559,0.9513207163206955,0.5210701303214762,0.6061719319572579,169.85544373284537,24.8468531552759,51_skilled_forgery_forgeries_51_9.png,51,skilled_forgery
1.422960801276667,2.8605060449958395,5.085403442297431,5.115827599302347,10.216448601999279,6.546512331729364,12.515357581549512,40.30739889705883,0.9890598835122467,0.9888635241926013,0.6508625452262954,0.5070422520928387,174.02242990654204,23.464259193848736,52_skilled_forgery_forgeries_52_1.png,52,skilled_forgery
1.4908130571090938,2.997493181468614,6.000605238948528,5.99381415941818,11.991156317226851,7.49380636069479,13.598427120599766,41.1496323529412,0.9879316304735198,0.9876993080490528,0.7134281731891311,0.27572016404172806,171.20645161290324,24.59247112016289,52_skilled_forgery_forgeries_52_10.png,52,skilled_forgery
1.596910052231206,3.2195651580306803,5.518470396452503,5.564299804424314,11.105694631778606,7.174797759941518,13.280079346023197,59.51531862745098,0.9844522368027767,0.984114829829125,0.7084845056764911,0.8086560346044281,166.30856423173805,24.942134587629745,52_skilled_forgery_forgeries_52_11.png,52,skilled_forgery
1.5211927661618805,3.0664282417239455,5.980052781902079,6.0589155762752345,12.078401454971207,7.603028987687681,14.631603466918836,43.58342524509805,0.9865915902187958,0.9862440974555301,0.7070602438020073,1.4448398525094668,174.22125181950508,24.740939256399365,52_skilled_forgery_forgeries_52_12.png,52,skilled_forgery
1.531924046499008,3.108865043531606,5.349658538145536,5.380452895281409,10.745716417866689,6.935466082279068,12.255160757006276,55.70006127450981,0.9851606310217083,0.9848654515000468,0.670067509592764,0.39661654060786367,172.30148048452222,25.596371829547042,52_skilled_forgery_forgeries_52_13.png,52,skilled_forgery
1.418355776123705,2.871562340883391,6.5926814845524175,6.957308096285823,13.734891219723144,8.584340399366003,-14.695462849291513,50.35085784313726,0.9880641729953917,0.9877912404661009,0.609547563217684,0.5543766563544386,173.79692832764505,25.456073203064484,52_skilled_forgery_forgeries_52_14.png,52,skilled_forgery
1.5269595573576593,3.0852436908737517,5.378561140624582,5.418295447532733,10.816790498127778,6.961165759207286,12.572887444114134,51.694822303921576,0.9865333320635764,0.9862593955580562,0.6844425575164411,0.3464566922313845,170.1812865497076,26.43052020571653,52_skilled_forgery_forgeries_52_15.png,52,skilled_forgery
1.4902019546955148,3.0044443360741835,6.063644386368664,6.190837862917554,12.319956629581045,7.717389948614899,13.350587891940979,48.853431372549025,0.9873806230626484,0.9870866039435969,0.6456186512814422,623000000.0,172.86677367576243,23.259232179183165,52_skilled_forgery_forgeries_52_16.png,52,skilled_forgery
1.5331338230470257,3.0921050209040257,5.633100968026669,5.633329364501192,11.266648722077937,7.179417378412703,12.926058027057802,50.13085171568629,0.9862708993013182,0.9859989843596986,0.6761904196137561,0.32183907984322013,172.48695652173913,24.228572861626684,52_skilled_forgery_forgeries_52_17.png,52,skilled_forgery
1.4446637376255445,2.9113676243776796,5.605686370705622,5.6410817724524245,11.264508142366704,7.100438630771445,13.119702513128022,50.76007965686274,0.9879145896597645,0.9875461506710606,0.6369423773252767,0.33853006606118025,171.10149750415974,24.879771088270402,52_skilled_forgery_forgeries_52_18.png,52,skilled_forgery
1.4975350574277868,3.0222930364980938,5.736321559050803,5.738429221489286,11.475989445026503,7.249904946562138,13.010884109500362,55.43912377450979,0.9866237542377345,0.9863972484864464,0.6747729954373607,0.09430894293608302,167.1634472511144,25.131689437259148,52_skilled_forgery_forgeries_52_19.png,52,skilled_forgery
1.5065458432615044,3.0376598977660483,5.7271630944637275,5.809361202748683,11.578045152695003,7.34348359351559,12.933657398097104,64.60435049019608,0.9854226220848034,0.9852177612619436,0.6682852859626593,0.6202247177073602,164.16920943134537,25.645815356183583,52_skilled_forgery_forgeries_52_2.png,52,skilled_forgery
1.4988926486138912,3.0262508249042113,5.31121675561359,5.3664882187958725,10.705510140322138,6.884229929033665,12.25930188149778,44.79656862745099,0.9874109244849868,0.9871172498689628,0.6222535703862955,0.4784688983768687,179.01294498381878,23.32317959056616,52_skilled_forgery_forgeries_52_20.png,52,skilled_forgery
1.493204136015017,3.0102615366559276,5.859607521337791,5.880065287518565,11.75016117051597,7.385611106662207,13.211357828854196,49.35431985294118,0.9866613192486601,0.9863666529895486,0.6140990208172138,0.286274509242599,178.15243902439025,22.744027495896297,52_skilled_forgery_forgeries_52_21.png,52,skilled_forgery
1.578434911812128,3.1901100552096437,5.880659624563652,5.920690524086479,11.821682714162911,7.516415923168435,13.239292387668305,66.31479779411765,0.9845770279061468,0.9842833797478684,0.6196898496064555,0.3452593911533821,170.97606382978722,24.28415474626627,52_skilled_forgery_forgeries_52_22.png,52,skilled_forgery
1.5220221890400902,3.0737080993956307,6.092609606794636,6.10423893646184,12.203191210160963,7.645210032150859,13.509986500504706,63.1828125,0.9846336905795533,0.9843446336185775,0.6650643696402655,6.4077669280799325,168.42201834862385,25.72299536000075,52_skilled_forgery_forgeries_52_23.png,52,skilled_forgery
1.50450911904235,3.0347910822345305,5.55231985005913,5.601948481818461,11.179127684100441,7.12111808807761,13.02070076341914,42.99761029411765,0.9880217905725872,0.9876993008621733,0.6913365108537745,0.4795180711336914,172.10912052117263,24.47439960518612,52_skilled_forgery_forgeries_52_24.png,52,skilled_forgery
1.5396573719887285,3.105689454341061,5.835036521873594,5.91825745628641,11.794904522358273,7.487506670594474,15.020059233362607,59.55424325980394,0.9853556941538435,0.9850186049187413,0.7017382092144742,0.2533333329111111,165.41489361702128,27.24725618607374,52_skilled_forgery_forgeries_52_3.png,52,skilled_forgery
1.490569100781236,3.005126745554667,5.3429466446785385,5.359055834991606,10.710101375960727,6.861620334480748,12.555248960976176,47.34117647058823,0.9880174439792028,0.9876993057326203,0.694518161762739,0.8219584545342479,168.08794788273616,27.488204482852186,52_skilled_forgery_forgeries_52_4.png,52,skilled_forgery
1.4443623871146445,2.9097530172510004,6.125389632338617,6.135936510516506,12.266964732358465,7.596835417234026,13.653923390462511,50.55965073529411,0.9872630024224325,0.9870100023823175,0.6713275886066075,0.3140495861279967,169.57861635220127,25.863972574428736,52_skilled_forgery_forgeries_52_5.png,52,skilled_forgery
1.4823720647430463,2.988004193626589,5.794404349679773,5.823978007208617,11.633207199310744,7.320895273721364,-13.51159551883551,48.682169117647064,0.9872714570566988,0.9869333831060775,0.6924655521752944,162.49995937501015,169.1697247706422,24.64463519014099,52_skilled_forgery_forgeries_52_6.png,52,skilled_forgery
1.4831334347896556,2.990334933173684,5.531229140255784,5.599149846528407,11.164339691782398,7.102105342514633,14.059530554275852,43.06473651960785,0.9882161583282189,0.9878371611824316,0.7049329265161477,0.34955752135053647,169.7377049180328,24.65233779313891,52_skilled_forgery_forgeries_52_7.png,52,skilled_forgery
1.445874491131428,2.9100259039661256,6.071535112907153,6.096987533807631,12.181498505431083,7.552005888463345,13.651086550159674,46.64767156862745,0.9876848992430813,0.9875002018672856,0.6606921710907404,0.3853211000336672,172.10761589403972,24.93494864346952,52_skilled_forgery_forgeries_52_8.png,52,skilled_forgery
1.483441300233324,2.9887040966125977,5.734381362621566,5.762600398980899,11.51120894716903,7.257426330809327,13.144199214160682,56.07117034313727,0.9861335318036353,0.985876452741787,0.689362626483073,0.31688804493949135,166.1671469740634,26.115312095895135,52_skilled_forgery_forgeries_52_9.png,52,skilled_forgery
1.7094278320565284,3.4557243815769767,7.023032009873061,6.878535688605052,13.82932604020834,8.607817036802212,16.09116430037438,129.90140931372548,0.9739842298748213,0.973652756480158,0.6167726982873745,0.47732696840414446,163.52342487883683,26.974630884814385,53_skilled_forgery_forgeries_53_1.png,53,skilled_forgery
1.7527175352965376,3.5505153991082783,7.300595032741335,7.099780972145368,14.305506142294023,8.884288902174534,15.09946499450584,120.56482843137258,0.9732501856415574,0.9729482681789324,0.5867164542073152,0.4090395475604073,171.03608660785886,26.84326446084217,53_skilled_forgery_forgeries_53_10.png,53,skilled_forgery
1.6839916486831785,3.3959224056041104,7.987562836246374,7.93450953428902,15.900430467602702,9.632920786620367,16.72193958904511,105.99767156862742,0.9771673664966307,0.9768234768785155,0.6365652191585429,1.2505050479787776,166.13375224416518,27.98218641666069,53_skilled_forgery_forgeries_53_11.png,53,skilled_forgery
1.69784758759076,3.428672350059878,6.883484537117801,6.89721150375098,13.787892268838888,8.61413341307743,15.195047490068143,107.2674632352941,0.9766962355909559,0.9763333699502491,0.6261931880798175,7.3481480937174215,167.3362910381544,27.543199040694823,53_skilled_forgery_forgeries_53_12.png,53,skilled_forgery
1.773084312549749,3.594666159203907,7.723623855750216,7.536707999452385,15.17559397714358,9.360768433734036,15.869337029726521,150.54718137254903,0.9706937276141606,0.9703287110629049,0.6111613815965202,0.2618409291672556,163.5814447592068,27.808756465478584,53_skilled_forgery_forgeries_53_13.png,53,skilled_forgery
1.825211943540629,3.708653147003868,6.791199141407688,6.704787428398515,13.452973460212378,8.55926456247796,14.978760524370326,131.12711397058825,0.9684878804693361,0.9679547545511823,0.6001559406229098,0.704805491184433,173.20469798657717,25.420999709906567,53_skilled_forgery_forgeries_53_14.png,53,skilled_forgery
1.767557519110756,3.567651030366646,7.612172862790248,7.950954762199419,15.748250065501148,9.875348494302091,-16.310329052637588,117.03814338235293,0.9738533638795651,0.9734843138470846,0.6067819696415445,0.44328703652397333,170.0617481956696,26.721322311399824,53_skilled_forgery_forgeries_53_15.png,53,skilled_forgery
1.8086252391620403,3.656278576492446,7.402477525187419,7.326230734600816,14.690598211334999,9.157694431272247,16.796279467510765,133.73483455882354,0.9723020876086088,0.9718605547751349,0.6194920693724114,0.615757575011203,165.2828207051763,26.85478686081769,53_skilled_forgery_forgeries_53_16.png,53,skilled_forgery
1.7858066441461136,3.6017419315761363,6.386104930057983,6.381638429443254,12.765528807997534,8.184319736994222,14.79798970560153,115.35962009803923,0.9735878152060278,0.9731931949580378,0.6402483242100612,0.353748679668692,168.29407176287052,28.176457225263096,53_skilled_forgery_forgeries_53_17.png,53,skilled_forgery
1.7520170715247272,3.551724406255831,8.142632683453249,7.724764458397737,15.76636149696718,9.529251875324714,15.862052454306,126.72876838235294,0.9741258418294273,0.9737753731752431,0.567785550009432,0.6179624656595677,168.94366197183098,25.695175853634474,53_skilled_forgery_forgeries_53_18.png,53,skilled_forgery
1.7188108780800346,3.4773960413244858,6.601490601878482,6.566185957915467,13.150127390600368,8.324755964207556,14.811712484875116,119.05517769607846,0.9753409740038282,0.9749700362412245,0.6195177125330583,1.0135135118014975,165.76510067114094,27.398841219249594,53_skilled_forgery_forgeries_53_19.png,53,skilled_forgery
1.7072931355786691,3.4468162709570085,6.384604192420574,6.3704492237183645,12.74809444378225,8.094024857793219,14.37953118948546,136.97297794117648,0.9746468623900791,0.9743420158193591,0.6129912854947508,0.7214285703979592,160.1643153526971,27.551558089552096,53_skilled_forgery_forgeries_53_2.png,53,skilled_forgery
1.7743163050494812,3.5787120331329993,7.668353609430965,7.415501183832705,14.95750605244456,9.20498954902269,16.681272145243977,129.41234681372546,0.9743379400143635,0.9738365086542682,0.6095873259972334,0.2362911263845552,165.03145161290323,28.01269547134369,53_skilled_forgery_forgeries_53_20.png,53,skilled_forgery
1.784292223158496,3.6026487567837693,7.0384950372635355,6.97547381862116,13.98277283534738,8.777012375477838,15.402121062518512,111.4859068627451,0.973005374165166,0.9725192459345704,0.6379607968219146,0.5932203382648664,171.00531914893617,26.92118072645876,53_skilled_forgery_forgeries_53_21.png,53,skilled_forgery
1.756068046108817,3.5460166880501696,7.496818276348248,7.459647281544655,14.938292837759743,9.237421554129227,16.298605687761132,111.2217830882353,0.9737208604675713,0.9733310310908045,0.6465219425469089,0.6534017963370965,169.06444099378882,27.10202788872635,53_skilled_forgery_forgeries_53_22.png,53,skilled_forgery
1.742758788215836,3.5093071058596026,7.657891946995208,7.692979232661588,15.368551778327289,9.447660466537119,16.968570180929586,111.95205269607841,0.9740079401018225,0.9736220656840672,0.6461525236772159,0.6377749021503559,168.23143759873616,27.82555664339293,53_skilled_forgery_forgeries_53_23.png,53,skilled_forgery
1.8139254768041235,3.665783384997863,6.772488654333644,6.748056299583564,13.508453352129752,8.582472394854758,15.129051747039389,128.4342524509804,0.9703158919921882,0.9698692788999196,0.6444483232421255,0.4618514746064583,167.55949895615868,26.969094439075583,53_skilled_forgery_forgeries_53_24.png,53,skilled_forgery
1.7372450156898396,3.5028290520032845,6.565249460434344,6.5452189317491545,13.100480936547296,8.29918985099255,15.046753796481557,114.69659926470587,0.9771491458270557,0.9767928903909394,0.6060671966508673,3.8017620977895943,165.07064220183486,27.68488410386537,53_skilled_forgery_forgeries_53_3.png,53,skilled_forgery
1.680194621683704,3.3901902478401778,7.946997027061438,7.503111444617655,15.24516409942595,9.214375211194737,-15.789782342323285,124.68213848039217,0.9760146018715773,0.9757206837013872,0.593679833227408,1.081031305559795,164.38053097345133,28.174587992863795,53_skilled_forgery_forgeries_53_4.png,53,skilled_forgery
1.5540750648540216,3.2109333161096876,5.514441005391704,6.191585390818886,12.068662159467223,7.834960324878501,-12.534216398902197,161.44442401960782,0.9756103359856955,0.9753379119712958,0.4556106371167945,1.003496501742139,161.42059336823735,31.914114593603227,53_skilled_forgery_forgeries_53_5.png,53,skilled_forgery
1.7706914733655108,3.590881545375373,7.3923758943274525,8.144857309375956,16.295127362173048,10.932448155164236,15.954579905162317,115.20839460784313,0.9743016339106331,0.9739438094411257,0.6151797120112821,0.8165680461293372,168.92671009771988,26.235053196293954,53_skilled_forgery_forgeries_53_6.png,53,skilled_forgery
1.7596905955612177,3.577439945857289,7.38075297566265,7.5062864748882365,14.951892920682228,9.465442284993532,15.959493739485396,123.71075367647056,0.9736034459673747,0.9732852148420789,0.5788509077197398,0.3037974680339689,170.5598705501618,27.604971316905782,53_skilled_forgery_forgeries_53_7.png,53,skilled_forgery
1.6590434495036728,3.342289881936156,6.919495940475555,6.968334562344896,13.913099710733093,8.651341854980775,15.116368638962834,103.55597426470588,0.9770266241047583,0.9766857294414817,0.5736099359418847,0.14814814799137763,172.70506912442397,25.421563148663555,53_skilled_forgery_forgeries_53_8.png,53,skilled_forgery
1.794536758335044,3.6368535542875007,7.659599196173038,8.040911617728987,15.891194958382577,9.869678847637523,17.836493896820667,121.96292892156859,0.973288036955206,0.9727949795968773,0.6193714547750441,0.47193585283856143,167.86070038910506,26.36773859131573,53_skilled_forgery_forgeries_53_9.png,53,skilled_forgery
1.8331433948231088,3.889353877643311,6.0301451446384915,6.3831999526975585,12.641826739250996,8.36498670786261,12.925898599339252,148.2328431372549,0.970394192222128,0.9700991291264186,0.6088943317524043,0.3314231133415252,164.10473457675752,28.086496711523033,54_skilled_forgery_forgeries_54_1.png,54,skilled_forgery
1.867951058801281,3.91426148487072,6.191032027683016,6.713034490144518,13.19592954625132,8.692985949946827,13.603982471534001,161.06130514705882,0.9695222692526145,0.9690881851789106,0.5862929906669105,0.201680672099428,164.21678321678323,28.724040237306514,54_skilled_forgery_forgeries_54_10.png,54,skilled_forgery
1.7556462931966654,3.636092514832177,5.481606077192829,5.671230600292725,11.249243642772418,7.489574153861623,12.315482954788996,136.12098651960784,0.9736594790258535,0.9733463840610503,0.626096763729383,0.2645290578511733,161.6434231378764,29.4758428099992,54_skilled_forgery_forgeries_54_11.png,54,skilled_forgery
1.7569472200310239,3.5978902625058877,5.6474536724189734,5.842844129980749,11.589702092069855,7.642597293769636,12.640845391107113,124.79806985294121,0.9734434590691418,0.9730553742080398,0.635158364521351,0.6098484840784741,164.68392156862745,27.63413093376444,54_skilled_forgery_forgeries_54_12.png,54,skilled_forgery
1.7060927553907794,3.557692031695725,5.392654038336688,5.727720554360182,11.288159504538283,7.508154716492589,12.75600905135401,132.10468749999998,0.9758106685209242,0.9754142439536525,0.6060341205654638,0.2872928173621074,161.52274678111587,28.507248490331865,54_skilled_forgery_forgeries_54_13.png,54,skilled_forgery
1.7290402586644817,3.6006138184879135,5.579777179422907,5.929323969660698,11.692353907628181,7.734501759664837,12.392295962895693,126.06562499999997,0.97610553068896,0.9757819771048656,0.5898210571204476,0.22343921114628784,163.37063563115487,26.993161321817414,54_skilled_forgery_forgeries_54_14.png,54,skilled_forgery
1.849189044133707,3.8995857818564827,5.958920108532548,6.478048176642686,12.700297857902617,8.42940921588212,13.578875969545592,137.41832107843138,0.9713105886132332,0.9708955929309278,0.5993257632565524,0.1793103446730083,167.6169590643275,26.59526194652296,54_skilled_forgery_forgeries_54_15.png,54,skilled_forgery
1.7585178123738248,3.570909561262253,6.1376351092194925,6.311743218747654,12.53675142288407,8.097981201974491,13.953046368749778,120.76957720588236,0.975842466219162,0.9754142745668296,0.6198597375243172,2.9591836634041373,163.75515463917526,27.045513679711362,54_skilled_forgery_forgeries_54_16.png,54,skilled_forgery
1.7261510873177048,3.5476615709095043,5.840351369408372,6.230759848652532,12.277569620914994,8.013874031188264,12.914638789639879,122.771875,0.9756232290272551,0.975322404849719,0.6144467602649185,0.1681772405154308,163.32931034482758,26.5666079533136,54_skilled_forgery_forgeries_54_17.png,54,skilled_forgery
1.8683301696838877,3.95027713076886,5.9406941920403,6.443336869182685,12.661697180237297,8.431094455255408,13.106421497126934,163.0083026960784,0.9689677663831938,0.9685825470432583,0.6156623643428375,0.2790697672014903,161.006734006734,26.238993942946855,54_skilled_forgery_forgeries_54_18.png,54,skilled_forgery
1.9392122995482812,4.092678451688123,6.2506777325199785,6.637969186835894,13.100145241483528,8.689425332051933,13.633684273506864,127.28691789215686,0.9673257347864175,0.9668979777822119,0.5970349583641836,0.7655889136656017,175.82930019620667,24.937966822540396,54_skilled_forgery_forgeries_54_19.png,54,skilled_forgery
1.7906487068744288,3.723777151411758,5.477391043250891,5.712272699517386,11.310448321232561,7.5793910879498885,12.215034537339273,146.40744485294118,0.9739994392138444,0.9737140549791546,0.5638596970151876,0.23975409811500606,163.00661157024794,27.374355301777708,54_skilled_forgery_forgeries_54_2.png,54,skilled_forgery
1.919610666073879,4.094816947696943,6.303640886629414,6.818216925515209,13.446403309888051,8.943781972131877,13.666414139563418,160.0081801470588,0.9649401078784693,0.9643857005303221,0.6269978174352397,0.589015150957372,166.13349225268178,25.495542831097435,54_skilled_forgery_forgeries_54_20.png,54,skilled_forgery
1.9391797911652084,4.336440756338094,6.044740662457497,6.529398772917155,12.86844880636772,8.699925430012629,13.152398140531291,196.35275735294113,0.958500907721799,0.9579521134815252,0.6631490525641572,0.34701986731985435,160.7856440511308,27.463576851782303,54_skilled_forgery_forgeries_54_21.png,54,skilled_forgery
1.8358942443703408,3.8911249881831296,6.025680053657156,6.595709433844368,12.996212469953134,8.581361720871286,13.141481831673417,165.74963235294118,0.9674477611760853,0.9670201785072099,0.6258877920839161,0.1839515517154038,161.99168797953965,28.335910854493353,54_skilled_forgery_forgeries_54_22.png,54,skilled_forgery
1.8647529203646356,3.922240476362138,5.782949030662404,6.097139806839875,12.067992411964761,8.08749823161875,12.476450316893203,119.14356617647061,0.9725340873700589,0.9720444351722727,0.650981104943683,0.16317626512811842,167.38634658664665,28.971518097022795,54_skilled_forgery_forgeries_54_23.png,54,skilled_forgery
1.7880679287742778,3.6997961671956343,5.687059921635432,5.94550098917461,11.768450293085175,7.803152762207008,12.521459067152465,122.75523897058824,0.9748154455334574,0.9744952511649887,0.6019581930901362,0.1819980215806152,166.51715481171547,27.159260629295638,54_skilled_forgery_forgeries_54_24.png,54,skilled_forgery
1.94841625562805,4.233081266837873,6.273977975749619,7.249486606189939,14.013429190933175,9.422081147398035,-15.008475264319205,160.54810049019608,0.9653518840880311,0.9649062817069816,0.6743394522152923,0.3178294571179616,160.39,27.340407824317467,54_skilled_forgery_forgeries_54_3.png,54,skilled_forgery
1.7849442698724556,3.706305745793737,5.92592172609408,6.163935538525012,12.217947121094051,8.022412747269518,12.902653505798796,140.03373161764708,0.9723200260169318,0.9719218959275424,0.5919298866649872,0.8291316514998156,165.54823889739663,27.10830556187599,54_skilled_forgery_forgeries_54_4.png,54,skilled_forgery
1.8744209412620108,3.941336591108803,6.3781669119074955,7.0936571092064,13.969966089546979,9.164338001810153,13.990696737054332,159.04463848039214,0.9643584749818355,0.9639569040283225,0.6098090491478529,0.28332063954050213,168.6979228486647,25.296757896559267,54_skilled_forgery_forgeries_54_5.png,54,skilled_forgery
1.8604687495670562,3.889261384634793,6.507770985438863,6.736896461389203,13.39914853835033,8.690160562618068,13.746674536006386,131.13985906862746,0.9698540643714426,0.9693024726074251,0.6575615629966824,0.12224753217748857,166.30311231393776,27.71655057360418,54_skilled_forgery_forgeries_54_6.png,54,skilled_forgery
1.9400126916198088,4.1948865990255735,6.268301558283478,6.793025878167567,13.359148126171526,8.901997827267714,13.734694455710027,196.63569240196082,0.9602838962561608,0.9597290552626929,0.6191662394978312,0.34177215165838803,163.56394129979034,26.769663506598516,54_skilled_forgery_forgeries_54_7.png,54,skilled_forgery
1.8984448710483157,3.9612043035505833,6.1897257989714936,6.648867408093808,13.099646542433574,8.662012583043117,13.503057465760394,134.46158088235296,0.9680512710819221,0.9674336325566041,0.6916055345744944,0.27380952359221467,163.77507788161995,27.375499006706868,54_skilled_forgery_forgeries_54_8.png,54,skilled_forgery
1.8200523602905487,3.7557729511861844,5.946291910204871,6.193525072683578,12.27080502318728,8.080460455870327,13.001709296088135,124.91795343137251,0.9739882929894341,0.9734535219191789,0.6704477654395412,0.19609665409284696,159.991452991453,27.65194522233097,54_skilled_forgery_forgeries_54_9.png,54,skilled_forgery
1.8210932555020038,3.6819196712632163,6.77134401340506,6.859722933988442,13.676329277037258,8.70167382467984,-14.828896359678561,125.66136642156863,0.9685033967456642,0.9680157782002254,0.6507037488383958,0.5741869912863954,170.96707553260168,26.20457976289903,55_skilled_forgery_forgeries_55_1.png,55,skilled_forgery
1.8621810272929216,3.7685282442339285,6.692161484447008,6.738765501937772,13.454328423572244,8.629743293287161,-15.123900547961975,171.11173406862744,0.9617504524315404,0.9610768687683393,0.6525950600803097,0.8543307078205407,165.6656050955414,27.980556367102995,55_skilled_forgery_forgeries_55_10.png,55,skilled_forgery
1.78262124719108,3.5923300916167364,7.057236735566562,7.31446493135651,14.505870429820193,9.219977270987865,-15.299135398742106,121.81685049019609,0.9701556349139472,0.9696855150343009,0.6332270135120641,1.3322528341454574,171.56706045865184,26.943191448644654,55_skilled_forgery_forgeries_55_11.png,55,skilled_forgery
1.8813532076092954,3.8166367153323137,7.3174274028731645,7.393562074435286,14.74940537440276,9.331849100777603,-16.146468636656564,149.26185661764706,0.965266656619517,0.9646611448228525,0.6673182609774406,1.5859491755068025,165.8115606936416,26.854592063654135,55_skilled_forgery_forgeries_55_12.png,55,skilled_forgery
1.8490859628623355,3.7432474436528365,7.443426093593292,7.617440774127951,15.152116514114141,9.567007169305686,-16.004568063508295,164.4783700980392,0.9670646454582502,0.9666524698137171,0.647487808050318,5.734177190995033,160.6578947368421,29.316281611038114,55_skilled_forgery_forgeries_55_13.png,55,skilled_forgery
1.8339336237079353,3.6981679112684755,7.091703913516164,7.223004341376281,14.381863308244226,9.120893024692633,-15.460742531955033,150.6145833333333,0.965920975922293,0.9653964935543746,0.6289895358452512,0.685393257726871,168.42848484848486,26.9330264895376,55_skilled_forgery_forgeries_55_14.png,55,skilled_forgery
1.849011111099405,3.7507050060391127,6.7410999809412795,6.913264611496873,13.742924320907086,8.795061139988025,-14.713062371594246,154.692493872549,0.965364991744635,0.9647989107506202,0.6773455429597417,0.31084154639056744,162.83863504916135,27.965007250590393,55_skilled_forgery_forgeries_55_15.png,55,skilled_forgery
1.837029814723833,3.71743839647386,6.861697875724939,6.849076456137492,13.704520971137123,8.715793968268446,15.493606270009536,158.10217524509804,0.9672650618615066,0.9667443454259851,0.6439220705597198,1.9795918330619817,163.21170610211706,28.392705331092202,55_skilled_forgery_forgeries_55_16.png,55,skilled_forgery
1.9072549990322702,3.8562778200019148,6.93265685850764,6.941386382401404,13.87847431702756,8.869575362714707,15.63601514241946,162.3301470588235,0.9645273166540818,0.9640025183104064,0.6525373708039027,1.263020831688775,164.60471806674337,28.637726102746594,55_skilled_forgery_forgeries_55_17.png,55,skilled_forgery
1.8511908628931568,3.7444612204559866,7.267658864340363,7.660151651629793,15.164995508396805,9.771082623579689,-15.506515386686761,161.58633578431375,0.9666133875590337,0.9661776803490731,0.6072198451371532,0.6715176708196282,166.96952736318408,28.145162831673055,55_skilled_forgery_forgeries_55_18.png,55,skilled_forgery
1.9157381012136292,3.8809132525943326,7.879676332124463,8.420819087019117,16.65915419921991,10.98898050791068,-16.809543901848578,171.36513480392156,0.9617973936489991,0.9610460184603672,0.6955889937800758,2.214285710607499,160.4139534883721,28.53879379084891,55_skilled_forgery_forgeries_55_19.png,55,skilled_forgery
1.7940111251390578,3.6219389522769925,6.999452423452019,7.108435598668852,14.162462131223263,8.947691007698754,-15.872514486054076,144.63336397058825,0.9669308158693357,0.966499397951633,0.6426199254937095,2.0986460307569708,167.46129837702873,27.76142453022135,55_skilled_forgery_forgeries_55_2.png,55,skilled_forgery
1.9779028581718865,4.016980485167037,6.927662949110441,6.988644919631929,13.946801934348171,9.005795993258035,-16.370877867747918,182.45894607843138,0.9614297064211129,0.9607245680606792,0.6473104444860313,2.309440555403076,163.34125726360276,27.61243688614217,55_skilled_forgery_forgeries_55_20.png,55,skilled_forgery
1.8728764835560472,3.803927113076082,6.710969176634179,6.802473462018397,13.559565257046023,8.724233222484017,-14.943377286248488,158.27552083333336,0.9643508504598409,0.9635122856270479,0.6569328468060172,1.0890973023574475,166.14646464646464,27.76616699490258,55_skilled_forgery_forgeries_55_21.png,55,skilled_forgery
1.8721392007483393,3.786571465996409,7.26339207786227,7.340604308996804,14.6428382144416,9.271722428138462,-16.12490664511385,150.1694852941177,0.9693409791506455,0.9688581815843103,0.6409897406228173,0.9737187897848636,162.8948069241012,28.3132254376483,55_skilled_forgery_forgeries_55_22.png,55,skilled_forgery
1.9776026195567198,4.022965737931768,6.718731321845816,6.676749382633933,13.374876500742573,8.688243300069928,14.74933617613722,161.54445465686274,0.9606364265112363,0.9598668764565613,0.6394069135421784,2.36111110701196,170.83264462809916,26.0566549063146,55_skilled_forgery_forgeries_55_23.png,55,skilled_forgery
1.8314382360552348,3.7201178480283374,7.432195212757732,7.620950306906491,15.16686249996715,9.604435404274659,-15.68227630825056,163.00199142156862,0.9663491125516189,0.9658405812544036,0.6444833898222713,0.49186256736721284,162.77272727272728,27.90974384785523,55_skilled_forgery_forgeries_55_24.png,55,skilled_forgery
1.880866269999512,3.8272159217543518,7.945536566948384,8.206616640090319,16.368069485581834,10.200788969338083,16.526693154262517,172.9982843137255,0.9652489114864512,0.9646458546154265,0.6368938146085741,5.5346153633284025,162.22719246615657,27.753203779321005,55_skilled_forgery_forgeries_55_3.png,55,skilled_forgery
1.9324669281293492,3.947053637298921,7.5449223541953,7.512189589198904,15.040939185909428,9.48573880360073,16.565738793589855,174.52561274509804,0.962971276417557,0.9623942539835273,0.6289481141842305,1.666666664197531,165.71333333333334,27.870953418289165,55_skilled_forgery_forgeries_55_4.png,55,skilled_forgery
1.9270578396932903,3.911771367894614,6.879990179452495,6.945092638399086,13.858062013513674,8.908516852178236,-15.210520423492243,165.3452818627451,0.9619770544669529,0.9615365673236174,0.6273613282711588,0.7651588058083167,169.23336968375136,27.342451622488248,55_skilled_forgery_forgeries_55_5.png,55,skilled_forgery
1.8182139216946238,3.663532128160361,7.416973709409263,7.5120537281389215,14.976578497956897,9.35815149847244,-17.12324847847015,145.87012867647059,0.9670415947310879,0.9665760323233487,0.6269208181484277,0.6113936921552455,168.44381313131314,27.323526966042838,55_skilled_forgery_forgeries_55_6.png,55,skilled_forgery
1.8920012450942096,3.84246451954727,7.727429523636908,8.324540699556321,16.558007827372744,10.867735296493565,-16.455955404964595,179.3806678921569,0.9613548554045652,0.9606172368290767,0.683344406068142,0.7650273217076253,160.37925696594428,29.214909941935346,55_skilled_forgery_forgeries_55_7.png,55,skilled_forgery
1.9164680810789863,3.8705217366164044,7.360649541558606,7.357624237659853,14.716907102022015,9.292962143377048,-16.30307239394276,140.49396446078435,0.9634083590130358,0.9626546420939239,0.6715256973458248,0.8567073162025333,170.9113300492611,27.718240211660216,55_skilled_forgery_forgeries_55_8.png,55,skilled_forgery
1.9165558116506372,3.907516207616281,7.108622490505774,7.275244206094825,14.467315384841191,9.307674255512065,-16.06595104295011,153.551868872549,0.9619811011694371,0.9613064427115319,0.7015482350870301,1.8516886903793117,164.92945417095777,27.856178883109152,55_skilled_forgery_forgeries_55_9.png,55,skilled_forgery
1.9595528315898985,4.161450291337161,7.518219018688838,7.752515426937955,15.397465207516289,9.833482698155198,-16.07029274412598,95.86767769607843,0.9693487502882844,0.9687053921302473,0.5996582961598911,0.27902946249650823,185.43631436314362,23.786240550633725,5_skilled_forgery_forgeries_5_1.png,5,skilled_forgery
1.9504291257226063,4.080734029404249,6.5656925632425835,6.7661222197535515,13.43245036759576,8.81841435933317,14.78860177678994,133.4418351715686,0.9701216866737938,0.9696240348827574,0.6854208743118371,0.6388583966642608,161.61419959812457,27.493892385985713,5_skilled_forgery_forgeries_5_10.png,5,skilled_forgery
1.769744623191351,3.708628173812023,7.978795501813981,6.529808596472077,-13.891830972919207,8.395217326977475,13.9879771469049,223.3731311274509,0.9650698473218908,0.9644924431829756,0.6143073276195157,1.1802030441875595,153.5849825378347,31.44528937433317,5_skilled_forgery_forgeries_5_11.png,5,skilled_forgery
1.9394952623597936,4.139453594667527,7.2612211791007715,7.752097727371119,15.259810130342485,9.828807503635227,-16.416456780653323,139.79836090686274,0.9661044410446967,0.9653812273906239,0.6218505717959059,1.163612563921973,173.04839685420447,27.4911208043662,5_skilled_forgery_forgeries_5_12.png,5,skilled_forgery
1.994197891836135,4.412817024115804,6.597494704213789,6.867425322437672,13.60199335006816,9.144220172879157,14.607378871250651,102.23560049019605,0.9734582148179667,0.9729635353593485,0.6086549249492721,1.2758007094736643,177.096168881939,26.772536358566686,5_skilled_forgery_forgeries_5_13.png,5,skilled_forgery
1.9489607882726927,4.183688573261108,6.935654040506831,7.942103115397797,-15.417045974575757,-10.079346863275088,-15.78860284057911,91.37199754901958,0.9712506475886649,0.9704053911837801,0.6447835595415266,0.9396782829226833,182.45196959225984,25.607969073855394,5_skilled_forgery_forgeries_5_14.png,5,skilled_forgery
1.9445278019785395,4.122124874195244,6.624455118339458,7.1963248581964345,14.16716172990626,9.38751779634584,14.413927837385245,70.14794730392158,0.9739059318312547,0.9732852974795522,0.68654366615651,0.2638215322368365,183.70683039140445,24.99227830420078,5_skilled_forgery_forgeries_5_15.png,5,skilled_forgery
1.8538526015290295,3.9684002862818315,7.334442747779108,8.121913918111686,-16.492258017070487,-10.814334786169354,-15.861678901768554,63.292539828431366,0.9725725911797732,0.9720907883511161,0.5807966478582338,1.5785288238995452,195.79568234387048,19.146572892410372,5_skilled_forgery_forgeries_5_16.png,5,skilled_forgery
1.8944219239369806,4.052190654805739,6.832407668041751,6.950337994790075,13.842258475467732,8.989221829976243,15.141110497827237,53.379028799019615,0.9718790523383234,0.971125715234857,0.6133568918728791,0.7003699128232184,200.535170413343,19.135277442722725,5_skilled_forgery_forgeries_5_17.png,5,skilled_forgery
1.925376948160265,4.15337727790217,7.828994463349049,7.5016225032634125,15.354647226527621,9.612606933745184,15.285695531858899,74.17607230392159,0.9699742629630685,0.9694254675588471,0.653133774581838,2.7648578739926153,188.4378860672615,21.42424730230222,5_skilled_forgery_forgeries_5_18.png,5,skilled_forgery
1.9891029276401504,4.350585239823925,6.279336906214788,6.611951203146041,13.061874256568872,8.820958425751845,13.912437322275599,60.045557598039224,0.9683442690776936,0.967664310798593,0.6032047654600079,0.9999999986807387,200.13390501319262,17.84863462850297,5_skilled_forgery_forgeries_5_19.png,5,skilled_forgery
1.9738832400565793,4.305661899736394,7.028357574173917,6.775879226251502,13.696698494211901,8.954256271687635,14.219727237375048,86.1202512254902,0.9669953352919042,0.9662239756968454,0.6577084256862088,0.2532818530862688,186.7467652495379,22.7999540664642,5_skilled_forgery_forgeries_5_2.png,5,skilled_forgery
1.9935257760273641,4.389841734331515,6.640268669883588,7.521585468940519,-15.062326800936013,-9.964776020822367,14.63035248075387,66.93443627450982,0.9696754663974619,0.9688893261476689,0.6473799735923317,1.720802916567878,193.34473507712946,21.008873698783862,5_skilled_forgery_forgeries_5_20.png,5,skilled_forgery
1.9212813899495675,4.089285450772198,6.40536219846336,6.927669289317803,13.611327288944514,9.161059622147457,14.154042951029504,86.43236825980394,0.9698831789768352,0.9691187703975505,0.6744714513776915,1.560271644210065,181.77785145888595,22.745398873609144,5_skilled_forgery_forgeries_5_21.png,5,skilled_forgery
2.034878064824714,4.370979463500287,6.965873338867812,7.596437399674584,15.122570131804796,10.167028865806103,14.962499763624391,86.83014705882351,0.9667169124059276,0.965825713342028,0.6817717809778135,0.7835820887168634,185.64973102211596,25.242029183203364,5_skilled_forgery_forgeries_5_22.png,5,skilled_forgery
2.0995478412444903,4.5426429135600355,6.809754062464649,7.074991050287796,14.01816387355555,9.38407729033977,15.234523350177687,95.02901348039215,0.9650585119576915,0.9642785476923554,0.6578273883862494,0.5853881273192801,185.63997695852535,23.212403148043574,5_skilled_forgery_forgeries_5_23.png,5,skilled_forgery
2.0010565840056787,4.397310064884325,7.280969677779008,7.443079063666451,14.817412527525267,9.687779042689687,15.43449303789184,120.11731004901958,0.9695154658907669,0.9689195877840449,0.6190007574304849,0.9337662325535504,175.2357286769644,26.338554417064127,5_skilled_forgery_forgeries_5_24.png,5,skilled_forgery
1.9472373677180355,4.094287464948948,6.768786133734443,6.8560846904571235,13.670201413130096,8.907169033536867,14.724913400673275,75.49718137254902,0.969004032189484,0.9680160514611007,0.6995020238815188,0.6589716677240591,186.6148007590133,24.97237453632395,5_skilled_forgery_forgeries_5_3.png,5,skilled_forgery
1.9556895264416538,4.132395890477648,6.889298058613319,7.2471604818623785,14.328245643994943,9.420035980850992,14.935612037787083,96.43970588235295,0.9689088723085261,0.9682609063226406,0.7006163247190593,0.7147540975795037,175.87954110898661,24.323848522134067,5_skilled_forgery_forgeries_5_4.png,5,skilled_forgery
1.9515111394407654,4.11121495286412,7.19689370375985,7.635369965479863,15.194849217822062,9.93584728002798,15.209429064564631,107.29126838235295,0.9678868918486406,0.9674337370998004,0.6798909774740687,0.6074297182656329,174.85883822610867,23.835424922238598,5_skilled_forgery_forgeries_5_5.png,5,skilled_forgery
1.935257693044151,4.000487400029948,7.303571421142803,7.337646333764589,14.668781701083576,9.340951789759073,15.320732564174993,94.43881740196082,0.973041160826333,0.9725345495282773,0.6712756443933604,0.40971488869090295,174.50411985018727,26.160720868511397,5_skilled_forgery_forgeries_5_6.png,5,skilled_forgery
1.953623950529512,4.174957940807708,7.354723490884969,8.632500314889507,-16.637574973158266,-10.764616621099844,-17.270551029300076,180.7926011029412,0.9638200978196414,0.9631445568193122,0.6862936363518597,1.6549707578143702,155.909140969163,28.63816121325116,5_skilled_forgery_forgeries_5_7.png,5,skilled_forgery
1.941569961775781,4.155511371420316,7.013875885307249,7.5415934477773465,14.931171296793348,10.076511152856305,15.016927155760081,157.1954044117647,0.9668368349630726,0.9663306333087971,0.6752466495253977,0.9484173494156889,160.18892900120338,27.375763305202874,5_skilled_forgery_forgeries_5_8.png,5,skilled_forgery
1.970565132234231,4.163171815690085,6.480516842846836,6.789043020473256,13.43098111538991,8.944456274269477,14.16836856019257,155.6916973039216,0.968623232607066,0.9680003372900577,0.6797633903977708,1.0865512635332206,157.41799617102745,28.971821493582624,5_skilled_forgery_forgeries_5_9.png,5,skilled_forgery
1.792443834824678,3.7542670045496793,5.941018341408803,6.220346940449823,12.30164820255599,8.124566953175231,-13.574003584933761,148.07889093137257,0.9764920870538445,0.9758889253598781,0.7205008431848691,0.7080394912439499,138.30883567299753,30.256602768873055,6_skilled_forgery_forgeries_6_1.png,6,skilled_forgery
1.881405542388443,3.926468793867881,5.8269131745039875,5.907917007486674,11.77533316076186,7.871186734870612,14.430590314473136,145.5102328431372,0.9746071117518901,0.9740355418896564,0.6402286783486707,0.7328767113248265,155.40079051383398,26.69615002678398,6_skilled_forgery_forgeries_6_10.png,6,skilled_forgery
1.966223242182319,4.10367353050567,6.0319477835061095,6.143678033138379,12.231573490095935,8.197391263124809,13.94155442332038,154.97049632352946,0.9710851500693983,0.9705123355508835,0.6977670983131208,0.7571770325871088,151.1000680735194,28.994216577757804,6_skilled_forgery_forgeries_6_11.png,6,skilled_forgery
1.7747725231519509,3.6373831804690258,5.726087755169767,5.836414546272583,11.617962070957349,7.657617723314291,13.050271000801207,134.8543504901961,0.9766486349263244,0.9760114436690629,0.7593924034932046,0.5906735743644125,136.0985342019544,32.026265144240924,6_skilled_forgery_forgeries_6_12.png,6,skilled_forgery
1.759672574031921,3.586771760384942,5.621366828525515,5.713727523951058,11.381275072714248,7.509413059077891,-14.26407438956094,77.83682598039218,0.9790878281855129,0.9784471766511458,0.6940674109644376,0.5351506448563118,171.06635514018691,28.84023488803862,6_skilled_forgery_forgeries_6_13.png,6,skilled_forgery
1.7613410099493934,3.6133555508651596,5.686534795151857,5.777524817439946,11.509604700109188,7.584379279464742,13.328140384943843,80.66969975490194,0.9798392755550501,0.9793049283677191,0.6971263243910544,0.5658093788716954,167.0512077294686,28.057950486411354,6_skilled_forgery_forgeries_6_14.png,6,skilled_forgery
1.8044530540596457,3.706100998700066,5.47112403132499,5.569011830560402,11.089164510680634,7.423378318824639,12.79343154643121,59.553002450980394,0.9775935673460935,0.9768847787975073,0.706872221660924,0.5408299858891165,181.64726324934838,21.807322853637405,6_skilled_forgery_forgeries_6_15.png,6,skilled_forgery
1.7934400535659536,3.6576640451964235,5.598979136411666,5.69908357134628,11.34811670590983,7.5283920154714075,13.89119947496994,52.900030637254915,0.9795459501115332,0.9789986886727117,0.7183879416654593,3.9292452644846922,181.20191387559808,22.546122767329035,6_skilled_forgery_forgeries_6_16.png,6,skilled_forgery
1.787672838735908,3.659689343009851,6.0022029196474405,6.128312888251063,12.193571788288494,7.958474472162393,14.8627995546412,63.90422794117646,0.9771285252854298,0.9764405100901873,0.732361859204842,0.7431059495745922,176.88759367194004,22.357771862431854,6_skilled_forgery_forgeries_6_17.png,6,skilled_forgery
1.7656989184793639,3.6195789820191524,5.8060178506890185,5.933685602181937,11.803543939690512,7.743673955930462,-14.061781812402925,63.9515625,0.9793630873584078,0.9788149202624118,0.6540231164306977,1.6485788071096155,181.8019512195122,24.744919086208107,6_skilled_forgery_forgeries_6_18.png,6,skilled_forgery
1.7040392718821977,3.4828257146941817,5.601305313806162,5.7181106176259355,11.377868672441075,7.460118073426609,13.196349174993205,37.90401348039216,0.9831853611894901,0.9826138307514654,0.6452041624269975,0.19285714258163267,193.5065868263473,21.04812602842185,6_skilled_forgery_forgeries_6_19.png,6,skilled_forgery
1.7145865776079272,3.4882498303754472,5.9212744568007025,6.051966139114696,12.038845018872713,7.799089492943893,13.500793895556653,122.86118259803924,0.9782840173325441,0.9778343062279765,0.7492560895325626,0.5250338287888582,138.93345164152618,30.855273822983925,6_skilled_forgery_forgeries_6_2.png,6,skilled_forgery
1.7356129641943912,3.537946268784538,5.713989059754804,5.795949112776213,11.550919350406796,7.5649249516793535,14.188689406751854,60.63008578431373,0.9803728992586629,0.9798257589769255,0.7051219207431291,0.6910298991843358,176.72986247544205,23.70207836544293,6_skilled_forgery_forgeries_6_20.png,6,skilled_forgery
1.700246952661241,3.4717852363517925,5.9540291988114555,6.06027569545802,12.067429071264673,7.797282240306744,14.751874608737815,71.5765012254902,0.9790569986525505,0.97853912524055,0.681276641558888,1.37471782985391,174.73859315589354,25.092701003442535,6_skilled_forgery_forgeries_6_21.png,6,skilled_forgery
1.6959510635828292,3.478113603857188,5.910410837038051,6.081561186104661,12.078053551587095,7.835788249338574,13.393950398843208,61.11145833333333,0.9809728847778963,0.9802087577866776,0.6582128183325642,977000000.0,181.093142272262,24.425990068830455,6_skilled_forgery_forgeries_6_22.png,6,skilled_forgery
1.9460123109357046,4.068074988865594,6.673195677394539,6.929704069894837,13.731242011891595,8.967370030641757,-15.427165199080322,84.06151960784314,0.9683953821693964,0.9672497451758848,0.77185417768932,0.6423712335837014,173.79289940828403,26.31218489297216,6_skilled_forgery_forgeries_6_23.png,6,skilled_forgery
1.7016753323742597,3.5074063078409243,5.195810385588669,5.292708709156392,10.536979214271833,7.046418926984919,12.68549033977333,62.962009803921575,0.9796672217441896,0.9791519950526358,0.6477005132695511,0.8382352925767733,182.828,26.539148742942,6_skilled_forgery_forgeries_6_24.png,6,skilled_forgery
1.854377198430413,3.8191889780234365,6.261377086885928,6.440060332728411,12.790783499142238,8.352901521423966,15.134656276295969,149.74849877450978,0.9738719821418358,0.9730243633533036,0.7674361484515185,0.5064794810945146,135.20358422939069,31.95990075032312,6_skilled_forgery_forgeries_6_3.png,6,skilled_forgery
1.7608591312000317,3.6324533734167104,6.070471970176119,6.200419307847353,12.336203232390849,8.017309152397415,13.739769513631146,124.6516850490196,0.9777216243183574,0.9770989856034833,0.780288432516056,0.6920903945026972,133.7696160267112,32.09954797167899,6_skilled_forgery_forgeries_6_4.png,6,skilled_forgery
1.7126580318584383,3.4808618377248983,5.759640882846568,5.862492967101361,11.673665460940486,7.610195986999025,13.330221905678295,133.66654411764705,0.979411879043111,0.9787533866746047,0.7565208307585575,0.6800618227510636,129.7838086476541,32.66039178243224,6_skilled_forgery_forgeries_6_5.png,6,skilled_forgery
1.8320439607920949,3.704163426761614,5.627905462960454,5.686998211080759,11.344460111306802,7.539106854242776,-13.511464068148625,121.15560661764707,0.9758052786406649,0.974985091312479,0.8012819696278572,0.7417218533222227,134.98783269961976,31.943817187674032,6_skilled_forgery_forgeries_6_6.png,6,skilled_forgery
2.0101855377213567,4.2280666207918935,6.169911389156455,6.2661962232441955,12.484362842192002,8.38589363399246,-14.126504503038257,159.1529718137255,0.9703835513417006,0.9698690140850724,0.692923918164449,0.313432835545713,151.01804812834226,27.268550972246874,6_skilled_forgery_forgeries_6_7.png,6,skilled_forgery
1.8008943653300165,3.7387214808545184,5.554071064775838,5.625141521580615,11.214870644525728,7.499304511449073,12.838534570757181,121.61666666666666,0.9771164690937689,0.9767008434784595,0.6874607511172972,3.031578936731302,152.72149695387293,27.87849552328166,6_skilled_forgery_forgeries_6_8.png,6,skilled_forgery
1.8844876825315584,3.9549694410559986,5.750016709389122,5.855900798358074,11.658866853480903,7.836914784639519,-13.895541773888592,146.43167892156865,0.9739761094857307,0.9735147599870029,0.6416564181365235,1.3467889883545157,155.49569976544174,26.855500837146998,6_skilled_forgery_forgeries_6_9.png,6,skilled_forgery
1.8103910332180828,3.672391401508543,7.9193593053322315,7.870847278650986,15.76624441765956,9.836768457967246,-17.200413992266906,261.2944240196079,0.9598577683968705,0.9592691398707004,0.7008662158351443,0.85807050013166,137.9670494258612,30.947928060763168,7_skilled_forgery_forgeries_7_1.png,7,skilled_forgery
1.7311519563967253,3.4874967297234263,7.438530549660698,8.374995612937457,-16.403042094167777,-10.14112656592822,-16.466061651009394,195.21899509803922,0.9628368256277202,0.9621031822792219,0.635735627559344,1.079493086313948,159.74016620498614,29.45658468213535,7_skilled_forgery_forgeries_7_10.png,7,skilled_forgery
1.775427377172664,3.5856447913269127,6.733947084258865,6.974943158238001,13.835871751418777,8.813692106037669,14.59509528995026,202.424693627451,0.9645926123810403,0.96401766914069,0.6652803167738561,0.7385685877350213,152.00514579759863,31.02155278811544,7_skilled_forgery_forgeries_7_11.png,7,skilled_forgery
1.792657416309233,3.644229228216639,6.929935916157275,7.599620507653348,14.944695777630416,9.49993013866962,15.119338813847008,234.92018995098042,0.9597504977738573,0.9590396322014958,0.6753905503800118,0.8361423213144734,148.21774604793472,31.39696668145338,7_skilled_forgery_forgeries_7_12.png,7,skilled_forgery
1.8449343019285047,3.738233564642819,7.449396688613376,7.639653262525016,15.191351057597688,9.518225707962456,15.928286982344543,291.01259191176473,0.9562293244616005,0.9554091253316461,0.6967777720417265,0.9072615915072076,137.5045871559633,32.02244735995834,7_skilled_forgery_forgeries_7_13.png,7,skilled_forgery
1.8674108249878705,3.781560618785335,7.073439595827918,7.305501196564459,14.497891129845772,9.204198751253506,15.432149885477175,332.70490196078435,0.9499526602491507,0.9493282219363928,0.6622151061793778,0.6864640879237126,142.45413595413595,31.182360792297704,7_skilled_forgery_forgeries_7_14.png,7,skilled_forgery
1.8342900513522655,3.7009705736455984,7.613712235741454,8.507635945791238,-16.658002635003893,-10.443863929979472,16.80361373357773,305.0694240196078,0.945861756423674,0.9452695543657664,0.6499058744946594,0.8539007086142547,153.26778882938027,30.75253889917061,7_skilled_forgery_forgeries_7_15.png,7,skilled_forgery
1.9069559999987222,3.8546189537735898,7.432452528994412,8.067692956972776,15.914515158292087,10.207544196929858,-16.03990017354482,387.38979779411756,0.9435019060331236,0.9428183295466976,0.6687676753471393,1.1226053631244401,139.3202166064982,31.09943855849238,7_skilled_forgery_forgeries_7_16.png,7,skilled_forgery
1.8658043747734654,3.7591487281799947,6.975704235196793,7.022659938952201,14.021878160674666,8.903429728744415,15.911275336883289,327.3238051470588,0.9497349329927306,0.9488532382749657,0.6966500952584747,0.7689045930961804,138.60447463044346,32.287464989978396,7_skilled_forgery_forgeries_7_17.png,7,skilled_forgery
1.9096566403130157,3.8543728493087426,8.398703105488162,9.166944267131203,17.9568426271492,11.098446788476734,18.696819637031208,152.46112132352943,0.9535953970021719,0.9524378986389369,0.7219466302024833,1.0008396297222169,170.64792278640368,25.588299289312417,7_skilled_forgery_forgeries_7_18.png,7,skilled_forgery
1.8248192672287247,3.6887122671709145,7.895529820733075,8.951389086422186,17.442957505702257,-11.27411943649513,17.659788658043073,115.3205269607843,0.967055014939036,0.9663769946015908,0.7056952052861293,1.022167486425902,170.11205846528622,27.6472844845218,7_skilled_forgery_forgeries_7_19.png,7,skilled_forgery
1.7700228841837296,3.5831727073540667,6.689684075987056,6.943267244669809,13.762015713552271,8.739602574208696,14.750974048274369,204.0735906862745,0.9662101198270914,0.9657027670438273,0.6772234320377017,0.7914847152931389,146.45703839122487,33.016986572364104,7_skilled_forgery_forgeries_7_2.png,7,skilled_forgery
1.7591297687871488,3.540318733840409,6.576434753062408,6.497457356515565,13.034406249722826,8.268081950196914,15.476243791206214,110.137806372549,0.9665466543445688,0.9658257895718071,0.6443101943845704,1.6926910270885531,179.6020974706971,26.291775639878665,7_skilled_forgery_forgeries_7_20.png,7,skilled_forgery
1.90591907947018,3.841613225742144,7.75140793859593,7.679329764084104,15.395277152040407,9.620184123451814,16.682199551734392,191.27110906862745,0.9548913880368859,0.9540006443325246,0.6871486321242922,1.062499999008862,163.10221619176843,29.43403190007214,7_skilled_forgery_forgeries_7_21.png,7,skilled_forgery
1.9174894551120207,3.8840031670785473,7.978915641280971,8.009539351361104,16.005530543384673,10.092208054511206,-17.04981342813073,126.4915594362745,0.9682455930576619,0.9676484300734906,0.6328618740837929,1.6830122562469136,173.31527415143603,28.740882565936737,7_skilled_forgery_forgeries_7_22.png,7,skilled_forgery
1.9547244483413606,3.948993079356206,6.883279065999409,6.9364754177594055,13.846423515099545,8.912061600627215,15.589578581048377,132.6582720588235,0.968106687955634,0.9674029859956231,0.7135669597043264,0.841089669873905,161.90813810110973,29.930986304657324,7_skilled_forgery_forgeries_7_23.png,7,skilled_forgery
1.8250234739283997,4.448965306318007,5.837944709489346,6.477363019888343,13.917469366612584,-8.716066294195626,12.635609047730147,322.21308210784315,0.9512569434820449,0.949435301927031,0.7046430356867783,0.9270186328206377,137.91780821917808,34.05003684604538,7_skilled_forgery_forgeries_7_24.png,7,skilled_forgery
1.7899719443578186,3.635173453413446,7.572426914883577,8.248446755899455,16.26103616995237,10.4271216818596,-16.371713732878316,234.6518382352941,0.9621826873178604,0.9614134632347592,0.7285012504107821,1.015592514536806,136.9484270242393,32.040804009243494,7_skilled_forgery_forgeries_7_3.png,7,skilled_forgery
1.8136502411388253,3.6732469276211446,7.533893307945811,7.91753989867053,15.650636152671172,9.75743219362122,16.381295132757526,273.0915134803921,0.9535409202326222,0.9525600445934413,0.7263151347545839,0.8528717538529725,139.93333333333334,32.66705576266387,7_skilled_forgery_forgeries_7_4.png,7,skilled_forgery
1.8935964965947556,4.146055126168144,6.708742641915727,6.954427082911412,14.321173484376652,-9.19787240213143,13.80531338561199,240.4412837009804,0.9575586011188629,0.95692568461329,0.6681243637791959,1.2012644876699003,151.5801819052178,31.200496027857234,7_skilled_forgery_forgeries_7_5.png,7,skilled_forgery
1.832263861561752,3.713463513079571,7.245432161906563,7.801988089559999,15.34455266145262,9.72065485683492,15.865727498420295,259.8552696078432,0.9611017337114547,0.9607245406432227,0.6374959393606069,0.7061524327767195,145.96017222820237,32.272946649455214,7_skilled_forgery_forgeries_7_6.png,7,skilled_forgery
1.6628205860321057,3.340105870165527,7.057820290358779,7.805176855271077,15.705563579074528,-10.8786743212392,-15.2633031274594,158.3078431372549,0.9704253501421902,0.9699764622462089,0.6173030238135963,1.313213700957237,160.9929478138223,29.605515552223245,7_skilled_forgery_forgeries_7_7.png,7,skilled_forgery
1.8511288001606687,3.7422427900335578,7.537118311863565,8.018995278212104,15.808948924455429,9.902170642293797,16.433634484366838,188.19289215686277,0.9599940455879636,0.9594226735428507,0.6508058447157573,0.972672063792842,162.747562852745,27.73348385422272,7_skilled_forgery_forgeries_7_8.png,7,skilled_forgery
1.7888149794638766,3.607747499132782,7.26984019861879,7.8445639034033325,15.53037138181991,9.904942765568803,15.576651796333309,206.58777573529412,0.9622393818821404,0.9614596760675452,0.658437673109071,0.879275653038958,155.4566381156317,30.708823579828785,7_skilled_forgery_forgeries_7_9.png,7,skilled_forgery
2.043994860857337,4.7268669580635,7.241166844551514,7.749451424464393,15.279763598799816,10.120649116800244,15.658351310120976,276.1585171568628,0.9493948381823701,0.9481021990362883,0.7294740522646451,0.28067632836682305,145.56808751414562,32.85816748087633,8_skilled_forgery_forgeries_8_1.png,8,skilled_forgery
2.1155827171329586,5.036510317267099,9.536274677216745,7.782688926714331,-16.64288188060158,10.338080363044657,16.55194204649366,215.37371323529413,0.9478164478356567,0.9463563702448663,0.7191765685748308,0.7754569185538792,161.05735294117648,27.308121051182205,8_skilled_forgery_forgeries_8_10.png,8,skilled_forgery
2.1434028590281455,4.901578863582033,7.523247568842388,7.390721989907265,14.935251719410637,9.91771438301467,-15.087272232076653,196.46888786764706,0.9492215915031912,0.9480874368372545,0.7148850768323897,0.4885974911695567,164.36652623515894,27.012006595993505,8_skilled_forgery_forgeries_8_11.png,8,skilled_forgery
1.9881485782261312,4.834731353211581,7.795621275907817,8.405510121489252,-16.558933013572435,10.82297573612591,-16.83879369345933,232.77907475490196,0.9532067467460335,0.9520392191032024,0.7066139385147417,1.0479452045822386,153.8938127090301,31.28490711545181,8_skilled_forgery_forgeries_8_12.png,8,skilled_forgery
1.981558300561413,4.2330460115115915,7.216454392332351,8.153470315414435,-16.840317516628172,-10.433910574320459,15.840596116344917,200.73702512254906,0.95196936229506,0.9508140139278809,0.70456858452476,2.4038727490956115,163.24339699309223,30.42023966687543,8_skilled_forgery_forgeries_8_13.png,8,skilled_forgery
2.0762515088032067,4.558652551876275,7.352983866327192,8.643007214863957,-16.64184428944993,10.923740424925029,-17.84726471325326,185.09767156862745,0.9557147175999837,0.9544131214719944,0.7518102750587923,1.5084388169742207,157.0677039529016,31.845189681173732,8_skilled_forgery_forgeries_8_14.png,8,skilled_forgery
2.105688194099935,4.749410354386963,7.977381103208917,8.20688315771652,16.32207969432335,10.60064179832443,16.797351445258776,279.30891544117645,0.9467022253814765,0.9452993316229188,0.7225529955738677,0.9842180767688535,148.69595083152566,32.52527408524131,8_skilled_forgery_forgeries_8_15.png,8,skilled_forgery
1.9821848202930008,4.231121766374132,7.206070429195969,8.171398180667873,-16.673869086465096,-10.440382496269965,15.865313947060923,198.85003063725492,0.9524275558315877,0.9515493313713077,0.7025997438725126,2.3569444411709104,163.24617294166322,30.369701921951417,8_skilled_forgery_forgeries_8_16.png,8,skilled_forgery
2.0766926306672557,4.573372761643651,7.448526433420033,8.260374616642915,-16.12219906779853,10.554642418603027,16.853029437956106,190.19004289215687,0.9559042770620728,0.9543364446571317,0.7494435535471377,1.4405737690158056,156.2120067170445,31.813200692330017,8_skilled_forgery_forgeries_8_17.png,8,skilled_forgery
2.105688194099935,4.749410354386963,7.977381103208917,8.20688315771652,16.32207969432335,10.60064179832443,16.797351445258776,279.30891544117645,0.9467022253814765,0.9452993316229188,0.7225529955738677,0.9842180767688535,148.69595083152566,32.52527408524131,8_skilled_forgery_forgeries_8_18.png,8,skilled_forgery
2.043496553751704,4.368734256056261,8.128346970196807,8.350062837971867,-17.485685108395533,10.584522133546487,-16.592795039680485,236.11636029411767,0.9521210727181403,0.9508291265085504,0.7095527666712921,1.585416665015191,155.36422240128928,33.84955542510909,8_skilled_forgery_forgeries_8_19.png,8,skilled_forgery
1.9876860328552797,5.103917461882037,7.226563759082665,7.5183493797673,15.622907154250049,10.708846091655571,14.89839378004925,236.31167279411767,0.9523470072070087,0.9510282669061495,0.7145901685914113,0.5737179483501808,153.19877800407332,32.16236175689956,8_skilled_forgery_forgeries_8_2.png,8,skilled_forgery
2.0871602914181113,4.595515258025107,7.810286893441124,8.6530398082306,17.394415054073768,11.34809032601365,16.906529136584496,190.22895220588234,0.9511827946514554,0.9499561723405514,0.7241041917908503,1.9603267188327576,164.60898699251084,31.902456000988114,8_skilled_forgery_forgeries_8_20.png,8,skilled_forgery
2.0803441354768903,4.459937716368184,7.51034926811686,8.429275090373986,16.50083529230749,11.4720131224547,-16.612592581550427,299.9485906862745,0.9401447418419377,0.939203183091183,0.7165350833006003,1.2873134318751391,151.09853181076673,31.30302479999474,8_skilled_forgery_forgeries_8_21.png,8,skilled_forgery
2.077223192474316,4.438465354270348,7.776357231522033,8.446062568142635,16.67518687795863,11.498216376809648,-16.746162022982645,166.24451593137258,0.9552173917859321,0.9539690275912861,0.7360124568988587,0.9116465856131352,165.30252100840337,29.73514871788552,8_skilled_forgery_forgeries_8_22.png,8,skilled_forgery
2.054538432039036,4.447345170130323,7.123214156321961,7.885796056096444,15.392776151606636,10.118311401783254,-16.363127976446435,155.65033700980388,0.9582609310998025,0.9572626278892258,0.7050088777353496,1.853947365981648,169.95942830797603,30.7992535647121,8_skilled_forgery_forgeries_8_23.png,8,skilled_forgery
2.083490363034598,4.497086744512699,7.538766920890608,7.84655933667313,15.560301496194691,10.380201580600666,16.056128568633,237.57800245098036,0.9442831303147236,0.9427725427431239,0.725743516307195,1.3974999988354166,159.07612095933263,32.12483432972869,8_skilled_forgery_forgeries_8_24.png,8,skilled_forgery
1.9898247248423797,4.26982848115527,6.727238564321714,9.136089606915473,17.478931229575227,-11.391540000083161,17.103181606881606,152.11522671568628,0.9619752934788262,0.960908004718205,0.7540867807224423,1.0902564091381985,159.5333660451423,32.82573034486309,8_skilled_forgery_forgeries_8_3.png,8,skilled_forgery
2.1078478345333953,4.415113203962042,7.605037614526584,9.006803730197113,-17.314185034830246,-11.215228464726994,-18.39956102126057,152.76960784313724,0.9610050008019848,0.9596669132969908,0.8046935594702458,0.5689530681812612,150.01748734468478,33.08793549227232,8_skilled_forgery_forgeries_8_4.png,8,skilled_forgery
2.158559052890345,4.507961142336712,7.580609029176029,8.40833838375228,16.404563640911256,10.696117466972114,-17.4503530789281,173.11498161764703,0.9511113097629155,0.9491279993884731,0.8418207158573053,1.0633750913313373,143.68214285714285,29.961314981291515,8_skilled_forgery_forgeries_8_5.png,8,skilled_forgery
2.1338113961949357,4.632088687207121,7.133052330556061,8.052001947224547,16.128079836295715,10.483954790008912,15.669314882473348,174.3495404411765,0.9495986031057225,0.9474582377305546,0.8551092499679358,0.3881796688471964,141.15940054495914,31.6332730643427,8_skilled_forgery_forgeries_8_6.png,8,skilled_forgery
2.096850523384337,4.839863288293235,8.36798347628591,7.880367111837238,16.517274817333284,10.512902155364992,-16.02605144464222,169.39525122549017,0.954292869789176,0.9530347000827907,0.7334745482319129,0.853751913588245,164.73977695167287,26.907064338370173,8_skilled_forgery_forgeries_8_7.png,8,skilled_forgery
2.07326623337136,4.592742453088886,8.20606825819376,8.345622185578726,16.67004387446945,11.292257795390192,16.97046724587793,234.9139399509804,0.9490096930096359,0.948148976389578,0.6429334438347637,0.7336545074097354,164.63953949980151,26.24277213382557,8_skilled_forgery_forgeries_8_8.png,8,skilled_forgery
2.2294551425370246,4.900590777517395,9.530300764963789,8.45333714345709,18.497164020419135,11.015891369587129,-17.446871844029687,188.31611519607844,0.9594871760121612,0.9585492835294956,0.680511772866513,0.5767154968568114,161.1882640586797,29.713337157831454,8_skilled_forgery_forgeries_8_9.png,8,skilled_forgery
1.826745235465739,3.6851525922526056,6.719402361940975,6.9677937826829615,13.812737660902549,8.814247898723112,14.91595035304519,202.43952205882357,0.9692744862135981,0.9688427711755105,0.6631178886822884,0.1402577709323292,144.17353723404256,32.275963764945274,9_skilled_forgery_forgeries_9_1.png,9,skilled_forgery
1.9909314974403334,4.0310172620824165,7.401725965845385,7.736645356760122,15.305877060079323,9.759324405180863,-17.14265402864816,264.02449448529416,0.956649621443717,0.9561138144184844,0.669665663197537,0.37628865955136037,146.7546816479401,30.207781176796875,9_skilled_forgery_forgeries_9_10.png,9,skilled_forgery
2.014130227622623,4.121182940817541,7.518146641757312,8.959277957964886,-18.125442130473537,12.60799088484888,-17.20104448415587,296.4326439950979,0.9529764654674543,0.9524686127511374,0.6167628742682134,0.22933771197080582,151.1153161175423,28.847382465705405,9_skilled_forgery_forgeries_9_11.png,9,skilled_forgery
1.9460897480511368,3.9393583914320542,8.752218270490669,8.278135606107352,-17.946630131262754,10.262869161713533,-16.79438701161538,224.62775735294122,0.9632252789156269,0.9625777860913581,0.6914231217613588,0.23948439603834165,144.3015873015873,33.07352630095032,9_skilled_forgery_forgeries_9_12.png,9,skilled_forgery
1.842762643917434,3.765282834146897,6.2947751966586365,6.513888855306348,12.91837503796108,8.39871851514617,14.492693949537,109.36547181372553,0.9663343895533916,0.9657496299855016,0.5777930749840324,0.4823977160015245,184.7785622593068,24.830007467717245,9_skilled_forgery_forgeries_9_13.png,9,skilled_forgery
1.8855864408644627,3.8411087521891507,6.568172615099145,6.786249137463066,13.463472967569071,8.712290336358599,15.575644637280908,104.6732536764706,0.967146106449294,0.9665306591281946,0.5765319766878192,1.7531531499943187,185.81740837696336,24.61496768474796,9_skilled_forgery_forgeries_9_14.png,9,skilled_forgery
1.8710380123238226,3.816040023710364,6.976396624493319,7.4550608419111395,14.680527992825295,9.42744363524504,-15.34977354516769,107.00373774509804,0.9637033907088582,0.963237661461466,0.5419072164877556,2.310756967508452,190.2737665463297,22.462328889642368,9_skilled_forgery_forgeries_9_15.png,9,skilled_forgery
1.94567056596863,3.966591541396341,7.085866324238861,7.414264471586868,14.664545695707169,9.418923597162218,-16.165762841862623,108.51017156862747,0.9619449772598643,0.9612312841556195,0.5639349842070158,124.7142768061231,189.80284090909092,21.948190360734838,9_skilled_forgery_forgeries_9_16.png,9,skilled_forgery
1.941443686185966,3.957458535381005,7.323217844024591,7.955919735424901,15.597352791214803,9.952024453412678,-16.629543201979374,164.7831648284314,0.9581284935038871,0.9574472473468555,0.5830702376833616,16.139130294442346,176.55403348554034,24.0744974699186,9_skilled_forgery_forgeries_9_17.png,9,skilled_forgery
1.832338093033444,3.7520806463336727,7.559616725785707,7.536884907308293,15.160858258645018,9.444428995715919,15.350662456978414,126.9532475490196,0.9623638828580603,0.9617365938723724,0.5342791112413697,0.14456233412164302,185.8638470451912,23.037917810484817,9_skilled_forgery_forgeries_9_18.png,9,skilled_forgery
1.8775574780023085,3.8232096045098,7.083744307770799,7.636533614208779,15.010431759297266,9.612587370887894,-15.602596659306029,139.36855085784316,0.9625026327272124,0.9618278777745897,0.6178040651666677,0.4214680343950528,176.7790116601888,25.856500236199906,9_skilled_forgery_forgeries_9_19.png,9,skilled_forgery
1.8886917257388387,3.840111991176268,7.3244378866601965,8.46421087857453,16.397483568031067,10.404317574775162,16.750851279550204,242.4829656862745,0.9628439721178137,0.9623173253059989,0.6765650462503413,0.24982981603142965,142.59313725490196,32.37704303770949,9_skilled_forgery_forgeries_9_2.png,9,skilled_forgery
1.8604940230500897,3.7886088469768135,7.471566061952339,9.347487640929405,17.907404954877798,11.365156906337022,-17.907654096988818,140.83538602941178,0.9639072289615582,0.9634055860612467,0.6099374731080223,0.11140065139322432,174.957796014068,25.949370866484635,9_skilled_forgery_forgeries_9_20.png,9,skilled_forgery
1.8960715191979818,3.8682049133929444,6.7547654029139235,7.062679572001268,13.971405503543453,9.005430451848948,-16.37124403451583,137.07504595588236,0.963497418515274,0.9629463266108109,0.563494789647058,0.5621521330592281,180.13420427553444,25.143479836451885,9_skilled_forgery_forgeries_9_21.png,9,skilled_forgery
1.8958614489782124,3.8634934913467154,7.31157958932939,8.162295882877679,15.939217334772346,10.184517116562555,-16.286354384006295,117.11237745098042,0.9659484874532178,0.965243776501834,0.6353522917833829,0.5205223875741395,178.27423312883437,26.293441037449295,9_skilled_forgery_forgeries_9_22.png,9,skilled_forgery
1.879832539938082,3.812238834711864,6.649858600434248,6.889150422687025,13.659432487329365,8.795652809611244,14.882055729114768,141.86341911764706,0.9641099830729793,0.9636047847723974,0.5965846730037456,0.2673192769071391,175.8086749851456,26.653521641452834,9_skilled_forgery_forgeries_9_23.png,9,skilled_forgery
2.0711958017378507,4.284525982160472,6.848844578521131,7.289941969201513,14.362521910560018,9.432861543390741,15.277635410727747,183.02830882352941,0.9497053909231481,0.9488237040621855,0.6715665235937518,0.2395149063974154,171.97472482674277,27.947029512943466,9_skilled_forgery_forgeries_9_24.png,9,skilled_forgery
1.894569877248954,3.854000613104486,7.292651645005781,7.935545589167358,15.626076161449818,10.571022995695754,15.813480066817371,251.45171568627455,0.9644845304761956,0.9639716688250022,0.6654412478084819,0.4808510634205522,139.37586206896552,32.95802089777565,9_skilled_forgery_forgeries_9_3.png,9,skilled_forgery
1.8541007369966878,3.7593658233604064,6.6031050436665,6.852478078543229,13.580287618300064,8.73278476363367,15.621277224019133,273.68688725490193,0.9639116657605209,0.9634049193995612,0.6595393360330667,23.859154593533034,136.04192634560906,33.18090936714719,9_skilled_forgery_forgeries_9_4.png,9,skilled_forgery
1.9397778316251648,3.967353348506963,6.665369446288344,6.9357989990006645,13.737089963614919,8.942422505682282,-14.980483213314592,270.8472732843137,0.9614034088849863,0.9608776959683862,0.628263933154049,4.02452314979694,144.867136659436,33.31795201551919,9_skilled_forgery_forgeries_9_5.png,9,skilled_forgery
1.962282140281973,3.9809152773311167,7.048355774020694,7.3443151563193325,14.541536637649779,9.347783445466638,-15.735749815133074,277.33468137254897,0.9604303069267485,0.9596980809993789,0.6647687532448111,0.5007716045518738,140.64730077120822,34.587470042976605,9_skilled_forgery_forgeries_9_6.png,9,skilled_forgery
1.9891447298592375,4.0381576117078355,7.406781002259616,8.372010125455546,-16.64468857021318,-10.452284960045569,16.30217363843033,250.6058670343137,0.9581385782463784,0.9575689879189525,0.6514362044410091,11.581818111625346,150.88053949903662,29.448416526741255,9_skilled_forgery_forgeries_9_7.png,9,skilled_forgery
2.024107127776325,4.122685432267653,7.537446194272531,8.263907809847133,16.16467998842409,10.33490010620451,-17.843744652102494,230.65320159313725,0.9556829497792049,0.9550877689790608,0.6578650620364161,0.25419803112090444,156.82317636195754,29.214566470612723,9_skilled_forgery_forgeries_9_8.png,9,skilled_forgery
2.0650667396508187,4.188325253062914,7.8409993900076085,8.502773851077794,16.731479038231516,10.775562876055455,-16.993582666651413,251.59488357843142,0.956539487819194,0.9559453221481237,0.6686410560685718,0.6166037731195443,149.9659197012138,29.997436181594068,9_skilled_forgery_forgeries_9_9.png,9,skilled_forgery
