filename,writer_id,label,pixel_density
10_genuine_original_10_1.png,10,genuine,0.088409423828125
10_genuine_original_10_10.png,10,genuine,0.1110382080078125
10_genuine_original_10_11.png,10,genuine,0.0875701904296875
10_genuine_original_10_12.png,10,genuine,0.08685302734375
10_genuine_original_10_13.png,10,genuine,0.107818603515625
10_genuine_original_10_14.png,10,genuine,0.0974884033203125
10_genuine_original_10_15.png,10,genuine,0.0901947021484375
10_genuine_original_10_16.png,10,genuine,0.0821533203125
10_genuine_original_10_17.png,10,genuine,0.0849456787109375
10_genuine_original_10_18.png,10,genuine,0.0810394287109375
10_genuine_original_10_19.png,10,genuine,0.0816192626953125
10_genuine_original_10_2.png,10,genuine,0.0912322998046875
10_genuine_original_10_20.png,10,genuine,0.081329345703125
10_genuine_original_10_21.png,10,genuine,0.080963134765625
10_genuine_original_10_22.png,10,genuine,0.0756683349609375
10_genuine_original_10_23.png,10,genuine,0.0892181396484375
10_genuine_original_10_24.png,10,genuine,0.0811309814453125
10_genuine_original_10_3.png,10,genuine,0.0760955810546875
10_genuine_original_10_4.png,10,genuine,0.09130859375
10_genuine_original_10_5.png,10,genuine,0.0924530029296875
10_genuine_original_10_6.png,10,genuine,0.091339111328125
10_genuine_original_10_7.png,10,genuine,0.0919952392578125
10_genuine_original_10_8.png,10,genuine,0.087554931640625
10_genuine_original_10_9.png,10,genuine,0.0814361572265625
11_genuine_original_11_1.png,11,genuine,0.1115570068359375
11_genuine_original_11_10.png,11,genuine,0.097503662109375
11_genuine_original_11_11.png,11,genuine,0.1112060546875
11_genuine_original_11_12.png,11,genuine,0.08624267578125
11_genuine_original_11_13.png,11,genuine,0.1158599853515625
11_genuine_original_11_14.png,11,genuine,0.0837249755859375
11_genuine_original_11_15.png,11,genuine,0.0675506591796875
11_genuine_original_11_16.png,11,genuine,0.11004638671875
11_genuine_original_11_17.png,11,genuine,0.0563507080078125
11_genuine_original_11_18.png,11,genuine,0.0548248291015625
11_genuine_original_11_19.png,11,genuine,0.1095123291015625
11_genuine_original_11_2.png,11,genuine,0.101959228515625
11_genuine_original_11_20.png,11,genuine,0.0973358154296875
11_genuine_original_11_21.png,11,genuine,0.05609130859375
11_genuine_original_11_22.png,11,genuine,0.0688018798828125
11_genuine_original_11_23.png,11,genuine,0.0894317626953125
11_genuine_original_11_24.png,11,genuine,0.063934326171875
11_genuine_original_11_3.png,11,genuine,0.1114959716796875
11_genuine_original_11_4.png,11,genuine,0.122802734375
11_genuine_original_11_5.png,11,genuine,0.1123504638671875
11_genuine_original_11_6.png,11,genuine,0.073974609375
11_genuine_original_11_7.png,11,genuine,0.1318359375
11_genuine_original_11_8.png,11,genuine,0.10552978515625
11_genuine_original_11_9.png,11,genuine,0.0995025634765625
12_genuine_original_12_1.png,12,genuine,0.09722900390625
12_genuine_original_12_10.png,12,genuine,0.0831298828125
12_genuine_original_12_11.png,12,genuine,0.0825653076171875
12_genuine_original_12_12.png,12,genuine,0.07818603515625
12_genuine_original_12_13.png,12,genuine,0.107391357421875
12_genuine_original_12_14.png,12,genuine,0.0870513916015625
12_genuine_original_12_15.png,12,genuine,0.0858001708984375
12_genuine_original_12_16.png,12,genuine,0.076202392578125
12_genuine_original_12_17.png,12,genuine,0.0774993896484375
12_genuine_original_12_18.png,12,genuine,0.0842437744140625
12_genuine_original_12_19.png,12,genuine,0.0768585205078125
12_genuine_original_12_2.png,12,genuine,0.0908203125
12_genuine_original_12_20.png,12,genuine,0.0757904052734375
12_genuine_original_12_21.png,12,genuine,0.0888671875
12_genuine_original_12_22.png,12,genuine,0.0789947509765625
12_genuine_original_12_23.png,12,genuine,0.0786590576171875
12_genuine_original_12_24.png,12,genuine,0.0724029541015625
12_genuine_original_12_3.png,12,genuine,0.07598876953125
12_genuine_original_12_4.png,12,genuine,0.078338623046875
12_genuine_original_12_5.png,12,genuine,0.083526611328125
12_genuine_original_12_6.png,12,genuine,0.0825347900390625
12_genuine_original_12_7.png,12,genuine,0.0872650146484375
12_genuine_original_12_8.png,12,genuine,0.084808349609375
12_genuine_original_12_9.png,12,genuine,0.0714111328125
13_genuine_original_13_1.png,13,genuine,0.0767974853515625
13_genuine_original_13_10.png,13,genuine,0.1097564697265625
13_genuine_original_13_11.png,13,genuine,0.0875091552734375
13_genuine_original_13_12.png,13,genuine,0.0799560546875
13_genuine_original_13_13.png,13,genuine,0.1043243408203125
13_genuine_original_13_14.png,13,genuine,0.1072845458984375
13_genuine_original_13_15.png,13,genuine,0.107330322265625
13_genuine_original_13_16.png,13,genuine,0.080322265625
13_genuine_original_13_17.png,13,genuine,0.0688934326171875
13_genuine_original_13_18.png,13,genuine,0.1008148193359375
13_genuine_original_13_19.png,13,genuine,0.098480224609375
13_genuine_original_13_2.png,13,genuine,0.1000518798828125
13_genuine_original_13_20.png,13,genuine,0.094451904296875
13_genuine_original_13_21.png,13,genuine,0.103271484375
13_genuine_original_13_22.png,13,genuine,0.1156768798828125
13_genuine_original_13_23.png,13,genuine,0.0879364013671875
13_genuine_original_13_24.png,13,genuine,0.0739593505859375
13_genuine_original_13_3.png,13,genuine,0.09478759765625
13_genuine_original_13_4.png,13,genuine,0.076690673828125
13_genuine_original_13_5.png,13,genuine,0.1148529052734375
13_genuine_original_13_6.png,13,genuine,0.0605621337890625
13_genuine_original_13_7.png,13,genuine,0.1029510498046875
13_genuine_original_13_8.png,13,genuine,0.12738037109375
13_genuine_original_13_9.png,13,genuine,0.080963134765625
14_genuine_original_14_1.png,14,genuine,0.0753936767578125
14_genuine_original_14_10.png,14,genuine,0.07281494140625
14_genuine_original_14_11.png,14,genuine,0.0862884521484375
14_genuine_original_14_12.png,14,genuine,0.086822509765625
14_genuine_original_14_13.png,14,genuine,0.0808868408203125
14_genuine_original_14_14.png,14,genuine,0.075439453125
14_genuine_original_14_15.png,14,genuine,0.0863037109375
14_genuine_original_14_16.png,14,genuine,0.0821075439453125
14_genuine_original_14_17.png,14,genuine,0.07318115234375
14_genuine_original_14_18.png,14,genuine,0.07977294921875
14_genuine_original_14_19.png,14,genuine,0.076080322265625
14_genuine_original_14_2.png,14,genuine,0.0827178955078125
14_genuine_original_14_20.png,14,genuine,0.0753936767578125
14_genuine_original_14_21.png,14,genuine,0.0702972412109375
14_genuine_original_14_22.png,14,genuine,0.0805511474609375
14_genuine_original_14_23.png,14,genuine,0.0719757080078125
14_genuine_original_14_24.png,14,genuine,0.0718231201171875
14_genuine_original_14_3.png,14,genuine,0.0780487060546875
14_genuine_original_14_4.png,14,genuine,0.07684326171875
14_genuine_original_14_5.png,14,genuine,0.06939697265625
14_genuine_original_14_6.png,14,genuine,0.0819854736328125
14_genuine_original_14_7.png,14,genuine,0.080108642578125
14_genuine_original_14_8.png,14,genuine,0.07763671875
14_genuine_original_14_9.png,14,genuine,0.0689849853515625
15_genuine_original_15_1.png,15,genuine,0.0733184814453125
15_genuine_original_15_10.png,15,genuine,0.0550079345703125
15_genuine_original_15_11.png,15,genuine,0.0884857177734375
15_genuine_original_15_12.png,15,genuine,0.086334228515625
15_genuine_original_15_13.png,15,genuine,0.085418701171875
15_genuine_original_15_14.png,15,genuine,0.0730438232421875
15_genuine_original_15_15.png,15,genuine,0.053802490234375
15_genuine_original_15_16.png,15,genuine,0.055389404296875
15_genuine_original_15_17.png,15,genuine,0.09527587890625
15_genuine_original_15_18.png,15,genuine,0.0684356689453125
15_genuine_original_15_19.png,15,genuine,0.0803680419921875
15_genuine_original_15_2.png,15,genuine,0.0630340576171875
15_genuine_original_15_20.png,15,genuine,0.07196044921875
15_genuine_original_15_21.png,15,genuine,0.0665740966796875
15_genuine_original_15_22.png,15,genuine,0.068145751953125
15_genuine_original_15_23.png,15,genuine,0.0697479248046875
15_genuine_original_15_24.png,15,genuine,0.06585693359375
15_genuine_original_15_3.png,15,genuine,0.052459716796875
15_genuine_original_15_4.png,15,genuine,0.0525665283203125
15_genuine_original_15_5.png,15,genuine,0.0954132080078125
15_genuine_original_15_6.png,15,genuine,0.0852203369140625
15_genuine_original_15_7.png,15,genuine,0.0998687744140625
15_genuine_original_15_8.png,15,genuine,0.0471038818359375
15_genuine_original_15_9.png,15,genuine,0.072845458984375
16_genuine_original_16_1.png,16,genuine,0.091064453125
16_genuine_original_16_10.png,16,genuine,0.1290740966796875
16_genuine_original_16_11.png,16,genuine,0.054962158203125
16_genuine_original_16_12.png,16,genuine,0.114044189453125
16_genuine_original_16_13.png,16,genuine,0.0705413818359375
16_genuine_original_16_14.png,16,genuine,0.0731048583984375
16_genuine_original_16_15.png,16,genuine,0.080291748046875
16_genuine_original_16_16.png,16,genuine,0.0657806396484375
16_genuine_original_16_17.png,16,genuine,0.1121368408203125
16_genuine_original_16_18.png,16,genuine,0.14007568359375
16_genuine_original_16_19.png,16,genuine,0.119720458984375
16_genuine_original_16_2.png,16,genuine,0.0658416748046875
16_genuine_original_16_20.png,16,genuine,0.133697509765625
16_genuine_original_16_21.png,16,genuine,0.090179443359375
16_genuine_original_16_22.png,16,genuine,0.130096435546875
16_genuine_original_16_23.png,16,genuine,0.068878173828125
16_genuine_original_16_24.png,16,genuine,0.0566558837890625
16_genuine_original_16_3.png,16,genuine,0.1291046142578125
16_genuine_original_16_4.png,16,genuine,0.0555267333984375
16_genuine_original_16_5.png,16,genuine,0.0948486328125
16_genuine_original_16_6.png,16,genuine,0.116912841796875
16_genuine_original_16_7.png,16,genuine,0.112274169921875
16_genuine_original_16_8.png,16,genuine,0.0546112060546875
16_genuine_original_16_9.png,16,genuine,0.0773468017578125
17_genuine_original_17_1.png,17,genuine,0.12310791015625
17_genuine_original_17_10.png,17,genuine,0.1291351318359375
17_genuine_original_17_11.png,17,genuine,0.1097869873046875
17_genuine_original_17_12.png,17,genuine,0.12664794921875
17_genuine_original_17_13.png,17,genuine,0.147552490234375
17_genuine_original_17_14.png,17,genuine,0.1318359375
17_genuine_original_17_15.png,17,genuine,0.135009765625
17_genuine_original_17_16.png,17,genuine,0.11865234375
17_genuine_original_17_17.png,17,genuine,0.136627197265625
17_genuine_original_17_18.png,17,genuine,0.1421356201171875
17_genuine_original_17_19.png,17,genuine,0.1523895263671875
17_genuine_original_17_2.png,17,genuine,0.1078338623046875
17_genuine_original_17_20.png,17,genuine,0.1505126953125
17_genuine_original_17_21.png,17,genuine,0.128509521484375
17_genuine_original_17_22.png,17,genuine,0.1313018798828125
17_genuine_original_17_23.png,17,genuine,0.1257476806640625
17_genuine_original_17_24.png,17,genuine,0.1138916015625
17_genuine_original_17_3.png,17,genuine,0.13885498046875
17_genuine_original_17_4.png,17,genuine,0.1142425537109375
17_genuine_original_17_5.png,17,genuine,0.12384033203125
17_genuine_original_17_6.png,17,genuine,0.1329345703125
17_genuine_original_17_7.png,17,genuine,0.1141510009765625
17_genuine_original_17_8.png,17,genuine,0.136260986328125
17_genuine_original_17_9.png,17,genuine,0.1223297119140625
18_genuine_original_18_1.png,18,genuine,0.1073455810546875
18_genuine_original_18_10.png,18,genuine,0.0957794189453125
18_genuine_original_18_11.png,18,genuine,0.0902862548828125
18_genuine_original_18_12.png,18,genuine,0.074462890625
18_genuine_original_18_13.png,18,genuine,0.12005615234375
18_genuine_original_18_14.png,18,genuine,0.08642578125
18_genuine_original_18_15.png,18,genuine,0.0700225830078125
18_genuine_original_18_16.png,18,genuine,0.0626220703125
18_genuine_original_18_17.png,18,genuine,0.05621337890625
18_genuine_original_18_18.png,18,genuine,0.0911102294921875
18_genuine_original_18_19.png,18,genuine,0.1042633056640625
18_genuine_original_18_2.png,18,genuine,0.107269287109375
18_genuine_original_18_20.png,18,genuine,0.06793212890625
18_genuine_original_18_21.png,18,genuine,0.096405029296875
18_genuine_original_18_22.png,18,genuine,0.1030426025390625
18_genuine_original_18_23.png,18,genuine,0.0581817626953125
18_genuine_original_18_24.png,18,genuine,0.1048126220703125
18_genuine_original_18_3.png,18,genuine,0.08441162109375
18_genuine_original_18_4.png,18,genuine,0.075164794921875
18_genuine_original_18_5.png,18,genuine,0.10552978515625
18_genuine_original_18_6.png,18,genuine,0.0807037353515625
18_genuine_original_18_7.png,18,genuine,0.0971527099609375
18_genuine_original_18_8.png,18,genuine,0.111175537109375
18_genuine_original_18_9.png,18,genuine,0.09674072265625
19_genuine_original_19_1.png,19,genuine,0.1076507568359375
19_genuine_original_19_10.png,19,genuine,0.1090087890625
19_genuine_original_19_11.png,19,genuine,0.1103668212890625
19_genuine_original_19_12.png,19,genuine,0.11761474609375
19_genuine_original_19_13.png,19,genuine,0.105010986328125
19_genuine_original_19_14.png,19,genuine,0.1087799072265625
19_genuine_original_19_15.png,19,genuine,0.11578369140625
19_genuine_original_19_16.png,19,genuine,0.1204376220703125
19_genuine_original_19_17.png,19,genuine,0.1129913330078125
19_genuine_original_19_18.png,19,genuine,0.1056976318359375
19_genuine_original_19_19.png,19,genuine,0.1038818359375
19_genuine_original_19_2.png,19,genuine,0.112274169921875
19_genuine_original_19_20.png,19,genuine,0.096588134765625
19_genuine_original_19_21.png,19,genuine,0.1088714599609375
19_genuine_original_19_22.png,19,genuine,0.1118011474609375
19_genuine_original_19_23.png,19,genuine,0.11077880859375
19_genuine_original_19_24.png,19,genuine,0.10711669921875
19_genuine_original_19_3.png,19,genuine,0.1143341064453125
19_genuine_original_19_4.png,19,genuine,0.1178436279296875
19_genuine_original_19_5.png,19,genuine,0.107086181640625
19_genuine_original_19_6.png,19,genuine,0.1123046875
19_genuine_original_19_7.png,19,genuine,0.0892791748046875
19_genuine_original_19_8.png,19,genuine,0.1030426025390625
19_genuine_original_19_9.png,19,genuine,0.1149749755859375
1_genuine_original_1_1.png,1,genuine,0.0512237548828125
1_genuine_original_1_10.png,1,genuine,0.04034423828125
1_genuine_original_1_11.png,1,genuine,0.0528106689453125
1_genuine_original_1_12.png,1,genuine,0.046783447265625
1_genuine_original_1_13.png,1,genuine,0.043487548828125
1_genuine_original_1_14.png,1,genuine,0.047271728515625
1_genuine_original_1_15.png,1,genuine,0.0509185791015625
1_genuine_original_1_16.png,1,genuine,0.066314697265625
1_genuine_original_1_17.png,1,genuine,0.0563812255859375
1_genuine_original_1_18.png,1,genuine,0.0490264892578125
1_genuine_original_1_19.png,1,genuine,0.052032470703125
1_genuine_original_1_2.png,1,genuine,0.0536041259765625
1_genuine_original_1_20.png,1,genuine,0.060394287109375
1_genuine_original_1_21.png,1,genuine,0.0412139892578125
1_genuine_original_1_22.png,1,genuine,0.0536346435546875
1_genuine_original_1_23.png,1,genuine,0.0497589111328125
1_genuine_original_1_24.png,1,genuine,0.05322265625
1_genuine_original_1_3.png,1,genuine,0.0543212890625
1_genuine_original_1_4.png,1,genuine,0.044952392578125
1_genuine_original_1_5.png,1,genuine,0.052490234375
1_genuine_original_1_6.png,1,genuine,0.047454833984375
1_genuine_original_1_7.png,1,genuine,0.0450286865234375
1_genuine_original_1_8.png,1,genuine,0.0525970458984375
1_genuine_original_1_9.png,1,genuine,0.0560455322265625
20_genuine_original_20_1.png,20,genuine,0.066986083984375
20_genuine_original_20_10.png,20,genuine,0.104034423828125
20_genuine_original_20_11.png,20,genuine,0.0973968505859375
20_genuine_original_20_12.png,20,genuine,0.07879638671875
20_genuine_original_20_13.png,20,genuine,0.089599609375
20_genuine_original_20_14.png,20,genuine,0.0893402099609375
20_genuine_original_20_15.png,20,genuine,0.08978271484375
20_genuine_original_20_16.png,20,genuine,0.095855712890625
20_genuine_original_20_17.png,20,genuine,0.0981597900390625
20_genuine_original_20_18.png,20,genuine,0.0800628662109375
20_genuine_original_20_19.png,20,genuine,0.0875701904296875
20_genuine_original_20_2.png,20,genuine,0.07244873046875
20_genuine_original_20_20.png,20,genuine,0.0817108154296875
20_genuine_original_20_21.png,20,genuine,0.0854034423828125
20_genuine_original_20_22.png,20,genuine,0.096160888671875
20_genuine_original_20_23.png,20,genuine,0.0919647216796875
20_genuine_original_20_24.png,20,genuine,0.1058502197265625
20_genuine_original_20_3.png,20,genuine,0.0924072265625
20_genuine_original_20_4.png,20,genuine,0.0872955322265625
20_genuine_original_20_5.png,20,genuine,0.0656280517578125
20_genuine_original_20_6.png,20,genuine,0.0875091552734375
20_genuine_original_20_7.png,20,genuine,0.0721893310546875
20_genuine_original_20_8.png,20,genuine,0.080230712890625
20_genuine_original_20_9.png,20,genuine,0.07049560546875
21_genuine_original_21_1.png,21,genuine,0.0977783203125
21_genuine_original_21_10.png,21,genuine,0.10394287109375
21_genuine_original_21_11.png,21,genuine,0.0986785888671875
21_genuine_original_21_12.png,21,genuine,0.10504150390625
21_genuine_original_21_13.png,21,genuine,0.06231689453125
21_genuine_original_21_14.png,21,genuine,0.0655670166015625
21_genuine_original_21_15.png,21,genuine,0.141265869140625
21_genuine_original_21_16.png,21,genuine,0.08563232421875
21_genuine_original_21_17.png,21,genuine,0.0895843505859375
21_genuine_original_21_18.png,21,genuine,0.0859527587890625
21_genuine_original_21_19.png,21,genuine,0.110137939453125
21_genuine_original_21_2.png,21,genuine,0.0758819580078125
21_genuine_original_21_20.png,21,genuine,0.0526580810546875
21_genuine_original_21_21.png,21,genuine,0.102874755859375
21_genuine_original_21_22.png,21,genuine,0.081878662109375
21_genuine_original_21_23.png,21,genuine,0.106292724609375
21_genuine_original_21_24.png,21,genuine,0.082305908203125
21_genuine_original_21_3.png,21,genuine,0.0705718994140625
21_genuine_original_21_4.png,21,genuine,0.081451416015625
21_genuine_original_21_5.png,21,genuine,0.10198974609375
21_genuine_original_21_6.png,21,genuine,0.1002197265625
21_genuine_original_21_7.png,21,genuine,0.107574462890625
21_genuine_original_21_8.png,21,genuine,0.11163330078125
21_genuine_original_21_9.png,21,genuine,0.1103515625
22_genuine_original_22_1.png,22,genuine,0.1052703857421875
22_genuine_original_22_10.png,22,genuine,0.12103271484375
22_genuine_original_22_11.png,22,genuine,0.113433837890625
22_genuine_original_22_12.png,22,genuine,0.0946502685546875
22_genuine_original_22_13.png,22,genuine,0.087066650390625
22_genuine_original_22_14.png,22,genuine,0.1002044677734375
22_genuine_original_22_15.png,22,genuine,0.11480712890625
22_genuine_original_22_16.png,22,genuine,0.1146087646484375
22_genuine_original_22_17.png,22,genuine,0.1049041748046875
22_genuine_original_22_18.png,22,genuine,0.1275482177734375
22_genuine_original_22_19.png,22,genuine,0.120880126953125
22_genuine_original_22_2.png,22,genuine,0.12493896484375
22_genuine_original_22_20.png,22,genuine,0.1235504150390625
22_genuine_original_22_21.png,22,genuine,0.119110107421875
22_genuine_original_22_22.png,22,genuine,0.107452392578125
22_genuine_original_22_23.png,22,genuine,0.110260009765625
22_genuine_original_22_24.png,22,genuine,0.095428466796875
22_genuine_original_22_3.png,22,genuine,0.0826416015625
22_genuine_original_22_4.png,22,genuine,0.0807037353515625
22_genuine_original_22_5.png,22,genuine,0.1020355224609375
22_genuine_original_22_6.png,22,genuine,0.1276702880859375
22_genuine_original_22_7.png,22,genuine,0.127197265625
22_genuine_original_22_8.png,22,genuine,0.117401123046875
22_genuine_original_22_9.png,22,genuine,0.1187591552734375
23_genuine_original_23_1.png,23,genuine,0.055328369140625
23_genuine_original_23_10.png,23,genuine,0.0665435791015625
23_genuine_original_23_11.png,23,genuine,0.0647125244140625
23_genuine_original_23_12.png,23,genuine,0.065887451171875
23_genuine_original_23_13.png,23,genuine,0.0812530517578125
23_genuine_original_23_14.png,23,genuine,0.06280517578125
23_genuine_original_23_15.png,23,genuine,0.06866455078125
23_genuine_original_23_16.png,23,genuine,0.0722808837890625
23_genuine_original_23_17.png,23,genuine,0.068359375
23_genuine_original_23_18.png,23,genuine,0.0926361083984375
23_genuine_original_23_19.png,23,genuine,0.0695343017578125
23_genuine_original_23_2.png,23,genuine,0.0571746826171875
23_genuine_original_23_20.png,23,genuine,0.074615478515625
23_genuine_original_23_21.png,23,genuine,0.073028564453125
23_genuine_original_23_22.png,23,genuine,0.0743255615234375
23_genuine_original_23_23.png,23,genuine,0.06640625
23_genuine_original_23_24.png,23,genuine,0.0688018798828125
23_genuine_original_23_3.png,23,genuine,0.0544281005859375
23_genuine_original_23_4.png,23,genuine,0.06884765625
23_genuine_original_23_5.png,23,genuine,0.0653839111328125
23_genuine_original_23_6.png,23,genuine,0.056182861328125
23_genuine_original_23_7.png,23,genuine,0.069671630859375
23_genuine_original_23_8.png,23,genuine,0.0649261474609375
23_genuine_original_23_9.png,23,genuine,0.0558929443359375
24_genuine_original_24_1.png,24,genuine,0.0587310791015625
24_genuine_original_24_10.png,24,genuine,0.053497314453125
24_genuine_original_24_11.png,24,genuine,0.05120849609375
24_genuine_original_24_12.png,24,genuine,0.0539398193359375
24_genuine_original_24_13.png,24,genuine,0.0848236083984375
24_genuine_original_24_14.png,24,genuine,0.0408935546875
24_genuine_original_24_15.png,24,genuine,0.0704803466796875
24_genuine_original_24_16.png,24,genuine,0.077117919921875
24_genuine_original_24_17.png,24,genuine,0.078399658203125
24_genuine_original_24_18.png,24,genuine,0.052490234375
24_genuine_original_24_19.png,24,genuine,0.0843505859375
24_genuine_original_24_2.png,24,genuine,0.053741455078125
24_genuine_original_24_20.png,24,genuine,0.0721588134765625
24_genuine_original_24_21.png,24,genuine,0.0791778564453125
24_genuine_original_24_22.png,24,genuine,0.0770111083984375
24_genuine_original_24_23.png,24,genuine,0.07940673828125
24_genuine_original_24_24.png,24,genuine,0.093048095703125
24_genuine_original_24_3.png,24,genuine,0.0403289794921875
24_genuine_original_24_4.png,24,genuine,0.07525634765625
24_genuine_original_24_5.png,24,genuine,0.06829833984375
24_genuine_original_24_6.png,24,genuine,0.0662689208984375
24_genuine_original_24_7.png,24,genuine,0.069091796875
24_genuine_original_24_8.png,24,genuine,0.0701141357421875
24_genuine_original_24_9.png,24,genuine,0.081451416015625
25_genuine_original_25_1.png,25,genuine,0.0655517578125
25_genuine_original_25_10.png,25,genuine,0.126129150390625
25_genuine_original_25_11.png,25,genuine,0.1397552490234375
25_genuine_original_25_12.png,25,genuine,0.0977783203125
25_genuine_original_25_13.png,25,genuine,0.113250732421875
25_genuine_original_25_14.png,25,genuine,0.1031341552734375
25_genuine_original_25_15.png,25,genuine,0.1144256591796875
25_genuine_original_25_16.png,25,genuine,0.113739013671875
25_genuine_original_25_17.png,25,genuine,0.1193389892578125
25_genuine_original_25_18.png,25,genuine,0.1052703857421875
25_genuine_original_25_19.png,25,genuine,0.112457275390625
25_genuine_original_25_2.png,25,genuine,0.1240997314453125
25_genuine_original_25_20.png,25,genuine,0.1216888427734375
25_genuine_original_25_21.png,25,genuine,0.1199798583984375
25_genuine_original_25_22.png,25,genuine,0.137298583984375
25_genuine_original_25_23.png,25,genuine,0.1218719482421875
25_genuine_original_25_24.png,25,genuine,0.086456298828125
25_genuine_original_25_3.png,25,genuine,0.077606201171875
25_genuine_original_25_4.png,25,genuine,0.1049041748046875
25_genuine_original_25_5.png,25,genuine,0.0971832275390625
25_genuine_original_25_6.png,25,genuine,0.10516357421875
25_genuine_original_25_7.png,25,genuine,0.1103668212890625
25_genuine_original_25_8.png,25,genuine,0.106475830078125
25_genuine_original_25_9.png,25,genuine,0.10797119140625
26_genuine_original_26_1.png,26,genuine,0.039276123046875
26_genuine_original_26_10.png,26,genuine,0.036895751953125
26_genuine_original_26_11.png,26,genuine,0.0394287109375
26_genuine_original_26_12.png,26,genuine,0.0390472412109375
26_genuine_original_26_13.png,26,genuine,0.049560546875
26_genuine_original_26_14.png,26,genuine,0.0416717529296875
26_genuine_original_26_15.png,26,genuine,0.0511474609375
26_genuine_original_26_16.png,26,genuine,0.050384521484375
26_genuine_original_26_17.png,26,genuine,0.0420684814453125
26_genuine_original_26_18.png,26,genuine,0.0431365966796875
26_genuine_original_26_19.png,26,genuine,0.0458221435546875
26_genuine_original_26_2.png,26,genuine,0.0325164794921875
26_genuine_original_26_20.png,26,genuine,0.04974365234375
26_genuine_original_26_21.png,26,genuine,0.0498046875
26_genuine_original_26_22.png,26,genuine,0.041656494140625
26_genuine_original_26_23.png,26,genuine,0.0389862060546875
26_genuine_original_26_24.png,26,genuine,0.0483551025390625
26_genuine_original_26_3.png,26,genuine,0.035797119140625
26_genuine_original_26_4.png,26,genuine,0.0379180908203125
26_genuine_original_26_5.png,26,genuine,0.0360870361328125
26_genuine_original_26_6.png,26,genuine,0.04144287109375
26_genuine_original_26_7.png,26,genuine,0.041595458984375
26_genuine_original_26_8.png,26,genuine,0.033935546875
26_genuine_original_26_9.png,26,genuine,0.0391693115234375
27_genuine_original_27_1.png,27,genuine,0.129791259765625
27_genuine_original_27_10.png,27,genuine,0.119720458984375
27_genuine_original_27_11.png,27,genuine,0.1302032470703125
27_genuine_original_27_12.png,27,genuine,0.11968994140625
27_genuine_original_27_13.png,27,genuine,0.12286376953125
27_genuine_original_27_14.png,27,genuine,0.0937042236328125
27_genuine_original_27_15.png,27,genuine,0.1067352294921875
27_genuine_original_27_16.png,27,genuine,0.119659423828125
27_genuine_original_27_17.png,27,genuine,0.1176910400390625
27_genuine_original_27_18.png,27,genuine,0.1124114990234375
27_genuine_original_27_19.png,27,genuine,0.1093902587890625
27_genuine_original_27_2.png,27,genuine,0.114959716796875
27_genuine_original_27_20.png,27,genuine,0.098968505859375
27_genuine_original_27_21.png,27,genuine,0.095001220703125
27_genuine_original_27_22.png,27,genuine,0.0967254638671875
27_genuine_original_27_23.png,27,genuine,0.10382080078125
27_genuine_original_27_24.png,27,genuine,0.121185302734375
27_genuine_original_27_3.png,27,genuine,0.102691650390625
27_genuine_original_27_4.png,27,genuine,0.107269287109375
27_genuine_original_27_5.png,27,genuine,0.117919921875
27_genuine_original_27_6.png,27,genuine,0.1404876708984375
27_genuine_original_27_7.png,27,genuine,0.1301422119140625
27_genuine_original_27_8.png,27,genuine,0.128387451171875
27_genuine_original_27_9.png,27,genuine,0.1163482666015625
28_genuine_original_28_1.png,28,genuine,0.06243896484375
28_genuine_original_28_10.png,28,genuine,0.0740203857421875
28_genuine_original_28_11.png,28,genuine,0.086395263671875
28_genuine_original_28_12.png,28,genuine,0.0830230712890625
28_genuine_original_28_13.png,28,genuine,0.061248779296875
28_genuine_original_28_14.png,28,genuine,0.05938720703125
28_genuine_original_28_15.png,28,genuine,0.0705718994140625
28_genuine_original_28_16.png,28,genuine,0.0819549560546875
28_genuine_original_28_17.png,28,genuine,0.0741119384765625
28_genuine_original_28_18.png,28,genuine,0.07061767578125
28_genuine_original_28_19.png,28,genuine,0.0778045654296875
28_genuine_original_28_2.png,28,genuine,0.0764007568359375
28_genuine_original_28_20.png,28,genuine,0.076446533203125
28_genuine_original_28_21.png,28,genuine,0.07781982421875
28_genuine_original_28_22.png,28,genuine,0.064483642578125
28_genuine_original_28_23.png,28,genuine,0.07550048828125
28_genuine_original_28_24.png,28,genuine,0.06890869140625
28_genuine_original_28_3.png,28,genuine,0.04058837890625
28_genuine_original_28_4.png,28,genuine,0.0752716064453125
28_genuine_original_28_5.png,28,genuine,0.0744476318359375
28_genuine_original_28_6.png,28,genuine,0.0913848876953125
28_genuine_original_28_7.png,28,genuine,0.0694580078125
28_genuine_original_28_8.png,28,genuine,0.0745849609375
28_genuine_original_28_9.png,28,genuine,0.0788116455078125
29_genuine_original_29_1.png,29,genuine,0.047607421875
29_genuine_original_29_10.png,29,genuine,0.0456695556640625
29_genuine_original_29_11.png,29,genuine,0.0395965576171875
29_genuine_original_29_12.png,29,genuine,0.0433502197265625
29_genuine_original_29_13.png,29,genuine,0.0439910888671875
29_genuine_original_29_14.png,29,genuine,0.05352783203125
29_genuine_original_29_15.png,29,genuine,0.066009521484375
29_genuine_original_29_16.png,29,genuine,0.068328857421875
29_genuine_original_29_17.png,29,genuine,0.0462493896484375
29_genuine_original_29_18.png,29,genuine,0.045867919921875
29_genuine_original_29_19.png,29,genuine,0.0614471435546875
29_genuine_original_29_2.png,29,genuine,0.0583648681640625
29_genuine_original_29_20.png,29,genuine,0.037841796875
29_genuine_original_29_21.png,29,genuine,0.035888671875
29_genuine_original_29_22.png,29,genuine,0.046112060546875
29_genuine_original_29_23.png,29,genuine,0.033447265625
29_genuine_original_29_24.png,29,genuine,0.0604705810546875
29_genuine_original_29_3.png,29,genuine,0.06231689453125
29_genuine_original_29_4.png,29,genuine,0.044097900390625
29_genuine_original_29_5.png,29,genuine,0.0515899658203125
29_genuine_original_29_6.png,29,genuine,0.049102783203125
29_genuine_original_29_7.png,29,genuine,0.0450897216796875
29_genuine_original_29_8.png,29,genuine,0.0495147705078125
29_genuine_original_29_9.png,29,genuine,0.0479736328125
2_genuine_original_2_1.png,2,genuine,0.1230316162109375
2_genuine_original_2_10.png,2,genuine,0.085601806640625
2_genuine_original_2_11.png,2,genuine,0.0883636474609375
2_genuine_original_2_12.png,2,genuine,0.1434783935546875
2_genuine_original_2_13.png,2,genuine,0.1023712158203125
2_genuine_original_2_14.png,2,genuine,0.129180908203125
2_genuine_original_2_15.png,2,genuine,0.1271514892578125
2_genuine_original_2_16.png,2,genuine,0.1437225341796875
2_genuine_original_2_17.png,2,genuine,0.1492767333984375
2_genuine_original_2_18.png,2,genuine,0.120635986328125
2_genuine_original_2_19.png,2,genuine,0.141632080078125
2_genuine_original_2_2.png,2,genuine,0.106597900390625
2_genuine_original_2_20.png,2,genuine,0.13702392578125
2_genuine_original_2_21.png,2,genuine,0.12457275390625
2_genuine_original_2_22.png,2,genuine,0.1046600341796875
2_genuine_original_2_23.png,2,genuine,0.0990447998046875
2_genuine_original_2_24.png,2,genuine,0.12493896484375
2_genuine_original_2_3.png,2,genuine,0.1309814453125
2_genuine_original_2_4.png,2,genuine,0.1378173828125
2_genuine_original_2_5.png,2,genuine,0.0755767822265625
2_genuine_original_2_6.png,2,genuine,0.1257171630859375
2_genuine_original_2_7.png,2,genuine,0.1408538818359375
2_genuine_original_2_8.png,2,genuine,0.1157379150390625
2_genuine_original_2_9.png,2,genuine,0.0966796875
30_genuine_original_30_1.png,30,genuine,0.11297607421875
30_genuine_original_30_10.png,30,genuine,0.1196441650390625
30_genuine_original_30_11.png,30,genuine,0.113311767578125
30_genuine_original_30_12.png,30,genuine,0.119110107421875
30_genuine_original_30_13.png,30,genuine,0.1159210205078125
30_genuine_original_30_14.png,30,genuine,0.141510009765625
30_genuine_original_30_15.png,30,genuine,0.114501953125
30_genuine_original_30_16.png,30,genuine,0.106170654296875
30_genuine_original_30_17.png,30,genuine,0.1190032958984375
30_genuine_original_30_18.png,30,genuine,0.122955322265625
30_genuine_original_30_19.png,30,genuine,0.1082611083984375
30_genuine_original_30_2.png,30,genuine,0.12261962890625
30_genuine_original_30_20.png,30,genuine,0.1365203857421875
30_genuine_original_30_21.png,30,genuine,0.13519287109375
30_genuine_original_30_22.png,30,genuine,0.12689208984375
30_genuine_original_30_23.png,30,genuine,0.1338653564453125
30_genuine_original_30_24.png,30,genuine,0.1128692626953125
30_genuine_original_30_3.png,30,genuine,0.114471435546875
30_genuine_original_30_4.png,30,genuine,0.10821533203125
30_genuine_original_30_5.png,30,genuine,0.1428680419921875
30_genuine_original_30_6.png,30,genuine,0.1269073486328125
30_genuine_original_30_7.png,30,genuine,0.109527587890625
30_genuine_original_30_8.png,30,genuine,0.107086181640625
30_genuine_original_30_9.png,30,genuine,0.1251373291015625
31_genuine_original_31_1.png,31,genuine,0.099151611328125
31_genuine_original_31_10.png,31,genuine,0.094085693359375
31_genuine_original_31_11.png,31,genuine,0.097198486328125
31_genuine_original_31_12.png,31,genuine,0.1020355224609375
31_genuine_original_31_13.png,31,genuine,0.0960693359375
31_genuine_original_31_14.png,31,genuine,0.0868682861328125
31_genuine_original_31_15.png,31,genuine,0.0853271484375
31_genuine_original_31_16.png,31,genuine,0.09930419921875
31_genuine_original_31_17.png,31,genuine,0.1034393310546875
31_genuine_original_31_18.png,31,genuine,0.0791778564453125
31_genuine_original_31_19.png,31,genuine,0.083465576171875
31_genuine_original_31_2.png,31,genuine,0.083251953125
31_genuine_original_31_20.png,31,genuine,0.0924530029296875
31_genuine_original_31_21.png,31,genuine,0.1025848388671875
31_genuine_original_31_22.png,31,genuine,0.09124755859375
31_genuine_original_31_23.png,31,genuine,0.0968780517578125
31_genuine_original_31_24.png,31,genuine,0.107025146484375
31_genuine_original_31_3.png,31,genuine,0.076751708984375
31_genuine_original_31_4.png,31,genuine,0.088836669921875
31_genuine_original_31_5.png,31,genuine,0.10150146484375
31_genuine_original_31_6.png,31,genuine,0.0941009521484375
31_genuine_original_31_7.png,31,genuine,0.0868377685546875
31_genuine_original_31_8.png,31,genuine,0.095977783203125
31_genuine_original_31_9.png,31,genuine,0.0879364013671875
32_genuine_original_32_1.png,32,genuine,0.0962982177734375
32_genuine_original_32_10.png,32,genuine,0.0657806396484375
32_genuine_original_32_11.png,32,genuine,0.065582275390625
32_genuine_original_32_12.png,32,genuine,0.11285400390625
32_genuine_original_32_13.png,32,genuine,0.091705322265625
32_genuine_original_32_14.png,32,genuine,0.09356689453125
32_genuine_original_32_15.png,32,genuine,0.0973663330078125
32_genuine_original_32_16.png,32,genuine,0.1063079833984375
32_genuine_original_32_17.png,32,genuine,0.1022491455078125
32_genuine_original_32_18.png,32,genuine,0.0919647216796875
32_genuine_original_32_19.png,32,genuine,0.1129302978515625
32_genuine_original_32_2.png,32,genuine,0.1060028076171875
32_genuine_original_32_20.png,32,genuine,0.107086181640625
32_genuine_original_32_21.png,32,genuine,0.114654541015625
32_genuine_original_32_22.png,32,genuine,0.09124755859375
32_genuine_original_32_23.png,32,genuine,0.10296630859375
32_genuine_original_32_24.png,32,genuine,0.0910186767578125
32_genuine_original_32_3.png,32,genuine,0.107269287109375
32_genuine_original_32_4.png,32,genuine,0.083404541015625
32_genuine_original_32_5.png,32,genuine,0.106597900390625
32_genuine_original_32_6.png,32,genuine,0.078125
32_genuine_original_32_7.png,32,genuine,0.1068572998046875
32_genuine_original_32_8.png,32,genuine,0.0663299560546875
32_genuine_original_32_9.png,32,genuine,0.0883636474609375
33_genuine_original_33_1.png,33,genuine,0.080963134765625
33_genuine_original_33_10.png,33,genuine,0.0770416259765625
33_genuine_original_33_11.png,33,genuine,0.0911712646484375
33_genuine_original_33_12.png,33,genuine,0.0897674560546875
33_genuine_original_33_13.png,33,genuine,0.0958709716796875
33_genuine_original_33_14.png,33,genuine,0.094757080078125
33_genuine_original_33_15.png,33,genuine,0.1143951416015625
33_genuine_original_33_16.png,33,genuine,0.0915069580078125
33_genuine_original_33_17.png,33,genuine,0.089385986328125
33_genuine_original_33_18.png,33,genuine,0.0839080810546875
33_genuine_original_33_19.png,33,genuine,0.08465576171875
33_genuine_original_33_2.png,33,genuine,0.0917510986328125
33_genuine_original_33_20.png,33,genuine,0.086456298828125
33_genuine_original_33_21.png,33,genuine,0.097381591796875
33_genuine_original_33_22.png,33,genuine,0.0991668701171875
33_genuine_original_33_23.png,33,genuine,0.0895233154296875
33_genuine_original_33_24.png,33,genuine,0.0760498046875
33_genuine_original_33_3.png,33,genuine,0.09625244140625
33_genuine_original_33_4.png,33,genuine,0.1151123046875
33_genuine_original_33_5.png,33,genuine,0.080902099609375
33_genuine_original_33_6.png,33,genuine,0.1071624755859375
33_genuine_original_33_7.png,33,genuine,0.106475830078125
33_genuine_original_33_8.png,33,genuine,0.085235595703125
33_genuine_original_33_9.png,33,genuine,0.1022186279296875
34_genuine_original_34_1.png,34,genuine,0.05517578125
34_genuine_original_34_10.png,34,genuine,0.0572662353515625
34_genuine_original_34_11.png,34,genuine,0.06024169921875
34_genuine_original_34_12.png,34,genuine,0.05682373046875
34_genuine_original_34_13.png,34,genuine,0.0529022216796875
34_genuine_original_34_14.png,34,genuine,0.0515899658203125
34_genuine_original_34_15.png,34,genuine,0.0596160888671875
34_genuine_original_34_16.png,34,genuine,0.05499267578125
34_genuine_original_34_17.png,34,genuine,0.055419921875
34_genuine_original_34_18.png,34,genuine,0.053436279296875
34_genuine_original_34_19.png,34,genuine,0.0514984130859375
34_genuine_original_34_2.png,34,genuine,0.052764892578125
34_genuine_original_34_20.png,34,genuine,0.0652008056640625
34_genuine_original_34_21.png,34,genuine,0.051788330078125
34_genuine_original_34_22.png,34,genuine,0.0550384521484375
34_genuine_original_34_23.png,34,genuine,0.05499267578125
34_genuine_original_34_24.png,34,genuine,0.05743408203125
34_genuine_original_34_3.png,34,genuine,0.0551605224609375
34_genuine_original_34_4.png,34,genuine,0.05780029296875
34_genuine_original_34_5.png,34,genuine,0.0533905029296875
34_genuine_original_34_6.png,34,genuine,0.0666046142578125
34_genuine_original_34_7.png,34,genuine,0.0545501708984375
34_genuine_original_34_8.png,34,genuine,0.055633544921875
34_genuine_original_34_9.png,34,genuine,0.05755615234375
35_genuine_original_35_1.png,35,genuine,0.0868682861328125
35_genuine_original_35_10.png,35,genuine,0.092010498046875
35_genuine_original_35_11.png,35,genuine,0.0521240234375
35_genuine_original_35_12.png,35,genuine,0.0909271240234375
35_genuine_original_35_13.png,35,genuine,0.08404541015625
35_genuine_original_35_14.png,35,genuine,0.0910797119140625
35_genuine_original_35_15.png,35,genuine,0.0626068115234375
35_genuine_original_35_16.png,35,genuine,0.0789642333984375
35_genuine_original_35_17.png,35,genuine,0.0812225341796875
35_genuine_original_35_18.png,35,genuine,0.1046600341796875
35_genuine_original_35_19.png,35,genuine,0.1157684326171875
35_genuine_original_35_2.png,35,genuine,0.0895538330078125
35_genuine_original_35_20.png,35,genuine,0.1148834228515625
35_genuine_original_35_21.png,35,genuine,0.096099853515625
35_genuine_original_35_22.png,35,genuine,0.1304931640625
35_genuine_original_35_23.png,35,genuine,0.0941925048828125
35_genuine_original_35_24.png,35,genuine,0.1195220947265625
35_genuine_original_35_3.png,35,genuine,0.078399658203125
35_genuine_original_35_4.png,35,genuine,0.0984039306640625
35_genuine_original_35_5.png,35,genuine,0.09814453125
35_genuine_original_35_6.png,35,genuine,0.09405517578125
35_genuine_original_35_7.png,35,genuine,0.0866851806640625
35_genuine_original_35_8.png,35,genuine,0.095489501953125
35_genuine_original_35_9.png,35,genuine,0.11309814453125
36_genuine_original_36_1.png,36,genuine,0.0999755859375
36_genuine_original_36_10.png,36,genuine,0.0735626220703125
36_genuine_original_36_11.png,36,genuine,0.1094970703125
36_genuine_original_36_12.png,36,genuine,0.096923828125
36_genuine_original_36_13.png,36,genuine,0.101531982421875
36_genuine_original_36_14.png,36,genuine,0.10772705078125
36_genuine_original_36_15.png,36,genuine,0.0474853515625
36_genuine_original_36_16.png,36,genuine,0.0744781494140625
36_genuine_original_36_17.png,36,genuine,0.0478057861328125
36_genuine_original_36_18.png,36,genuine,0.090545654296875
36_genuine_original_36_19.png,36,genuine,0.083740234375
36_genuine_original_36_2.png,36,genuine,0.0918121337890625
36_genuine_original_36_20.png,36,genuine,0.09820556640625
36_genuine_original_36_21.png,36,genuine,0.0839385986328125
36_genuine_original_36_22.png,36,genuine,0.0916290283203125
36_genuine_original_36_23.png,36,genuine,0.0855865478515625
36_genuine_original_36_24.png,36,genuine,0.0867156982421875
36_genuine_original_36_3.png,36,genuine,0.0750732421875
36_genuine_original_36_4.png,36,genuine,0.095733642578125
36_genuine_original_36_5.png,36,genuine,0.0936431884765625
36_genuine_original_36_6.png,36,genuine,0.0951995849609375
36_genuine_original_36_7.png,36,genuine,0.09429931640625
36_genuine_original_36_8.png,36,genuine,0.1027374267578125
36_genuine_original_36_9.png,36,genuine,0.087371826171875
37_genuine_original_37_1.png,37,genuine,0.0644073486328125
37_genuine_original_37_10.png,37,genuine,0.0571136474609375
37_genuine_original_37_11.png,37,genuine,0.0472564697265625
37_genuine_original_37_12.png,37,genuine,0.0558319091796875
37_genuine_original_37_13.png,37,genuine,0.051666259765625
37_genuine_original_37_14.png,37,genuine,0.0391845703125
37_genuine_original_37_15.png,37,genuine,0.0587615966796875
37_genuine_original_37_16.png,37,genuine,0.0602569580078125
37_genuine_original_37_17.png,37,genuine,0.049713134765625
37_genuine_original_37_18.png,37,genuine,0.05999755859375
37_genuine_original_37_19.png,37,genuine,0.0572509765625
37_genuine_original_37_2.png,37,genuine,0.05682373046875
37_genuine_original_37_20.png,37,genuine,0.0650634765625
37_genuine_original_37_21.png,37,genuine,0.05816650390625
37_genuine_original_37_22.png,37,genuine,0.0387420654296875
37_genuine_original_37_23.png,37,genuine,0.050445556640625
37_genuine_original_37_24.png,37,genuine,0.0616455078125
37_genuine_original_37_3.png,37,genuine,0.054595947265625
37_genuine_original_37_4.png,37,genuine,0.055633544921875
37_genuine_original_37_5.png,37,genuine,0.056396484375
37_genuine_original_37_6.png,37,genuine,0.064361572265625
37_genuine_original_37_7.png,37,genuine,0.046966552734375
37_genuine_original_37_8.png,37,genuine,0.0603179931640625
37_genuine_original_37_9.png,37,genuine,0.05377197265625
38_genuine_original_38_1.png,38,genuine,0.0524444580078125
38_genuine_original_38_10.png,38,genuine,0.0506134033203125
38_genuine_original_38_11.png,38,genuine,0.0600433349609375
38_genuine_original_38_12.png,38,genuine,0.0428466796875
38_genuine_original_38_13.png,38,genuine,0.060760498046875
38_genuine_original_38_14.png,38,genuine,0.043060302734375
38_genuine_original_38_15.png,38,genuine,0.049407958984375
38_genuine_original_38_16.png,38,genuine,0.0626220703125
38_genuine_original_38_17.png,38,genuine,0.06414794921875
38_genuine_original_38_18.png,38,genuine,0.0603790283203125
38_genuine_original_38_19.png,38,genuine,0.0678558349609375
38_genuine_original_38_2.png,38,genuine,0.044952392578125
38_genuine_original_38_20.png,38,genuine,0.053802490234375
38_genuine_original_38_21.png,38,genuine,0.0641326904296875
38_genuine_original_38_22.png,38,genuine,0.0681915283203125
38_genuine_original_38_23.png,38,genuine,0.06207275390625
38_genuine_original_38_24.png,38,genuine,0.055145263671875
38_genuine_original_38_3.png,38,genuine,0.053680419921875
38_genuine_original_38_4.png,38,genuine,0.0556488037109375
38_genuine_original_38_5.png,38,genuine,0.0556640625
38_genuine_original_38_6.png,38,genuine,0.061065673828125
38_genuine_original_38_7.png,38,genuine,0.064117431640625
38_genuine_original_38_8.png,38,genuine,0.0590972900390625
38_genuine_original_38_9.png,38,genuine,0.048980712890625
39_genuine_original_39_1.png,39,genuine,0.0723419189453125
39_genuine_original_39_10.png,39,genuine,0.07720947265625
39_genuine_original_39_11.png,39,genuine,0.1084747314453125
39_genuine_original_39_12.png,39,genuine,0.07684326171875
39_genuine_original_39_13.png,39,genuine,0.0850677490234375
39_genuine_original_39_14.png,39,genuine,0.0674591064453125
39_genuine_original_39_15.png,39,genuine,0.0676422119140625
39_genuine_original_39_16.png,39,genuine,0.06414794921875
39_genuine_original_39_17.png,39,genuine,0.080718994140625
39_genuine_original_39_18.png,39,genuine,0.079925537109375
39_genuine_original_39_19.png,39,genuine,0.0436553955078125
39_genuine_original_39_2.png,39,genuine,0.06439208984375
39_genuine_original_39_20.png,39,genuine,0.0805816650390625
39_genuine_original_39_21.png,39,genuine,0.0852203369140625
39_genuine_original_39_22.png,39,genuine,0.08441162109375
39_genuine_original_39_23.png,39,genuine,0.0725555419921875
39_genuine_original_39_24.png,39,genuine,0.078826904296875
39_genuine_original_39_3.png,39,genuine,0.1132965087890625
39_genuine_original_39_4.png,39,genuine,0.12255859375
39_genuine_original_39_5.png,39,genuine,0.108734130859375
39_genuine_original_39_6.png,39,genuine,0.12005615234375
39_genuine_original_39_7.png,39,genuine,0.084014892578125
39_genuine_original_39_8.png,39,genuine,0.0669708251953125
39_genuine_original_39_9.png,39,genuine,0.070648193359375
3_genuine_original_3_1.png,3,genuine,0.079254150390625
3_genuine_original_3_10.png,3,genuine,0.07720947265625
3_genuine_original_3_11.png,3,genuine,0.0645904541015625
3_genuine_original_3_12.png,3,genuine,0.0817718505859375
3_genuine_original_3_13.png,3,genuine,0.074462890625
3_genuine_original_3_14.png,3,genuine,0.068359375
3_genuine_original_3_15.png,3,genuine,0.0723114013671875
3_genuine_original_3_16.png,3,genuine,0.0726776123046875
3_genuine_original_3_17.png,3,genuine,0.08221435546875
3_genuine_original_3_18.png,3,genuine,0.069732666015625
3_genuine_original_3_19.png,3,genuine,0.08074951171875
3_genuine_original_3_2.png,3,genuine,0.0825042724609375
3_genuine_original_3_20.png,3,genuine,0.0753326416015625
3_genuine_original_3_21.png,3,genuine,0.0818634033203125
3_genuine_original_3_22.png,3,genuine,0.0825347900390625
3_genuine_original_3_23.png,3,genuine,0.0596923828125
3_genuine_original_3_24.png,3,genuine,0.0644378662109375
3_genuine_original_3_3.png,3,genuine,0.0745391845703125
3_genuine_original_3_4.png,3,genuine,0.082794189453125
3_genuine_original_3_5.png,3,genuine,0.0828857421875
3_genuine_original_3_6.png,3,genuine,0.0751953125
3_genuine_original_3_7.png,3,genuine,0.0784454345703125
3_genuine_original_3_8.png,3,genuine,0.0736846923828125
3_genuine_original_3_9.png,3,genuine,0.0737457275390625
40_genuine_original_40_1.png,40,genuine,0.076507568359375
40_genuine_original_40_10.png,40,genuine,0.06829833984375
40_genuine_original_40_11.png,40,genuine,0.0410308837890625
40_genuine_original_40_12.png,40,genuine,0.0681915283203125
40_genuine_original_40_13.png,40,genuine,0.0807342529296875
40_genuine_original_40_14.png,40,genuine,0.097320556640625
40_genuine_original_40_15.png,40,genuine,0.07391357421875
40_genuine_original_40_16.png,40,genuine,0.08453369140625
40_genuine_original_40_17.png,40,genuine,0.0871734619140625
40_genuine_original_40_18.png,40,genuine,0.0743560791015625
40_genuine_original_40_19.png,40,genuine,0.067626953125
40_genuine_original_40_2.png,40,genuine,0.08306884765625
40_genuine_original_40_20.png,40,genuine,0.0805511474609375
40_genuine_original_40_21.png,40,genuine,0.0707855224609375
40_genuine_original_40_22.png,40,genuine,0.082855224609375
40_genuine_original_40_23.png,40,genuine,0.0714569091796875
40_genuine_original_40_24.png,40,genuine,0.07586669921875
40_genuine_original_40_3.png,40,genuine,0.0568084716796875
40_genuine_original_40_4.png,40,genuine,0.0739898681640625
40_genuine_original_40_5.png,40,genuine,0.07891845703125
40_genuine_original_40_6.png,40,genuine,0.0689697265625
40_genuine_original_40_7.png,40,genuine,0.08038330078125
40_genuine_original_40_8.png,40,genuine,0.05419921875
40_genuine_original_40_9.png,40,genuine,0.0460662841796875
41_genuine_original_41_1.png,41,genuine,0.0592193603515625
41_genuine_original_41_10.png,41,genuine,0.063262939453125
41_genuine_original_41_11.png,41,genuine,0.07049560546875
41_genuine_original_41_12.png,41,genuine,0.056549072265625
41_genuine_original_41_13.png,41,genuine,0.0648345947265625
41_genuine_original_41_14.png,41,genuine,0.0592041015625
41_genuine_original_41_15.png,41,genuine,0.06915283203125
41_genuine_original_41_16.png,41,genuine,0.0676422119140625
41_genuine_original_41_17.png,41,genuine,0.0612335205078125
41_genuine_original_41_18.png,41,genuine,0.0572357177734375
41_genuine_original_41_19.png,41,genuine,0.0772247314453125
41_genuine_original_41_2.png,41,genuine,0.0570220947265625
41_genuine_original_41_20.png,41,genuine,0.0740814208984375
41_genuine_original_41_21.png,41,genuine,0.0755767822265625
41_genuine_original_41_22.png,41,genuine,0.073486328125
41_genuine_original_41_23.png,41,genuine,0.0649871826171875
41_genuine_original_41_24.png,41,genuine,0.052398681640625
41_genuine_original_41_3.png,41,genuine,0.0575714111328125
41_genuine_original_41_4.png,41,genuine,0.0717926025390625
41_genuine_original_41_5.png,41,genuine,0.0684967041015625
41_genuine_original_41_6.png,41,genuine,0.050140380859375
41_genuine_original_41_7.png,41,genuine,0.071014404296875
41_genuine_original_41_8.png,41,genuine,0.0717620849609375
41_genuine_original_41_9.png,41,genuine,0.076995849609375
42_genuine_original_42_1.png,42,genuine,0.1029815673828125
42_genuine_original_42_10.png,42,genuine,0.1156005859375
42_genuine_original_42_11.png,42,genuine,0.1242218017578125
42_genuine_original_42_12.png,42,genuine,0.12591552734375
42_genuine_original_42_13.png,42,genuine,0.1166534423828125
42_genuine_original_42_14.png,42,genuine,0.1075897216796875
42_genuine_original_42_15.png,42,genuine,0.101715087890625
42_genuine_original_42_16.png,42,genuine,0.1134033203125
42_genuine_original_42_17.png,42,genuine,0.10272216796875
42_genuine_original_42_18.png,42,genuine,0.1054229736328125
42_genuine_original_42_19.png,42,genuine,0.121856689453125
42_genuine_original_42_2.png,42,genuine,0.1274261474609375
42_genuine_original_42_20.png,42,genuine,0.1169586181640625
42_genuine_original_42_21.png,42,genuine,0.1199951171875
42_genuine_original_42_22.png,42,genuine,0.112274169921875
42_genuine_original_42_23.png,42,genuine,0.1066741943359375
42_genuine_original_42_24.png,42,genuine,0.11712646484375
42_genuine_original_42_3.png,42,genuine,0.133758544921875
42_genuine_original_42_4.png,42,genuine,0.1338348388671875
42_genuine_original_42_5.png,42,genuine,0.1085205078125
42_genuine_original_42_6.png,42,genuine,0.11749267578125
42_genuine_original_42_7.png,42,genuine,0.11761474609375
42_genuine_original_42_8.png,42,genuine,0.123748779296875
42_genuine_original_42_9.png,42,genuine,0.1291351318359375
43_genuine_original_43_1.png,43,genuine,0.0799102783203125
43_genuine_original_43_10.png,43,genuine,0.1025848388671875
43_genuine_original_43_11.png,43,genuine,0.0861663818359375
43_genuine_original_43_12.png,43,genuine,0.138916015625
43_genuine_original_43_13.png,43,genuine,0.1198883056640625
43_genuine_original_43_14.png,43,genuine,0.0975494384765625
43_genuine_original_43_15.png,43,genuine,0.09844970703125
43_genuine_original_43_16.png,43,genuine,0.1137542724609375
43_genuine_original_43_17.png,43,genuine,0.1118316650390625
43_genuine_original_43_18.png,43,genuine,0.11981201171875
43_genuine_original_43_19.png,43,genuine,0.110565185546875
43_genuine_original_43_2.png,43,genuine,0.0915985107421875
43_genuine_original_43_20.png,43,genuine,0.11151123046875
43_genuine_original_43_21.png,43,genuine,0.1168365478515625
43_genuine_original_43_22.png,43,genuine,0.10333251953125
43_genuine_original_43_23.png,43,genuine,0.0982513427734375
43_genuine_original_43_24.png,43,genuine,0.0995330810546875
43_genuine_original_43_3.png,43,genuine,0.088348388671875
43_genuine_original_43_4.png,43,genuine,0.08795166015625
43_genuine_original_43_5.png,43,genuine,0.1134185791015625
43_genuine_original_43_6.png,43,genuine,0.1035614013671875
43_genuine_original_43_7.png,43,genuine,0.08642578125
43_genuine_original_43_8.png,43,genuine,0.110076904296875
43_genuine_original_43_9.png,43,genuine,0.0955047607421875
44_genuine_original_44_1.png,44,genuine,0.060638427734375
44_genuine_original_44_10.png,44,genuine,0.0699462890625
44_genuine_original_44_11.png,44,genuine,0.0533905029296875
44_genuine_original_44_12.png,44,genuine,0.0475921630859375
44_genuine_original_44_13.png,44,genuine,0.0951690673828125
44_genuine_original_44_14.png,44,genuine,0.05865478515625
44_genuine_original_44_15.png,44,genuine,0.057037353515625
44_genuine_original_44_16.png,44,genuine,0.0706939697265625
44_genuine_original_44_17.png,44,genuine,0.0821380615234375
44_genuine_original_44_18.png,44,genuine,0.0744781494140625
44_genuine_original_44_19.png,44,genuine,0.0948638916015625
44_genuine_original_44_2.png,44,genuine,0.044830322265625
44_genuine_original_44_20.png,44,genuine,0.0642852783203125
44_genuine_original_44_21.png,44,genuine,0.06549072265625
44_genuine_original_44_22.png,44,genuine,0.081756591796875
44_genuine_original_44_23.png,44,genuine,0.04803466796875
44_genuine_original_44_24.png,44,genuine,0.0561065673828125
44_genuine_original_44_3.png,44,genuine,0.0507354736328125
44_genuine_original_44_4.png,44,genuine,0.0739288330078125
44_genuine_original_44_5.png,44,genuine,0.0929412841796875
44_genuine_original_44_6.png,44,genuine,0.08184814453125
44_genuine_original_44_7.png,44,genuine,0.0829010009765625
44_genuine_original_44_8.png,44,genuine,0.0820770263671875
44_genuine_original_44_9.png,44,genuine,0.084808349609375
45_genuine_original_45_1.png,45,genuine,0.048919677734375
45_genuine_original_45_10.png,45,genuine,0.0766143798828125
45_genuine_original_45_11.png,45,genuine,0.064971923828125
45_genuine_original_45_12.png,45,genuine,0.0713958740234375
45_genuine_original_45_13.png,45,genuine,0.049560546875
45_genuine_original_45_14.png,45,genuine,0.0513763427734375
45_genuine_original_45_15.png,45,genuine,0.0704498291015625
45_genuine_original_45_16.png,45,genuine,0.0624542236328125
45_genuine_original_45_17.png,45,genuine,0.0572357177734375
45_genuine_original_45_18.png,45,genuine,0.0452117919921875
45_genuine_original_45_19.png,45,genuine,0.0687255859375
45_genuine_original_45_2.png,45,genuine,0.0432281494140625
45_genuine_original_45_20.png,45,genuine,0.0570526123046875
45_genuine_original_45_21.png,45,genuine,0.0364532470703125
45_genuine_original_45_22.png,45,genuine,0.0501861572265625
45_genuine_original_45_23.png,45,genuine,0.051910400390625
45_genuine_original_45_24.png,45,genuine,0.0548858642578125
45_genuine_original_45_3.png,45,genuine,0.05987548828125
45_genuine_original_45_4.png,45,genuine,0.0582275390625
45_genuine_original_45_5.png,45,genuine,0.0562591552734375
45_genuine_original_45_6.png,45,genuine,0.0450592041015625
45_genuine_original_45_7.png,45,genuine,0.0573272705078125
45_genuine_original_45_8.png,45,genuine,0.0480499267578125
45_genuine_original_45_9.png,45,genuine,0.0485992431640625
46_genuine_original_46_1.png,46,genuine,0.053863525390625
46_genuine_original_46_10.png,46,genuine,0.0627593994140625
46_genuine_original_46_11.png,46,genuine,0.0667877197265625
46_genuine_original_46_12.png,46,genuine,0.067108154296875
46_genuine_original_46_13.png,46,genuine,0.0489959716796875
46_genuine_original_46_14.png,46,genuine,0.0527801513671875
46_genuine_original_46_15.png,46,genuine,0.0601959228515625
46_genuine_original_46_16.png,46,genuine,0.0583953857421875
46_genuine_original_46_17.png,46,genuine,0.0572967529296875
46_genuine_original_46_18.png,46,genuine,0.046905517578125
46_genuine_original_46_19.png,46,genuine,0.0606842041015625
46_genuine_original_46_2.png,46,genuine,0.0479583740234375
46_genuine_original_46_20.png,46,genuine,0.0677337646484375
46_genuine_original_46_21.png,46,genuine,0.062408447265625
46_genuine_original_46_22.png,46,genuine,0.0537261962890625
46_genuine_original_46_23.png,46,genuine,0.0775146484375
46_genuine_original_46_24.png,46,genuine,0.044952392578125
46_genuine_original_46_3.png,46,genuine,0.0554351806640625
46_genuine_original_46_4.png,46,genuine,0.0547637939453125
46_genuine_original_46_5.png,46,genuine,0.05487060546875
46_genuine_original_46_6.png,46,genuine,0.0521697998046875
46_genuine_original_46_7.png,46,genuine,0.06536865234375
46_genuine_original_46_8.png,46,genuine,0.0661163330078125
46_genuine_original_46_9.png,46,genuine,0.0544891357421875
47_genuine_original_47_1.png,47,genuine,0.0653839111328125
47_genuine_original_47_10.png,47,genuine,0.0599365234375
47_genuine_original_47_11.png,47,genuine,0.0804901123046875
47_genuine_original_47_12.png,47,genuine,0.0573883056640625
47_genuine_original_47_13.png,47,genuine,0.0700531005859375
47_genuine_original_47_14.png,47,genuine,0.0683135986328125
47_genuine_original_47_15.png,47,genuine,0.0773773193359375
47_genuine_original_47_16.png,47,genuine,0.0771026611328125
47_genuine_original_47_17.png,47,genuine,0.067840576171875
47_genuine_original_47_18.png,47,genuine,0.067138671875
47_genuine_original_47_19.png,47,genuine,0.0671234130859375
47_genuine_original_47_2.png,47,genuine,0.0563812255859375
47_genuine_original_47_20.png,47,genuine,0.06292724609375
47_genuine_original_47_21.png,47,genuine,0.0879974365234375
47_genuine_original_47_22.png,47,genuine,0.0556793212890625
47_genuine_original_47_23.png,47,genuine,0.058868408203125
47_genuine_original_47_24.png,47,genuine,0.0688934326171875
47_genuine_original_47_3.png,47,genuine,0.0792236328125
47_genuine_original_47_4.png,47,genuine,0.0653839111328125
47_genuine_original_47_5.png,47,genuine,0.07000732421875
47_genuine_original_47_6.png,47,genuine,0.071563720703125
47_genuine_original_47_7.png,47,genuine,0.08367919921875
47_genuine_original_47_8.png,47,genuine,0.0792388916015625
47_genuine_original_47_9.png,47,genuine,0.0614776611328125
48_genuine_original_48_1.png,48,genuine,0.08599853515625
48_genuine_original_48_10.png,48,genuine,0.0684356689453125
48_genuine_original_48_11.png,48,genuine,0.0891876220703125
48_genuine_original_48_12.png,48,genuine,0.09112548828125
48_genuine_original_48_13.png,48,genuine,0.0984954833984375
48_genuine_original_48_14.png,48,genuine,0.0797576904296875
48_genuine_original_48_15.png,48,genuine,0.09967041015625
48_genuine_original_48_16.png,48,genuine,0.0925750732421875
48_genuine_original_48_17.png,48,genuine,0.1024169921875
48_genuine_original_48_18.png,48,genuine,0.1059417724609375
48_genuine_original_48_19.png,48,genuine,0.1043701171875
48_genuine_original_48_2.png,48,genuine,0.1031646728515625
48_genuine_original_48_20.png,48,genuine,0.0804443359375
48_genuine_original_48_21.png,48,genuine,0.0929718017578125
48_genuine_original_48_22.png,48,genuine,0.0911407470703125
48_genuine_original_48_23.png,48,genuine,0.06982421875
48_genuine_original_48_24.png,48,genuine,0.0893402099609375
48_genuine_original_48_3.png,48,genuine,0.0713348388671875
48_genuine_original_48_4.png,48,genuine,0.0693206787109375
48_genuine_original_48_5.png,48,genuine,0.0767364501953125
48_genuine_original_48_6.png,48,genuine,0.09918212890625
48_genuine_original_48_7.png,48,genuine,0.0793609619140625
48_genuine_original_48_8.png,48,genuine,0.1015167236328125
48_genuine_original_48_9.png,48,genuine,0.1096649169921875
49_genuine_original_49_1.png,49,genuine,0.066375732421875
49_genuine_original_49_10.png,49,genuine,0.0473785400390625
49_genuine_original_49_11.png,49,genuine,0.0440216064453125
49_genuine_original_49_12.png,49,genuine,0.0468292236328125
49_genuine_original_49_13.png,49,genuine,0.0641021728515625
49_genuine_original_49_14.png,49,genuine,0.056365966796875
49_genuine_original_49_15.png,49,genuine,0.0587615966796875
49_genuine_original_49_16.png,49,genuine,0.0571441650390625
49_genuine_original_49_17.png,49,genuine,0.0587921142578125
49_genuine_original_49_18.png,49,genuine,0.052398681640625
49_genuine_original_49_19.png,49,genuine,0.0624237060546875
49_genuine_original_49_2.png,49,genuine,0.06494140625
49_genuine_original_49_20.png,49,genuine,0.0615234375
49_genuine_original_49_21.png,49,genuine,0.0577239990234375
49_genuine_original_49_22.png,49,genuine,0.056793212890625
49_genuine_original_49_23.png,49,genuine,0.057647705078125
49_genuine_original_49_24.png,49,genuine,0.0426025390625
49_genuine_original_49_3.png,49,genuine,0.0576934814453125
49_genuine_original_49_4.png,49,genuine,0.06915283203125
49_genuine_original_49_5.png,49,genuine,0.065277099609375
49_genuine_original_49_6.png,49,genuine,0.065582275390625
49_genuine_original_49_7.png,49,genuine,0.046661376953125
49_genuine_original_49_8.png,49,genuine,0.04791259765625
49_genuine_original_49_9.png,49,genuine,0.060333251953125
4_genuine_original_4_1.png,4,genuine,0.1399688720703125
4_genuine_original_4_10.png,4,genuine,0.1352386474609375
4_genuine_original_4_11.png,4,genuine,0.0783538818359375
4_genuine_original_4_12.png,4,genuine,0.1226959228515625
4_genuine_original_4_13.png,4,genuine,0.126861572265625
4_genuine_original_4_14.png,4,genuine,0.1091766357421875
4_genuine_original_4_15.png,4,genuine,0.134918212890625
4_genuine_original_4_16.png,4,genuine,0.1367340087890625
4_genuine_original_4_17.png,4,genuine,0.1534881591796875
4_genuine_original_4_18.png,4,genuine,0.1392059326171875
4_genuine_original_4_19.png,4,genuine,0.0850677490234375
4_genuine_original_4_2.png,4,genuine,0.1386566162109375
4_genuine_original_4_20.png,4,genuine,0.1410980224609375
4_genuine_original_4_21.png,4,genuine,0.0699615478515625
4_genuine_original_4_22.png,4,genuine,0.074951171875
4_genuine_original_4_23.png,4,genuine,0.082489013671875
4_genuine_original_4_24.png,4,genuine,0.105377197265625
4_genuine_original_4_3.png,4,genuine,0.1352386474609375
4_genuine_original_4_4.png,4,genuine,0.1481475830078125
4_genuine_original_4_5.png,4,genuine,0.1380462646484375
4_genuine_original_4_6.png,4,genuine,0.1336822509765625
4_genuine_original_4_7.png,4,genuine,0.139801025390625
4_genuine_original_4_8.png,4,genuine,0.142303466796875
4_genuine_original_4_9.png,4,genuine,0.1034393310546875
50_genuine_original_50_1.png,50,genuine,0.0580902099609375
50_genuine_original_50_10.png,50,genuine,0.0543365478515625
50_genuine_original_50_11.png,50,genuine,0.0488433837890625
50_genuine_original_50_12.png,50,genuine,0.056365966796875
50_genuine_original_50_13.png,50,genuine,0.0412445068359375
50_genuine_original_50_14.png,50,genuine,0.036407470703125
50_genuine_original_50_15.png,50,genuine,0.051116943359375
50_genuine_original_50_16.png,50,genuine,0.051849365234375
50_genuine_original_50_17.png,50,genuine,0.0426177978515625
50_genuine_original_50_18.png,50,genuine,0.0587158203125
50_genuine_original_50_19.png,50,genuine,0.0568084716796875
50_genuine_original_50_2.png,50,genuine,0.0469207763671875
50_genuine_original_50_20.png,50,genuine,0.040130615234375
50_genuine_original_50_21.png,50,genuine,0.0549774169921875
50_genuine_original_50_22.png,50,genuine,0.051483154296875
50_genuine_original_50_23.png,50,genuine,0.044403076171875
50_genuine_original_50_24.png,50,genuine,0.0513763427734375
50_genuine_original_50_3.png,50,genuine,0.039398193359375
50_genuine_original_50_4.png,50,genuine,0.0496826171875
50_genuine_original_50_5.png,50,genuine,0.0550537109375
50_genuine_original_50_6.png,50,genuine,0.0577545166015625
50_genuine_original_50_7.png,50,genuine,0.0466461181640625
50_genuine_original_50_8.png,50,genuine,0.052734375
50_genuine_original_50_9.png,50,genuine,0.054046630859375
51_genuine_original_51_1.png,51,genuine,0.140411376953125
51_genuine_original_51_10.png,51,genuine,0.1279296875
51_genuine_original_51_11.png,51,genuine,0.1251983642578125
51_genuine_original_51_12.png,51,genuine,0.0970001220703125
51_genuine_original_51_13.png,51,genuine,0.13360595703125
51_genuine_original_51_14.png,51,genuine,0.109771728515625
51_genuine_original_51_15.png,51,genuine,0.0955047607421875
51_genuine_original_51_16.png,51,genuine,0.1129608154296875
51_genuine_original_51_17.png,51,genuine,0.118927001953125
51_genuine_original_51_18.png,51,genuine,0.10882568359375
51_genuine_original_51_19.png,51,genuine,0.1131134033203125
51_genuine_original_51_2.png,51,genuine,0.1406707763671875
51_genuine_original_51_20.png,51,genuine,0.145904541015625
51_genuine_original_51_21.png,51,genuine,0.1141204833984375
51_genuine_original_51_22.png,51,genuine,0.1291351318359375
51_genuine_original_51_23.png,51,genuine,0.122406005859375
51_genuine_original_51_24.png,51,genuine,0.12542724609375
51_genuine_original_51_3.png,51,genuine,0.121002197265625
51_genuine_original_51_4.png,51,genuine,0.1555328369140625
51_genuine_original_51_5.png,51,genuine,0.146942138671875
51_genuine_original_51_6.png,51,genuine,0.1411285400390625
51_genuine_original_51_7.png,51,genuine,0.12615966796875
51_genuine_original_51_8.png,51,genuine,0.1461181640625
51_genuine_original_51_9.png,51,genuine,0.1339111328125
52_genuine_original_52_1.png,52,genuine,0.0351409912109375
52_genuine_original_52_10.png,52,genuine,0.0613250732421875
52_genuine_original_52_11.png,52,genuine,0.0506591796875
52_genuine_original_52_12.png,52,genuine,0.04388427734375
52_genuine_original_52_13.png,52,genuine,0.0295562744140625
52_genuine_original_52_14.png,52,genuine,0.0319976806640625
52_genuine_original_52_15.png,52,genuine,0.027252197265625
52_genuine_original_52_16.png,52,genuine,0.0324859619140625
52_genuine_original_52_17.png,52,genuine,0.059234619140625
52_genuine_original_52_18.png,52,genuine,0.0458831787109375
52_genuine_original_52_19.png,52,genuine,0.0388336181640625
52_genuine_original_52_2.png,52,genuine,0.027435302734375
52_genuine_original_52_20.png,52,genuine,0.052764892578125
52_genuine_original_52_21.png,52,genuine,0.024200439453125
52_genuine_original_52_22.png,52,genuine,0.0249786376953125
52_genuine_original_52_23.png,52,genuine,0.029449462890625
52_genuine_original_52_24.png,52,genuine,0.035430908203125
52_genuine_original_52_3.png,52,genuine,0.036376953125
52_genuine_original_52_4.png,52,genuine,0.034027099609375
52_genuine_original_52_5.png,52,genuine,0.0326690673828125
52_genuine_original_52_6.png,52,genuine,0.0302276611328125
52_genuine_original_52_7.png,52,genuine,0.0291748046875
52_genuine_original_52_8.png,52,genuine,0.0638885498046875
52_genuine_original_52_9.png,52,genuine,0.0377044677734375
53_genuine_original_53_1.png,53,genuine,0.0584716796875
53_genuine_original_53_10.png,53,genuine,0.093505859375
53_genuine_original_53_11.png,53,genuine,0.0579986572265625
53_genuine_original_53_12.png,53,genuine,0.0548095703125
53_genuine_original_53_13.png,53,genuine,0.0914306640625
53_genuine_original_53_14.png,53,genuine,0.0449371337890625
53_genuine_original_53_15.png,53,genuine,0.05865478515625
53_genuine_original_53_16.png,53,genuine,0.0948944091796875
53_genuine_original_53_17.png,53,genuine,0.086151123046875
53_genuine_original_53_18.png,53,genuine,0.089019775390625
53_genuine_original_53_19.png,53,genuine,0.0475006103515625
53_genuine_original_53_2.png,53,genuine,0.0507354736328125
53_genuine_original_53_20.png,53,genuine,0.0517730712890625
53_genuine_original_53_21.png,53,genuine,0.0627288818359375
53_genuine_original_53_22.png,53,genuine,0.0884857177734375
53_genuine_original_53_23.png,53,genuine,0.05462646484375
53_genuine_original_53_24.png,53,genuine,0.0504913330078125
53_genuine_original_53_3.png,53,genuine,0.081787109375
53_genuine_original_53_4.png,53,genuine,0.0526885986328125
53_genuine_original_53_5.png,53,genuine,0.0471343994140625
53_genuine_original_53_6.png,53,genuine,0.0884857177734375
53_genuine_original_53_7.png,53,genuine,0.0503387451171875
53_genuine_original_53_8.png,53,genuine,0.0704345703125
53_genuine_original_53_9.png,53,genuine,0.084808349609375
54_genuine_original_54_1.png,54,genuine,0.0635986328125
54_genuine_original_54_10.png,54,genuine,0.0533905029296875
54_genuine_original_54_11.png,54,genuine,0.0767669677734375
54_genuine_original_54_12.png,54,genuine,0.048736572265625
54_genuine_original_54_13.png,54,genuine,0.0692138671875
54_genuine_original_54_14.png,54,genuine,0.058563232421875
54_genuine_original_54_15.png,54,genuine,0.046783447265625
54_genuine_original_54_16.png,54,genuine,0.05902099609375
54_genuine_original_54_17.png,54,genuine,0.0665435791015625
54_genuine_original_54_18.png,54,genuine,0.076171875
54_genuine_original_54_19.png,54,genuine,0.0584869384765625
54_genuine_original_54_2.png,54,genuine,0.0622100830078125
54_genuine_original_54_20.png,54,genuine,0.0734405517578125
54_genuine_original_54_21.png,54,genuine,0.0584564208984375
54_genuine_original_54_22.png,54,genuine,0.0615386962890625
54_genuine_original_54_23.png,54,genuine,0.0662841796875
54_genuine_original_54_24.png,54,genuine,0.048736572265625
54_genuine_original_54_3.png,54,genuine,0.05963134765625
54_genuine_original_54_4.png,54,genuine,0.0813446044921875
54_genuine_original_54_5.png,54,genuine,0.0583648681640625
54_genuine_original_54_6.png,54,genuine,0.0456085205078125
54_genuine_original_54_7.png,54,genuine,0.0410003662109375
54_genuine_original_54_8.png,54,genuine,0.0529022216796875
54_genuine_original_54_9.png,54,genuine,0.0502471923828125
55_genuine_original_55_1.png,55,genuine,0.07696533203125
55_genuine_original_55_10.png,55,genuine,0.0549774169921875
55_genuine_original_55_11.png,55,genuine,0.07098388671875
55_genuine_original_55_12.png,55,genuine,0.1309967041015625
55_genuine_original_55_13.png,55,genuine,0.09515380859375
55_genuine_original_55_14.png,55,genuine,0.0890655517578125
55_genuine_original_55_15.png,55,genuine,0.1187744140625
55_genuine_original_55_16.png,55,genuine,0.0673370361328125
55_genuine_original_55_17.png,55,genuine,0.123870849609375
55_genuine_original_55_18.png,55,genuine,0.04608154296875
55_genuine_original_55_19.png,55,genuine,0.0669708251953125
55_genuine_original_55_2.png,55,genuine,0.0923309326171875
55_genuine_original_55_20.png,55,genuine,0.0618133544921875
55_genuine_original_55_21.png,55,genuine,0.0794677734375
55_genuine_original_55_22.png,55,genuine,0.0704498291015625
55_genuine_original_55_23.png,55,genuine,0.06829833984375
55_genuine_original_55_24.png,55,genuine,0.10687255859375
55_genuine_original_55_3.png,55,genuine,0.06793212890625
55_genuine_original_55_4.png,55,genuine,0.0850982666015625
55_genuine_original_55_5.png,55,genuine,0.074737548828125
55_genuine_original_55_6.png,55,genuine,0.077056884765625
55_genuine_original_55_7.png,55,genuine,0.061126708984375
55_genuine_original_55_8.png,55,genuine,0.0827789306640625
55_genuine_original_55_9.png,55,genuine,0.1087799072265625
5_genuine_original_5_1.png,5,genuine,0.08087158203125
5_genuine_original_5_10.png,5,genuine,0.0610809326171875
5_genuine_original_5_11.png,5,genuine,0.0625
5_genuine_original_5_12.png,5,genuine,0.0651092529296875
5_genuine_original_5_13.png,5,genuine,0.0526580810546875
5_genuine_original_5_14.png,5,genuine,0.0582733154296875
5_genuine_original_5_15.png,5,genuine,0.0543365478515625
5_genuine_original_5_16.png,5,genuine,0.0579833984375
5_genuine_original_5_17.png,5,genuine,0.05865478515625
5_genuine_original_5_18.png,5,genuine,0.0703277587890625
5_genuine_original_5_19.png,5,genuine,0.07147216796875
5_genuine_original_5_2.png,5,genuine,0.064056396484375
5_genuine_original_5_20.png,5,genuine,0.0574188232421875
5_genuine_original_5_21.png,5,genuine,0.06768798828125
5_genuine_original_5_22.png,5,genuine,0.0677337646484375
5_genuine_original_5_23.png,5,genuine,0.0652313232421875
5_genuine_original_5_24.png,5,genuine,0.05987548828125
5_genuine_original_5_3.png,5,genuine,0.0650634765625
5_genuine_original_5_4.png,5,genuine,0.05328369140625
5_genuine_original_5_5.png,5,genuine,0.0641937255859375
5_genuine_original_5_6.png,5,genuine,0.0608978271484375
5_genuine_original_5_7.png,5,genuine,0.0618896484375
5_genuine_original_5_8.png,5,genuine,0.0612945556640625
5_genuine_original_5_9.png,5,genuine,0.059234619140625
6_genuine_original_6_1.png,6,genuine,0.0628509521484375
6_genuine_original_6_10.png,6,genuine,0.038116455078125
6_genuine_original_6_11.png,6,genuine,0.05914306640625
6_genuine_original_6_12.png,6,genuine,0.0572052001953125
6_genuine_original_6_13.png,6,genuine,0.0413360595703125
6_genuine_original_6_14.png,6,genuine,0.0451507568359375
6_genuine_original_6_15.png,6,genuine,0.048492431640625
6_genuine_original_6_16.png,6,genuine,0.0395660400390625
6_genuine_original_6_17.png,6,genuine,0.037506103515625
6_genuine_original_6_18.png,6,genuine,0.0446624755859375
6_genuine_original_6_19.png,6,genuine,0.04534912109375
6_genuine_original_6_2.png,6,genuine,0.0493927001953125
6_genuine_original_6_20.png,6,genuine,0.056976318359375
6_genuine_original_6_21.png,6,genuine,0.0531768798828125
6_genuine_original_6_22.png,6,genuine,0.05194091796875
6_genuine_original_6_23.png,6,genuine,0.05535888671875
6_genuine_original_6_24.png,6,genuine,0.0474395751953125
6_genuine_original_6_3.png,6,genuine,0.0436553955078125
6_genuine_original_6_4.png,6,genuine,0.0457611083984375
6_genuine_original_6_5.png,6,genuine,0.0498809814453125
6_genuine_original_6_6.png,6,genuine,0.052490234375
6_genuine_original_6_7.png,6,genuine,0.059539794921875
6_genuine_original_6_8.png,6,genuine,0.0594329833984375
6_genuine_original_6_9.png,6,genuine,0.040863037109375
7_genuine_original_7_1.png,7,genuine,0.0511016845703125
7_genuine_original_7_10.png,7,genuine,0.0537109375
7_genuine_original_7_11.png,7,genuine,0.053680419921875
7_genuine_original_7_12.png,7,genuine,0.0478515625
7_genuine_original_7_13.png,7,genuine,0.06005859375
7_genuine_original_7_14.png,7,genuine,0.0613555908203125
7_genuine_original_7_15.png,7,genuine,0.05615234375
7_genuine_original_7_16.png,7,genuine,0.0603179931640625
7_genuine_original_7_17.png,7,genuine,0.0621795654296875
7_genuine_original_7_18.png,7,genuine,0.05938720703125
7_genuine_original_7_19.png,7,genuine,0.0669097900390625
7_genuine_original_7_2.png,7,genuine,0.0546112060546875
7_genuine_original_7_20.png,7,genuine,0.063201904296875
7_genuine_original_7_21.png,7,genuine,0.0630950927734375
7_genuine_original_7_22.png,7,genuine,0.060760498046875
7_genuine_original_7_23.png,7,genuine,0.0618743896484375
7_genuine_original_7_24.png,7,genuine,0.055145263671875
7_genuine_original_7_3.png,7,genuine,0.051300048828125
7_genuine_original_7_4.png,7,genuine,0.0527801513671875
7_genuine_original_7_5.png,7,genuine,0.05780029296875
7_genuine_original_7_6.png,7,genuine,0.052276611328125
7_genuine_original_7_7.png,7,genuine,0.050018310546875
7_genuine_original_7_8.png,7,genuine,0.04876708984375
7_genuine_original_7_9.png,7,genuine,0.0578460693359375
8_genuine_original_8_1.png,8,genuine,0.06475830078125
8_genuine_original_8_10.png,8,genuine,0.0760650634765625
8_genuine_original_8_11.png,8,genuine,0.0684051513671875
8_genuine_original_8_12.png,8,genuine,0.0663604736328125
8_genuine_original_8_13.png,8,genuine,0.0627593994140625
8_genuine_original_8_14.png,8,genuine,0.0524749755859375
8_genuine_original_8_15.png,8,genuine,0.0751953125
8_genuine_original_8_16.png,8,genuine,0.0535888671875
8_genuine_original_8_17.png,8,genuine,0.072052001953125
8_genuine_original_8_18.png,8,genuine,0.0585784912109375
8_genuine_original_8_19.png,8,genuine,0.0572052001953125
8_genuine_original_8_2.png,8,genuine,0.0808563232421875
8_genuine_original_8_20.png,8,genuine,0.064117431640625
8_genuine_original_8_21.png,8,genuine,0.07867431640625
8_genuine_original_8_22.png,8,genuine,0.0516204833984375
8_genuine_original_8_23.png,8,genuine,0.061370849609375
8_genuine_original_8_24.png,8,genuine,0.05499267578125
8_genuine_original_8_3.png,8,genuine,0.0686798095703125
8_genuine_original_8_4.png,8,genuine,0.055511474609375
8_genuine_original_8_5.png,8,genuine,0.072509765625
8_genuine_original_8_6.png,8,genuine,0.058746337890625
8_genuine_original_8_7.png,8,genuine,0.0623779296875
8_genuine_original_8_8.png,8,genuine,0.0665283203125
8_genuine_original_8_9.png,8,genuine,0.047210693359375
9_genuine_original_9_1.png,9,genuine,0.0775299072265625
9_genuine_original_9_10.png,9,genuine,0.095550537109375
9_genuine_original_9_11.png,9,genuine,0.0916595458984375
9_genuine_original_9_12.png,9,genuine,0.0798492431640625
9_genuine_original_9_13.png,9,genuine,0.101226806640625
9_genuine_original_9_14.png,9,genuine,0.0823516845703125
9_genuine_original_9_15.png,9,genuine,0.0825347900390625
9_genuine_original_9_16.png,9,genuine,0.095794677734375
9_genuine_original_9_17.png,9,genuine,0.0846099853515625
9_genuine_original_9_18.png,9,genuine,0.0758819580078125
9_genuine_original_9_19.png,9,genuine,0.0971527099609375
9_genuine_original_9_2.png,9,genuine,0.1089935302734375
9_genuine_original_9_20.png,9,genuine,0.1004486083984375
9_genuine_original_9_21.png,9,genuine,0.0861663818359375
9_genuine_original_9_22.png,9,genuine,0.0904998779296875
9_genuine_original_9_23.png,9,genuine,0.0775146484375
9_genuine_original_9_24.png,9,genuine,0.0846710205078125
9_genuine_original_9_3.png,9,genuine,0.0990447998046875
9_genuine_original_9_4.png,9,genuine,0.107513427734375
9_genuine_original_9_5.png,9,genuine,0.1027679443359375
9_genuine_original_9_6.png,9,genuine,0.0893096923828125
9_genuine_original_9_7.png,9,genuine,0.099365234375
9_genuine_original_9_8.png,9,genuine,0.0766143798828125
9_genuine_original_9_9.png,9,genuine,0.09552001953125
10_skilled_forgery_forgeries_10_1.png,10,skilled_forgery,0.0833892822265625
10_skilled_forgery_forgeries_10_10.png,10,skilled_forgery,0.098358154296875
10_skilled_forgery_forgeries_10_11.png,10,skilled_forgery,0.0865631103515625
10_skilled_forgery_forgeries_10_12.png,10,skilled_forgery,0.100006103515625
10_skilled_forgery_forgeries_10_13.png,10,skilled_forgery,0.104095458984375
10_skilled_forgery_forgeries_10_14.png,10,skilled_forgery,0.0946197509765625
10_skilled_forgery_forgeries_10_15.png,10,skilled_forgery,0.0987396240234375
10_skilled_forgery_forgeries_10_16.png,10,skilled_forgery,0.092193603515625
10_skilled_forgery_forgeries_10_17.png,10,skilled_forgery,0.09033203125
10_skilled_forgery_forgeries_10_18.png,10,skilled_forgery,0.1013641357421875
10_skilled_forgery_forgeries_10_19.png,10,skilled_forgery,0.10125732421875
10_skilled_forgery_forgeries_10_2.png,10,skilled_forgery,0.089385986328125
10_skilled_forgery_forgeries_10_20.png,10,skilled_forgery,0.0908203125
10_skilled_forgery_forgeries_10_21.png,10,skilled_forgery,0.0899658203125
10_skilled_forgery_forgeries_10_22.png,10,skilled_forgery,0.0809326171875
10_skilled_forgery_forgeries_10_23.png,10,skilled_forgery,0.092987060546875
10_skilled_forgery_forgeries_10_24.png,10,skilled_forgery,0.0914154052734375
10_skilled_forgery_forgeries_10_3.png,10,skilled_forgery,0.1011199951171875
10_skilled_forgery_forgeries_10_4.png,10,skilled_forgery,0.0825347900390625
10_skilled_forgery_forgeries_10_5.png,10,skilled_forgery,0.0951385498046875
10_skilled_forgery_forgeries_10_6.png,10,skilled_forgery,0.07305908203125
10_skilled_forgery_forgeries_10_7.png,10,skilled_forgery,0.0906982421875
10_skilled_forgery_forgeries_10_8.png,10,skilled_forgery,0.09869384765625
10_skilled_forgery_forgeries_10_9.png,10,skilled_forgery,0.0944671630859375
11_skilled_forgery_forgeries_11_1.png,11,skilled_forgery,0.082855224609375
11_skilled_forgery_forgeries_11_10.png,11,skilled_forgery,0.0845184326171875
11_skilled_forgery_forgeries_11_11.png,11,skilled_forgery,0.0780029296875
11_skilled_forgery_forgeries_11_12.png,11,skilled_forgery,0.0857086181640625
11_skilled_forgery_forgeries_11_13.png,11,skilled_forgery,0.080474853515625
11_skilled_forgery_forgeries_11_14.png,11,skilled_forgery,0.0868377685546875
11_skilled_forgery_forgeries_11_15.png,11,skilled_forgery,0.093048095703125
11_skilled_forgery_forgeries_11_16.png,11,skilled_forgery,0.0797119140625
11_skilled_forgery_forgeries_11_17.png,11,skilled_forgery,0.0849761962890625
11_skilled_forgery_forgeries_11_18.png,11,skilled_forgery,0.0846099853515625
11_skilled_forgery_forgeries_11_19.png,11,skilled_forgery,0.0756378173828125
11_skilled_forgery_forgeries_11_2.png,11,skilled_forgery,0.0902557373046875
11_skilled_forgery_forgeries_11_20.png,11,skilled_forgery,0.077606201171875
11_skilled_forgery_forgeries_11_21.png,11,skilled_forgery,0.082305908203125
11_skilled_forgery_forgeries_11_22.png,11,skilled_forgery,0.0817718505859375
11_skilled_forgery_forgeries_11_23.png,11,skilled_forgery,0.0814361572265625
11_skilled_forgery_forgeries_11_24.png,11,skilled_forgery,0.084808349609375
11_skilled_forgery_forgeries_11_3.png,11,skilled_forgery,0.0843048095703125
11_skilled_forgery_forgeries_11_4.png,11,skilled_forgery,0.095428466796875
11_skilled_forgery_forgeries_11_5.png,11,skilled_forgery,0.087249755859375
11_skilled_forgery_forgeries_11_6.png,11,skilled_forgery,0.0855255126953125
11_skilled_forgery_forgeries_11_7.png,11,skilled_forgery,0.0811004638671875
11_skilled_forgery_forgeries_11_8.png,11,skilled_forgery,0.0928802490234375
11_skilled_forgery_forgeries_11_9.png,11,skilled_forgery,0.0799713134765625
12_skilled_forgery_forgeries_12_1.png,12,skilled_forgery,0.1013031005859375
12_skilled_forgery_forgeries_12_10.png,12,skilled_forgery,0.075653076171875
12_skilled_forgery_forgeries_12_11.png,12,skilled_forgery,0.073455810546875
12_skilled_forgery_forgeries_12_12.png,12,skilled_forgery,0.09149169921875
12_skilled_forgery_forgeries_12_13.png,12,skilled_forgery,0.0989990234375
12_skilled_forgery_forgeries_12_14.png,12,skilled_forgery,0.09112548828125
12_skilled_forgery_forgeries_12_15.png,12,skilled_forgery,0.0892791748046875
12_skilled_forgery_forgeries_12_16.png,12,skilled_forgery,0.095916748046875
12_skilled_forgery_forgeries_12_17.png,12,skilled_forgery,0.10528564453125
12_skilled_forgery_forgeries_12_18.png,12,skilled_forgery,0.100189208984375
12_skilled_forgery_forgeries_12_19.png,12,skilled_forgery,0.099334716796875
12_skilled_forgery_forgeries_12_2.png,12,skilled_forgery,0.089111328125
12_skilled_forgery_forgeries_12_20.png,12,skilled_forgery,0.0889129638671875
12_skilled_forgery_forgeries_12_21.png,12,skilled_forgery,0.0948028564453125
12_skilled_forgery_forgeries_12_22.png,12,skilled_forgery,0.1023406982421875
12_skilled_forgery_forgeries_12_23.png,12,skilled_forgery,0.0898284912109375
12_skilled_forgery_forgeries_12_24.png,12,skilled_forgery,0.1066741943359375
12_skilled_forgery_forgeries_12_3.png,12,skilled_forgery,0.0925750732421875
12_skilled_forgery_forgeries_12_4.png,12,skilled_forgery,0.0925445556640625
12_skilled_forgery_forgeries_12_5.png,12,skilled_forgery,0.088653564453125
12_skilled_forgery_forgeries_12_6.png,12,skilled_forgery,0.0959014892578125
12_skilled_forgery_forgeries_12_7.png,12,skilled_forgery,0.0868377685546875
12_skilled_forgery_forgeries_12_8.png,12,skilled_forgery,0.072021484375
12_skilled_forgery_forgeries_12_9.png,12,skilled_forgery,0.0866546630859375
13_skilled_forgery_forgeries_13_1.png,13,skilled_forgery,0.0965423583984375
13_skilled_forgery_forgeries_13_10.png,13,skilled_forgery,0.09027099609375
13_skilled_forgery_forgeries_13_11.png,13,skilled_forgery,0.0827178955078125
13_skilled_forgery_forgeries_13_12.png,13,skilled_forgery,0.102020263671875
13_skilled_forgery_forgeries_13_13.png,13,skilled_forgery,0.098358154296875
13_skilled_forgery_forgeries_13_14.png,13,skilled_forgery,0.089874267578125
13_skilled_forgery_forgeries_13_15.png,13,skilled_forgery,0.090545654296875
13_skilled_forgery_forgeries_13_16.png,13,skilled_forgery,0.0959320068359375
13_skilled_forgery_forgeries_13_17.png,13,skilled_forgery,0.10223388671875
13_skilled_forgery_forgeries_13_18.png,13,skilled_forgery,0.0950927734375
13_skilled_forgery_forgeries_13_19.png,13,skilled_forgery,0.1036376953125
13_skilled_forgery_forgeries_13_2.png,13,skilled_forgery,0.0966949462890625
13_skilled_forgery_forgeries_13_20.png,13,skilled_forgery,0.095428466796875
13_skilled_forgery_forgeries_13_21.png,13,skilled_forgery,0.106719970703125
13_skilled_forgery_forgeries_13_22.png,13,skilled_forgery,0.09063720703125
13_skilled_forgery_forgeries_13_23.png,13,skilled_forgery,0.09552001953125
13_skilled_forgery_forgeries_13_24.png,13,skilled_forgery,0.096435546875
13_skilled_forgery_forgeries_13_3.png,13,skilled_forgery,0.1097259521484375
13_skilled_forgery_forgeries_13_4.png,13,skilled_forgery,0.0901031494140625
13_skilled_forgery_forgeries_13_5.png,13,skilled_forgery,0.0940093994140625
13_skilled_forgery_forgeries_13_6.png,13,skilled_forgery,0.090240478515625
13_skilled_forgery_forgeries_13_7.png,13,skilled_forgery,0.1003875732421875
13_skilled_forgery_forgeries_13_8.png,13,skilled_forgery,0.0829315185546875
13_skilled_forgery_forgeries_13_9.png,13,skilled_forgery,0.100067138671875
14_skilled_forgery_forgeries_14_1.png,14,skilled_forgery,0.071075439453125
14_skilled_forgery_forgeries_14_10.png,14,skilled_forgery,0.0778045654296875
14_skilled_forgery_forgeries_14_11.png,14,skilled_forgery,0.0723419189453125
14_skilled_forgery_forgeries_14_12.png,14,skilled_forgery,0.0672760009765625
14_skilled_forgery_forgeries_14_13.png,14,skilled_forgery,0.07012939453125
14_skilled_forgery_forgeries_14_14.png,14,skilled_forgery,0.061614990234375
14_skilled_forgery_forgeries_14_15.png,14,skilled_forgery,0.0607757568359375
14_skilled_forgery_forgeries_14_16.png,14,skilled_forgery,0.0670013427734375
14_skilled_forgery_forgeries_14_17.png,14,skilled_forgery,0.06256103515625
14_skilled_forgery_forgeries_14_18.png,14,skilled_forgery,0.0709686279296875
14_skilled_forgery_forgeries_14_19.png,14,skilled_forgery,0.070098876953125
14_skilled_forgery_forgeries_14_2.png,14,skilled_forgery,0.0582275390625
14_skilled_forgery_forgeries_14_20.png,14,skilled_forgery,0.06756591796875
14_skilled_forgery_forgeries_14_21.png,14,skilled_forgery,0.064788818359375
14_skilled_forgery_forgeries_14_22.png,14,skilled_forgery,0.0657196044921875
14_skilled_forgery_forgeries_14_23.png,14,skilled_forgery,0.064483642578125
14_skilled_forgery_forgeries_14_24.png,14,skilled_forgery,0.069244384765625
14_skilled_forgery_forgeries_14_3.png,14,skilled_forgery,0.06231689453125
14_skilled_forgery_forgeries_14_4.png,14,skilled_forgery,0.058929443359375
14_skilled_forgery_forgeries_14_5.png,14,skilled_forgery,0.068206787109375
14_skilled_forgery_forgeries_14_6.png,14,skilled_forgery,0.063873291015625
14_skilled_forgery_forgeries_14_7.png,14,skilled_forgery,0.066986083984375
14_skilled_forgery_forgeries_14_8.png,14,skilled_forgery,0.0655670166015625
14_skilled_forgery_forgeries_14_9.png,14,skilled_forgery,0.074005126953125
15_skilled_forgery_forgeries_15_1.png,15,skilled_forgery,0.08294677734375
15_skilled_forgery_forgeries_15_10.png,15,skilled_forgery,0.05133056640625
15_skilled_forgery_forgeries_15_11.png,15,skilled_forgery,0.0816650390625
15_skilled_forgery_forgeries_15_12.png,15,skilled_forgery,0.0628204345703125
15_skilled_forgery_forgeries_15_13.png,15,skilled_forgery,0.0696258544921875
15_skilled_forgery_forgeries_15_14.png,15,skilled_forgery,0.0942535400390625
15_skilled_forgery_forgeries_15_15.png,15,skilled_forgery,0.0889739990234375
15_skilled_forgery_forgeries_15_16.png,15,skilled_forgery,0.1004791259765625
15_skilled_forgery_forgeries_15_17.png,15,skilled_forgery,0.07965087890625
15_skilled_forgery_forgeries_15_18.png,15,skilled_forgery,0.0989532470703125
15_skilled_forgery_forgeries_15_19.png,15,skilled_forgery,0.09295654296875
15_skilled_forgery_forgeries_15_2.png,15,skilled_forgery,0.070343017578125
15_skilled_forgery_forgeries_15_20.png,15,skilled_forgery,0.0865478515625
15_skilled_forgery_forgeries_15_21.png,15,skilled_forgery,0.0885772705078125
15_skilled_forgery_forgeries_15_22.png,15,skilled_forgery,0.081390380859375
15_skilled_forgery_forgeries_15_23.png,15,skilled_forgery,0.082550048828125
15_skilled_forgery_forgeries_15_24.png,15,skilled_forgery,0.0883331298828125
15_skilled_forgery_forgeries_15_3.png,15,skilled_forgery,0.0903167724609375
15_skilled_forgery_forgeries_15_4.png,15,skilled_forgery,0.08660888671875
15_skilled_forgery_forgeries_15_5.png,15,skilled_forgery,0.0865936279296875
15_skilled_forgery_forgeries_15_6.png,15,skilled_forgery,0.081787109375
15_skilled_forgery_forgeries_15_7.png,15,skilled_forgery,0.0728759765625
15_skilled_forgery_forgeries_15_8.png,15,skilled_forgery,0.058868408203125
15_skilled_forgery_forgeries_15_9.png,15,skilled_forgery,0.0620880126953125
16_skilled_forgery_forgeries_16_1.png,16,skilled_forgery,0.1029205322265625
16_skilled_forgery_forgeries_16_10.png,16,skilled_forgery,0.0931549072265625
16_skilled_forgery_forgeries_16_11.png,16,skilled_forgery,0.08575439453125
16_skilled_forgery_forgeries_16_12.png,16,skilled_forgery,0.08770751953125
16_skilled_forgery_forgeries_16_13.png,16,skilled_forgery,0.1048431396484375
16_skilled_forgery_forgeries_16_14.png,16,skilled_forgery,0.0739898681640625
16_skilled_forgery_forgeries_16_15.png,16,skilled_forgery,0.087738037109375
16_skilled_forgery_forgeries_16_16.png,16,skilled_forgery,0.1221923828125
16_skilled_forgery_forgeries_16_17.png,16,skilled_forgery,0.131744384765625
16_skilled_forgery_forgeries_16_18.png,16,skilled_forgery,0.1331939697265625
16_skilled_forgery_forgeries_16_19.png,16,skilled_forgery,0.1185455322265625
16_skilled_forgery_forgeries_16_2.png,16,skilled_forgery,0.100189208984375
16_skilled_forgery_forgeries_16_20.png,16,skilled_forgery,0.086029052734375
16_skilled_forgery_forgeries_16_21.png,16,skilled_forgery,0.128021240234375
16_skilled_forgery_forgeries_16_22.png,16,skilled_forgery,0.1024017333984375
16_skilled_forgery_forgeries_16_23.png,16,skilled_forgery,0.1271820068359375
16_skilled_forgery_forgeries_16_24.png,16,skilled_forgery,0.1330718994140625
16_skilled_forgery_forgeries_16_3.png,16,skilled_forgery,0.0857086181640625
16_skilled_forgery_forgeries_16_4.png,16,skilled_forgery,0.1345977783203125
16_skilled_forgery_forgeries_16_5.png,16,skilled_forgery,0.0927581787109375
16_skilled_forgery_forgeries_16_6.png,16,skilled_forgery,0.133026123046875
16_skilled_forgery_forgeries_16_7.png,16,skilled_forgery,0.0830078125
16_skilled_forgery_forgeries_16_8.png,16,skilled_forgery,0.080322265625
16_skilled_forgery_forgeries_16_9.png,16,skilled_forgery,0.0812835693359375
17_skilled_forgery_forgeries_17_1.png,17,skilled_forgery,0.1213836669921875
17_skilled_forgery_forgeries_17_10.png,17,skilled_forgery,0.114349365234375
17_skilled_forgery_forgeries_17_11.png,17,skilled_forgery,0.1047210693359375
17_skilled_forgery_forgeries_17_12.png,17,skilled_forgery,0.1244049072265625
17_skilled_forgery_forgeries_17_13.png,17,skilled_forgery,0.1271514892578125
17_skilled_forgery_forgeries_17_14.png,17,skilled_forgery,0.1343841552734375
17_skilled_forgery_forgeries_17_15.png,17,skilled_forgery,0.139862060546875
17_skilled_forgery_forgeries_17_16.png,17,skilled_forgery,0.1362762451171875
17_skilled_forgery_forgeries_17_17.png,17,skilled_forgery,0.1279144287109375
17_skilled_forgery_forgeries_17_18.png,17,skilled_forgery,0.1310577392578125
17_skilled_forgery_forgeries_17_19.png,17,skilled_forgery,0.14251708984375
17_skilled_forgery_forgeries_17_2.png,17,skilled_forgery,0.1239471435546875
17_skilled_forgery_forgeries_17_20.png,17,skilled_forgery,0.14208984375
17_skilled_forgery_forgeries_17_21.png,17,skilled_forgery,0.12420654296875
17_skilled_forgery_forgeries_17_22.png,17,skilled_forgery,0.1161651611328125
17_skilled_forgery_forgeries_17_23.png,17,skilled_forgery,0.1264801025390625
17_skilled_forgery_forgeries_17_24.png,17,skilled_forgery,0.1199798583984375
17_skilled_forgery_forgeries_17_3.png,17,skilled_forgery,0.1248779296875
17_skilled_forgery_forgeries_17_4.png,17,skilled_forgery,0.1273193359375
17_skilled_forgery_forgeries_17_5.png,17,skilled_forgery,0.1196441650390625
17_skilled_forgery_forgeries_17_6.png,17,skilled_forgery,0.120391845703125
17_skilled_forgery_forgeries_17_7.png,17,skilled_forgery,0.1221771240234375
17_skilled_forgery_forgeries_17_8.png,17,skilled_forgery,0.106689453125
17_skilled_forgery_forgeries_17_9.png,17,skilled_forgery,0.117950439453125
18_skilled_forgery_forgeries_18_1.png,18,skilled_forgery,0.08563232421875
18_skilled_forgery_forgeries_18_10.png,18,skilled_forgery,0.0672149658203125
18_skilled_forgery_forgeries_18_11.png,18,skilled_forgery,0.0789031982421875
18_skilled_forgery_forgeries_18_12.png,18,skilled_forgery,0.0727691650390625
18_skilled_forgery_forgeries_18_13.png,18,skilled_forgery,0.0710601806640625
18_skilled_forgery_forgeries_18_14.png,18,skilled_forgery,0.074066162109375
18_skilled_forgery_forgeries_18_15.png,18,skilled_forgery,0.063140869140625
18_skilled_forgery_forgeries_18_16.png,18,skilled_forgery,0.067718505859375
18_skilled_forgery_forgeries_18_17.png,18,skilled_forgery,0.0823974609375
18_skilled_forgery_forgeries_18_18.png,18,skilled_forgery,0.0618896484375
18_skilled_forgery_forgeries_18_19.png,18,skilled_forgery,0.0597991943359375
18_skilled_forgery_forgeries_18_2.png,18,skilled_forgery,0.1045074462890625
18_skilled_forgery_forgeries_18_20.png,18,skilled_forgery,0.083892822265625
18_skilled_forgery_forgeries_18_21.png,18,skilled_forgery,0.0661468505859375
18_skilled_forgery_forgeries_18_22.png,18,skilled_forgery,0.063232421875
18_skilled_forgery_forgeries_18_23.png,18,skilled_forgery,0.0655059814453125
18_skilled_forgery_forgeries_18_24.png,18,skilled_forgery,0.07427978515625
18_skilled_forgery_forgeries_18_3.png,18,skilled_forgery,0.0676116943359375
18_skilled_forgery_forgeries_18_4.png,18,skilled_forgery,0.0668182373046875
18_skilled_forgery_forgeries_18_5.png,18,skilled_forgery,0.08447265625
18_skilled_forgery_forgeries_18_6.png,18,skilled_forgery,0.0724639892578125
18_skilled_forgery_forgeries_18_7.png,18,skilled_forgery,0.0635986328125
18_skilled_forgery_forgeries_18_8.png,18,skilled_forgery,0.091522216796875
18_skilled_forgery_forgeries_18_9.png,18,skilled_forgery,0.0690460205078125
19_skilled_forgery_forgeries_19_1.png,19,skilled_forgery,0.08343505859375
19_skilled_forgery_forgeries_19_10.png,19,skilled_forgery,0.105560302734375
19_skilled_forgery_forgeries_19_11.png,19,skilled_forgery,0.0963592529296875
19_skilled_forgery_forgeries_19_12.png,19,skilled_forgery,0.089874267578125
19_skilled_forgery_forgeries_19_13.png,19,skilled_forgery,0.06707763671875
19_skilled_forgery_forgeries_19_14.png,19,skilled_forgery,0.076812744140625
19_skilled_forgery_forgeries_19_15.png,19,skilled_forgery,0.0776214599609375
19_skilled_forgery_forgeries_19_16.png,19,skilled_forgery,0.0708770751953125
19_skilled_forgery_forgeries_19_17.png,19,skilled_forgery,0.0709381103515625
19_skilled_forgery_forgeries_19_18.png,19,skilled_forgery,0.0635986328125
19_skilled_forgery_forgeries_19_19.png,19,skilled_forgery,0.0819244384765625
19_skilled_forgery_forgeries_19_2.png,19,skilled_forgery,0.0796661376953125
19_skilled_forgery_forgeries_19_20.png,19,skilled_forgery,0.0909881591796875
19_skilled_forgery_forgeries_19_21.png,19,skilled_forgery,0.0915069580078125
19_skilled_forgery_forgeries_19_22.png,19,skilled_forgery,0.081390380859375
19_skilled_forgery_forgeries_19_23.png,19,skilled_forgery,0.0902252197265625
19_skilled_forgery_forgeries_19_24.png,19,skilled_forgery,0.069610595703125
19_skilled_forgery_forgeries_19_3.png,19,skilled_forgery,0.0860748291015625
19_skilled_forgery_forgeries_19_4.png,19,skilled_forgery,0.105712890625
19_skilled_forgery_forgeries_19_5.png,19,skilled_forgery,0.10528564453125
19_skilled_forgery_forgeries_19_6.png,19,skilled_forgery,0.0984649658203125
19_skilled_forgery_forgeries_19_7.png,19,skilled_forgery,0.0947113037109375
19_skilled_forgery_forgeries_19_8.png,19,skilled_forgery,0.1053314208984375
19_skilled_forgery_forgeries_19_9.png,19,skilled_forgery,0.0960235595703125
1_skilled_forgery_forgeries_1_1.png,1,skilled_forgery,0.0414886474609375
1_skilled_forgery_forgeries_1_10.png,1,skilled_forgery,0.0445404052734375
1_skilled_forgery_forgeries_1_11.png,1,skilled_forgery,0.0386199951171875
1_skilled_forgery_forgeries_1_12.png,1,skilled_forgery,0.0414276123046875
1_skilled_forgery_forgeries_1_13.png,1,skilled_forgery,0.0345458984375
1_skilled_forgery_forgeries_1_14.png,1,skilled_forgery,0.0424957275390625
1_skilled_forgery_forgeries_1_15.png,1,skilled_forgery,0.0373992919921875
1_skilled_forgery_forgeries_1_16.png,1,skilled_forgery,0.043304443359375
1_skilled_forgery_forgeries_1_17.png,1,skilled_forgery,0.0410614013671875
1_skilled_forgery_forgeries_1_18.png,1,skilled_forgery,0.0364990234375
1_skilled_forgery_forgeries_1_19.png,1,skilled_forgery,0.0396881103515625
1_skilled_forgery_forgeries_1_2.png,1,skilled_forgery,0.054290771484375
1_skilled_forgery_forgeries_1_20.png,1,skilled_forgery,0.040130615234375
1_skilled_forgery_forgeries_1_21.png,1,skilled_forgery,0.048431396484375
1_skilled_forgery_forgeries_1_22.png,1,skilled_forgery,0.041229248046875
1_skilled_forgery_forgeries_1_23.png,1,skilled_forgery,0.047332763671875
1_skilled_forgery_forgeries_1_24.png,1,skilled_forgery,0.042694091796875
1_skilled_forgery_forgeries_1_3.png,1,skilled_forgery,0.03973388671875
1_skilled_forgery_forgeries_1_4.png,1,skilled_forgery,0.0413360595703125
1_skilled_forgery_forgeries_1_5.png,1,skilled_forgery,0.0438385009765625
1_skilled_forgery_forgeries_1_6.png,1,skilled_forgery,0.046417236328125
1_skilled_forgery_forgeries_1_7.png,1,skilled_forgery,0.051025390625
1_skilled_forgery_forgeries_1_8.png,1,skilled_forgery,0.03399658203125
1_skilled_forgery_forgeries_1_9.png,1,skilled_forgery,0.045745849609375
20_skilled_forgery_forgeries_20_1.png,20,skilled_forgery,0.0829010009765625
20_skilled_forgery_forgeries_20_10.png,20,skilled_forgery,0.0576324462890625
20_skilled_forgery_forgeries_20_11.png,20,skilled_forgery,0.07696533203125
20_skilled_forgery_forgeries_20_12.png,20,skilled_forgery,0.11724853515625
20_skilled_forgery_forgeries_20_13.png,20,skilled_forgery,0.0735626220703125
20_skilled_forgery_forgeries_20_14.png,20,skilled_forgery,0.0821685791015625
20_skilled_forgery_forgeries_20_15.png,20,skilled_forgery,0.090362548828125
20_skilled_forgery_forgeries_20_16.png,20,skilled_forgery,0.0721282958984375
20_skilled_forgery_forgeries_20_17.png,20,skilled_forgery,0.0811004638671875
20_skilled_forgery_forgeries_20_18.png,20,skilled_forgery,0.0679473876953125
20_skilled_forgery_forgeries_20_19.png,20,skilled_forgery,0.06805419921875
20_skilled_forgery_forgeries_20_2.png,20,skilled_forgery,0.0941162109375
20_skilled_forgery_forgeries_20_20.png,20,skilled_forgery,0.096588134765625
20_skilled_forgery_forgeries_20_21.png,20,skilled_forgery,0.1040496826171875
20_skilled_forgery_forgeries_20_22.png,20,skilled_forgery,0.1184844970703125
20_skilled_forgery_forgeries_20_23.png,20,skilled_forgery,0.12744140625
20_skilled_forgery_forgeries_20_24.png,20,skilled_forgery,0.07037353515625
20_skilled_forgery_forgeries_20_3.png,20,skilled_forgery,0.113616943359375
20_skilled_forgery_forgeries_20_4.png,20,skilled_forgery,0.0757904052734375
20_skilled_forgery_forgeries_20_5.png,20,skilled_forgery,0.071044921875
20_skilled_forgery_forgeries_20_6.png,20,skilled_forgery,0.0792999267578125
20_skilled_forgery_forgeries_20_7.png,20,skilled_forgery,0.0698699951171875
20_skilled_forgery_forgeries_20_8.png,20,skilled_forgery,0.0758056640625
20_skilled_forgery_forgeries_20_9.png,20,skilled_forgery,0.0732421875
21_skilled_forgery_forgeries_21_1.png,21,skilled_forgery,0.1044158935546875
21_skilled_forgery_forgeries_21_10.png,21,skilled_forgery,0.1060638427734375
21_skilled_forgery_forgeries_21_11.png,21,skilled_forgery,0.1094512939453125
21_skilled_forgery_forgeries_21_12.png,21,skilled_forgery,0.101043701171875
21_skilled_forgery_forgeries_21_13.png,21,skilled_forgery,0.0728607177734375
21_skilled_forgery_forgeries_21_14.png,21,skilled_forgery,0.0716094970703125
21_skilled_forgery_forgeries_21_15.png,21,skilled_forgery,0.067169189453125
21_skilled_forgery_forgeries_21_16.png,21,skilled_forgery,0.0825042724609375
21_skilled_forgery_forgeries_21_17.png,21,skilled_forgery,0.070281982421875
21_skilled_forgery_forgeries_21_18.png,21,skilled_forgery,0.0713348388671875
21_skilled_forgery_forgeries_21_19.png,21,skilled_forgery,0.07244873046875
21_skilled_forgery_forgeries_21_2.png,21,skilled_forgery,0.1172637939453125
21_skilled_forgery_forgeries_21_20.png,21,skilled_forgery,0.1218719482421875
21_skilled_forgery_forgeries_21_21.png,21,skilled_forgery,0.135894775390625
21_skilled_forgery_forgeries_21_22.png,21,skilled_forgery,0.1420440673828125
21_skilled_forgery_forgeries_21_23.png,21,skilled_forgery,0.1099090576171875
21_skilled_forgery_forgeries_21_24.png,21,skilled_forgery,0.0782928466796875
21_skilled_forgery_forgeries_21_3.png,21,skilled_forgery,0.1027679443359375
21_skilled_forgery_forgeries_21_4.png,21,skilled_forgery,0.1085052490234375
21_skilled_forgery_forgeries_21_5.png,21,skilled_forgery,0.1151885986328125
21_skilled_forgery_forgeries_21_6.png,21,skilled_forgery,0.113311767578125
21_skilled_forgery_forgeries_21_7.png,21,skilled_forgery,0.086273193359375
21_skilled_forgery_forgeries_21_8.png,21,skilled_forgery,0.097625732421875
21_skilled_forgery_forgeries_21_9.png,21,skilled_forgery,0.1056365966796875
22_skilled_forgery_forgeries_22_1.png,22,skilled_forgery,0.08953857421875
22_skilled_forgery_forgeries_22_10.png,22,skilled_forgery,0.0951690673828125
22_skilled_forgery_forgeries_22_11.png,22,skilled_forgery,0.0946807861328125
22_skilled_forgery_forgeries_22_12.png,22,skilled_forgery,0.08447265625
22_skilled_forgery_forgeries_22_13.png,22,skilled_forgery,0.10467529296875
22_skilled_forgery_forgeries_22_14.png,22,skilled_forgery,0.0955657958984375
22_skilled_forgery_forgeries_22_15.png,22,skilled_forgery,0.09930419921875
22_skilled_forgery_forgeries_22_16.png,22,skilled_forgery,0.080718994140625
22_skilled_forgery_forgeries_22_17.png,22,skilled_forgery,0.096405029296875
22_skilled_forgery_forgeries_22_18.png,22,skilled_forgery,0.09783935546875
22_skilled_forgery_forgeries_22_19.png,22,skilled_forgery,0.093505859375
22_skilled_forgery_forgeries_22_2.png,22,skilled_forgery,0.090423583984375
22_skilled_forgery_forgeries_22_20.png,22,skilled_forgery,0.0923309326171875
22_skilled_forgery_forgeries_22_21.png,22,skilled_forgery,0.100830078125
22_skilled_forgery_forgeries_22_22.png,22,skilled_forgery,0.10009765625
22_skilled_forgery_forgeries_22_23.png,22,skilled_forgery,0.1074066162109375
22_skilled_forgery_forgeries_22_24.png,22,skilled_forgery,0.106170654296875
22_skilled_forgery_forgeries_22_3.png,22,skilled_forgery,0.098663330078125
22_skilled_forgery_forgeries_22_4.png,22,skilled_forgery,0.1047515869140625
22_skilled_forgery_forgeries_22_5.png,22,skilled_forgery,0.1134033203125
22_skilled_forgery_forgeries_22_6.png,22,skilled_forgery,0.111907958984375
22_skilled_forgery_forgeries_22_7.png,22,skilled_forgery,0.0977630615234375
22_skilled_forgery_forgeries_22_8.png,22,skilled_forgery,0.0954742431640625
22_skilled_forgery_forgeries_22_9.png,22,skilled_forgery,0.098297119140625
23_skilled_forgery_forgeries_23_1.png,23,skilled_forgery,0.060577392578125
23_skilled_forgery_forgeries_23_10.png,23,skilled_forgery,0.0777740478515625
23_skilled_forgery_forgeries_23_11.png,23,skilled_forgery,0.07232666015625
23_skilled_forgery_forgeries_23_12.png,23,skilled_forgery,0.0638580322265625
23_skilled_forgery_forgeries_23_13.png,23,skilled_forgery,0.073944091796875
23_skilled_forgery_forgeries_23_14.png,23,skilled_forgery,0.0769500732421875
23_skilled_forgery_forgeries_23_15.png,23,skilled_forgery,0.0696563720703125
23_skilled_forgery_forgeries_23_16.png,23,skilled_forgery,0.0830078125
23_skilled_forgery_forgeries_23_17.png,23,skilled_forgery,0.07513427734375
23_skilled_forgery_forgeries_23_18.png,23,skilled_forgery,0.0844573974609375
23_skilled_forgery_forgeries_23_19.png,23,skilled_forgery,0.0891265869140625
23_skilled_forgery_forgeries_23_2.png,23,skilled_forgery,0.072479248046875
23_skilled_forgery_forgeries_23_20.png,23,skilled_forgery,0.0702972412109375
23_skilled_forgery_forgeries_23_21.png,23,skilled_forgery,0.074951171875
23_skilled_forgery_forgeries_23_22.png,23,skilled_forgery,0.0802154541015625
23_skilled_forgery_forgeries_23_23.png,23,skilled_forgery,0.07879638671875
23_skilled_forgery_forgeries_23_24.png,23,skilled_forgery,0.0800628662109375
23_skilled_forgery_forgeries_23_3.png,23,skilled_forgery,0.0771942138671875
23_skilled_forgery_forgeries_23_4.png,23,skilled_forgery,0.0677032470703125
23_skilled_forgery_forgeries_23_5.png,23,skilled_forgery,0.079010009765625
23_skilled_forgery_forgeries_23_6.png,23,skilled_forgery,0.0765838623046875
23_skilled_forgery_forgeries_23_7.png,23,skilled_forgery,0.07086181640625
23_skilled_forgery_forgeries_23_8.png,23,skilled_forgery,0.0743255615234375
23_skilled_forgery_forgeries_23_9.png,23,skilled_forgery,0.06658935546875
24_skilled_forgery_forgeries_24_1.png,24,skilled_forgery,0.05145263671875
24_skilled_forgery_forgeries_24_10.png,24,skilled_forgery,0.0819091796875
24_skilled_forgery_forgeries_24_11.png,24,skilled_forgery,0.0678863525390625
24_skilled_forgery_forgeries_24_12.png,24,skilled_forgery,0.059814453125
24_skilled_forgery_forgeries_24_13.png,24,skilled_forgery,0.0605621337890625
24_skilled_forgery_forgeries_24_14.png,24,skilled_forgery,0.0635223388671875
24_skilled_forgery_forgeries_24_15.png,24,skilled_forgery,0.0577545166015625
24_skilled_forgery_forgeries_24_16.png,24,skilled_forgery,0.064239501953125
24_skilled_forgery_forgeries_24_17.png,24,skilled_forgery,0.0623016357421875
24_skilled_forgery_forgeries_24_18.png,24,skilled_forgery,0.0591278076171875
24_skilled_forgery_forgeries_24_19.png,24,skilled_forgery,0.06671142578125
24_skilled_forgery_forgeries_24_2.png,24,skilled_forgery,0.05828857421875
24_skilled_forgery_forgeries_24_20.png,24,skilled_forgery,0.066680908203125
24_skilled_forgery_forgeries_24_21.png,24,skilled_forgery,0.066253662109375
24_skilled_forgery_forgeries_24_22.png,24,skilled_forgery,0.0771484375
24_skilled_forgery_forgeries_24_23.png,24,skilled_forgery,0.0593109130859375
24_skilled_forgery_forgeries_24_24.png,24,skilled_forgery,0.064666748046875
24_skilled_forgery_forgeries_24_3.png,24,skilled_forgery,0.056396484375
24_skilled_forgery_forgeries_24_4.png,24,skilled_forgery,0.0661773681640625
24_skilled_forgery_forgeries_24_5.png,24,skilled_forgery,0.089630126953125
24_skilled_forgery_forgeries_24_6.png,24,skilled_forgery,0.0799407958984375
24_skilled_forgery_forgeries_24_7.png,24,skilled_forgery,0.087371826171875
24_skilled_forgery_forgeries_24_8.png,24,skilled_forgery,0.083251953125
24_skilled_forgery_forgeries_24_9.png,24,skilled_forgery,0.08856201171875
25_skilled_forgery_forgeries_25_1.png,25,skilled_forgery,0.0650634765625
25_skilled_forgery_forgeries_25_10.png,25,skilled_forgery,0.0686492919921875
25_skilled_forgery_forgeries_25_11.png,25,skilled_forgery,0.0751190185546875
25_skilled_forgery_forgeries_25_12.png,25,skilled_forgery,0.0597686767578125
25_skilled_forgery_forgeries_25_13.png,25,skilled_forgery,0.069122314453125
25_skilled_forgery_forgeries_25_14.png,25,skilled_forgery,0.0824432373046875
25_skilled_forgery_forgeries_25_15.png,25,skilled_forgery,0.069854736328125
25_skilled_forgery_forgeries_25_16.png,25,skilled_forgery,0.0824127197265625
25_skilled_forgery_forgeries_25_17.png,25,skilled_forgery,0.0860443115234375
25_skilled_forgery_forgeries_25_18.png,25,skilled_forgery,0.0633697509765625
25_skilled_forgery_forgeries_25_19.png,25,skilled_forgery,0.0654449462890625
25_skilled_forgery_forgeries_25_2.png,25,skilled_forgery,0.0662384033203125
25_skilled_forgery_forgeries_25_20.png,25,skilled_forgery,0.06414794921875
25_skilled_forgery_forgeries_25_21.png,25,skilled_forgery,0.068939208984375
25_skilled_forgery_forgeries_25_22.png,25,skilled_forgery,0.0678863525390625
25_skilled_forgery_forgeries_25_23.png,25,skilled_forgery,0.0657196044921875
25_skilled_forgery_forgeries_25_24.png,25,skilled_forgery,0.0742034912109375
25_skilled_forgery_forgeries_25_3.png,25,skilled_forgery,0.0833740234375
25_skilled_forgery_forgeries_25_4.png,25,skilled_forgery,0.0699615478515625
25_skilled_forgery_forgeries_25_5.png,25,skilled_forgery,0.0703277587890625
25_skilled_forgery_forgeries_25_6.png,25,skilled_forgery,0.0780487060546875
25_skilled_forgery_forgeries_25_7.png,25,skilled_forgery,0.0843658447265625
25_skilled_forgery_forgeries_25_8.png,25,skilled_forgery,0.0836181640625
25_skilled_forgery_forgeries_25_9.png,25,skilled_forgery,0.071685791015625
26_skilled_forgery_forgeries_26_1.png,26,skilled_forgery,0.0471038818359375
26_skilled_forgery_forgeries_26_10.png,26,skilled_forgery,0.0440216064453125
26_skilled_forgery_forgeries_26_11.png,26,skilled_forgery,0.0413055419921875
26_skilled_forgery_forgeries_26_12.png,26,skilled_forgery,0.051055908203125
26_skilled_forgery_forgeries_26_13.png,26,skilled_forgery,0.0568389892578125
26_skilled_forgery_forgeries_26_14.png,26,skilled_forgery,0.0661468505859375
26_skilled_forgery_forgeries_26_15.png,26,skilled_forgery,0.0537567138671875
26_skilled_forgery_forgeries_26_16.png,26,skilled_forgery,0.0541839599609375
26_skilled_forgery_forgeries_26_17.png,26,skilled_forgery,0.0548248291015625
26_skilled_forgery_forgeries_26_18.png,26,skilled_forgery,0.0518341064453125
26_skilled_forgery_forgeries_26_19.png,26,skilled_forgery,0.0615234375
26_skilled_forgery_forgeries_26_2.png,26,skilled_forgery,0.05694580078125
26_skilled_forgery_forgeries_26_20.png,26,skilled_forgery,0.06085205078125
26_skilled_forgery_forgeries_26_21.png,26,skilled_forgery,0.053924560546875
26_skilled_forgery_forgeries_26_22.png,26,skilled_forgery,0.055328369140625
26_skilled_forgery_forgeries_26_23.png,26,skilled_forgery,0.055206298828125
26_skilled_forgery_forgeries_26_24.png,26,skilled_forgery,0.061126708984375
26_skilled_forgery_forgeries_26_3.png,26,skilled_forgery,0.0566253662109375
26_skilled_forgery_forgeries_26_4.png,26,skilled_forgery,0.0414581298828125
26_skilled_forgery_forgeries_26_5.png,26,skilled_forgery,0.0468597412109375
26_skilled_forgery_forgeries_26_6.png,26,skilled_forgery,0.041229248046875
26_skilled_forgery_forgeries_26_7.png,26,skilled_forgery,0.0406341552734375
26_skilled_forgery_forgeries_26_8.png,26,skilled_forgery,0.0449066162109375
26_skilled_forgery_forgeries_26_9.png,26,skilled_forgery,0.0436859130859375
27_skilled_forgery_forgeries_27_1.png,27,skilled_forgery,0.109405517578125
27_skilled_forgery_forgeries_27_10.png,27,skilled_forgery,0.1212310791015625
27_skilled_forgery_forgeries_27_11.png,27,skilled_forgery,0.1071624755859375
27_skilled_forgery_forgeries_27_12.png,27,skilled_forgery,0.11083984375
27_skilled_forgery_forgeries_27_13.png,27,skilled_forgery,0.08636474609375
27_skilled_forgery_forgeries_27_14.png,27,skilled_forgery,0.090667724609375
27_skilled_forgery_forgeries_27_15.png,27,skilled_forgery,0.09722900390625
27_skilled_forgery_forgeries_27_16.png,27,skilled_forgery,0.0931549072265625
27_skilled_forgery_forgeries_27_17.png,27,skilled_forgery,0.081390380859375
27_skilled_forgery_forgeries_27_18.png,27,skilled_forgery,0.0848236083984375
27_skilled_forgery_forgeries_27_19.png,27,skilled_forgery,0.0980224609375
27_skilled_forgery_forgeries_27_2.png,27,skilled_forgery,0.1084442138671875
27_skilled_forgery_forgeries_27_20.png,27,skilled_forgery,0.094818115234375
27_skilled_forgery_forgeries_27_21.png,27,skilled_forgery,0.1126861572265625
27_skilled_forgery_forgeries_27_22.png,27,skilled_forgery,0.1119232177734375
27_skilled_forgery_forgeries_27_23.png,27,skilled_forgery,0.089141845703125
27_skilled_forgery_forgeries_27_24.png,27,skilled_forgery,0.0779266357421875
27_skilled_forgery_forgeries_27_3.png,27,skilled_forgery,0.0996551513671875
27_skilled_forgery_forgeries_27_4.png,27,skilled_forgery,0.129608154296875
27_skilled_forgery_forgeries_27_5.png,27,skilled_forgery,0.111572265625
27_skilled_forgery_forgeries_27_6.png,27,skilled_forgery,0.1099090576171875
27_skilled_forgery_forgeries_27_7.png,27,skilled_forgery,0.1110687255859375
27_skilled_forgery_forgeries_27_8.png,27,skilled_forgery,0.1056365966796875
27_skilled_forgery_forgeries_27_9.png,27,skilled_forgery,0.10968017578125
28_skilled_forgery_forgeries_28_1.png,28,skilled_forgery,0.0738983154296875
28_skilled_forgery_forgeries_28_10.png,28,skilled_forgery,0.0558013916015625
28_skilled_forgery_forgeries_28_11.png,28,skilled_forgery,0.0644989013671875
28_skilled_forgery_forgeries_28_12.png,28,skilled_forgery,0.0696868896484375
28_skilled_forgery_forgeries_28_13.png,28,skilled_forgery,0.06903076171875
28_skilled_forgery_forgeries_28_14.png,28,skilled_forgery,0.0691986083984375
28_skilled_forgery_forgeries_28_15.png,28,skilled_forgery,0.07391357421875
28_skilled_forgery_forgeries_28_16.png,28,skilled_forgery,0.072784423828125
28_skilled_forgery_forgeries_28_17.png,28,skilled_forgery,0.0671539306640625
28_skilled_forgery_forgeries_28_18.png,28,skilled_forgery,0.07159423828125
28_skilled_forgery_forgeries_28_19.png,28,skilled_forgery,0.07257080078125
28_skilled_forgery_forgeries_28_2.png,28,skilled_forgery,0.0778045654296875
28_skilled_forgery_forgeries_28_20.png,28,skilled_forgery,0.076416015625
28_skilled_forgery_forgeries_28_21.png,28,skilled_forgery,0.0624237060546875
28_skilled_forgery_forgeries_28_22.png,28,skilled_forgery,0.055084228515625
28_skilled_forgery_forgeries_28_23.png,28,skilled_forgery,0.071624755859375
28_skilled_forgery_forgeries_28_24.png,28,skilled_forgery,0.0693511962890625
28_skilled_forgery_forgeries_28_3.png,28,skilled_forgery,0.083038330078125
28_skilled_forgery_forgeries_28_4.png,28,skilled_forgery,0.0430908203125
28_skilled_forgery_forgeries_28_5.png,28,skilled_forgery,0.0726776123046875
28_skilled_forgery_forgeries_28_6.png,28,skilled_forgery,0.0674591064453125
28_skilled_forgery_forgeries_28_7.png,28,skilled_forgery,0.0553741455078125
28_skilled_forgery_forgeries_28_8.png,28,skilled_forgery,0.0708465576171875
28_skilled_forgery_forgeries_28_9.png,28,skilled_forgery,0.073455810546875
29_skilled_forgery_forgeries_29_1.png,29,skilled_forgery,0.049072265625
29_skilled_forgery_forgeries_29_10.png,29,skilled_forgery,0.04083251953125
29_skilled_forgery_forgeries_29_11.png,29,skilled_forgery,0.0613555908203125
29_skilled_forgery_forgeries_29_12.png,29,skilled_forgery,0.0462493896484375
29_skilled_forgery_forgeries_29_13.png,29,skilled_forgery,0.0749359130859375
29_skilled_forgery_forgeries_29_14.png,29,skilled_forgery,0.0700531005859375
29_skilled_forgery_forgeries_29_15.png,29,skilled_forgery,0.0767974853515625
29_skilled_forgery_forgeries_29_16.png,29,skilled_forgery,0.069580078125
29_skilled_forgery_forgeries_29_17.png,29,skilled_forgery,0.07952880859375
29_skilled_forgery_forgeries_29_18.png,29,skilled_forgery,0.0646820068359375
29_skilled_forgery_forgeries_29_19.png,29,skilled_forgery,0.077117919921875
29_skilled_forgery_forgeries_29_2.png,29,skilled_forgery,0.046142578125
29_skilled_forgery_forgeries_29_20.png,29,skilled_forgery,0.079315185546875
29_skilled_forgery_forgeries_29_21.png,29,skilled_forgery,0.066680908203125
29_skilled_forgery_forgeries_29_22.png,29,skilled_forgery,0.083099365234375
29_skilled_forgery_forgeries_29_23.png,29,skilled_forgery,0.0803985595703125
29_skilled_forgery_forgeries_29_24.png,29,skilled_forgery,0.0687103271484375
29_skilled_forgery_forgeries_29_3.png,29,skilled_forgery,0.043426513671875
29_skilled_forgery_forgeries_29_4.png,29,skilled_forgery,0.040740966796875
29_skilled_forgery_forgeries_29_5.png,29,skilled_forgery,0.0470123291015625
29_skilled_forgery_forgeries_29_6.png,29,skilled_forgery,0.0584564208984375
29_skilled_forgery_forgeries_29_7.png,29,skilled_forgery,0.0440216064453125
29_skilled_forgery_forgeries_29_8.png,29,skilled_forgery,0.0413055419921875
29_skilled_forgery_forgeries_29_9.png,29,skilled_forgery,0.0562286376953125
2_skilled_forgery_forgeries_2_1.png,2,skilled_forgery,0.0910797119140625
2_skilled_forgery_forgeries_2_10.png,2,skilled_forgery,0.1230316162109375
2_skilled_forgery_forgeries_2_11.png,2,skilled_forgery,0.1018829345703125
2_skilled_forgery_forgeries_2_12.png,2,skilled_forgery,0.089569091796875
2_skilled_forgery_forgeries_2_13.png,2,skilled_forgery,0.1057586669921875
2_skilled_forgery_forgeries_2_14.png,2,skilled_forgery,0.08392333984375
2_skilled_forgery_forgeries_2_15.png,2,skilled_forgery,0.1392364501953125
2_skilled_forgery_forgeries_2_16.png,2,skilled_forgery,0.1119384765625
2_skilled_forgery_forgeries_2_17.png,2,skilled_forgery,0.102020263671875
2_skilled_forgery_forgeries_2_18.png,2,skilled_forgery,0.0782928466796875
2_skilled_forgery_forgeries_2_19.png,2,skilled_forgery,0.08447265625
2_skilled_forgery_forgeries_2_2.png,2,skilled_forgery,0.100128173828125
2_skilled_forgery_forgeries_2_20.png,2,skilled_forgery,0.0950164794921875
2_skilled_forgery_forgeries_2_21.png,2,skilled_forgery,0.10760498046875
2_skilled_forgery_forgeries_2_22.png,2,skilled_forgery,0.1089630126953125
2_skilled_forgery_forgeries_2_23.png,2,skilled_forgery,0.08575439453125
2_skilled_forgery_forgeries_2_24.png,2,skilled_forgery,0.0857696533203125
2_skilled_forgery_forgeries_2_3.png,2,skilled_forgery,0.1176605224609375
2_skilled_forgery_forgeries_2_4.png,2,skilled_forgery,0.1053314208984375
2_skilled_forgery_forgeries_2_5.png,2,skilled_forgery,0.1016693115234375
2_skilled_forgery_forgeries_2_6.png,2,skilled_forgery,0.0985107421875
2_skilled_forgery_forgeries_2_7.png,2,skilled_forgery,0.122100830078125
2_skilled_forgery_forgeries_2_8.png,2,skilled_forgery,0.0652008056640625
2_skilled_forgery_forgeries_2_9.png,2,skilled_forgery,0.1277618408203125
30_skilled_forgery_forgeries_30_1.png,30,skilled_forgery,0.0901031494140625
30_skilled_forgery_forgeries_30_10.png,30,skilled_forgery,0.06036376953125
30_skilled_forgery_forgeries_30_11.png,30,skilled_forgery,0.072235107421875
30_skilled_forgery_forgeries_30_12.png,30,skilled_forgery,0.094696044921875
30_skilled_forgery_forgeries_30_13.png,30,skilled_forgery,0.0858917236328125
30_skilled_forgery_forgeries_30_14.png,30,skilled_forgery,0.0958709716796875
30_skilled_forgery_forgeries_30_15.png,30,skilled_forgery,0.0954742431640625
30_skilled_forgery_forgeries_30_16.png,30,skilled_forgery,0.0926361083984375
30_skilled_forgery_forgeries_30_17.png,30,skilled_forgery,0.0873870849609375
30_skilled_forgery_forgeries_30_18.png,30,skilled_forgery,0.0903472900390625
30_skilled_forgery_forgeries_30_19.png,30,skilled_forgery,0.1078033447265625
30_skilled_forgery_forgeries_30_2.png,30,skilled_forgery,0.09393310546875
30_skilled_forgery_forgeries_30_20.png,30,skilled_forgery,0.0881805419921875
30_skilled_forgery_forgeries_30_21.png,30,skilled_forgery,0.08599853515625
30_skilled_forgery_forgeries_30_22.png,30,skilled_forgery,0.1135406494140625
30_skilled_forgery_forgeries_30_23.png,30,skilled_forgery,0.08624267578125
30_skilled_forgery_forgeries_30_24.png,30,skilled_forgery,0.087005615234375
30_skilled_forgery_forgeries_30_3.png,30,skilled_forgery,0.1079254150390625
30_skilled_forgery_forgeries_30_4.png,30,skilled_forgery,0.04974365234375
30_skilled_forgery_forgeries_30_5.png,30,skilled_forgery,0.0597076416015625
30_skilled_forgery_forgeries_30_6.png,30,skilled_forgery,0.0489044189453125
30_skilled_forgery_forgeries_30_7.png,30,skilled_forgery,0.066253662109375
30_skilled_forgery_forgeries_30_8.png,30,skilled_forgery,0.0638885498046875
30_skilled_forgery_forgeries_30_9.png,30,skilled_forgery,0.0601654052734375
31_skilled_forgery_forgeries_31_1.png,31,skilled_forgery,0.1153411865234375
31_skilled_forgery_forgeries_31_10.png,31,skilled_forgery,0.1176300048828125
31_skilled_forgery_forgeries_31_11.png,31,skilled_forgery,0.110137939453125
31_skilled_forgery_forgeries_31_12.png,31,skilled_forgery,0.0973663330078125
31_skilled_forgery_forgeries_31_13.png,31,skilled_forgery,0.121429443359375
31_skilled_forgery_forgeries_31_14.png,31,skilled_forgery,0.1080780029296875
31_skilled_forgery_forgeries_31_15.png,31,skilled_forgery,0.106964111328125
31_skilled_forgery_forgeries_31_16.png,31,skilled_forgery,0.1078643798828125
31_skilled_forgery_forgeries_31_17.png,31,skilled_forgery,0.11279296875
31_skilled_forgery_forgeries_31_18.png,31,skilled_forgery,0.113983154296875
31_skilled_forgery_forgeries_31_19.png,31,skilled_forgery,0.110382080078125
31_skilled_forgery_forgeries_31_2.png,31,skilled_forgery,0.105865478515625
31_skilled_forgery_forgeries_31_20.png,31,skilled_forgery,0.1085052490234375
31_skilled_forgery_forgeries_31_21.png,31,skilled_forgery,0.128265380859375
31_skilled_forgery_forgeries_31_22.png,31,skilled_forgery,0.1181640625
31_skilled_forgery_forgeries_31_23.png,31,skilled_forgery,0.12347412109375
31_skilled_forgery_forgeries_31_24.png,31,skilled_forgery,0.111236572265625
31_skilled_forgery_forgeries_31_3.png,31,skilled_forgery,0.1075592041015625
31_skilled_forgery_forgeries_31_4.png,31,skilled_forgery,0.122222900390625
31_skilled_forgery_forgeries_31_5.png,31,skilled_forgery,0.1258087158203125
31_skilled_forgery_forgeries_31_6.png,31,skilled_forgery,0.115966796875
31_skilled_forgery_forgeries_31_7.png,31,skilled_forgery,0.133697509765625
31_skilled_forgery_forgeries_31_8.png,31,skilled_forgery,0.1369476318359375
31_skilled_forgery_forgeries_31_9.png,31,skilled_forgery,0.1395721435546875
32_skilled_forgery_forgeries_32_1.png,32,skilled_forgery,0.1018829345703125
32_skilled_forgery_forgeries_32_10.png,32,skilled_forgery,0.116424560546875
32_skilled_forgery_forgeries_32_11.png,32,skilled_forgery,0.112884521484375
32_skilled_forgery_forgeries_32_12.png,32,skilled_forgery,0.12213134765625
32_skilled_forgery_forgeries_32_13.png,32,skilled_forgery,0.1061248779296875
32_skilled_forgery_forgeries_32_14.png,32,skilled_forgery,0.1146392822265625
32_skilled_forgery_forgeries_32_15.png,32,skilled_forgery,0.107452392578125
32_skilled_forgery_forgeries_32_16.png,32,skilled_forgery,0.101837158203125
32_skilled_forgery_forgeries_32_17.png,32,skilled_forgery,0.1128387451171875
32_skilled_forgery_forgeries_32_18.png,32,skilled_forgery,0.10986328125
32_skilled_forgery_forgeries_32_19.png,32,skilled_forgery,0.10650634765625
32_skilled_forgery_forgeries_32_2.png,32,skilled_forgery,0.1219329833984375
32_skilled_forgery_forgeries_32_20.png,32,skilled_forgery,0.1036224365234375
32_skilled_forgery_forgeries_32_21.png,32,skilled_forgery,0.0966033935546875
32_skilled_forgery_forgeries_32_22.png,32,skilled_forgery,0.104705810546875
32_skilled_forgery_forgeries_32_23.png,32,skilled_forgery,0.09490966796875
32_skilled_forgery_forgeries_32_24.png,32,skilled_forgery,0.0971221923828125
32_skilled_forgery_forgeries_32_3.png,32,skilled_forgery,0.115753173828125
32_skilled_forgery_forgeries_32_4.png,32,skilled_forgery,0.089691162109375
32_skilled_forgery_forgeries_32_5.png,32,skilled_forgery,0.0758209228515625
32_skilled_forgery_forgeries_32_6.png,32,skilled_forgery,0.072540283203125
32_skilled_forgery_forgeries_32_7.png,32,skilled_forgery,0.0684814453125
32_skilled_forgery_forgeries_32_8.png,32,skilled_forgery,0.076812744140625
32_skilled_forgery_forgeries_32_9.png,32,skilled_forgery,0.102630615234375
33_skilled_forgery_forgeries_33_1.png,33,skilled_forgery,0.0688018798828125
33_skilled_forgery_forgeries_33_10.png,33,skilled_forgery,0.065643310546875
33_skilled_forgery_forgeries_33_11.png,33,skilled_forgery,0.0685882568359375
33_skilled_forgery_forgeries_33_12.png,33,skilled_forgery,0.06640625
33_skilled_forgery_forgeries_33_13.png,33,skilled_forgery,0.085540771484375
33_skilled_forgery_forgeries_33_14.png,33,skilled_forgery,0.080078125
33_skilled_forgery_forgeries_33_15.png,33,skilled_forgery,0.0890350341796875
33_skilled_forgery_forgeries_33_16.png,33,skilled_forgery,0.076507568359375
33_skilled_forgery_forgeries_33_17.png,33,skilled_forgery,0.085235595703125
33_skilled_forgery_forgeries_33_18.png,33,skilled_forgery,0.0964813232421875
33_skilled_forgery_forgeries_33_19.png,33,skilled_forgery,0.0770111083984375
33_skilled_forgery_forgeries_33_2.png,33,skilled_forgery,0.0840301513671875
33_skilled_forgery_forgeries_33_20.png,33,skilled_forgery,0.07470703125
33_skilled_forgery_forgeries_33_21.png,33,skilled_forgery,0.0636138916015625
33_skilled_forgery_forgeries_33_22.png,33,skilled_forgery,0.0678558349609375
33_skilled_forgery_forgeries_33_23.png,33,skilled_forgery,0.0659942626953125
33_skilled_forgery_forgeries_33_24.png,33,skilled_forgery,0.0733184814453125
33_skilled_forgery_forgeries_33_3.png,33,skilled_forgery,0.070220947265625
33_skilled_forgery_forgeries_33_4.png,33,skilled_forgery,0.0693206787109375
33_skilled_forgery_forgeries_33_5.png,33,skilled_forgery,0.0718536376953125
33_skilled_forgery_forgeries_33_6.png,33,skilled_forgery,0.0783538818359375
33_skilled_forgery_forgeries_33_7.png,33,skilled_forgery,0.0698089599609375
33_skilled_forgery_forgeries_33_8.png,33,skilled_forgery,0.07855224609375
33_skilled_forgery_forgeries_33_9.png,33,skilled_forgery,0.05828857421875
34_skilled_forgery_forgeries_34_1.png,34,skilled_forgery,0.0609588623046875
34_skilled_forgery_forgeries_34_10.png,34,skilled_forgery,0.053619384765625
34_skilled_forgery_forgeries_34_11.png,34,skilled_forgery,0.0511932373046875
34_skilled_forgery_forgeries_34_12.png,34,skilled_forgery,0.0622406005859375
34_skilled_forgery_forgeries_34_13.png,34,skilled_forgery,0.0679931640625
34_skilled_forgery_forgeries_34_14.png,34,skilled_forgery,0.069122314453125
34_skilled_forgery_forgeries_34_15.png,34,skilled_forgery,0.0692901611328125
34_skilled_forgery_forgeries_34_16.png,34,skilled_forgery,0.064544677734375
34_skilled_forgery_forgeries_34_17.png,34,skilled_forgery,0.063262939453125
34_skilled_forgery_forgeries_34_18.png,34,skilled_forgery,0.05157470703125
34_skilled_forgery_forgeries_34_19.png,34,skilled_forgery,0.0554656982421875
34_skilled_forgery_forgeries_34_2.png,34,skilled_forgery,0.067352294921875
34_skilled_forgery_forgeries_34_20.png,34,skilled_forgery,0.058837890625
34_skilled_forgery_forgeries_34_21.png,34,skilled_forgery,0.05224609375
34_skilled_forgery_forgeries_34_22.png,34,skilled_forgery,0.062042236328125
34_skilled_forgery_forgeries_34_23.png,34,skilled_forgery,0.0659942626953125
34_skilled_forgery_forgeries_34_24.png,34,skilled_forgery,0.0631256103515625
34_skilled_forgery_forgeries_34_3.png,34,skilled_forgery,0.06402587890625
34_skilled_forgery_forgeries_34_4.png,34,skilled_forgery,0.0441436767578125
34_skilled_forgery_forgeries_34_5.png,34,skilled_forgery,0.0429229736328125
34_skilled_forgery_forgeries_34_6.png,34,skilled_forgery,0.046356201171875
34_skilled_forgery_forgeries_34_7.png,34,skilled_forgery,0.0438079833984375
34_skilled_forgery_forgeries_34_8.png,34,skilled_forgery,0.0469207763671875
34_skilled_forgery_forgeries_34_9.png,34,skilled_forgery,0.0514678955078125
35_skilled_forgery_forgeries_35_1.png,35,skilled_forgery,0.0850372314453125
35_skilled_forgery_forgeries_35_10.png,35,skilled_forgery,0.0868988037109375
35_skilled_forgery_forgeries_35_11.png,35,skilled_forgery,0.0692596435546875
35_skilled_forgery_forgeries_35_12.png,35,skilled_forgery,0.0768890380859375
35_skilled_forgery_forgeries_35_13.png,35,skilled_forgery,0.092926025390625
35_skilled_forgery_forgeries_35_14.png,35,skilled_forgery,0.085968017578125
35_skilled_forgery_forgeries_35_15.png,35,skilled_forgery,0.0882415771484375
35_skilled_forgery_forgeries_35_16.png,35,skilled_forgery,0.0844268798828125
35_skilled_forgery_forgeries_35_17.png,35,skilled_forgery,0.0876617431640625
35_skilled_forgery_forgeries_35_18.png,35,skilled_forgery,0.0822601318359375
35_skilled_forgery_forgeries_35_19.png,35,skilled_forgery,0.0740814208984375
35_skilled_forgery_forgeries_35_2.png,35,skilled_forgery,0.0803680419921875
35_skilled_forgery_forgeries_35_20.png,35,skilled_forgery,0.0779266357421875
35_skilled_forgery_forgeries_35_21.png,35,skilled_forgery,0.0738983154296875
35_skilled_forgery_forgeries_35_22.png,35,skilled_forgery,0.075469970703125
35_skilled_forgery_forgeries_35_23.png,35,skilled_forgery,0.0724029541015625
35_skilled_forgery_forgeries_35_24.png,35,skilled_forgery,0.0743560791015625
35_skilled_forgery_forgeries_35_3.png,35,skilled_forgery,0.0897369384765625
35_skilled_forgery_forgeries_35_4.png,35,skilled_forgery,0.093231201171875
35_skilled_forgery_forgeries_35_5.png,35,skilled_forgery,0.086700439453125
35_skilled_forgery_forgeries_35_6.png,35,skilled_forgery,0.0865631103515625
35_skilled_forgery_forgeries_35_7.png,35,skilled_forgery,0.0764923095703125
35_skilled_forgery_forgeries_35_8.png,35,skilled_forgery,0.0901336669921875
35_skilled_forgery_forgeries_35_9.png,35,skilled_forgery,0.0903778076171875
36_skilled_forgery_forgeries_36_1.png,36,skilled_forgery,0.0845947265625
36_skilled_forgery_forgeries_36_10.png,36,skilled_forgery,0.0908050537109375
36_skilled_forgery_forgeries_36_11.png,36,skilled_forgery,0.077911376953125
36_skilled_forgery_forgeries_36_12.png,36,skilled_forgery,0.0732574462890625
36_skilled_forgery_forgeries_36_13.png,36,skilled_forgery,0.0797882080078125
36_skilled_forgery_forgeries_36_14.png,36,skilled_forgery,0.085968017578125
36_skilled_forgery_forgeries_36_15.png,36,skilled_forgery,0.071533203125
36_skilled_forgery_forgeries_36_16.png,36,skilled_forgery,0.08612060546875
36_skilled_forgery_forgeries_36_17.png,36,skilled_forgery,0.0844573974609375
36_skilled_forgery_forgeries_36_18.png,36,skilled_forgery,0.087127685546875
36_skilled_forgery_forgeries_36_19.png,36,skilled_forgery,0.0693359375
36_skilled_forgery_forgeries_36_2.png,36,skilled_forgery,0.0899200439453125
36_skilled_forgery_forgeries_36_20.png,36,skilled_forgery,0.0823211669921875
36_skilled_forgery_forgeries_36_21.png,36,skilled_forgery,0.0785980224609375
36_skilled_forgery_forgeries_36_22.png,36,skilled_forgery,0.074432373046875
36_skilled_forgery_forgeries_36_23.png,36,skilled_forgery,0.073486328125
36_skilled_forgery_forgeries_36_24.png,36,skilled_forgery,0.087188720703125
36_skilled_forgery_forgeries_36_3.png,36,skilled_forgery,0.084259033203125
36_skilled_forgery_forgeries_36_4.png,36,skilled_forgery,0.0659332275390625
36_skilled_forgery_forgeries_36_5.png,36,skilled_forgery,0.080078125
36_skilled_forgery_forgeries_36_6.png,36,skilled_forgery,0.079986572265625
36_skilled_forgery_forgeries_36_7.png,36,skilled_forgery,0.0684661865234375
36_skilled_forgery_forgeries_36_8.png,36,skilled_forgery,0.096038818359375
36_skilled_forgery_forgeries_36_9.png,36,skilled_forgery,0.0745086669921875
37_skilled_forgery_forgeries_37_1.png,37,skilled_forgery,0.0580902099609375
37_skilled_forgery_forgeries_37_10.png,37,skilled_forgery,0.083343505859375
37_skilled_forgery_forgeries_37_11.png,37,skilled_forgery,0.07025146484375
37_skilled_forgery_forgeries_37_12.png,37,skilled_forgery,0.07000732421875
37_skilled_forgery_forgeries_37_13.png,37,skilled_forgery,0.061614990234375
37_skilled_forgery_forgeries_37_14.png,37,skilled_forgery,0.0664825439453125
37_skilled_forgery_forgeries_37_15.png,37,skilled_forgery,0.0556182861328125
37_skilled_forgery_forgeries_37_16.png,37,skilled_forgery,0.061767578125
37_skilled_forgery_forgeries_37_17.png,37,skilled_forgery,0.07244873046875
37_skilled_forgery_forgeries_37_18.png,37,skilled_forgery,0.06036376953125
37_skilled_forgery_forgeries_37_19.png,37,skilled_forgery,0.0751495361328125
37_skilled_forgery_forgeries_37_2.png,37,skilled_forgery,0.0660400390625
37_skilled_forgery_forgeries_37_20.png,37,skilled_forgery,0.058502197265625
37_skilled_forgery_forgeries_37_21.png,37,skilled_forgery,0.0540771484375
37_skilled_forgery_forgeries_37_22.png,37,skilled_forgery,0.06781005859375
37_skilled_forgery_forgeries_37_23.png,37,skilled_forgery,0.0772857666015625
37_skilled_forgery_forgeries_37_24.png,37,skilled_forgery,0.049407958984375
37_skilled_forgery_forgeries_37_3.png,37,skilled_forgery,0.0800933837890625
37_skilled_forgery_forgeries_37_4.png,37,skilled_forgery,0.0676422119140625
37_skilled_forgery_forgeries_37_5.png,37,skilled_forgery,0.0599517822265625
37_skilled_forgery_forgeries_37_6.png,37,skilled_forgery,0.07373046875
37_skilled_forgery_forgeries_37_7.png,37,skilled_forgery,0.0707550048828125
37_skilled_forgery_forgeries_37_8.png,37,skilled_forgery,0.0713653564453125
37_skilled_forgery_forgeries_37_9.png,37,skilled_forgery,0.064697265625
38_skilled_forgery_forgeries_38_1.png,38,skilled_forgery,0.0470123291015625
38_skilled_forgery_forgeries_38_10.png,38,skilled_forgery,0.0518035888671875
38_skilled_forgery_forgeries_38_11.png,38,skilled_forgery,0.0709381103515625
38_skilled_forgery_forgeries_38_12.png,38,skilled_forgery,0.052215576171875
38_skilled_forgery_forgeries_38_13.png,38,skilled_forgery,0.0504608154296875
38_skilled_forgery_forgeries_38_14.png,38,skilled_forgery,0.0593414306640625
38_skilled_forgery_forgeries_38_15.png,38,skilled_forgery,0.0579986572265625
38_skilled_forgery_forgeries_38_16.png,38,skilled_forgery,0.0497283935546875
38_skilled_forgery_forgeries_38_17.png,38,skilled_forgery,0.0593414306640625
38_skilled_forgery_forgeries_38_18.png,38,skilled_forgery,0.066070556640625
38_skilled_forgery_forgeries_38_19.png,38,skilled_forgery,0.0601043701171875
38_skilled_forgery_forgeries_38_2.png,38,skilled_forgery,0.03582763671875
38_skilled_forgery_forgeries_38_20.png,38,skilled_forgery,0.06024169921875
38_skilled_forgery_forgeries_38_21.png,38,skilled_forgery,0.0709075927734375
38_skilled_forgery_forgeries_38_22.png,38,skilled_forgery,0.0654296875
38_skilled_forgery_forgeries_38_23.png,38,skilled_forgery,0.040496826171875
38_skilled_forgery_forgeries_38_24.png,38,skilled_forgery,0.0579986572265625
38_skilled_forgery_forgeries_38_3.png,38,skilled_forgery,0.04888916015625
38_skilled_forgery_forgeries_38_4.png,38,skilled_forgery,0.0537109375
38_skilled_forgery_forgeries_38_5.png,38,skilled_forgery,0.07452392578125
38_skilled_forgery_forgeries_38_6.png,38,skilled_forgery,0.0461578369140625
38_skilled_forgery_forgeries_38_7.png,38,skilled_forgery,0.0499725341796875
38_skilled_forgery_forgeries_38_8.png,38,skilled_forgery,0.076751708984375
38_skilled_forgery_forgeries_38_9.png,38,skilled_forgery,0.059600830078125
39_skilled_forgery_forgeries_39_1.png,39,skilled_forgery,0.072021484375
39_skilled_forgery_forgeries_39_10.png,39,skilled_forgery,0.0846099853515625
39_skilled_forgery_forgeries_39_11.png,39,skilled_forgery,0.06695556640625
39_skilled_forgery_forgeries_39_12.png,39,skilled_forgery,0.0403289794921875
39_skilled_forgery_forgeries_39_13.png,39,skilled_forgery,0.0447845458984375
39_skilled_forgery_forgeries_39_14.png,39,skilled_forgery,0.0609283447265625
39_skilled_forgery_forgeries_39_15.png,39,skilled_forgery,0.0572052001953125
39_skilled_forgery_forgeries_39_16.png,39,skilled_forgery,0.0456695556640625
39_skilled_forgery_forgeries_39_17.png,39,skilled_forgery,0.058563232421875
39_skilled_forgery_forgeries_39_18.png,39,skilled_forgery,0.0690155029296875
39_skilled_forgery_forgeries_39_19.png,39,skilled_forgery,0.0422515869140625
39_skilled_forgery_forgeries_39_2.png,39,skilled_forgery,0.0841522216796875
39_skilled_forgery_forgeries_39_20.png,39,skilled_forgery,0.053955078125
39_skilled_forgery_forgeries_39_21.png,39,skilled_forgery,0.065826416015625
39_skilled_forgery_forgeries_39_22.png,39,skilled_forgery,0.072052001953125
39_skilled_forgery_forgeries_39_23.png,39,skilled_forgery,0.0445098876953125
39_skilled_forgery_forgeries_39_24.png,39,skilled_forgery,0.0521392822265625
39_skilled_forgery_forgeries_39_3.png,39,skilled_forgery,0.0463104248046875
39_skilled_forgery_forgeries_39_4.png,39,skilled_forgery,0.0673675537109375
39_skilled_forgery_forgeries_39_5.png,39,skilled_forgery,0.0467529296875
39_skilled_forgery_forgeries_39_6.png,39,skilled_forgery,0.05010986328125
39_skilled_forgery_forgeries_39_7.png,39,skilled_forgery,0.0703125
39_skilled_forgery_forgeries_39_8.png,39,skilled_forgery,0.0810699462890625
39_skilled_forgery_forgeries_39_9.png,39,skilled_forgery,0.0733489990234375
3_skilled_forgery_forgeries_3_1.png,3,skilled_forgery,0.0875701904296875
3_skilled_forgery_forgeries_3_10.png,3,skilled_forgery,0.0851898193359375
3_skilled_forgery_forgeries_3_11.png,3,skilled_forgery,0.0749664306640625
3_skilled_forgery_forgeries_3_12.png,3,skilled_forgery,0.0697784423828125
3_skilled_forgery_forgeries_3_13.png,3,skilled_forgery,0.076080322265625
3_skilled_forgery_forgeries_3_14.png,3,skilled_forgery,0.0714569091796875
3_skilled_forgery_forgeries_3_15.png,3,skilled_forgery,0.060638427734375
3_skilled_forgery_forgeries_3_16.png,3,skilled_forgery,0.0652618408203125
3_skilled_forgery_forgeries_3_17.png,3,skilled_forgery,0.0694122314453125
3_skilled_forgery_forgeries_3_18.png,3,skilled_forgery,0.070892333984375
3_skilled_forgery_forgeries_3_19.png,3,skilled_forgery,0.0609130859375
3_skilled_forgery_forgeries_3_2.png,3,skilled_forgery,0.0666351318359375
3_skilled_forgery_forgeries_3_20.png,3,skilled_forgery,0.0808868408203125
3_skilled_forgery_forgeries_3_21.png,3,skilled_forgery,0.077728271484375
3_skilled_forgery_forgeries_3_22.png,3,skilled_forgery,0.08612060546875
3_skilled_forgery_forgeries_3_23.png,3,skilled_forgery,0.0858001708984375
3_skilled_forgery_forgeries_3_24.png,3,skilled_forgery,0.0611724853515625
3_skilled_forgery_forgeries_3_3.png,3,skilled_forgery,0.0591583251953125
3_skilled_forgery_forgeries_3_4.png,3,skilled_forgery,0.0884246826171875
3_skilled_forgery_forgeries_3_5.png,3,skilled_forgery,0.078125
3_skilled_forgery_forgeries_3_6.png,3,skilled_forgery,0.08050537109375
3_skilled_forgery_forgeries_3_7.png,3,skilled_forgery,0.0770263671875
3_skilled_forgery_forgeries_3_8.png,3,skilled_forgery,0.10302734375
3_skilled_forgery_forgeries_3_9.png,3,skilled_forgery,0.09320068359375
40_skilled_forgery_forgeries_40_1.png,40,skilled_forgery,0.0652618408203125
40_skilled_forgery_forgeries_40_10.png,40,skilled_forgery,0.05804443359375
40_skilled_forgery_forgeries_40_11.png,40,skilled_forgery,0.0577545166015625
40_skilled_forgery_forgeries_40_12.png,40,skilled_forgery,0.0689239501953125
40_skilled_forgery_forgeries_40_13.png,40,skilled_forgery,0.0490875244140625
40_skilled_forgery_forgeries_40_14.png,40,skilled_forgery,0.063720703125
40_skilled_forgery_forgeries_40_15.png,40,skilled_forgery,0.058837890625
40_skilled_forgery_forgeries_40_16.png,40,skilled_forgery,0.058380126953125
40_skilled_forgery_forgeries_40_17.png,40,skilled_forgery,0.036163330078125
40_skilled_forgery_forgeries_40_18.png,40,skilled_forgery,0.055084228515625
40_skilled_forgery_forgeries_40_19.png,40,skilled_forgery,0.054534912109375
40_skilled_forgery_forgeries_40_2.png,40,skilled_forgery,0.0634765625
40_skilled_forgery_forgeries_40_20.png,40,skilled_forgery,0.051116943359375
40_skilled_forgery_forgeries_40_21.png,40,skilled_forgery,0.0525054931640625
40_skilled_forgery_forgeries_40_22.png,40,skilled_forgery,0.0457000732421875
40_skilled_forgery_forgeries_40_23.png,40,skilled_forgery,0.051788330078125
40_skilled_forgery_forgeries_40_24.png,40,skilled_forgery,0.0519256591796875
40_skilled_forgery_forgeries_40_3.png,40,skilled_forgery,0.067413330078125
40_skilled_forgery_forgeries_40_4.png,40,skilled_forgery,0.0622406005859375
40_skilled_forgery_forgeries_40_5.png,40,skilled_forgery,0.0576171875
40_skilled_forgery_forgeries_40_6.png,40,skilled_forgery,0.0543975830078125
40_skilled_forgery_forgeries_40_7.png,40,skilled_forgery,0.0454254150390625
40_skilled_forgery_forgeries_40_8.png,40,skilled_forgery,0.0488739013671875
40_skilled_forgery_forgeries_40_9.png,40,skilled_forgery,0.0452880859375
41_skilled_forgery_forgeries_41_1.png,41,skilled_forgery,0.07098388671875
41_skilled_forgery_forgeries_41_10.png,41,skilled_forgery,0.0697479248046875
41_skilled_forgery_forgeries_41_11.png,41,skilled_forgery,0.05596923828125
41_skilled_forgery_forgeries_41_12.png,41,skilled_forgery,0.07391357421875
41_skilled_forgery_forgeries_41_13.png,41,skilled_forgery,0.076141357421875
41_skilled_forgery_forgeries_41_14.png,41,skilled_forgery,0.0702972412109375
41_skilled_forgery_forgeries_41_15.png,41,skilled_forgery,0.0704345703125
41_skilled_forgery_forgeries_41_16.png,41,skilled_forgery,0.0540313720703125
41_skilled_forgery_forgeries_41_17.png,41,skilled_forgery,0.061431884765625
41_skilled_forgery_forgeries_41_18.png,41,skilled_forgery,0.0757598876953125
41_skilled_forgery_forgeries_41_19.png,41,skilled_forgery,0.0564727783203125
41_skilled_forgery_forgeries_41_2.png,41,skilled_forgery,0.062652587890625
41_skilled_forgery_forgeries_41_20.png,41,skilled_forgery,0.0778656005859375
41_skilled_forgery_forgeries_41_21.png,41,skilled_forgery,0.0719146728515625
41_skilled_forgery_forgeries_41_22.png,41,skilled_forgery,0.066162109375
41_skilled_forgery_forgeries_41_23.png,41,skilled_forgery,0.0709991455078125
41_skilled_forgery_forgeries_41_24.png,41,skilled_forgery,0.1080780029296875
41_skilled_forgery_forgeries_41_3.png,41,skilled_forgery,0.0683746337890625
41_skilled_forgery_forgeries_41_4.png,41,skilled_forgery,0.0571441650390625
41_skilled_forgery_forgeries_41_5.png,41,skilled_forgery,0.074981689453125
41_skilled_forgery_forgeries_41_6.png,41,skilled_forgery,0.055267333984375
41_skilled_forgery_forgeries_41_7.png,41,skilled_forgery,0.081634521484375
41_skilled_forgery_forgeries_41_8.png,41,skilled_forgery,0.066925048828125
41_skilled_forgery_forgeries_41_9.png,41,skilled_forgery,0.0849609375
42_skilled_forgery_forgeries_42_1.png,42,skilled_forgery,0.07513427734375
42_skilled_forgery_forgeries_42_10.png,42,skilled_forgery,0.0725860595703125
42_skilled_forgery_forgeries_42_11.png,42,skilled_forgery,0.07440185546875
42_skilled_forgery_forgeries_42_12.png,42,skilled_forgery,0.0727691650390625
42_skilled_forgery_forgeries_42_13.png,42,skilled_forgery,0.0877838134765625
42_skilled_forgery_forgeries_42_14.png,42,skilled_forgery,0.064422607421875
42_skilled_forgery_forgeries_42_15.png,42,skilled_forgery,0.087860107421875
42_skilled_forgery_forgeries_42_16.png,42,skilled_forgery,0.079742431640625
42_skilled_forgery_forgeries_42_17.png,42,skilled_forgery,0.07916259765625
42_skilled_forgery_forgeries_42_18.png,42,skilled_forgery,0.0826416015625
42_skilled_forgery_forgeries_42_19.png,42,skilled_forgery,0.07366943359375
42_skilled_forgery_forgeries_42_2.png,42,skilled_forgery,0.076446533203125
42_skilled_forgery_forgeries_42_20.png,42,skilled_forgery,0.06622314453125
42_skilled_forgery_forgeries_42_21.png,42,skilled_forgery,0.074676513671875
42_skilled_forgery_forgeries_42_22.png,42,skilled_forgery,0.06878662109375
42_skilled_forgery_forgeries_42_23.png,42,skilled_forgery,0.064178466796875
42_skilled_forgery_forgeries_42_24.png,42,skilled_forgery,0.0788421630859375
42_skilled_forgery_forgeries_42_3.png,42,skilled_forgery,0.0799560546875
42_skilled_forgery_forgeries_42_4.png,42,skilled_forgery,0.0788116455078125
42_skilled_forgery_forgeries_42_5.png,42,skilled_forgery,0.0845947265625
42_skilled_forgery_forgeries_42_6.png,42,skilled_forgery,0.0839385986328125
42_skilled_forgery_forgeries_42_7.png,42,skilled_forgery,0.0735931396484375
42_skilled_forgery_forgeries_42_8.png,42,skilled_forgery,0.0650177001953125
42_skilled_forgery_forgeries_42_9.png,42,skilled_forgery,0.0862274169921875
43_skilled_forgery_forgeries_43_1.png,43,skilled_forgery,0.1082763671875
43_skilled_forgery_forgeries_43_10.png,43,skilled_forgery,0.0858154296875
43_skilled_forgery_forgeries_43_11.png,43,skilled_forgery,0.104095458984375
43_skilled_forgery_forgeries_43_12.png,43,skilled_forgery,0.09716796875
43_skilled_forgery_forgeries_43_13.png,43,skilled_forgery,0.1067962646484375
43_skilled_forgery_forgeries_43_14.png,43,skilled_forgery,0.0907440185546875
43_skilled_forgery_forgeries_43_15.png,43,skilled_forgery,0.1028289794921875
43_skilled_forgery_forgeries_43_16.png,43,skilled_forgery,0.0987701416015625
43_skilled_forgery_forgeries_43_17.png,43,skilled_forgery,0.1042022705078125
43_skilled_forgery_forgeries_43_18.png,43,skilled_forgery,0.08782958984375
43_skilled_forgery_forgeries_43_19.png,43,skilled_forgery,0.105438232421875
43_skilled_forgery_forgeries_43_2.png,43,skilled_forgery,0.0920562744140625
43_skilled_forgery_forgeries_43_20.png,43,skilled_forgery,0.0843505859375
43_skilled_forgery_forgeries_43_21.png,43,skilled_forgery,0.087554931640625
43_skilled_forgery_forgeries_43_22.png,43,skilled_forgery,0.0832672119140625
43_skilled_forgery_forgeries_43_23.png,43,skilled_forgery,0.0965728759765625
43_skilled_forgery_forgeries_43_24.png,43,skilled_forgery,0.0792388916015625
43_skilled_forgery_forgeries_43_3.png,43,skilled_forgery,0.0986175537109375
43_skilled_forgery_forgeries_43_4.png,43,skilled_forgery,0.090972900390625
43_skilled_forgery_forgeries_43_5.png,43,skilled_forgery,0.0915985107421875
43_skilled_forgery_forgeries_43_6.png,43,skilled_forgery,0.108062744140625
43_skilled_forgery_forgeries_43_7.png,43,skilled_forgery,0.1068267822265625
43_skilled_forgery_forgeries_43_8.png,43,skilled_forgery,0.1143341064453125
43_skilled_forgery_forgeries_43_9.png,43,skilled_forgery,0.101654052734375
44_skilled_forgery_forgeries_44_1.png,44,skilled_forgery,0.0686798095703125
44_skilled_forgery_forgeries_44_10.png,44,skilled_forgery,0.0653839111328125
44_skilled_forgery_forgeries_44_11.png,44,skilled_forgery,0.0650482177734375
44_skilled_forgery_forgeries_44_12.png,44,skilled_forgery,0.0699005126953125
44_skilled_forgery_forgeries_44_13.png,44,skilled_forgery,0.058441162109375
44_skilled_forgery_forgeries_44_14.png,44,skilled_forgery,0.062408447265625
44_skilled_forgery_forgeries_44_15.png,44,skilled_forgery,0.0612945556640625
44_skilled_forgery_forgeries_44_16.png,44,skilled_forgery,0.0587158203125
44_skilled_forgery_forgeries_44_17.png,44,skilled_forgery,0.0556793212890625
44_skilled_forgery_forgeries_44_18.png,44,skilled_forgery,0.060302734375
44_skilled_forgery_forgeries_44_19.png,44,skilled_forgery,0.0541229248046875
44_skilled_forgery_forgeries_44_2.png,44,skilled_forgery,0.052642822265625
44_skilled_forgery_forgeries_44_20.png,44,skilled_forgery,0.0598907470703125
44_skilled_forgery_forgeries_44_21.png,44,skilled_forgery,0.05926513671875
44_skilled_forgery_forgeries_44_22.png,44,skilled_forgery,0.0530242919921875
44_skilled_forgery_forgeries_44_23.png,44,skilled_forgery,0.04779052734375
44_skilled_forgery_forgeries_44_24.png,44,skilled_forgery,0.0619659423828125
44_skilled_forgery_forgeries_44_3.png,44,skilled_forgery,0.06024169921875
44_skilled_forgery_forgeries_44_4.png,44,skilled_forgery,0.064422607421875
44_skilled_forgery_forgeries_44_5.png,44,skilled_forgery,0.058319091796875
44_skilled_forgery_forgeries_44_6.png,44,skilled_forgery,0.0588531494140625
44_skilled_forgery_forgeries_44_7.png,44,skilled_forgery,0.0701751708984375
44_skilled_forgery_forgeries_44_8.png,44,skilled_forgery,0.0649261474609375
44_skilled_forgery_forgeries_44_9.png,44,skilled_forgery,0.073974609375
45_skilled_forgery_forgeries_45_1.png,45,skilled_forgery,0.0532684326171875
45_skilled_forgery_forgeries_45_10.png,45,skilled_forgery,0.0606689453125
45_skilled_forgery_forgeries_45_11.png,45,skilled_forgery,0.053436279296875
45_skilled_forgery_forgeries_45_12.png,45,skilled_forgery,0.0474090576171875
45_skilled_forgery_forgeries_45_13.png,45,skilled_forgery,0.0458984375
45_skilled_forgery_forgeries_45_14.png,45,skilled_forgery,0.0396575927734375
45_skilled_forgery_forgeries_45_15.png,45,skilled_forgery,0.0501251220703125
45_skilled_forgery_forgeries_45_16.png,45,skilled_forgery,0.04876708984375
45_skilled_forgery_forgeries_45_17.png,45,skilled_forgery,0.0411529541015625
45_skilled_forgery_forgeries_45_18.png,45,skilled_forgery,0.045562744140625
45_skilled_forgery_forgeries_45_19.png,45,skilled_forgery,0.0527496337890625
45_skilled_forgery_forgeries_45_2.png,45,skilled_forgery,0.0404510498046875
45_skilled_forgery_forgeries_45_20.png,45,skilled_forgery,0.0471038818359375
45_skilled_forgery_forgeries_45_21.png,45,skilled_forgery,0.057525634765625
45_skilled_forgery_forgeries_45_22.png,45,skilled_forgery,0.062774658203125
45_skilled_forgery_forgeries_45_23.png,45,skilled_forgery,0.067413330078125
45_skilled_forgery_forgeries_45_24.png,45,skilled_forgery,0.04437255859375
45_skilled_forgery_forgeries_45_3.png,45,skilled_forgery,0.0484161376953125
45_skilled_forgery_forgeries_45_4.png,45,skilled_forgery,0.0579986572265625
45_skilled_forgery_forgeries_45_5.png,45,skilled_forgery,0.0528564453125
45_skilled_forgery_forgeries_45_6.png,45,skilled_forgery,0.05596923828125
45_skilled_forgery_forgeries_45_7.png,45,skilled_forgery,0.0473785400390625
45_skilled_forgery_forgeries_45_8.png,45,skilled_forgery,0.0646514892578125
45_skilled_forgery_forgeries_45_9.png,45,skilled_forgery,0.04473876953125
46_skilled_forgery_forgeries_46_1.png,46,skilled_forgery,0.0508575439453125
46_skilled_forgery_forgeries_46_10.png,46,skilled_forgery,0.065704345703125
46_skilled_forgery_forgeries_46_11.png,46,skilled_forgery,0.0570831298828125
46_skilled_forgery_forgeries_46_12.png,46,skilled_forgery,0.0579833984375
46_skilled_forgery_forgeries_46_13.png,46,skilled_forgery,0.0521392822265625
46_skilled_forgery_forgeries_46_14.png,46,skilled_forgery,0.0493316650390625
46_skilled_forgery_forgeries_46_15.png,46,skilled_forgery,0.04498291015625
46_skilled_forgery_forgeries_46_16.png,46,skilled_forgery,0.060882568359375
46_skilled_forgery_forgeries_46_17.png,46,skilled_forgery,0.059783935546875
46_skilled_forgery_forgeries_46_18.png,46,skilled_forgery,0.0552825927734375
46_skilled_forgery_forgeries_46_19.png,46,skilled_forgery,0.059051513671875
46_skilled_forgery_forgeries_46_2.png,46,skilled_forgery,0.0589599609375
46_skilled_forgery_forgeries_46_20.png,46,skilled_forgery,0.0516815185546875
46_skilled_forgery_forgeries_46_21.png,46,skilled_forgery,0.060394287109375
46_skilled_forgery_forgeries_46_22.png,46,skilled_forgery,0.057861328125
46_skilled_forgery_forgeries_46_23.png,46,skilled_forgery,0.0500946044921875
46_skilled_forgery_forgeries_46_24.png,46,skilled_forgery,0.063934326171875
46_skilled_forgery_forgeries_46_3.png,46,skilled_forgery,0.062286376953125
46_skilled_forgery_forgeries_46_4.png,46,skilled_forgery,0.06182861328125
46_skilled_forgery_forgeries_46_5.png,46,skilled_forgery,0.0612640380859375
46_skilled_forgery_forgeries_46_6.png,46,skilled_forgery,0.0564117431640625
46_skilled_forgery_forgeries_46_7.png,46,skilled_forgery,0.057281494140625
46_skilled_forgery_forgeries_46_8.png,46,skilled_forgery,0.0501556396484375
46_skilled_forgery_forgeries_46_9.png,46,skilled_forgery,0.060638427734375
47_skilled_forgery_forgeries_47_1.png,47,skilled_forgery,0.0764617919921875
47_skilled_forgery_forgeries_47_10.png,47,skilled_forgery,0.07940673828125
47_skilled_forgery_forgeries_47_11.png,47,skilled_forgery,0.0624237060546875
47_skilled_forgery_forgeries_47_12.png,47,skilled_forgery,0.06817626953125
47_skilled_forgery_forgeries_47_13.png,47,skilled_forgery,0.062225341796875
47_skilled_forgery_forgeries_47_14.png,47,skilled_forgery,0.0675811767578125
47_skilled_forgery_forgeries_47_15.png,47,skilled_forgery,0.073455810546875
47_skilled_forgery_forgeries_47_16.png,47,skilled_forgery,0.0665435791015625
47_skilled_forgery_forgeries_47_17.png,47,skilled_forgery,0.070343017578125
47_skilled_forgery_forgeries_47_18.png,47,skilled_forgery,0.07647705078125
47_skilled_forgery_forgeries_47_19.png,47,skilled_forgery,0.0719451904296875
47_skilled_forgery_forgeries_47_2.png,47,skilled_forgery,0.074859619140625
47_skilled_forgery_forgeries_47_20.png,47,skilled_forgery,0.0807342529296875
47_skilled_forgery_forgeries_47_21.png,47,skilled_forgery,0.07220458984375
47_skilled_forgery_forgeries_47_22.png,47,skilled_forgery,0.069915771484375
47_skilled_forgery_forgeries_47_23.png,47,skilled_forgery,0.0687713623046875
47_skilled_forgery_forgeries_47_24.png,47,skilled_forgery,0.07745361328125
47_skilled_forgery_forgeries_47_3.png,47,skilled_forgery,0.0777740478515625
47_skilled_forgery_forgeries_47_4.png,47,skilled_forgery,0.072906494140625
47_skilled_forgery_forgeries_47_5.png,47,skilled_forgery,0.06585693359375
47_skilled_forgery_forgeries_47_6.png,47,skilled_forgery,0.0806427001953125
47_skilled_forgery_forgeries_47_7.png,47,skilled_forgery,0.077911376953125
47_skilled_forgery_forgeries_47_8.png,47,skilled_forgery,0.0677490234375
47_skilled_forgery_forgeries_47_9.png,47,skilled_forgery,0.07183837890625
48_skilled_forgery_forgeries_48_1.png,48,skilled_forgery,0.0892333984375
48_skilled_forgery_forgeries_48_10.png,48,skilled_forgery,0.09075927734375
48_skilled_forgery_forgeries_48_11.png,48,skilled_forgery,0.072357177734375
48_skilled_forgery_forgeries_48_12.png,48,skilled_forgery,0.0950469970703125
48_skilled_forgery_forgeries_48_13.png,48,skilled_forgery,0.076629638671875
48_skilled_forgery_forgeries_48_14.png,48,skilled_forgery,0.0696868896484375
48_skilled_forgery_forgeries_48_15.png,48,skilled_forgery,0.0650177001953125
48_skilled_forgery_forgeries_48_16.png,48,skilled_forgery,0.0701904296875
48_skilled_forgery_forgeries_48_17.png,48,skilled_forgery,0.076812744140625
48_skilled_forgery_forgeries_48_18.png,48,skilled_forgery,0.0751953125
48_skilled_forgery_forgeries_48_19.png,48,skilled_forgery,0.0784149169921875
48_skilled_forgery_forgeries_48_2.png,48,skilled_forgery,0.1026153564453125
48_skilled_forgery_forgeries_48_20.png,48,skilled_forgery,0.082061767578125
48_skilled_forgery_forgeries_48_21.png,48,skilled_forgery,0.0786895751953125
48_skilled_forgery_forgeries_48_22.png,48,skilled_forgery,0.08203125
48_skilled_forgery_forgeries_48_23.png,48,skilled_forgery,0.075836181640625
48_skilled_forgery_forgeries_48_24.png,48,skilled_forgery,0.0716400146484375
48_skilled_forgery_forgeries_48_3.png,48,skilled_forgery,0.1150665283203125
48_skilled_forgery_forgeries_48_4.png,48,skilled_forgery,0.091705322265625
48_skilled_forgery_forgeries_48_5.png,48,skilled_forgery,0.0966644287109375
48_skilled_forgery_forgeries_48_6.png,48,skilled_forgery,0.113494873046875
48_skilled_forgery_forgeries_48_7.png,48,skilled_forgery,0.104156494140625
48_skilled_forgery_forgeries_48_8.png,48,skilled_forgery,0.09088134765625
48_skilled_forgery_forgeries_48_9.png,48,skilled_forgery,0.099365234375
49_skilled_forgery_forgeries_49_1.png,49,skilled_forgery,0.053070068359375
49_skilled_forgery_forgeries_49_10.png,49,skilled_forgery,0.058837890625
49_skilled_forgery_forgeries_49_11.png,49,skilled_forgery,0.055450439453125
49_skilled_forgery_forgeries_49_12.png,49,skilled_forgery,0.0554656982421875
49_skilled_forgery_forgeries_49_13.png,49,skilled_forgery,0.0564422607421875
49_skilled_forgery_forgeries_49_14.png,49,skilled_forgery,0.050445556640625
49_skilled_forgery_forgeries_49_15.png,49,skilled_forgery,0.0517730712890625
49_skilled_forgery_forgeries_49_16.png,49,skilled_forgery,0.0601959228515625
49_skilled_forgery_forgeries_49_17.png,49,skilled_forgery,0.055206298828125
49_skilled_forgery_forgeries_49_18.png,49,skilled_forgery,0.0492706298828125
49_skilled_forgery_forgeries_49_19.png,49,skilled_forgery,0.0596923828125
49_skilled_forgery_forgeries_49_2.png,49,skilled_forgery,0.057769775390625
49_skilled_forgery_forgeries_49_20.png,49,skilled_forgery,0.0585784912109375
49_skilled_forgery_forgeries_49_21.png,49,skilled_forgery,0.0523681640625
49_skilled_forgery_forgeries_49_22.png,49,skilled_forgery,0.0551300048828125
49_skilled_forgery_forgeries_49_23.png,49,skilled_forgery,0.0579681396484375
49_skilled_forgery_forgeries_49_24.png,49,skilled_forgery,0.060943603515625
49_skilled_forgery_forgeries_49_3.png,49,skilled_forgery,0.0675811767578125
49_skilled_forgery_forgeries_49_4.png,49,skilled_forgery,0.0558624267578125
49_skilled_forgery_forgeries_49_5.png,49,skilled_forgery,0.057159423828125
49_skilled_forgery_forgeries_49_6.png,49,skilled_forgery,0.05853271484375
49_skilled_forgery_forgeries_49_7.png,49,skilled_forgery,0.0499114990234375
49_skilled_forgery_forgeries_49_8.png,49,skilled_forgery,0.06024169921875
49_skilled_forgery_forgeries_49_9.png,49,skilled_forgery,0.06549072265625
4_skilled_forgery_forgeries_4_1.png,4,skilled_forgery,0.0657958984375
4_skilled_forgery_forgeries_4_10.png,4,skilled_forgery,0.1252593994140625
4_skilled_forgery_forgeries_4_11.png,4,skilled_forgery,0.1152496337890625
4_skilled_forgery_forgeries_4_12.png,4,skilled_forgery,0.08416748046875
4_skilled_forgery_forgeries_4_13.png,4,skilled_forgery,0.112335205078125
4_skilled_forgery_forgeries_4_14.png,4,skilled_forgery,0.0875091552734375
4_skilled_forgery_forgeries_4_15.png,4,skilled_forgery,0.1128387451171875
4_skilled_forgery_forgeries_4_16.png,4,skilled_forgery,0.08941650390625
4_skilled_forgery_forgeries_4_17.png,4,skilled_forgery,0.07598876953125
4_skilled_forgery_forgeries_4_18.png,4,skilled_forgery,0.106536865234375
4_skilled_forgery_forgeries_4_19.png,4,skilled_forgery,0.068695068359375
4_skilled_forgery_forgeries_4_2.png,4,skilled_forgery,0.07666015625
4_skilled_forgery_forgeries_4_20.png,4,skilled_forgery,0.1061859130859375
4_skilled_forgery_forgeries_4_21.png,4,skilled_forgery,0.0966033935546875
4_skilled_forgery_forgeries_4_22.png,4,skilled_forgery,0.094573974609375
4_skilled_forgery_forgeries_4_23.png,4,skilled_forgery,0.1143341064453125
4_skilled_forgery_forgeries_4_24.png,4,skilled_forgery,0.091064453125
4_skilled_forgery_forgeries_4_3.png,4,skilled_forgery,0.070159912109375
4_skilled_forgery_forgeries_4_4.png,4,skilled_forgery,0.08880615234375
4_skilled_forgery_forgeries_4_5.png,4,skilled_forgery,0.1097259521484375
4_skilled_forgery_forgeries_4_6.png,4,skilled_forgery,0.111785888671875
4_skilled_forgery_forgeries_4_7.png,4,skilled_forgery,0.0850677490234375
4_skilled_forgery_forgeries_4_8.png,4,skilled_forgery,0.1162261962890625
4_skilled_forgery_forgeries_4_9.png,4,skilled_forgery,0.118896484375
50_skilled_forgery_forgeries_50_1.png,50,skilled_forgery,0.04412841796875
50_skilled_forgery_forgeries_50_10.png,50,skilled_forgery,0.047210693359375
50_skilled_forgery_forgeries_50_11.png,50,skilled_forgery,0.051544189453125
50_skilled_forgery_forgeries_50_12.png,50,skilled_forgery,0.04669189453125
50_skilled_forgery_forgeries_50_13.png,50,skilled_forgery,0.045684814453125
50_skilled_forgery_forgeries_50_14.png,50,skilled_forgery,0.04791259765625
50_skilled_forgery_forgeries_50_15.png,50,skilled_forgery,0.0511627197265625
50_skilled_forgery_forgeries_50_16.png,50,skilled_forgery,0.0386505126953125
50_skilled_forgery_forgeries_50_17.png,50,skilled_forgery,0.044647216796875
50_skilled_forgery_forgeries_50_18.png,50,skilled_forgery,0.040191650390625
50_skilled_forgery_forgeries_50_19.png,50,skilled_forgery,0.0430450439453125
50_skilled_forgery_forgeries_50_2.png,50,skilled_forgery,0.043365478515625
50_skilled_forgery_forgeries_50_20.png,50,skilled_forgery,0.0446319580078125
50_skilled_forgery_forgeries_50_21.png,50,skilled_forgery,0.0493316650390625
50_skilled_forgery_forgeries_50_22.png,50,skilled_forgery,0.0457305908203125
50_skilled_forgery_forgeries_50_23.png,50,skilled_forgery,0.0469512939453125
50_skilled_forgery_forgeries_50_24.png,50,skilled_forgery,0.049468994140625
50_skilled_forgery_forgeries_50_3.png,50,skilled_forgery,0.0499114990234375
50_skilled_forgery_forgeries_50_4.png,50,skilled_forgery,0.05029296875
50_skilled_forgery_forgeries_50_5.png,50,skilled_forgery,0.0522003173828125
50_skilled_forgery_forgeries_50_6.png,50,skilled_forgery,0.0516204833984375
50_skilled_forgery_forgeries_50_7.png,50,skilled_forgery,0.0473480224609375
50_skilled_forgery_forgeries_50_8.png,50,skilled_forgery,0.050628662109375
50_skilled_forgery_forgeries_50_9.png,50,skilled_forgery,0.053466796875
51_skilled_forgery_forgeries_51_1.png,51,skilled_forgery,0.0833282470703125
51_skilled_forgery_forgeries_51_10.png,51,skilled_forgery,0.095367431640625
51_skilled_forgery_forgeries_51_11.png,51,skilled_forgery,0.100799560546875
51_skilled_forgery_forgeries_51_12.png,51,skilled_forgery,0.0915985107421875
51_skilled_forgery_forgeries_51_13.png,51,skilled_forgery,0.101715087890625
51_skilled_forgery_forgeries_51_14.png,51,skilled_forgery,0.0886383056640625
51_skilled_forgery_forgeries_51_15.png,51,skilled_forgery,0.1045684814453125
51_skilled_forgery_forgeries_51_16.png,51,skilled_forgery,0.0876312255859375
51_skilled_forgery_forgeries_51_17.png,51,skilled_forgery,0.0983734130859375
51_skilled_forgery_forgeries_51_18.png,51,skilled_forgery,0.088043212890625
51_skilled_forgery_forgeries_51_19.png,51,skilled_forgery,0.0901031494140625
51_skilled_forgery_forgeries_51_2.png,51,skilled_forgery,0.0955657958984375
51_skilled_forgery_forgeries_51_20.png,51,skilled_forgery,0.084014892578125
51_skilled_forgery_forgeries_51_21.png,51,skilled_forgery,0.09063720703125
51_skilled_forgery_forgeries_51_22.png,51,skilled_forgery,0.0914764404296875
51_skilled_forgery_forgeries_51_23.png,51,skilled_forgery,0.0982208251953125
51_skilled_forgery_forgeries_51_24.png,51,skilled_forgery,0.0872344970703125
51_skilled_forgery_forgeries_51_3.png,51,skilled_forgery,0.10150146484375
51_skilled_forgery_forgeries_51_4.png,51,skilled_forgery,0.0963287353515625
51_skilled_forgery_forgeries_51_5.png,51,skilled_forgery,0.1049652099609375
51_skilled_forgery_forgeries_51_6.png,51,skilled_forgery,0.090118408203125
51_skilled_forgery_forgeries_51_7.png,51,skilled_forgery,0.0808563232421875
51_skilled_forgery_forgeries_51_8.png,51,skilled_forgery,0.0965118408203125
51_skilled_forgery_forgeries_51_9.png,51,skilled_forgery,0.101318359375
52_skilled_forgery_forgeries_52_1.png,52,skilled_forgery,0.05517578125
52_skilled_forgery_forgeries_52_10.png,52,skilled_forgery,0.0500335693359375
52_skilled_forgery_forgeries_52_11.png,52,skilled_forgery,0.0598907470703125
52_skilled_forgery_forgeries_52_12.png,52,skilled_forgery,0.0416412353515625
52_skilled_forgery_forgeries_52_13.png,52,skilled_forgery,0.05206298828125
52_skilled_forgery_forgeries_52_14.png,52,skilled_forgery,0.0500335693359375
52_skilled_forgery_forgeries_52_15.png,52,skilled_forgery,0.0540771484375
52_skilled_forgery_forgeries_52_16.png,52,skilled_forgery,0.0302581787109375
52_skilled_forgery_forgeries_52_17.png,52,skilled_forgery,0.06365966796875
52_skilled_forgery_forgeries_52_18.png,52,skilled_forgery,0.0565948486328125
52_skilled_forgery_forgeries_52_19.png,52,skilled_forgery,0.0451507568359375
52_skilled_forgery_forgeries_52_2.png,52,skilled_forgery,0.06109619140625
52_skilled_forgery_forgeries_52_20.png,52,skilled_forgery,0.0528564453125
52_skilled_forgery_forgeries_52_21.png,52,skilled_forgery,0.062744140625
52_skilled_forgery_forgeries_52_22.png,52,skilled_forgery,0.0600128173828125
52_skilled_forgery_forgeries_52_23.png,52,skilled_forgery,0.0369415283203125
52_skilled_forgery_forgeries_52_24.png,52,skilled_forgery,0.046722412109375
52_skilled_forgery_forgeries_52_3.png,52,skilled_forgery,0.0610198974609375
52_skilled_forgery_forgeries_52_4.png,52,skilled_forgery,0.0451202392578125
52_skilled_forgery_forgeries_52_5.png,52,skilled_forgery,0.0570831298828125
52_skilled_forgery_forgeries_52_6.png,52,skilled_forgery,0.0308380126953125
52_skilled_forgery_forgeries_52_7.png,52,skilled_forgery,0.0563507080078125
52_skilled_forgery_forgeries_52_8.png,52,skilled_forgery,0.054534912109375
52_skilled_forgery_forgeries_52_9.png,52,skilled_forgery,0.0618743896484375
53_skilled_forgery_forgeries_53_1.png,53,skilled_forgery,0.0812225341796875
53_skilled_forgery_forgeries_53_10.png,53,skilled_forgery,0.0671844482421875
53_skilled_forgery_forgeries_53_11.png,53,skilled_forgery,0.0652923583984375
53_skilled_forgery_forgeries_53_12.png,53,skilled_forgery,0.053497314453125
53_skilled_forgery_forgeries_53_13.png,53,skilled_forgery,0.06195068359375
53_skilled_forgery_forgeries_53_14.png,53,skilled_forgery,0.08349609375
53_skilled_forgery_forgeries_53_15.png,53,skilled_forgery,0.0542144775390625
53_skilled_forgery_forgeries_53_16.png,53,skilled_forgery,0.0908966064453125
53_skilled_forgery_forgeries_53_17.png,53,skilled_forgery,0.08544921875
53_skilled_forgery_forgeries_53_18.png,53,skilled_forgery,0.067108154296875
53_skilled_forgery_forgeries_53_19.png,53,skilled_forgery,0.0699920654296875
53_skilled_forgery_forgeries_53_2.png,53,skilled_forgery,0.0832977294921875
53_skilled_forgery_forgeries_53_20.png,53,skilled_forgery,0.0753631591796875
53_skilled_forgery_forgeries_53_21.png,53,skilled_forgery,0.0887451171875
53_skilled_forgery_forgeries_53_22.png,53,skilled_forgery,0.08642578125
53_skilled_forgery_forgeries_53_23.png,53,skilled_forgery,0.0972442626953125
53_skilled_forgery_forgeries_53_24.png,53,skilled_forgery,0.093170166015625
53_skilled_forgery_forgeries_53_3.png,53,skilled_forgery,0.0467071533203125
53_skilled_forgery_forgeries_53_4.png,53,skilled_forgery,0.0723876953125
53_skilled_forgery_forgeries_53_5.png,53,skilled_forgery,0.0459747314453125
53_skilled_forgery_forgeries_53_6.png,53,skilled_forgery,0.072174072265625
53_skilled_forgery_forgeries_53_7.png,53,skilled_forgery,0.0574493408203125
53_skilled_forgery_forgeries_53_8.png,53,skilled_forgery,0.06597900390625
53_skilled_forgery_forgeries_53_9.png,53,skilled_forgery,0.0796356201171875
54_skilled_forgery_forgeries_54_1.png,54,skilled_forgery,0.06195068359375
54_skilled_forgery_forgeries_54_10.png,54,skilled_forgery,0.0611724853515625
54_skilled_forgery_forgeries_54_11.png,54,skilled_forgery,0.0560455322265625
54_skilled_forgery_forgeries_54_12.png,54,skilled_forgery,0.0556488037109375
54_skilled_forgery_forgeries_54_13.png,54,skilled_forgery,0.0589447021484375
54_skilled_forgery_forgeries_54_14.png,54,skilled_forgery,0.052398681640625
54_skilled_forgery_forgeries_54_15.png,54,skilled_forgery,0.058624267578125
54_skilled_forgery_forgeries_54_16.png,54,skilled_forgery,0.0492095947265625
54_skilled_forgery_forgeries_54_17.png,54,skilled_forgery,0.049835205078125
54_skilled_forgery_forgeries_54_18.png,54,skilled_forgery,0.067138671875
54_skilled_forgery_forgeries_54_19.png,54,skilled_forgery,0.06463623046875
54_skilled_forgery_forgeries_54_2.png,54,skilled_forgery,0.0554351806640625
54_skilled_forgery_forgeries_54_20.png,54,skilled_forgery,0.0617218017578125
54_skilled_forgery_forgeries_54_21.png,54,skilled_forgery,0.06884765625
54_skilled_forgery_forgeries_54_22.png,54,skilled_forgery,0.061859130859375
54_skilled_forgery_forgeries_54_23.png,54,skilled_forgery,0.053680419921875
54_skilled_forgery_forgeries_54_24.png,54,skilled_forgery,0.0528564453125
54_skilled_forgery_forgeries_54_3.png,54,skilled_forgery,0.0589447021484375
54_skilled_forgery_forgeries_54_4.png,54,skilled_forgery,0.0497589111328125
54_skilled_forgery_forgeries_54_5.png,54,skilled_forgery,0.0623931884765625
54_skilled_forgery_forgeries_54_6.png,54,skilled_forgery,0.05548095703125
54_skilled_forgery_forgeries_54_7.png,54,skilled_forgery,0.0681915283203125
54_skilled_forgery_forgeries_54_8.png,54,skilled_forgery,0.05804443359375
54_skilled_forgery_forgeries_54_9.png,54,skilled_forgery,0.0580902099609375
55_skilled_forgery_forgeries_55_1.png,55,skilled_forgery,0.0802001953125
55_skilled_forgery_forgeries_55_10.png,55,skilled_forgery,0.0962677001953125
55_skilled_forgery_forgeries_55_11.png,55,skilled_forgery,0.0838623046875
55_skilled_forgery_forgeries_55_12.png,55,skilled_forgery,0.0849151611328125
55_skilled_forgery_forgeries_55_13.png,55,skilled_forgery,0.0730438232421875
55_skilled_forgery_forgeries_55_14.png,55,skilled_forgery,0.1079864501953125
55_skilled_forgery_forgeries_55_15.png,55,skilled_forgery,0.09820556640625
55_skilled_forgery_forgeries_55_16.png,55,skilled_forgery,0.087738037109375
55_skilled_forgery_forgeries_55_17.png,55,skilled_forgery,0.0905609130859375
55_skilled_forgery_forgeries_55_18.png,55,skilled_forgery,0.088348388671875
55_skilled_forgery_forgeries_55_19.png,55,skilled_forgery,0.0977630615234375
55_skilled_forgery_forgeries_55_2.png,55,skilled_forgery,0.09130859375
55_skilled_forgery_forgeries_55_20.png,55,skilled_forgery,0.0952301025390625
55_skilled_forgery_forgeries_55_21.png,55,skilled_forgery,0.09100341796875
55_skilled_forgery_forgeries_55_22.png,55,skilled_forgery,0.0818023681640625
55_skilled_forgery_forgeries_55_23.png,55,skilled_forgery,0.0910186767578125
55_skilled_forgery_forgeries_55_24.png,55,skilled_forgery,0.08184814453125
55_skilled_forgery_forgeries_55_3.png,55,skilled_forgery,0.0744171142578125
55_skilled_forgery_forgeries_55_4.png,55,skilled_forgery,0.0714111328125
55_skilled_forgery_forgeries_55_5.png,55,skilled_forgery,0.0964202880859375
55_skilled_forgery_forgeries_55_6.png,55,skilled_forgery,0.0814208984375
55_skilled_forgery_forgeries_55_7.png,55,skilled_forgery,0.1011810302734375
55_skilled_forgery_forgeries_55_8.png,55,skilled_forgery,0.1058502197265625
55_skilled_forgery_forgeries_55_9.png,55,skilled_forgery,0.0811767578125
5_skilled_forgery_forgeries_5_1.png,5,skilled_forgery,0.053253173828125
5_skilled_forgery_forgeries_5_10.png,5,skilled_forgery,0.067291259765625
5_skilled_forgery_forgeries_5_11.png,5,skilled_forgery,0.060150146484375
5_skilled_forgery_forgeries_5_12.png,5,skilled_forgery,0.069580078125
5_skilled_forgery_forgeries_5_13.png,5,skilled_forgery,0.048248291015625
5_skilled_forgery_forgeries_5_14.png,5,skilled_forgery,0.06280517578125
5_skilled_forgery_forgeries_5_15.png,5,skilled_forgery,0.0517120361328125
5_skilled_forgery_forgeries_5_16.png,5,skilled_forgery,0.0560455322265625
5_skilled_forgery_forgeries_5_17.png,5,skilled_forgery,0.06427001953125
5_skilled_forgery_forgeries_5_18.png,5,skilled_forgery,0.047515869140625
5_skilled_forgery_forgeries_5_19.png,5,skilled_forgery,0.0560302734375
5_skilled_forgery_forgeries_5_2.png,5,skilled_forgery,0.053619384765625
5_skilled_forgery_forgeries_5_20.png,5,skilled_forgery,0.0571136474609375
5_skilled_forgery_forgeries_5_21.png,5,skilled_forgery,0.0663909912109375
5_skilled_forgery_forgeries_5_22.png,5,skilled_forgery,0.066070556640625
5_skilled_forgery_forgeries_5_23.png,5,skilled_forgery,0.06964111328125
5_skilled_forgery_forgeries_5_24.png,5,skilled_forgery,0.06573486328125
5_skilled_forgery_forgeries_5_3.png,5,skilled_forgery,0.0655975341796875
5_skilled_forgery_forgeries_5_4.png,5,skilled_forgery,0.048553466796875
5_skilled_forgery_forgeries_5_5.png,5,skilled_forgery,0.0736846923828125
5_skilled_forgery_forgeries_5_6.png,5,skilled_forgery,0.0687103271484375
5_skilled_forgery_forgeries_5_7.png,5,skilled_forgery,0.0845947265625
5_skilled_forgery_forgeries_5_8.png,5,skilled_forgery,0.076385498046875
5_skilled_forgery_forgeries_5_9.png,5,skilled_forgery,0.070587158203125
6_skilled_forgery_forgeries_6_1.png,6,skilled_forgery,0.055572509765625
6_skilled_forgery_forgeries_6_10.png,6,skilled_forgery,0.0604705810546875
6_skilled_forgery_forgeries_6_11.png,6,skilled_forgery,0.0678863525390625
6_skilled_forgery_forgeries_6_12.png,6,skilled_forgery,0.0601959228515625
6_skilled_forgery_forgeries_6_13.png,6,skilled_forgery,0.06121826171875
6_skilled_forgery_forgeries_6_14.png,6,skilled_forgery,0.05712890625
6_skilled_forgery_forgeries_6_15.png,6,skilled_forgery,0.0662384033203125
6_skilled_forgery_forgeries_6_16.png,6,skilled_forgery,0.04510498046875
6_skilled_forgery_forgeries_6_17.png,6,skilled_forgery,0.064117431640625
6_skilled_forgery_forgeries_6_18.png,6,skilled_forgery,0.0590057373046875
6_skilled_forgery_forgeries_6_19.png,6,skilled_forgery,0.0385894775390625
6_skilled_forgery_forgeries_6_2.png,6,skilled_forgery,0.063812255859375
6_skilled_forgery_forgeries_6_20.png,6,skilled_forgery,0.055023193359375
6_skilled_forgery_forgeries_6_21.png,6,skilled_forgery,0.058868408203125
6_skilled_forgery_forgeries_6_22.png,6,skilled_forgery,0.034637451171875
6_skilled_forgery_forgeries_6_23.png,6,skilled_forgery,0.0738983154296875
6_skilled_forgery_forgeries_6_24.png,6,skilled_forgery,0.050506591796875
6_skilled_forgery_forgeries_6_3.png,6,skilled_forgery,0.06829833984375
6_skilled_forgery_forgeries_6_4.png,6,skilled_forgery,0.062652587890625
6_skilled_forgery_forgeries_6_5.png,6,skilled_forgery,0.067657470703125
6_skilled_forgery_forgeries_6_6.png,6,skilled_forgery,0.0894927978515625
6_skilled_forgery_forgeries_6_7.png,6,skilled_forgery,0.05511474609375
6_skilled_forgery_forgeries_6_8.png,6,skilled_forgery,0.0513916015625
6_skilled_forgery_forgeries_6_9.png,6,skilled_forgery,0.0558013916015625
7_skilled_forgery_forgeries_7_1.png,7,skilled_forgery,0.0513763427734375
7_skilled_forgery_forgeries_7_10.png,7,skilled_forgery,0.048370361328125
7_skilled_forgery_forgeries_7_11.png,7,skilled_forgery,0.051483154296875
7_skilled_forgery_forgeries_7_12.png,7,skilled_forgery,0.0497283935546875
7_skilled_forgery_forgeries_7_13.png,7,skilled_forgery,0.05279541015625
7_skilled_forgery_forgeries_7_14.png,7,skilled_forgery,0.056732177734375
7_skilled_forgery_forgeries_7_15.png,7,skilled_forgery,0.0532073974609375
7_skilled_forgery_forgeries_7_16.png,7,skilled_forgery,0.0628814697265625
7_skilled_forgery_forgeries_7_17.png,7,skilled_forgery,0.0570831298828125
7_skilled_forgery_forgeries_7_18.png,7,skilled_forgery,0.0678558349609375
7_skilled_forgery_forgeries_7_19.png,7,skilled_forgery,0.051300048828125
7_skilled_forgery_forgeries_7_2.png,7,skilled_forgery,0.04095458984375
7_skilled_forgery_forgeries_7_20.png,7,skilled_forgery,0.0467987060546875
7_skilled_forgery_forgeries_7_21.png,7,skilled_forgery,0.0583038330078125
7_skilled_forgery_forgeries_7_22.png,7,skilled_forgery,0.055816650390625
7_skilled_forgery_forgeries_7_23.png,7,skilled_forgery,0.069244384765625
7_skilled_forgery_forgeries_7_24.png,7,skilled_forgery,0.0563507080078125
7_skilled_forgery_forgeries_7_3.png,7,skilled_forgery,0.048370361328125
7_skilled_forgery_forgeries_7_4.png,7,skilled_forgery,0.053924560546875
7_skilled_forgery_forgeries_7_5.png,7,skilled_forgery,0.0582733154296875
7_skilled_forgery_forgeries_7_6.png,7,skilled_forgery,0.0445098876953125
7_skilled_forgery_forgeries_7_7.png,7,skilled_forgery,0.04339599609375
7_skilled_forgery_forgeries_7_8.png,7,skilled_forgery,0.057708740234375
7_skilled_forgery_forgeries_7_9.png,7,skilled_forgery,0.0518951416015625
8_skilled_forgery_forgeries_8_1.png,8,skilled_forgery,0.073272705078125
8_skilled_forgery_forgeries_8_10.png,8,skilled_forgery,0.08941650390625
8_skilled_forgery_forgeries_8_11.png,8,skilled_forgery,0.082916259765625
8_skilled_forgery_forgeries_8_12.png,8,skilled_forgery,0.067657470703125
8_skilled_forgery_forgeries_8_13.png,8,skilled_forgery,0.074066162109375
8_skilled_forgery_forgeries_8_14.png,8,skilled_forgery,0.0857696533203125
8_skilled_forgery_forgeries_8_15.png,8,skilled_forgery,0.092071533203125
8_skilled_forgery_forgeries_8_16.png,8,skilled_forgery,0.0743560791015625
8_skilled_forgery_forgeries_8_17.png,8,skilled_forgery,0.0860443115234375
8_skilled_forgery_forgeries_8_18.png,8,skilled_forgery,0.092071533203125
8_skilled_forgery_forgeries_8_19.png,8,skilled_forgery,0.091552734375
8_skilled_forgery_forgeries_8_2.png,8,skilled_forgery,0.0697021484375
8_skilled_forgery_forgeries_8_20.png,8,skilled_forgery,0.073699951171875
8_skilled_forgery_forgeries_8_21.png,8,skilled_forgery,0.094512939453125
8_skilled_forgery_forgeries_8_22.png,8,skilled_forgery,0.0955963134765625
8_skilled_forgery_forgeries_8_23.png,8,skilled_forgery,0.0778656005859375
8_skilled_forgery_forgeries_8_24.png,8,skilled_forgery,0.0992279052734375
8_skilled_forgery_forgeries_8_3.png,8,skilled_forgery,0.071563720703125
8_skilled_forgery_forgeries_8_4.png,8,skilled_forgery,0.0834503173828125
8_skilled_forgery_forgeries_8_5.png,8,skilled_forgery,0.1013336181640625
8_skilled_forgery_forgeries_8_6.png,8,skilled_forgery,0.090484619140625
8_skilled_forgery_forgeries_8_7.png,8,skilled_forgery,0.0781097412109375
8_skilled_forgery_forgeries_8_8.png,8,skilled_forgery,0.0805206298828125
8_skilled_forgery_forgeries_8_9.png,8,skilled_forgery,0.0887298583984375
9_skilled_forgery_forgeries_9_1.png,9,skilled_forgery,0.067352294921875
9_skilled_forgery_forgeries_9_10.png,9,skilled_forgery,0.12823486328125
9_skilled_forgery_forgeries_9_11.png,9,skilled_forgery,0.11175537109375
9_skilled_forgery_forgeries_9_12.png,9,skilled_forgery,0.1035003662109375
9_skilled_forgery_forgeries_9_13.png,9,skilled_forgery,0.0798187255859375
9_skilled_forgery_forgeries_9_14.png,9,skilled_forgery,0.067352294921875
9_skilled_forgery_forgeries_9_15.png,9,skilled_forgery,0.08038330078125
9_skilled_forgery_forgeries_9_16.png,9,skilled_forgery,0.0646820068359375
9_skilled_forgery_forgeries_9_17.png,9,skilled_forgery,0.0760650634765625
9_skilled_forgery_forgeries_9_18.png,9,skilled_forgery,0.086761474609375
9_skilled_forgery_forgeries_9_19.png,9,skilled_forgery,0.0916748046875
9_skilled_forgery_forgeries_9_2.png,9,skilled_forgery,0.089813232421875
9_skilled_forgery_forgeries_9_20.png,9,skilled_forgery,0.084808349609375
9_skilled_forgery_forgeries_9_21.png,9,skilled_forgery,0.0935211181640625
9_skilled_forgery_forgeries_9_22.png,9,skilled_forgery,0.0727691650390625
9_skilled_forgery_forgeries_9_23.png,9,skilled_forgery,0.0979461669921875
9_skilled_forgery_forgeries_9_24.png,9,skilled_forgery,0.097442626953125
9_skilled_forgery_forgeries_9_3.png,9,skilled_forgery,0.095184326171875
9_skilled_forgery_forgeries_9_4.png,9,skilled_forgery,0.07305908203125
9_skilled_forgery_forgeries_9_5.png,9,skilled_forgery,0.0803375244140625
9_skilled_forgery_forgeries_9_6.png,9,skilled_forgery,0.106719970703125
9_skilled_forgery_forgeries_9_7.png,9,skilled_forgery,0.102386474609375
9_skilled_forgery_forgeries_9_8.png,9,skilled_forgery,0.1042327880859375
9_skilled_forgery_forgeries_9_9.png,9,skilled_forgery,0.1224517822265625
