reference_path,query_path,label,pair_type,writer_id_ref,writer_id_query
D:\GitHub\Do_an_tot_nghiep\data\processed\full_org\original_26_7.png,D:\GitHub\Do_an_tot_nghiep\data\processed\full_forg\forgeries_26_22.png,0,skilled_forgery,26,26
D:\GitHub\Do_an_tot_nghiep\data\processed\full_org\original_38_9.png,D:\GitHub\Do_an_tot_nghiep\data\processed\full_forg\forgeries_38_23.png,0,skilled_forgery,38,38
D:\GitHub\Do_an_tot_nghiep\data\processed\full_org\original_36_18.png,D:\GitHub\Do_an_tot_nghiep\data\processed\full_org\original_36_21.png,1,genuine_genuine,36,36
D:\GitHub\Do_an_tot_nghiep\data\processed\full_org\original_30_5.png,D:\GitHub\Do_an_tot_nghiep\data\processed\full_forg\forgeries_30_19.png,0,skilled_forgery,30,30
D:\GitHub\Do_an_tot_nghiep\data\processed\full_org\original_5_14.png,D:\GitHub\Do_an_tot_nghiep\data\processed\full_org\original_5_19.png,1,genuine_genuine,5,5
D:\GitHub\Do_an_tot_nghiep\data\processed\full_org\original_37_16.png,D:\GitHub\Do_an_tot_nghiep\data\processed\full_forg\forgeries_37_10.png,0,skilled_forgery,37,37
D:\GitHub\Do_an_tot_nghiep\data\processed\full_org\original_26_3.png,D:\GitHub\Do_an_tot_nghiep\data\processed\full_forg\forgeries_26_6.png,0,skilled_forgery,26,26
D:\GitHub\Do_an_tot_nghiep\data\processed\full_org\original_26_11.png,D:\GitHub\Do_an_tot_nghiep\data\processed\full_org\original_18_15.png,0,random_forgery,26,18
D:\GitHub\Do_an_tot_nghiep\data\processed\full_org\original_19_15.png,D:\GitHub\Do_an_tot_nghiep\data\processed\full_org\original_18_19.png,0,random_forgery,19,18
D:\GitHub\Do_an_tot_nghiep\data\processed\full_org\original_5_10.png,D:\GitHub\Do_an_tot_nghiep\data\processed\full_org\original_5_20.png,1,genuine_genuine,5,5
D:\GitHub\Do_an_tot_nghiep\data\processed\full_org\original_26_21.png,D:\GitHub\Do_an_tot_nghiep\data\processed\full_forg\forgeries_26_10.png,0,skilled_forgery,26,26
D:\GitHub\Do_an_tot_nghiep\data\processed\full_org\original_45_20.png,D:\GitHub\Do_an_tot_nghiep\data\processed\full_org\original_45_8.png,1,genuine_genuine,45,45
D:\GitHub\Do_an_tot_nghiep\data\processed\full_org\original_49_10.png,D:\GitHub\Do_an_tot_nghiep\data\processed\full_forg\forgeries_49_19.png,0,skilled_forgery,49,49
D:\GitHub\Do_an_tot_nghiep\data\processed\full_org\original_12_16.png,D:\GitHub\Do_an_tot_nghiep\data\processed\full_org\original_4_22.png,0,random_forgery,12,4
D:\GitHub\Do_an_tot_nghiep\data\processed\full_org\original_10_11.png,D:\GitHub\Do_an_tot_nghiep\data\processed\full_forg\forgeries_10_14.png,0,skilled_forgery,10,10
D:\GitHub\Do_an_tot_nghiep\data\processed\full_org\original_12_6.png,D:\GitHub\Do_an_tot_nghiep\data\processed\full_forg\forgeries_12_24.png,0,skilled_forgery,12,12
D:\GitHub\Do_an_tot_nghiep\data\processed\full_org\original_17_11.png,D:\GitHub\Do_an_tot_nghiep\data\processed\full_forg\forgeries_17_7.png,0,skilled_forgery,17,17
D:\GitHub\Do_an_tot_nghiep\data\processed\full_org\original_24_3.png,D:\GitHub\Do_an_tot_nghiep\data\processed\full_forg\forgeries_24_16.png,0,skilled_forgery,24,24
D:\GitHub\Do_an_tot_nghiep\data\processed\full_org\original_53_16.png,D:\GitHub\Do_an_tot_nghiep\data\processed\full_org\original_53_24.png,1,genuine_genuine,53,53
D:\GitHub\Do_an_tot_nghiep\data\processed\full_org\original_39_15.png,D:\GitHub\Do_an_tot_nghiep\data\processed\full_forg\forgeries_39_12.png,0,skilled_forgery,39,39
D:\GitHub\Do_an_tot_nghiep\data\processed\full_org\original_3_18.png,D:\GitHub\Do_an_tot_nghiep\data\processed\full_org\original_34_6.png,0,random_forgery,3,34
D:\GitHub\Do_an_tot_nghiep\data\processed\full_org\original_30_12.png,D:\GitHub\Do_an_tot_nghiep\data\processed\full_forg\forgeries_30_6.png,0,skilled_forgery,30,30
D:\GitHub\Do_an_tot_nghiep\data\processed\full_org\original_5_20.png,D:\GitHub\Do_an_tot_nghiep\data\processed\full_org\original_5_23.png,1,genuine_genuine,5,5
D:\GitHub\Do_an_tot_nghiep\data\processed\full_org\original_25_10.png,D:\GitHub\Do_an_tot_nghiep\data\processed\full_org\original_25_24.png,1,genuine_genuine,25,25
D:\GitHub\Do_an_tot_nghiep\data\processed\full_org\original_18_2.png,D:\GitHub\Do_an_tot_nghiep\data\processed\full_org\original_7_1.png,0,random_forgery,18,7
D:\GitHub\Do_an_tot_nghiep\data\processed\full_org\original_22_7.png,D:\GitHub\Do_an_tot_nghiep\data\processed\full_org\original_22_9.png,1,genuine_genuine,22,22
D:\GitHub\Do_an_tot_nghiep\data\processed\full_org\original_11_24.png,D:\GitHub\Do_an_tot_nghiep\data\processed\full_org\original_21_6.png,0,random_forgery,11,21
D:\GitHub\Do_an_tot_nghiep\data\processed\full_org\original_5_18.png,D:\GitHub\Do_an_tot_nghiep\data\processed\full_forg\forgeries_5_21.png,0,skilled_forgery,5,5
D:\GitHub\Do_an_tot_nghiep\data\processed\full_org\original_26_11.png,D:\GitHub\Do_an_tot_nghiep\data\processed\full_org\original_26_23.png,1,genuine_genuine,26,26
D:\GitHub\Do_an_tot_nghiep\data\processed\full_org\original_55_9.png,D:\GitHub\Do_an_tot_nghiep\data\processed\full_org\original_29_12.png,0,random_forgery,55,29
D:\GitHub\Do_an_tot_nghiep\data\processed\full_org\original_49_5.png,D:\GitHub\Do_an_tot_nghiep\data\processed\full_org\original_30_7.png,0,random_forgery,49,30
D:\GitHub\Do_an_tot_nghiep\data\processed\full_org\original_30_20.png,D:\GitHub\Do_an_tot_nghiep\data\processed\full_org\original_30_4.png,1,genuine_genuine,30,30
D:\GitHub\Do_an_tot_nghiep\data\processed\full_org\original_37_9.png,D:\GitHub\Do_an_tot_nghiep\data\processed\full_forg\forgeries_37_13.png,0,skilled_forgery,37,37
D:\GitHub\Do_an_tot_nghiep\data\processed\full_org\original_16_21.png,D:\GitHub\Do_an_tot_nghiep\data\processed\full_org\original_21_18.png,0,random_forgery,16,21
D:\GitHub\Do_an_tot_nghiep\data\processed\full_org\original_51_17.png,D:\GitHub\Do_an_tot_nghiep\data\processed\full_org\original_31_9.png,0,random_forgery,51,31
D:\GitHub\Do_an_tot_nghiep\data\processed\full_org\original_47_18.png,D:\GitHub\Do_an_tot_nghiep\data\processed\full_forg\forgeries_47_15.png,0,skilled_forgery,47,47
D:\GitHub\Do_an_tot_nghiep\data\processed\full_org\original_3_7.png,D:\GitHub\Do_an_tot_nghiep\data\processed\full_forg\forgeries_3_1.png,0,skilled_forgery,3,3
D:\GitHub\Do_an_tot_nghiep\data\processed\full_org\original_3_24.png,D:\GitHub\Do_an_tot_nghiep\data\processed\full_forg\forgeries_3_20.png,0,skilled_forgery,3,3
D:\GitHub\Do_an_tot_nghiep\data\processed\full_org\original_11_18.png,D:\GitHub\Do_an_tot_nghiep\data\processed\full_org\original_11_22.png,1,genuine_genuine,11,11
D:\GitHub\Do_an_tot_nghiep\data\processed\full_org\original_36_6.png,D:\GitHub\Do_an_tot_nghiep\data\processed\full_forg\forgeries_36_20.png,0,skilled_forgery,36,36
D:\GitHub\Do_an_tot_nghiep\data\processed\full_org\original_25_9.png,D:\GitHub\Do_an_tot_nghiep\data\processed\full_forg\forgeries_25_17.png,0,skilled_forgery,25,25
D:\GitHub\Do_an_tot_nghiep\data\processed\full_org\original_47_2.png,D:\GitHub\Do_an_tot_nghiep\data\processed\full_forg\forgeries_47_20.png,0,skilled_forgery,47,47
D:\GitHub\Do_an_tot_nghiep\data\processed\full_org\original_16_18.png,D:\GitHub\Do_an_tot_nghiep\data\processed\full_org\original_16_8.png,1,genuine_genuine,16,16
D:\GitHub\Do_an_tot_nghiep\data\processed\full_org\original_31_20.png,D:\GitHub\Do_an_tot_nghiep\data\processed\full_org\original_39_20.png,0,random_forgery,31,39
D:\GitHub\Do_an_tot_nghiep\data\processed\full_org\original_31_19.png,D:\GitHub\Do_an_tot_nghiep\data\processed\full_forg\forgeries_31_22.png,0,skilled_forgery,31,31
D:\GitHub\Do_an_tot_nghiep\data\processed\full_org\original_1_14.png,D:\GitHub\Do_an_tot_nghiep\data\processed\full_org\original_1_7.png,1,genuine_genuine,1,1
D:\GitHub\Do_an_tot_nghiep\data\processed\full_org\original_30_17.png,D:\GitHub\Do_an_tot_nghiep\data\processed\full_org\original_30_18.png,1,genuine_genuine,30,30
D:\GitHub\Do_an_tot_nghiep\data\processed\full_org\original_29_15.png,D:\GitHub\Do_an_tot_nghiep\data\processed\full_forg\forgeries_29_23.png,0,skilled_forgery,29,29
D:\GitHub\Do_an_tot_nghiep\data\processed\full_org\original_11_18.png,D:\GitHub\Do_an_tot_nghiep\data\processed\full_org\original_47_22.png,0,random_forgery,11,47
D:\GitHub\Do_an_tot_nghiep\data\processed\full_org\original_1_1.png,D:\GitHub\Do_an_tot_nghiep\data\processed\full_org\original_1_16.png,1,genuine_genuine,1,1
D:\GitHub\Do_an_tot_nghiep\data\processed\full_org\original_1_7.png,D:\GitHub\Do_an_tot_nghiep\data\processed\full_forg\forgeries_1_14.png,0,skilled_forgery,1,1
D:\GitHub\Do_an_tot_nghiep\data\processed\full_org\original_5_19.png,D:\GitHub\Do_an_tot_nghiep\data\processed\full_org\original_5_2.png,1,genuine_genuine,5,5
D:\GitHub\Do_an_tot_nghiep\data\processed\full_org\original_43_5.png,D:\GitHub\Do_an_tot_nghiep\data\processed\full_org\original_40_9.png,0,random_forgery,43,40
D:\GitHub\Do_an_tot_nghiep\data\processed\full_org\original_51_5.png,D:\GitHub\Do_an_tot_nghiep\data\processed\full_forg\forgeries_51_19.png,0,skilled_forgery,51,51
D:\GitHub\Do_an_tot_nghiep\data\processed\full_org\original_18_1.png,D:\GitHub\Do_an_tot_nghiep\data\processed\full_forg\forgeries_18_14.png,0,skilled_forgery,18,18
D:\GitHub\Do_an_tot_nghiep\data\processed\full_org\original_1_2.png,D:\GitHub\Do_an_tot_nghiep\data\processed\full_forg\forgeries_1_22.png,0,skilled_forgery,1,1
D:\GitHub\Do_an_tot_nghiep\data\processed\full_org\original_24_19.png,D:\GitHub\Do_an_tot_nghiep\data\processed\full_org\original_24_9.png,1,genuine_genuine,24,24
D:\GitHub\Do_an_tot_nghiep\data\processed\full_org\original_7_13.png,D:\GitHub\Do_an_tot_nghiep\data\processed\full_org\original_7_6.png,1,genuine_genuine,7,7
D:\GitHub\Do_an_tot_nghiep\data\processed\full_org\original_38_21.png,D:\GitHub\Do_an_tot_nghiep\data\processed\full_org\original_11_20.png,0,random_forgery,38,11
D:\GitHub\Do_an_tot_nghiep\data\processed\full_org\original_28_18.png,D:\GitHub\Do_an_tot_nghiep\data\processed\full_org\original_28_21.png,1,genuine_genuine,28,28
D:\GitHub\Do_an_tot_nghiep\data\processed\full_org\original_49_18.png,D:\GitHub\Do_an_tot_nghiep\data\processed\full_org\original_49_5.png,1,genuine_genuine,49,49
D:\GitHub\Do_an_tot_nghiep\data\processed\full_org\original_18_4.png,D:\GitHub\Do_an_tot_nghiep\data\processed\full_org\original_39_8.png,0,random_forgery,18,39
D:\GitHub\Do_an_tot_nghiep\data\processed\full_org\original_10_24.png,D:\GitHub\Do_an_tot_nghiep\data\processed\full_forg\forgeries_10_3.png,0,skilled_forgery,10,10
D:\GitHub\Do_an_tot_nghiep\data\processed\full_org\original_3_22.png,D:\GitHub\Do_an_tot_nghiep\data\processed\full_forg\forgeries_3_12.png,0,skilled_forgery,3,3
D:\GitHub\Do_an_tot_nghiep\data\processed\full_org\original_29_18.png,D:\GitHub\Do_an_tot_nghiep\data\processed\full_org\original_29_8.png,1,genuine_genuine,29,29
D:\GitHub\Do_an_tot_nghiep\data\processed\full_org\original_49_13.png,D:\GitHub\Do_an_tot_nghiep\data\processed\full_org\original_49_8.png,1,genuine_genuine,49,49
D:\GitHub\Do_an_tot_nghiep\data\processed\full_org\original_3_20.png,D:\GitHub\Do_an_tot_nghiep\data\processed\full_org\original_36_19.png,0,random_forgery,3,36
D:\GitHub\Do_an_tot_nghiep\data\processed\full_org\original_26_21.png,D:\GitHub\Do_an_tot_nghiep\data\processed\full_forg\forgeries_26_20.png,0,skilled_forgery,26,26
D:\GitHub\Do_an_tot_nghiep\data\processed\full_org\original_12_9.png,D:\GitHub\Do_an_tot_nghiep\data\processed\full_org\original_37_6.png,0,random_forgery,12,37
D:\GitHub\Do_an_tot_nghiep\data\processed\full_org\original_43_21.png,D:\GitHub\Do_an_tot_nghiep\data\processed\full_forg\forgeries_43_19.png,0,skilled_forgery,43,43
D:\GitHub\Do_an_tot_nghiep\data\processed\full_org\original_43_17.png,D:\GitHub\Do_an_tot_nghiep\data\processed\full_org\original_11_6.png,0,random_forgery,43,11
D:\GitHub\Do_an_tot_nghiep\data\processed\full_org\original_12_11.png,D:\GitHub\Do_an_tot_nghiep\data\processed\full_forg\forgeries_12_1.png,0,skilled_forgery,12,12
D:\GitHub\Do_an_tot_nghiep\data\processed\full_org\original_7_12.png,D:\GitHub\Do_an_tot_nghiep\data\processed\full_org\original_7_9.png,1,genuine_genuine,7,7
D:\GitHub\Do_an_tot_nghiep\data\processed\full_org\original_24_22.png,D:\GitHub\Do_an_tot_nghiep\data\processed\full_org\original_24_6.png,1,genuine_genuine,24,24
D:\GitHub\Do_an_tot_nghiep\data\processed\full_org\original_17_16.png,D:\GitHub\Do_an_tot_nghiep\data\processed\full_org\original_17_3.png,1,genuine_genuine,17,17
D:\GitHub\Do_an_tot_nghiep\data\processed\full_org\original_36_14.png,D:\GitHub\Do_an_tot_nghiep\data\processed\full_org\original_36_16.png,1,genuine_genuine,36,36
D:\GitHub\Do_an_tot_nghiep\data\processed\full_org\original_51_17.png,D:\GitHub\Do_an_tot_nghiep\data\processed\full_forg\forgeries_51_24.png,0,skilled_forgery,51,51
D:\GitHub\Do_an_tot_nghiep\data\processed\full_org\original_39_17.png,D:\GitHub\Do_an_tot_nghiep\data\processed\full_org\original_39_6.png,1,genuine_genuine,39,39
D:\GitHub\Do_an_tot_nghiep\data\processed\full_org\original_55_14.png,D:\GitHub\Do_an_tot_nghiep\data\processed\full_org\original_49_19.png,0,random_forgery,55,49
D:\GitHub\Do_an_tot_nghiep\data\processed\full_org\original_29_1.png,D:\GitHub\Do_an_tot_nghiep\data\processed\full_org\original_29_23.png,1,genuine_genuine,29,29
D:\GitHub\Do_an_tot_nghiep\data\processed\full_org\original_47_17.png,D:\GitHub\Do_an_tot_nghiep\data\processed\full_forg\forgeries_47_5.png,0,skilled_forgery,47,47
D:\GitHub\Do_an_tot_nghiep\data\processed\full_org\original_47_17.png,D:\GitHub\Do_an_tot_nghiep\data\processed\full_org\original_47_2.png,1,genuine_genuine,47,47
D:\GitHub\Do_an_tot_nghiep\data\processed\full_org\original_51_2.png,D:\GitHub\Do_an_tot_nghiep\data\processed\full_forg\forgeries_51_24.png,0,skilled_forgery,51,51
D:\GitHub\Do_an_tot_nghiep\data\processed\full_org\original_53_14.png,D:\GitHub\Do_an_tot_nghiep\data\processed\full_org\original_53_8.png,1,genuine_genuine,53,53
D:\GitHub\Do_an_tot_nghiep\data\processed\full_org\original_46_3.png,D:\GitHub\Do_an_tot_nghiep\data\processed\full_org\original_34_10.png,0,random_forgery,46,34
D:\GitHub\Do_an_tot_nghiep\data\processed\full_org\original_43_2.png,D:\GitHub\Do_an_tot_nghiep\data\processed\full_org\original_43_7.png,1,genuine_genuine,43,43
D:\GitHub\Do_an_tot_nghiep\data\processed\full_org\original_18_8.png,D:\GitHub\Do_an_tot_nghiep\data\processed\full_forg\forgeries_18_15.png,0,skilled_forgery,18,18
D:\GitHub\Do_an_tot_nghiep\data\processed\full_org\original_45_23.png,D:\GitHub\Do_an_tot_nghiep\data\processed\full_forg\forgeries_45_13.png,0,skilled_forgery,45,45
D:\GitHub\Do_an_tot_nghiep\data\processed\full_org\original_4_20.png,D:\GitHub\Do_an_tot_nghiep\data\processed\full_forg\forgeries_4_16.png,0,skilled_forgery,4,4
D:\GitHub\Do_an_tot_nghiep\data\processed\full_org\original_3_11.png,D:\GitHub\Do_an_tot_nghiep\data\processed\full_org\original_3_5.png,1,genuine_genuine,3,3
D:\GitHub\Do_an_tot_nghiep\data\processed\full_org\original_31_2.png,D:\GitHub\Do_an_tot_nghiep\data\processed\full_org\original_31_3.png,1,genuine_genuine,31,31
D:\GitHub\Do_an_tot_nghiep\data\processed\full_org\original_55_22.png,D:\GitHub\Do_an_tot_nghiep\data\processed\full_forg\forgeries_55_20.png,0,skilled_forgery,55,55
D:\GitHub\Do_an_tot_nghiep\data\processed\full_org\original_11_1.png,D:\GitHub\Do_an_tot_nghiep\data\processed\full_forg\forgeries_11_9.png,0,skilled_forgery,11,11
D:\GitHub\Do_an_tot_nghiep\data\processed\full_org\original_43_21.png,D:\GitHub\Do_an_tot_nghiep\data\processed\full_forg\forgeries_43_22.png,0,skilled_forgery,43,43
D:\GitHub\Do_an_tot_nghiep\data\processed\full_org\original_53_17.png,D:\GitHub\Do_an_tot_nghiep\data\processed\full_org\original_53_8.png,1,genuine_genuine,53,53
D:\GitHub\Do_an_tot_nghiep\data\processed\full_org\original_40_2.png,D:\GitHub\Do_an_tot_nghiep\data\processed\full_org\original_40_20.png,1,genuine_genuine,40,40
D:\GitHub\Do_an_tot_nghiep\data\processed\full_org\original_4_3.png,D:\GitHub\Do_an_tot_nghiep\data\processed\full_org\original_29_11.png,0,random_forgery,4,29
D:\GitHub\Do_an_tot_nghiep\data\processed\full_org\original_21_13.png,D:\GitHub\Do_an_tot_nghiep\data\processed\full_forg\forgeries_21_15.png,0,skilled_forgery,21,21
D:\GitHub\Do_an_tot_nghiep\data\processed\full_org\original_28_23.png,D:\GitHub\Do_an_tot_nghiep\data\processed\full_forg\forgeries_28_3.png,0,skilled_forgery,28,28
D:\GitHub\Do_an_tot_nghiep\data\processed\full_org\original_10_24.png,D:\GitHub\Do_an_tot_nghiep\data\processed\full_org\original_3_20.png,0,random_forgery,10,3
D:\GitHub\Do_an_tot_nghiep\data\processed\full_org\original_4_19.png,D:\GitHub\Do_an_tot_nghiep\data\processed\full_org\original_4_23.png,1,genuine_genuine,4,4
D:\GitHub\Do_an_tot_nghiep\data\processed\full_org\original_38_13.png,D:\GitHub\Do_an_tot_nghiep\data\processed\full_org\original_38_24.png,1,genuine_genuine,38,38
D:\GitHub\Do_an_tot_nghiep\data\processed\full_org\original_24_18.png,D:\GitHub\Do_an_tot_nghiep\data\processed\full_org\original_24_4.png,1,genuine_genuine,24,24
D:\GitHub\Do_an_tot_nghiep\data\processed\full_org\original_19_1.png,D:\GitHub\Do_an_tot_nghiep\data\processed\full_forg\forgeries_19_20.png,0,skilled_forgery,19,19
D:\GitHub\Do_an_tot_nghiep\data\processed\full_org\original_7_11.png,D:\GitHub\Do_an_tot_nghiep\data\processed\full_org\original_7_7.png,1,genuine_genuine,7,7
D:\GitHub\Do_an_tot_nghiep\data\processed\full_org\original_4_11.png,D:\GitHub\Do_an_tot_nghiep\data\processed\full_org\original_4_20.png,1,genuine_genuine,4,4
D:\GitHub\Do_an_tot_nghiep\data\processed\full_org\original_49_2.png,D:\GitHub\Do_an_tot_nghiep\data\processed\full_forg\forgeries_49_20.png,0,skilled_forgery,49,49
D:\GitHub\Do_an_tot_nghiep\data\processed\full_org\original_47_12.png,D:\GitHub\Do_an_tot_nghiep\data\processed\full_forg\forgeries_47_4.png,0,skilled_forgery,47,47
D:\GitHub\Do_an_tot_nghiep\data\processed\full_org\original_11_7.png,D:\GitHub\Do_an_tot_nghiep\data\processed\full_org\original_11_8.png,1,genuine_genuine,11,11
D:\GitHub\Do_an_tot_nghiep\data\processed\full_org\original_3_16.png,D:\GitHub\Do_an_tot_nghiep\data\processed\full_org\original_3_4.png,1,genuine_genuine,3,3
D:\GitHub\Do_an_tot_nghiep\data\processed\full_org\original_1_4.png,D:\GitHub\Do_an_tot_nghiep\data\processed\full_forg\forgeries_1_11.png,0,skilled_forgery,1,1
D:\GitHub\Do_an_tot_nghiep\data\processed\full_org\original_10_10.png,D:\GitHub\Do_an_tot_nghiep\data\processed\full_org\original_10_12.png,1,genuine_genuine,10,10
D:\GitHub\Do_an_tot_nghiep\data\processed\full_org\original_21_1.png,D:\GitHub\Do_an_tot_nghiep\data\processed\full_org\original_21_10.png,1,genuine_genuine,21,21
D:\GitHub\Do_an_tot_nghiep\data\processed\full_org\original_17_11.png,D:\GitHub\Do_an_tot_nghiep\data\processed\full_org\original_17_15.png,1,genuine_genuine,17,17
D:\GitHub\Do_an_tot_nghiep\data\processed\full_org\original_31_19.png,D:\GitHub\Do_an_tot_nghiep\data\processed\full_org\original_18_9.png,0,random_forgery,31,18
D:\GitHub\Do_an_tot_nghiep\data\processed\full_org\original_10_2.png,D:\GitHub\Do_an_tot_nghiep\data\processed\full_forg\forgeries_10_6.png,0,skilled_forgery,10,10
D:\GitHub\Do_an_tot_nghiep\data\processed\full_org\original_49_5.png,D:\GitHub\Do_an_tot_nghiep\data\processed\full_forg\forgeries_49_5.png,0,skilled_forgery,49,49
D:\GitHub\Do_an_tot_nghiep\data\processed\full_org\original_10_24.png,D:\GitHub\Do_an_tot_nghiep\data\processed\full_forg\forgeries_10_8.png,0,skilled_forgery,10,10
D:\GitHub\Do_an_tot_nghiep\data\processed\full_org\original_40_16.png,D:\GitHub\Do_an_tot_nghiep\data\processed\full_forg\forgeries_40_21.png,0,skilled_forgery,40,40
D:\GitHub\Do_an_tot_nghiep\data\processed\full_org\original_26_15.png,D:\GitHub\Do_an_tot_nghiep\data\processed\full_org\original_26_6.png,1,genuine_genuine,26,26
D:\GitHub\Do_an_tot_nghiep\data\processed\full_org\original_16_17.png,D:\GitHub\Do_an_tot_nghiep\data\processed\full_org\original_16_5.png,1,genuine_genuine,16,16
D:\GitHub\Do_an_tot_nghiep\data\processed\full_org\original_43_3.png,D:\GitHub\Do_an_tot_nghiep\data\processed\full_forg\forgeries_43_8.png,0,skilled_forgery,43,43
D:\GitHub\Do_an_tot_nghiep\data\processed\full_org\original_53_11.png,D:\GitHub\Do_an_tot_nghiep\data\processed\full_org\original_53_5.png,1,genuine_genuine,53,53
D:\GitHub\Do_an_tot_nghiep\data\processed\full_org\original_19_20.png,D:\GitHub\Do_an_tot_nghiep\data\processed\full_org\original_37_16.png,0,random_forgery,19,37
D:\GitHub\Do_an_tot_nghiep\data\processed\full_org\original_11_16.png,D:\GitHub\Do_an_tot_nghiep\data\processed\full_org\original_11_20.png,1,genuine_genuine,11,11
D:\GitHub\Do_an_tot_nghiep\data\processed\full_org\original_16_24.png,D:\GitHub\Do_an_tot_nghiep\data\processed\full_forg\forgeries_16_2.png,0,skilled_forgery,16,16
D:\GitHub\Do_an_tot_nghiep\data\processed\full_org\original_31_22.png,D:\GitHub\Do_an_tot_nghiep\data\processed\full_org\original_31_5.png,1,genuine_genuine,31,31
D:\GitHub\Do_an_tot_nghiep\data\processed\full_org\original_28_10.png,D:\GitHub\Do_an_tot_nghiep\data\processed\full_org\original_28_12.png,1,genuine_genuine,28,28
D:\GitHub\Do_an_tot_nghiep\data\processed\full_org\original_11_15.png,D:\GitHub\Do_an_tot_nghiep\data\processed\full_org\original_16_2.png,0,random_forgery,11,16
D:\GitHub\Do_an_tot_nghiep\data\processed\full_org\original_1_19.png,D:\GitHub\Do_an_tot_nghiep\data\processed\full_forg\forgeries_1_17.png,0,skilled_forgery,1,1
D:\GitHub\Do_an_tot_nghiep\data\processed\full_org\original_30_19.png,D:\GitHub\Do_an_tot_nghiep\data\processed\full_forg\forgeries_30_21.png,0,skilled_forgery,30,30
D:\GitHub\Do_an_tot_nghiep\data\processed\full_org\original_4_1.png,D:\GitHub\Do_an_tot_nghiep\data\processed\full_org\original_4_13.png,1,genuine_genuine,4,4
D:\GitHub\Do_an_tot_nghiep\data\processed\full_org\original_1_11.png,D:\GitHub\Do_an_tot_nghiep\data\processed\full_org\original_1_4.png,1,genuine_genuine,1,1
D:\GitHub\Do_an_tot_nghiep\data\processed\full_org\original_47_14.png,D:\GitHub\Do_an_tot_nghiep\data\processed\full_org\original_47_6.png,1,genuine_genuine,47,47
D:\GitHub\Do_an_tot_nghiep\data\processed\full_org\original_31_2.png,D:\GitHub\Do_an_tot_nghiep\data\processed\full_org\original_10_19.png,0,random_forgery,31,10
D:\GitHub\Do_an_tot_nghiep\data\processed\full_org\original_38_1.png,D:\GitHub\Do_an_tot_nghiep\data\processed\full_org\original_38_8.png,1,genuine_genuine,38,38
D:\GitHub\Do_an_tot_nghiep\data\processed\full_org\original_53_10.png,D:\GitHub\Do_an_tot_nghiep\data\processed\full_org\original_53_21.png,1,genuine_genuine,53,53
D:\GitHub\Do_an_tot_nghiep\data\processed\full_org\original_49_19.png,D:\GitHub\Do_an_tot_nghiep\data\processed\full_forg\forgeries_49_15.png,0,skilled_forgery,49,49
D:\GitHub\Do_an_tot_nghiep\data\processed\full_org\original_10_20.png,D:\GitHub\Do_an_tot_nghiep\data\processed\full_org\original_17_6.png,0,random_forgery,10,17
D:\GitHub\Do_an_tot_nghiep\data\processed\full_org\original_7_19.png,D:\GitHub\Do_an_tot_nghiep\data\processed\full_org\original_7_2.png,1,genuine_genuine,7,7
D:\GitHub\Do_an_tot_nghiep\data\processed\full_org\original_21_10.png,D:\GitHub\Do_an_tot_nghiep\data\processed\full_org\original_21_16.png,1,genuine_genuine,21,21
D:\GitHub\Do_an_tot_nghiep\data\processed\full_org\original_47_7.png,D:\GitHub\Do_an_tot_nghiep\data\processed\full_forg\forgeries_47_5.png,0,skilled_forgery,47,47
D:\GitHub\Do_an_tot_nghiep\data\processed\full_org\original_31_13.png,D:\GitHub\Do_an_tot_nghiep\data\processed\full_org\original_34_12.png,0,random_forgery,31,34
D:\GitHub\Do_an_tot_nghiep\data\processed\full_org\original_25_23.png,D:\GitHub\Do_an_tot_nghiep\data\processed\full_org\original_16_13.png,0,random_forgery,25,16
D:\GitHub\Do_an_tot_nghiep\data\processed\full_org\original_39_18.png,D:\GitHub\Do_an_tot_nghiep\data\processed\full_org\original_39_6.png,1,genuine_genuine,39,39
D:\GitHub\Do_an_tot_nghiep\data\processed\full_org\original_43_1.png,D:\GitHub\Do_an_tot_nghiep\data\processed\full_org\original_43_13.png,1,genuine_genuine,43,43
D:\GitHub\Do_an_tot_nghiep\data\processed\full_org\original_37_8.png,D:\GitHub\Do_an_tot_nghiep\data\processed\full_forg\forgeries_37_4.png,0,skilled_forgery,37,37
D:\GitHub\Do_an_tot_nghiep\data\processed\full_org\original_17_4.png,D:\GitHub\Do_an_tot_nghiep\data\processed\full_forg\forgeries_17_9.png,0,skilled_forgery,17,17
D:\GitHub\Do_an_tot_nghiep\data\processed\full_org\original_24_20.png,D:\GitHub\Do_an_tot_nghiep\data\processed\full_org\original_7_24.png,0,random_forgery,24,7
D:\GitHub\Do_an_tot_nghiep\data\processed\full_org\original_5_7.png,D:\GitHub\Do_an_tot_nghiep\data\processed\full_forg\forgeries_5_11.png,0,skilled_forgery,5,5
D:\GitHub\Do_an_tot_nghiep\data\processed\full_org\original_3_24.png,D:\GitHub\Do_an_tot_nghiep\data\processed\full_org\original_18_12.png,0,random_forgery,3,18
D:\GitHub\Do_an_tot_nghiep\data\processed\full_org\original_37_15.png,D:\GitHub\Do_an_tot_nghiep\data\processed\full_org\original_21_9.png,0,random_forgery,37,21
D:\GitHub\Do_an_tot_nghiep\data\processed\full_org\original_34_2.png,D:\GitHub\Do_an_tot_nghiep\data\processed\full_org\original_34_4.png,1,genuine_genuine,34,34
D:\GitHub\Do_an_tot_nghiep\data\processed\full_org\original_17_20.png,D:\GitHub\Do_an_tot_nghiep\data\processed\full_org\original_17_6.png,1,genuine_genuine,17,17
D:\GitHub\Do_an_tot_nghiep\data\processed\full_org\original_45_12.png,D:\GitHub\Do_an_tot_nghiep\data\processed\full_org\original_45_6.png,1,genuine_genuine,45,45
D:\GitHub\Do_an_tot_nghiep\data\processed\full_org\original_19_22.png,D:\GitHub\Do_an_tot_nghiep\data\processed\full_forg\forgeries_19_24.png,0,skilled_forgery,19,19
D:\GitHub\Do_an_tot_nghiep\data\processed\full_org\original_3_16.png,D:\GitHub\Do_an_tot_nghiep\data\processed\full_org\original_25_5.png,0,random_forgery,3,25
D:\GitHub\Do_an_tot_nghiep\data\processed\full_org\original_29_5.png,D:\GitHub\Do_an_tot_nghiep\data\processed\full_forg\forgeries_29_15.png,0,skilled_forgery,29,29
D:\GitHub\Do_an_tot_nghiep\data\processed\full_org\original_1_3.png,D:\GitHub\Do_an_tot_nghiep\data\processed\full_org\original_1_6.png,1,genuine_genuine,1,1
D:\GitHub\Do_an_tot_nghiep\data\processed\full_org\original_29_10.png,D:\GitHub\Do_an_tot_nghiep\data\processed\full_forg\forgeries_29_12.png,0,skilled_forgery,29,29
D:\GitHub\Do_an_tot_nghiep\data\processed\full_org\original_40_23.png,D:\GitHub\Do_an_tot_nghiep\data\processed\full_forg\forgeries_40_22.png,0,skilled_forgery,40,40
D:\GitHub\Do_an_tot_nghiep\data\processed\full_org\original_46_15.png,D:\GitHub\Do_an_tot_nghiep\data\processed\full_org\original_29_15.png,0,random_forgery,46,29
D:\GitHub\Do_an_tot_nghiep\data\processed\full_org\original_5_10.png,D:\GitHub\Do_an_tot_nghiep\data\processed\full_org\original_5_14.png,1,genuine_genuine,5,5
D:\GitHub\Do_an_tot_nghiep\data\processed\full_org\original_40_23.png,D:\GitHub\Do_an_tot_nghiep\data\processed\full_forg\forgeries_40_15.png,0,skilled_forgery,40,40
D:\GitHub\Do_an_tot_nghiep\data\processed\full_org\original_18_1.png,D:\GitHub\Do_an_tot_nghiep\data\processed\full_forg\forgeries_18_6.png,0,skilled_forgery,18,18
D:\GitHub\Do_an_tot_nghiep\data\processed\full_org\original_16_10.png,D:\GitHub\Do_an_tot_nghiep\data\processed\full_forg\forgeries_16_14.png,0,skilled_forgery,16,16
D:\GitHub\Do_an_tot_nghiep\data\processed\full_org\original_24_7.png,D:\GitHub\Do_an_tot_nghiep\data\processed\full_forg\forgeries_24_15.png,0,skilled_forgery,24,24
D:\GitHub\Do_an_tot_nghiep\data\processed\full_org\original_38_8.png,D:\GitHub\Do_an_tot_nghiep\data\processed\full_forg\forgeries_38_2.png,0,skilled_forgery,38,38
D:\GitHub\Do_an_tot_nghiep\data\processed\full_org\original_38_1.png,D:\GitHub\Do_an_tot_nghiep\data\processed\full_org\original_19_1.png,0,random_forgery,38,19
D:\GitHub\Do_an_tot_nghiep\data\processed\full_org\original_25_16.png,D:\GitHub\Do_an_tot_nghiep\data\processed\full_org\original_25_20.png,1,genuine_genuine,25,25
D:\GitHub\Do_an_tot_nghiep\data\processed\full_org\original_28_14.png,D:\GitHub\Do_an_tot_nghiep\data\processed\full_org\original_28_20.png,1,genuine_genuine,28,28
D:\GitHub\Do_an_tot_nghiep\data\processed\full_org\original_11_4.png,D:\GitHub\Do_an_tot_nghiep\data\processed\full_forg\forgeries_11_15.png,0,skilled_forgery,11,11
D:\GitHub\Do_an_tot_nghiep\data\processed\full_org\original_7_20.png,D:\GitHub\Do_an_tot_nghiep\data\processed\full_forg\forgeries_7_24.png,0,skilled_forgery,7,7
D:\GitHub\Do_an_tot_nghiep\data\processed\full_org\original_18_13.png,D:\GitHub\Do_an_tot_nghiep\data\processed\full_forg\forgeries_18_23.png,0,skilled_forgery,18,18
D:\GitHub\Do_an_tot_nghiep\data\processed\full_org\original_29_22.png,D:\GitHub\Do_an_tot_nghiep\data\processed\full_org\original_29_24.png,1,genuine_genuine,29,29
D:\GitHub\Do_an_tot_nghiep\data\processed\full_org\original_49_13.png,D:\GitHub\Do_an_tot_nghiep\data\processed\full_forg\forgeries_49_13.png,0,skilled_forgery,49,49
D:\GitHub\Do_an_tot_nghiep\data\processed\full_org\original_17_1.png,D:\GitHub\Do_an_tot_nghiep\data\processed\full_forg\forgeries_17_18.png,0,skilled_forgery,17,17
D:\GitHub\Do_an_tot_nghiep\data\processed\full_org\original_40_11.png,D:\GitHub\Do_an_tot_nghiep\data\processed\full_org\original_40_2.png,1,genuine_genuine,40,40
D:\GitHub\Do_an_tot_nghiep\data\processed\full_org\original_16_24.png,D:\GitHub\Do_an_tot_nghiep\data\processed\full_forg\forgeries_16_22.png,0,skilled_forgery,16,16
D:\GitHub\Do_an_tot_nghiep\data\processed\full_org\original_53_12.png,D:\GitHub\Do_an_tot_nghiep\data\processed\full_org\original_53_5.png,1,genuine_genuine,53,53
D:\GitHub\Do_an_tot_nghiep\data\processed\full_org\original_55_11.png,D:\GitHub\Do_an_tot_nghiep\data\processed\full_org\original_55_7.png,1,genuine_genuine,55,55
D:\GitHub\Do_an_tot_nghiep\data\processed\full_org\original_18_2.png,D:\GitHub\Do_an_tot_nghiep\data\processed\full_forg\forgeries_18_21.png,0,skilled_forgery,18,18
D:\GitHub\Do_an_tot_nghiep\data\processed\full_org\original_1_12.png,D:\GitHub\Do_an_tot_nghiep\data\processed\full_org\original_1_9.png,1,genuine_genuine,1,1
D:\GitHub\Do_an_tot_nghiep\data\processed\full_org\original_3_13.png,D:\GitHub\Do_an_tot_nghiep\data\processed\full_forg\forgeries_3_14.png,0,skilled_forgery,3,3
D:\GitHub\Do_an_tot_nghiep\data\processed\full_org\original_24_4.png,D:\GitHub\Do_an_tot_nghiep\data\processed\full_forg\forgeries_24_21.png,0,skilled_forgery,24,24
D:\GitHub\Do_an_tot_nghiep\data\processed\full_org\original_16_3.png,D:\GitHub\Do_an_tot_nghiep\data\processed\full_org\original_16_5.png,1,genuine_genuine,16,16
D:\GitHub\Do_an_tot_nghiep\data\processed\full_org\original_18_16.png,D:\GitHub\Do_an_tot_nghiep\data\processed\full_org\original_16_5.png,0,random_forgery,18,16
D:\GitHub\Do_an_tot_nghiep\data\processed\full_org\original_25_17.png,D:\GitHub\Do_an_tot_nghiep\data\processed\full_forg\forgeries_25_5.png,0,skilled_forgery,25,25
D:\GitHub\Do_an_tot_nghiep\data\processed\full_org\original_26_18.png,D:\GitHub\Do_an_tot_nghiep\data\processed\full_org\original_26_21.png,1,genuine_genuine,26,26
D:\GitHub\Do_an_tot_nghiep\data\processed\full_org\original_45_18.png,D:\GitHub\Do_an_tot_nghiep\data\processed\full_org\original_37_21.png,0,random_forgery,45,37
D:\GitHub\Do_an_tot_nghiep\data\processed\full_org\original_37_22.png,D:\GitHub\Do_an_tot_nghiep\data\processed\full_org\original_37_8.png,1,genuine_genuine,37,37
D:\GitHub\Do_an_tot_nghiep\data\processed\full_org\original_40_15.png,D:\GitHub\Do_an_tot_nghiep\data\processed\full_org\original_40_9.png,1,genuine_genuine,40,40
D:\GitHub\Do_an_tot_nghiep\data\processed\full_org\original_51_3.png,D:\GitHub\Do_an_tot_nghiep\data\processed\full_org\original_18_10.png,0,random_forgery,51,18
D:\GitHub\Do_an_tot_nghiep\data\processed\full_org\original_19_11.png,D:\GitHub\Do_an_tot_nghiep\data\processed\full_forg\forgeries_19_20.png,0,skilled_forgery,19,19
D:\GitHub\Do_an_tot_nghiep\data\processed\full_org\original_34_8.png,D:\GitHub\Do_an_tot_nghiep\data\processed\full_forg\forgeries_34_2.png,0,skilled_forgery,34,34
D:\GitHub\Do_an_tot_nghiep\data\processed\full_org\original_55_14.png,D:\GitHub\Do_an_tot_nghiep\data\processed\full_forg\forgeries_55_19.png,0,skilled_forgery,55,55
D:\GitHub\Do_an_tot_nghiep\data\processed\full_org\original_38_3.png,D:\GitHub\Do_an_tot_nghiep\data\processed\full_forg\forgeries_38_8.png,0,skilled_forgery,38,38
D:\GitHub\Do_an_tot_nghiep\data\processed\full_org\original_26_23.png,D:\GitHub\Do_an_tot_nghiep\data\processed\full_org\original_26_4.png,1,genuine_genuine,26,26
D:\GitHub\Do_an_tot_nghiep\data\processed\full_org\original_21_22.png,D:\GitHub\Do_an_tot_nghiep\data\processed\full_org\original_11_2.png,0,random_forgery,21,11
D:\GitHub\Do_an_tot_nghiep\data\processed\full_org\original_21_17.png,D:\GitHub\Do_an_tot_nghiep\data\processed\full_org\original_21_6.png,1,genuine_genuine,21,21
D:\GitHub\Do_an_tot_nghiep\data\processed\full_org\original_18_18.png,D:\GitHub\Do_an_tot_nghiep\data\processed\full_org\original_18_21.png,1,genuine_genuine,18,18
D:\GitHub\Do_an_tot_nghiep\data\processed\full_org\original_3_19.png,D:\GitHub\Do_an_tot_nghiep\data\processed\full_org\original_36_19.png,0,random_forgery,3,36
D:\GitHub\Do_an_tot_nghiep\data\processed\full_org\original_26_19.png,D:\GitHub\Do_an_tot_nghiep\data\processed\full_forg\forgeries_26_7.png,0,skilled_forgery,26,26
D:\GitHub\Do_an_tot_nghiep\data\processed\full_org\original_22_22.png,D:\GitHub\Do_an_tot_nghiep\data\processed\full_org\original_49_13.png,0,random_forgery,22,49
D:\GitHub\Do_an_tot_nghiep\data\processed\full_org\original_4_14.png,D:\GitHub\Do_an_tot_nghiep\data\processed\full_org\original_22_14.png,0,random_forgery,4,22
D:\GitHub\Do_an_tot_nghiep\data\processed\full_org\original_45_10.png,D:\GitHub\Do_an_tot_nghiep\data\processed\full_org\original_45_21.png,1,genuine_genuine,45,45
D:\GitHub\Do_an_tot_nghiep\data\processed\full_org\original_46_16.png,D:\GitHub\Do_an_tot_nghiep\data\processed\full_forg\forgeries_46_15.png,0,skilled_forgery,46,46
D:\GitHub\Do_an_tot_nghiep\data\processed\full_org\original_55_6.png,D:\GitHub\Do_an_tot_nghiep\data\processed\full_forg\forgeries_55_2.png,0,skilled_forgery,55,55
D:\GitHub\Do_an_tot_nghiep\data\processed\full_org\original_49_12.png,D:\GitHub\Do_an_tot_nghiep\data\processed\full_org\original_49_16.png,1,genuine_genuine,49,49
D:\GitHub\Do_an_tot_nghiep\data\processed\full_org\original_38_16.png,D:\GitHub\Do_an_tot_nghiep\data\processed\full_forg\forgeries_38_22.png,0,skilled_forgery,38,38
D:\GitHub\Do_an_tot_nghiep\data\processed\full_org\original_37_7.png,D:\GitHub\Do_an_tot_nghiep\data\processed\full_org\original_3_19.png,0,random_forgery,37,3
D:\GitHub\Do_an_tot_nghiep\data\processed\full_org\original_7_16.png,D:\GitHub\Do_an_tot_nghiep\data\processed\full_org\original_7_4.png,1,genuine_genuine,7,7
D:\GitHub\Do_an_tot_nghiep\data\processed\full_org\original_49_11.png,D:\GitHub\Do_an_tot_nghiep\data\processed\full_forg\forgeries_49_5.png,0,skilled_forgery,49,49
D:\GitHub\Do_an_tot_nghiep\data\processed\full_org\original_51_15.png,D:\GitHub\Do_an_tot_nghiep\data\processed\full_org\original_51_24.png,1,genuine_genuine,51,51
D:\GitHub\Do_an_tot_nghiep\data\processed\full_org\original_55_20.png,D:\GitHub\Do_an_tot_nghiep\data\processed\full_forg\forgeries_55_11.png,0,skilled_forgery,55,55
D:\GitHub\Do_an_tot_nghiep\data\processed\full_org\original_55_22.png,D:\GitHub\Do_an_tot_nghiep\data\processed\full_org\original_55_23.png,1,genuine_genuine,55,55
D:\GitHub\Do_an_tot_nghiep\data\processed\full_org\original_22_18.png,D:\GitHub\Do_an_tot_nghiep\data\processed\full_org\original_22_8.png,1,genuine_genuine,22,22
D:\GitHub\Do_an_tot_nghiep\data\processed\full_org\original_43_23.png,D:\GitHub\Do_an_tot_nghiep\data\processed\full_forg\forgeries_43_11.png,0,skilled_forgery,43,43
D:\GitHub\Do_an_tot_nghiep\data\processed\full_org\original_45_18.png,D:\GitHub\Do_an_tot_nghiep\data\processed\full_forg\forgeries_45_14.png,0,skilled_forgery,45,45
D:\GitHub\Do_an_tot_nghiep\data\processed\full_org\original_39_14.png,D:\GitHub\Do_an_tot_nghiep\data\processed\full_org\original_39_9.png,1,genuine_genuine,39,39
D:\GitHub\Do_an_tot_nghiep\data\processed\full_org\original_22_2.png,D:\GitHub\Do_an_tot_nghiep\data\processed\full_org\original_22_20.png,1,genuine_genuine,22,22
D:\GitHub\Do_an_tot_nghiep\data\processed\full_org\original_16_12.png,D:\GitHub\Do_an_tot_nghiep\data\processed\full_org\original_43_2.png,0,random_forgery,16,43
D:\GitHub\Do_an_tot_nghiep\data\processed\full_org\original_4_9.png,D:\GitHub\Do_an_tot_nghiep\data\processed\full_forg\forgeries_4_22.png,0,skilled_forgery,4,4
D:\GitHub\Do_an_tot_nghiep\data\processed\full_org\original_17_3.png,D:\GitHub\Do_an_tot_nghiep\data\processed\full_org\original_34_19.png,0,random_forgery,17,34
D:\GitHub\Do_an_tot_nghiep\data\processed\full_org\original_45_8.png,D:\GitHub\Do_an_tot_nghiep\data\processed\full_forg\forgeries_45_1.png,0,skilled_forgery,45,45
D:\GitHub\Do_an_tot_nghiep\data\processed\full_org\original_30_21.png,D:\GitHub\Do_an_tot_nghiep\data\processed\full_forg\forgeries_30_14.png,0,skilled_forgery,30,30
D:\GitHub\Do_an_tot_nghiep\data\processed\full_org\original_53_8.png,D:\GitHub\Do_an_tot_nghiep\data\processed\full_forg\forgeries_53_16.png,0,skilled_forgery,53,53
D:\GitHub\Do_an_tot_nghiep\data\processed\full_org\original_19_19.png,D:\GitHub\Do_an_tot_nghiep\data\processed\full_org\original_19_2.png,1,genuine_genuine,19,19
D:\GitHub\Do_an_tot_nghiep\data\processed\full_org\original_28_20.png,D:\GitHub\Do_an_tot_nghiep\data\processed\full_org\original_12_4.png,0,random_forgery,28,12
D:\GitHub\Do_an_tot_nghiep\data\processed\full_org\original_29_18.png,D:\GitHub\Do_an_tot_nghiep\data\processed\full_org\original_29_21.png,1,genuine_genuine,29,29
D:\GitHub\Do_an_tot_nghiep\data\processed\full_org\original_38_23.png,D:\GitHub\Do_an_tot_nghiep\data\processed\full_forg\forgeries_38_11.png,0,skilled_forgery,38,38
D:\GitHub\Do_an_tot_nghiep\data\processed\full_org\original_25_16.png,D:\GitHub\Do_an_tot_nghiep\data\processed\full_org\original_37_10.png,0,random_forgery,25,37
D:\GitHub\Do_an_tot_nghiep\data\processed\full_org\original_17_10.png,D:\GitHub\Do_an_tot_nghiep\data\processed\full_org\original_17_5.png,1,genuine_genuine,17,17
D:\GitHub\Do_an_tot_nghiep\data\processed\full_org\original_53_8.png,D:\GitHub\Do_an_tot_nghiep\data\processed\full_forg\forgeries_53_3.png,0,skilled_forgery,53,53
D:\GitHub\Do_an_tot_nghiep\data\processed\full_org\original_17_7.png,D:\GitHub\Do_an_tot_nghiep\data\processed\full_forg\forgeries_17_20.png,0,skilled_forgery,17,17
D:\GitHub\Do_an_tot_nghiep\data\processed\full_org\original_28_22.png,D:\GitHub\Do_an_tot_nghiep\data\processed\full_forg\forgeries_28_1.png,0,skilled_forgery,28,28
D:\GitHub\Do_an_tot_nghiep\data\processed\full_org\original_24_14.png,D:\GitHub\Do_an_tot_nghiep\data\processed\full_org\original_24_21.png,1,genuine_genuine,24,24
D:\GitHub\Do_an_tot_nghiep\data\processed\full_org\original_29_13.png,D:\GitHub\Do_an_tot_nghiep\data\processed\full_org\original_29_8.png,1,genuine_genuine,29,29
D:\GitHub\Do_an_tot_nghiep\data\processed\full_org\original_1_23.png,D:\GitHub\Do_an_tot_nghiep\data\processed\full_org\original_31_14.png,0,random_forgery,1,31
D:\GitHub\Do_an_tot_nghiep\data\processed\full_org\original_12_5.png,D:\GitHub\Do_an_tot_nghiep\data\processed\full_forg\forgeries_12_9.png,0,skilled_forgery,12,12
D:\GitHub\Do_an_tot_nghiep\data\processed\full_org\original_10_6.png,D:\GitHub\Do_an_tot_nghiep\data\processed\full_forg\forgeries_10_15.png,0,skilled_forgery,10,10
D:\GitHub\Do_an_tot_nghiep\data\processed\full_org\original_1_3.png,D:\GitHub\Do_an_tot_nghiep\data\processed\full_org\original_51_6.png,0,random_forgery,1,51
D:\GitHub\Do_an_tot_nghiep\data\processed\full_org\original_17_9.png,D:\GitHub\Do_an_tot_nghiep\data\processed\full_forg\forgeries_17_8.png,0,skilled_forgery,17,17
D:\GitHub\Do_an_tot_nghiep\data\processed\full_org\original_43_24.png,D:\GitHub\Do_an_tot_nghiep\data\processed\full_forg\forgeries_43_4.png,0,skilled_forgery,43,43
D:\GitHub\Do_an_tot_nghiep\data\processed\full_org\original_28_10.png,D:\GitHub\Do_an_tot_nghiep\data\processed\full_forg\forgeries_28_9.png,0,skilled_forgery,28,28
D:\GitHub\Do_an_tot_nghiep\data\processed\full_org\original_28_3.png,D:\GitHub\Do_an_tot_nghiep\data\processed\full_org\original_28_4.png,1,genuine_genuine,28,28
D:\GitHub\Do_an_tot_nghiep\data\processed\full_org\original_31_2.png,D:\GitHub\Do_an_tot_nghiep\data\processed\full_org\original_31_21.png,1,genuine_genuine,31,31
D:\GitHub\Do_an_tot_nghiep\data\processed\full_org\original_16_4.png,D:\GitHub\Do_an_tot_nghiep\data\processed\full_org\original_16_7.png,1,genuine_genuine,16,16
D:\GitHub\Do_an_tot_nghiep\data\processed\full_org\original_47_5.png,D:\GitHub\Do_an_tot_nghiep\data\processed\full_forg\forgeries_47_16.png,0,skilled_forgery,47,47
D:\GitHub\Do_an_tot_nghiep\data\processed\full_org\original_25_12.png,D:\GitHub\Do_an_tot_nghiep\data\processed\full_org\original_55_20.png,0,random_forgery,25,55
D:\GitHub\Do_an_tot_nghiep\data\processed\full_org\original_21_23.png,D:\GitHub\Do_an_tot_nghiep\data\processed\full_org\original_51_23.png,0,random_forgery,21,51
D:\GitHub\Do_an_tot_nghiep\data\processed\full_org\original_49_2.png,D:\GitHub\Do_an_tot_nghiep\data\processed\full_org\original_3_8.png,0,random_forgery,49,3
D:\GitHub\Do_an_tot_nghiep\data\processed\full_org\original_28_1.png,D:\GitHub\Do_an_tot_nghiep\data\processed\full_forg\forgeries_28_12.png,0,skilled_forgery,28,28
D:\GitHub\Do_an_tot_nghiep\data\processed\full_org\original_4_3.png,D:\GitHub\Do_an_tot_nghiep\data\processed\full_org\original_30_6.png,0,random_forgery,4,30
D:\GitHub\Do_an_tot_nghiep\data\processed\full_org\original_11_1.png,D:\GitHub\Do_an_tot_nghiep\data\processed\full_forg\forgeries_11_22.png,0,skilled_forgery,11,11
D:\GitHub\Do_an_tot_nghiep\data\processed\full_org\original_25_1.png,D:\GitHub\Do_an_tot_nghiep\data\processed\full_org\original_22_16.png,0,random_forgery,25,22
D:\GitHub\Do_an_tot_nghiep\data\processed\full_org\original_46_9.png,D:\GitHub\Do_an_tot_nghiep\data\processed\full_forg\forgeries_46_14.png,0,skilled_forgery,46,46
D:\GitHub\Do_an_tot_nghiep\data\processed\full_org\original_22_24.png,D:\GitHub\Do_an_tot_nghiep\data\processed\full_forg\forgeries_22_19.png,0,skilled_forgery,22,22
D:\GitHub\Do_an_tot_nghiep\data\processed\full_org\original_12_10.png,D:\GitHub\Do_an_tot_nghiep\data\processed\full_org\original_1_17.png,0,random_forgery,12,1
D:\GitHub\Do_an_tot_nghiep\data\processed\full_org\original_29_11.png,D:\GitHub\Do_an_tot_nghiep\data\processed\full_org\original_29_3.png,1,genuine_genuine,29,29
D:\GitHub\Do_an_tot_nghiep\data\processed\full_org\original_18_19.png,D:\GitHub\Do_an_tot_nghiep\data\processed\full_forg\forgeries_18_13.png,0,skilled_forgery,18,18
D:\GitHub\Do_an_tot_nghiep\data\processed\full_org\original_4_3.png,D:\GitHub\Do_an_tot_nghiep\data\processed\full_forg\forgeries_4_16.png,0,skilled_forgery,4,4
D:\GitHub\Do_an_tot_nghiep\data\processed\full_org\original_4_12.png,D:\GitHub\Do_an_tot_nghiep\data\processed\full_org\original_16_3.png,0,random_forgery,4,16
D:\GitHub\Do_an_tot_nghiep\data\processed\full_org\original_43_13.png,D:\GitHub\Do_an_tot_nghiep\data\processed\full_org\original_43_9.png,1,genuine_genuine,43,43
D:\GitHub\Do_an_tot_nghiep\data\processed\full_org\original_51_4.png,D:\GitHub\Do_an_tot_nghiep\data\processed\full_org\original_51_6.png,1,genuine_genuine,51,51
D:\GitHub\Do_an_tot_nghiep\data\processed\full_org\original_36_6.png,D:\GitHub\Do_an_tot_nghiep\data\processed\full_forg\forgeries_36_8.png,0,skilled_forgery,36,36
D:\GitHub\Do_an_tot_nghiep\data\processed\full_org\original_12_24.png,D:\GitHub\Do_an_tot_nghiep\data\processed\full_org\original_40_4.png,0,random_forgery,12,40
D:\GitHub\Do_an_tot_nghiep\data\processed\full_org\original_36_2.png,D:\GitHub\Do_an_tot_nghiep\data\processed\full_org\original_40_15.png,0,random_forgery,36,40
D:\GitHub\Do_an_tot_nghiep\data\processed\full_org\original_4_11.png,D:\GitHub\Do_an_tot_nghiep\data\processed\full_org\original_4_9.png,1,genuine_genuine,4,4
D:\GitHub\Do_an_tot_nghiep\data\processed\full_org\original_4_20.png,D:\GitHub\Do_an_tot_nghiep\data\processed\full_org\original_5_13.png,0,random_forgery,4,5
D:\GitHub\Do_an_tot_nghiep\data\processed\full_org\original_53_18.png,D:\GitHub\Do_an_tot_nghiep\data\processed\full_forg\forgeries_53_5.png,0,skilled_forgery,53,53
D:\GitHub\Do_an_tot_nghiep\data\processed\full_org\original_10_11.png,D:\GitHub\Do_an_tot_nghiep\data\processed\full_org\original_10_22.png,1,genuine_genuine,10,10
D:\GitHub\Do_an_tot_nghiep\data\processed\full_org\original_7_1.png,D:\GitHub\Do_an_tot_nghiep\data\processed\full_org\original_7_10.png,1,genuine_genuine,7,7
D:\GitHub\Do_an_tot_nghiep\data\processed\full_org\original_17_11.png,D:\GitHub\Do_an_tot_nghiep\data\processed\full_org\original_47_23.png,0,random_forgery,17,47
D:\GitHub\Do_an_tot_nghiep\data\processed\full_org\original_3_15.png,D:\GitHub\Do_an_tot_nghiep\data\processed\full_forg\forgeries_3_10.png,0,skilled_forgery,3,3
D:\GitHub\Do_an_tot_nghiep\data\processed\full_org\original_5_3.png,D:\GitHub\Do_an_tot_nghiep\data\processed\full_org\original_5_6.png,1,genuine_genuine,5,5
D:\GitHub\Do_an_tot_nghiep\data\processed\full_org\original_7_9.png,D:\GitHub\Do_an_tot_nghiep\data\processed\full_forg\forgeries_7_15.png,0,skilled_forgery,7,7
D:\GitHub\Do_an_tot_nghiep\data\processed\full_org\original_49_2.png,D:\GitHub\Do_an_tot_nghiep\data\processed\full_org\original_45_5.png,0,random_forgery,49,45
D:\GitHub\Do_an_tot_nghiep\data\processed\full_org\original_39_9.png,D:\GitHub\Do_an_tot_nghiep\data\processed\full_forg\forgeries_39_17.png,0,skilled_forgery,39,39
D:\GitHub\Do_an_tot_nghiep\data\processed\full_org\original_30_17.png,D:\GitHub\Do_an_tot_nghiep\data\processed\full_org\original_30_4.png,1,genuine_genuine,30,30
D:\GitHub\Do_an_tot_nghiep\data\processed\full_org\original_21_13.png,D:\GitHub\Do_an_tot_nghiep\data\processed\full_org\original_21_3.png,1,genuine_genuine,21,21
D:\GitHub\Do_an_tot_nghiep\data\processed\full_org\original_28_10.png,D:\GitHub\Do_an_tot_nghiep\data\processed\full_forg\forgeries_28_16.png,0,skilled_forgery,28,28
D:\GitHub\Do_an_tot_nghiep\data\processed\full_org\original_3_19.png,D:\GitHub\Do_an_tot_nghiep\data\processed\full_org\original_3_20.png,1,genuine_genuine,3,3
D:\GitHub\Do_an_tot_nghiep\data\processed\full_org\original_51_5.png,D:\GitHub\Do_an_tot_nghiep\data\processed\full_forg\forgeries_51_16.png,0,skilled_forgery,51,51
D:\GitHub\Do_an_tot_nghiep\data\processed\full_org\original_4_1.png,D:\GitHub\Do_an_tot_nghiep\data\processed\full_org\original_4_14.png,1,genuine_genuine,4,4
D:\GitHub\Do_an_tot_nghiep\data\processed\full_org\original_12_1.png,D:\GitHub\Do_an_tot_nghiep\data\processed\full_org\original_12_18.png,1,genuine_genuine,12,12
D:\GitHub\Do_an_tot_nghiep\data\processed\full_org\original_7_7.png,D:\GitHub\Do_an_tot_nghiep\data\processed\full_forg\forgeries_7_1.png,0,skilled_forgery,7,7
D:\GitHub\Do_an_tot_nghiep\data\processed\full_org\original_36_10.png,D:\GitHub\Do_an_tot_nghiep\data\processed\full_org\original_21_1.png,0,random_forgery,36,21
D:\GitHub\Do_an_tot_nghiep\data\processed\full_org\original_12_23.png,D:\GitHub\Do_an_tot_nghiep\data\processed\full_forg\forgeries_12_24.png,0,skilled_forgery,12,12
D:\GitHub\Do_an_tot_nghiep\data\processed\full_org\original_49_9.png,D:\GitHub\Do_an_tot_nghiep\data\processed\full_forg\forgeries_49_18.png,0,skilled_forgery,49,49
D:\GitHub\Do_an_tot_nghiep\data\processed\full_org\original_46_20.png,D:\GitHub\Do_an_tot_nghiep\data\processed\full_forg\forgeries_46_16.png,0,skilled_forgery,46,46
D:\GitHub\Do_an_tot_nghiep\data\processed\full_org\original_10_18.png,D:\GitHub\Do_an_tot_nghiep\data\processed\full_org\original_10_23.png,1,genuine_genuine,10,10
D:\GitHub\Do_an_tot_nghiep\data\processed\full_org\original_1_9.png,D:\GitHub\Do_an_tot_nghiep\data\processed\full_forg\forgeries_1_1.png,0,skilled_forgery,1,1
D:\GitHub\Do_an_tot_nghiep\data\processed\full_org\original_7_6.png,D:\GitHub\Do_an_tot_nghiep\data\processed\full_forg\forgeries_7_10.png,0,skilled_forgery,7,7
D:\GitHub\Do_an_tot_nghiep\data\processed\full_org\original_36_17.png,D:\GitHub\Do_an_tot_nghiep\data\processed\full_forg\forgeries_36_24.png,0,skilled_forgery,36,36
D:\GitHub\Do_an_tot_nghiep\data\processed\full_org\original_43_7.png,D:\GitHub\Do_an_tot_nghiep\data\processed\full_forg\forgeries_43_5.png,0,skilled_forgery,43,43
D:\GitHub\Do_an_tot_nghiep\data\processed\full_org\original_40_9.png,D:\GitHub\Do_an_tot_nghiep\data\processed\full_org\original_25_5.png,0,random_forgery,40,25
D:\GitHub\Do_an_tot_nghiep\data\processed\full_org\original_17_15.png,D:\GitHub\Do_an_tot_nghiep\data\processed\full_forg\forgeries_17_5.png,0,skilled_forgery,17,17
D:\GitHub\Do_an_tot_nghiep\data\processed\full_org\original_7_14.png,D:\GitHub\Do_an_tot_nghiep\data\processed\full_forg\forgeries_7_6.png,0,skilled_forgery,7,7
D:\GitHub\Do_an_tot_nghiep\data\processed\full_org\original_29_19.png,D:\GitHub\Do_an_tot_nghiep\data\processed\full_org\original_36_14.png,0,random_forgery,29,36
D:\GitHub\Do_an_tot_nghiep\data\processed\full_org\original_5_20.png,D:\GitHub\Do_an_tot_nghiep\data\processed\full_org\original_3_1.png,0,random_forgery,5,3
D:\GitHub\Do_an_tot_nghiep\data\processed\full_org\original_1_19.png,D:\GitHub\Do_an_tot_nghiep\data\processed\full_forg\forgeries_1_9.png,0,skilled_forgery,1,1
D:\GitHub\Do_an_tot_nghiep\data\processed\full_org\original_10_13.png,D:\GitHub\Do_an_tot_nghiep\data\processed\full_org\original_10_2.png,1,genuine_genuine,10,10
D:\GitHub\Do_an_tot_nghiep\data\processed\full_org\original_53_1.png,D:\GitHub\Do_an_tot_nghiep\data\processed\full_org\original_53_6.png,1,genuine_genuine,53,53
D:\GitHub\Do_an_tot_nghiep\data\processed\full_org\original_19_11.png,D:\GitHub\Do_an_tot_nghiep\data\processed\full_org\original_19_18.png,1,genuine_genuine,19,19
D:\GitHub\Do_an_tot_nghiep\data\processed\full_org\original_17_13.png,D:\GitHub\Do_an_tot_nghiep\data\processed\full_org\original_17_17.png,1,genuine_genuine,17,17
D:\GitHub\Do_an_tot_nghiep\data\processed\full_org\original_39_3.png,D:\GitHub\Do_an_tot_nghiep\data\processed\full_org\original_53_4.png,0,random_forgery,39,53
D:\GitHub\Do_an_tot_nghiep\data\processed\full_org\original_26_19.png,D:\GitHub\Do_an_tot_nghiep\data\processed\full_org\original_26_24.png,1,genuine_genuine,26,26
D:\GitHub\Do_an_tot_nghiep\data\processed\full_org\original_17_1.png,D:\GitHub\Do_an_tot_nghiep\data\processed\full_org\original_17_17.png,1,genuine_genuine,17,17
D:\GitHub\Do_an_tot_nghiep\data\processed\full_org\original_40_2.png,D:\GitHub\Do_an_tot_nghiep\data\processed\full_forg\forgeries_40_24.png,0,skilled_forgery,40,40
D:\GitHub\Do_an_tot_nghiep\data\processed\full_org\original_49_14.png,D:\GitHub\Do_an_tot_nghiep\data\processed\full_org\original_49_7.png,1,genuine_genuine,49,49
D:\GitHub\Do_an_tot_nghiep\data\processed\full_org\original_49_18.png,D:\GitHub\Do_an_tot_nghiep\data\processed\full_org\original_10_21.png,0,random_forgery,49,10
D:\GitHub\Do_an_tot_nghiep\data\processed\full_org\original_12_10.png,D:\GitHub\Do_an_tot_nghiep\data\processed\full_org\original_12_14.png,1,genuine_genuine,12,12
D:\GitHub\Do_an_tot_nghiep\data\processed\full_org\original_40_21.png,D:\GitHub\Do_an_tot_nghiep\data\processed\full_forg\forgeries_40_16.png,0,skilled_forgery,40,40
D:\GitHub\Do_an_tot_nghiep\data\processed\full_org\original_11_11.png,D:\GitHub\Do_an_tot_nghiep\data\processed\full_forg\forgeries_11_21.png,0,skilled_forgery,11,11
D:\GitHub\Do_an_tot_nghiep\data\processed\full_org\original_53_1.png,D:\GitHub\Do_an_tot_nghiep\data\processed\full_org\original_53_24.png,1,genuine_genuine,53,53
D:\GitHub\Do_an_tot_nghiep\data\processed\full_org\original_34_17.png,D:\GitHub\Do_an_tot_nghiep\data\processed\full_org\original_34_7.png,1,genuine_genuine,34,34
D:\GitHub\Do_an_tot_nghiep\data\processed\full_org\original_10_20.png,D:\GitHub\Do_an_tot_nghiep\data\processed\full_org\original_10_24.png,1,genuine_genuine,10,10
D:\GitHub\Do_an_tot_nghiep\data\processed\full_org\original_24_21.png,D:\GitHub\Do_an_tot_nghiep\data\processed\full_forg\forgeries_24_11.png,0,skilled_forgery,24,24
D:\GitHub\Do_an_tot_nghiep\data\processed\full_org\original_3_6.png,D:\GitHub\Do_an_tot_nghiep\data\processed\full_org\original_30_4.png,0,random_forgery,3,30
D:\GitHub\Do_an_tot_nghiep\data\processed\full_org\original_39_18.png,D:\GitHub\Do_an_tot_nghiep\data\processed\full_org\original_30_21.png,0,random_forgery,39,30
D:\GitHub\Do_an_tot_nghiep\data\processed\full_org\original_47_2.png,D:\GitHub\Do_an_tot_nghiep\data\processed\full_org\original_47_4.png,1,genuine_genuine,47,47
D:\GitHub\Do_an_tot_nghiep\data\processed\full_org\original_22_9.png,D:\GitHub\Do_an_tot_nghiep\data\processed\full_forg\forgeries_22_23.png,0,skilled_forgery,22,22
D:\GitHub\Do_an_tot_nghiep\data\processed\full_org\original_34_9.png,D:\GitHub\Do_an_tot_nghiep\data\processed\full_forg\forgeries_34_3.png,0,skilled_forgery,34,34
D:\GitHub\Do_an_tot_nghiep\data\processed\full_org\original_22_13.png,D:\GitHub\Do_an_tot_nghiep\data\processed\full_forg\forgeries_22_4.png,0,skilled_forgery,22,22
D:\GitHub\Do_an_tot_nghiep\data\processed\full_org\original_7_11.png,D:\GitHub\Do_an_tot_nghiep\data\processed\full_org\original_7_15.png,1,genuine_genuine,7,7
D:\GitHub\Do_an_tot_nghiep\data\processed\full_org\original_4_17.png,D:\GitHub\Do_an_tot_nghiep\data\processed\full_forg\forgeries_4_20.png,0,skilled_forgery,4,4
D:\GitHub\Do_an_tot_nghiep\data\processed\full_org\original_30_9.png,D:\GitHub\Do_an_tot_nghiep\data\processed\full_forg\forgeries_30_21.png,0,skilled_forgery,30,30
D:\GitHub\Do_an_tot_nghiep\data\processed\full_org\original_17_11.png,D:\GitHub\Do_an_tot_nghiep\data\processed\full_org\original_17_17.png,1,genuine_genuine,17,17
D:\GitHub\Do_an_tot_nghiep\data\processed\full_org\original_16_14.png,D:\GitHub\Do_an_tot_nghiep\data\processed\full_forg\forgeries_16_24.png,0,skilled_forgery,16,16
D:\GitHub\Do_an_tot_nghiep\data\processed\full_org\original_24_23.png,D:\GitHub\Do_an_tot_nghiep\data\processed\full_org\original_24_7.png,1,genuine_genuine,24,24
D:\GitHub\Do_an_tot_nghiep\data\processed\full_org\original_16_12.png,D:\GitHub\Do_an_tot_nghiep\data\processed\full_org\original_16_19.png,1,genuine_genuine,16,16
D:\GitHub\Do_an_tot_nghiep\data\processed\full_org\original_51_14.png,D:\GitHub\Do_an_tot_nghiep\data\processed\full_forg\forgeries_51_24.png,0,skilled_forgery,51,51
D:\GitHub\Do_an_tot_nghiep\data\processed\full_org\original_31_17.png,D:\GitHub\Do_an_tot_nghiep\data\processed\full_org\original_25_19.png,0,random_forgery,31,25
D:\GitHub\Do_an_tot_nghiep\data\processed\full_org\original_34_14.png,D:\GitHub\Do_an_tot_nghiep\data\processed\full_forg\forgeries_34_17.png,0,skilled_forgery,34,34
D:\GitHub\Do_an_tot_nghiep\data\processed\full_org\original_16_21.png,D:\GitHub\Do_an_tot_nghiep\data\processed\full_forg\forgeries_16_2.png,0,skilled_forgery,16,16
D:\GitHub\Do_an_tot_nghiep\data\processed\full_org\original_3_14.png,D:\GitHub\Do_an_tot_nghiep\data\processed\full_forg\forgeries_3_21.png,0,skilled_forgery,3,3
D:\GitHub\Do_an_tot_nghiep\data\processed\full_org\original_21_13.png,D:\GitHub\Do_an_tot_nghiep\data\processed\full_forg\forgeries_21_21.png,0,skilled_forgery,21,21
D:\GitHub\Do_an_tot_nghiep\data\processed\full_org\original_19_21.png,D:\GitHub\Do_an_tot_nghiep\data\processed\full_org\original_12_5.png,0,random_forgery,19,12
D:\GitHub\Do_an_tot_nghiep\data\processed\full_org\original_18_12.png,D:\GitHub\Do_an_tot_nghiep\data\processed\full_forg\forgeries_18_6.png,0,skilled_forgery,18,18
D:\GitHub\Do_an_tot_nghiep\data\processed\full_org\original_26_5.png,D:\GitHub\Do_an_tot_nghiep\data\processed\full_org\original_46_14.png,0,random_forgery,26,46
D:\GitHub\Do_an_tot_nghiep\data\processed\full_org\original_4_14.png,D:\GitHub\Do_an_tot_nghiep\data\processed\full_forg\forgeries_4_22.png,0,skilled_forgery,4,4
D:\GitHub\Do_an_tot_nghiep\data\processed\full_org\original_25_14.png,D:\GitHub\Do_an_tot_nghiep\data\processed\full_forg\forgeries_25_5.png,0,skilled_forgery,25,25
D:\GitHub\Do_an_tot_nghiep\data\processed\full_org\original_40_16.png,D:\GitHub\Do_an_tot_nghiep\data\processed\full_forg\forgeries_40_24.png,0,skilled_forgery,40,40
D:\GitHub\Do_an_tot_nghiep\data\processed\full_org\original_37_2.png,D:\GitHub\Do_an_tot_nghiep\data\processed\full_org\original_37_8.png,1,genuine_genuine,37,37
D:\GitHub\Do_an_tot_nghiep\data\processed\full_org\original_7_1.png,D:\GitHub\Do_an_tot_nghiep\data\processed\full_org\original_12_19.png,0,random_forgery,7,12
D:\GitHub\Do_an_tot_nghiep\data\processed\full_org\original_37_11.png,D:\GitHub\Do_an_tot_nghiep\data\processed\full_org\original_37_13.png,1,genuine_genuine,37,37
D:\GitHub\Do_an_tot_nghiep\data\processed\full_org\original_25_3.png,D:\GitHub\Do_an_tot_nghiep\data\processed\full_org\original_47_21.png,0,random_forgery,25,47
D:\GitHub\Do_an_tot_nghiep\data\processed\full_org\original_36_13.png,D:\GitHub\Do_an_tot_nghiep\data\processed\full_org\original_36_15.png,1,genuine_genuine,36,36
D:\GitHub\Do_an_tot_nghiep\data\processed\full_org\original_21_15.png,D:\GitHub\Do_an_tot_nghiep\data\processed\full_org\original_21_4.png,1,genuine_genuine,21,21
D:\GitHub\Do_an_tot_nghiep\data\processed\full_org\original_30_14.png,D:\GitHub\Do_an_tot_nghiep\data\processed\full_forg\forgeries_30_18.png,0,skilled_forgery,30,30
D:\GitHub\Do_an_tot_nghiep\data\processed\full_org\original_49_17.png,D:\GitHub\Do_an_tot_nghiep\data\processed\full_org\original_49_19.png,1,genuine_genuine,49,49
D:\GitHub\Do_an_tot_nghiep\data\processed\full_org\original_3_19.png,D:\GitHub\Do_an_tot_nghiep\data\processed\full_forg\forgeries_3_12.png,0,skilled_forgery,3,3
D:\GitHub\Do_an_tot_nghiep\data\processed\full_org\original_29_10.png,D:\GitHub\Do_an_tot_nghiep\data\processed\full_forg\forgeries_29_22.png,0,skilled_forgery,29,29
D:\GitHub\Do_an_tot_nghiep\data\processed\full_org\original_53_6.png,D:\GitHub\Do_an_tot_nghiep\data\processed\full_org\original_43_17.png,0,random_forgery,53,43
D:\GitHub\Do_an_tot_nghiep\data\processed\full_org\original_31_4.png,D:\GitHub\Do_an_tot_nghiep\data\processed\full_forg\forgeries_31_23.png,0,skilled_forgery,31,31
D:\GitHub\Do_an_tot_nghiep\data\processed\full_org\original_30_24.png,D:\GitHub\Do_an_tot_nghiep\data\processed\full_org\original_1_18.png,0,random_forgery,30,1
D:\GitHub\Do_an_tot_nghiep\data\processed\full_org\original_46_15.png,D:\GitHub\Do_an_tot_nghiep\data\processed\full_org\original_45_14.png,0,random_forgery,46,45
D:\GitHub\Do_an_tot_nghiep\data\processed\full_org\original_18_18.png,D:\GitHub\Do_an_tot_nghiep\data\processed\full_org\original_18_5.png,1,genuine_genuine,18,18
D:\GitHub\Do_an_tot_nghiep\data\processed\full_org\original_26_4.png,D:\GitHub\Do_an_tot_nghiep\data\processed\full_forg\forgeries_26_3.png,0,skilled_forgery,26,26
D:\GitHub\Do_an_tot_nghiep\data\processed\full_org\original_29_1.png,D:\GitHub\Do_an_tot_nghiep\data\processed\full_forg\forgeries_29_4.png,0,skilled_forgery,29,29
D:\GitHub\Do_an_tot_nghiep\data\processed\full_org\original_16_3.png,D:\GitHub\Do_an_tot_nghiep\data\processed\full_org\original_51_16.png,0,random_forgery,16,51
D:\GitHub\Do_an_tot_nghiep\data\processed\full_org\original_24_16.png,D:\GitHub\Do_an_tot_nghiep\data\processed\full_org\original_24_5.png,1,genuine_genuine,24,24
D:\GitHub\Do_an_tot_nghiep\data\processed\full_org\original_7_15.png,D:\GitHub\Do_an_tot_nghiep\data\processed\full_forg\forgeries_7_14.png,0,skilled_forgery,7,7
D:\GitHub\Do_an_tot_nghiep\data\processed\full_org\original_1_21.png,D:\GitHub\Do_an_tot_nghiep\data\processed\full_org\original_1_4.png,1,genuine_genuine,1,1
D:\GitHub\Do_an_tot_nghiep\data\processed\full_org\original_47_22.png,D:\GitHub\Do_an_tot_nghiep\data\processed\full_forg\forgeries_47_13.png,0,skilled_forgery,47,47
D:\GitHub\Do_an_tot_nghiep\data\processed\full_org\original_3_5.png,D:\GitHub\Do_an_tot_nghiep\data\processed\full_forg\forgeries_3_5.png,0,skilled_forgery,3,3
D:\GitHub\Do_an_tot_nghiep\data\processed\full_org\original_12_12.png,D:\GitHub\Do_an_tot_nghiep\data\processed\full_org\original_11_3.png,0,random_forgery,12,11
D:\GitHub\Do_an_tot_nghiep\data\processed\full_org\original_5_10.png,D:\GitHub\Do_an_tot_nghiep\data\processed\full_org\original_5_11.png,1,genuine_genuine,5,5
D:\GitHub\Do_an_tot_nghiep\data\processed\full_org\original_18_13.png,D:\GitHub\Do_an_tot_nghiep\data\processed\full_org\original_18_24.png,1,genuine_genuine,18,18
D:\GitHub\Do_an_tot_nghiep\data\processed\full_org\original_31_12.png,D:\GitHub\Do_an_tot_nghiep\data\processed\full_org\original_31_3.png,1,genuine_genuine,31,31
D:\GitHub\Do_an_tot_nghiep\data\processed\full_org\original_55_2.png,D:\GitHub\Do_an_tot_nghiep\data\processed\full_forg\forgeries_55_3.png,0,skilled_forgery,55,55
D:\GitHub\Do_an_tot_nghiep\data\processed\full_org\original_18_21.png,D:\GitHub\Do_an_tot_nghiep\data\processed\full_org\original_36_13.png,0,random_forgery,18,36
D:\GitHub\Do_an_tot_nghiep\data\processed\full_org\original_30_1.png,D:\GitHub\Do_an_tot_nghiep\data\processed\full_forg\forgeries_30_1.png,0,skilled_forgery,30,30
D:\GitHub\Do_an_tot_nghiep\data\processed\full_org\original_5_21.png,D:\GitHub\Do_an_tot_nghiep\data\processed\full_org\original_26_23.png,0,random_forgery,5,26
D:\GitHub\Do_an_tot_nghiep\data\processed\full_org\original_37_14.png,D:\GitHub\Do_an_tot_nghiep\data\processed\full_forg\forgeries_37_17.png,0,skilled_forgery,37,37
D:\GitHub\Do_an_tot_nghiep\data\processed\full_org\original_7_17.png,D:\GitHub\Do_an_tot_nghiep\data\processed\full_org\original_7_7.png,1,genuine_genuine,7,7
D:\GitHub\Do_an_tot_nghiep\data\processed\full_org\original_22_1.png,D:\GitHub\Do_an_tot_nghiep\data\processed\full_org\original_37_19.png,0,random_forgery,22,37
D:\GitHub\Do_an_tot_nghiep\data\processed\full_org\original_46_8.png,D:\GitHub\Do_an_tot_nghiep\data\processed\full_forg\forgeries_46_12.png,0,skilled_forgery,46,46
D:\GitHub\Do_an_tot_nghiep\data\processed\full_org\original_25_13.png,D:\GitHub\Do_an_tot_nghiep\data\processed\full_org\original_25_5.png,1,genuine_genuine,25,25
D:\GitHub\Do_an_tot_nghiep\data\processed\full_org\original_22_6.png,D:\GitHub\Do_an_tot_nghiep\data\processed\full_org\original_17_7.png,0,random_forgery,22,17
D:\GitHub\Do_an_tot_nghiep\data\processed\full_org\original_5_15.png,D:\GitHub\Do_an_tot_nghiep\data\processed\full_org\original_5_7.png,1,genuine_genuine,5,5
D:\GitHub\Do_an_tot_nghiep\data\processed\full_org\original_17_14.png,D:\GitHub\Do_an_tot_nghiep\data\processed\full_org\original_17_19.png,1,genuine_genuine,17,17
D:\GitHub\Do_an_tot_nghiep\data\processed\full_org\original_30_18.png,D:\GitHub\Do_an_tot_nghiep\data\processed\full_forg\forgeries_30_5.png,0,skilled_forgery,30,30
D:\GitHub\Do_an_tot_nghiep\data\processed\full_org\original_38_6.png,D:\GitHub\Do_an_tot_nghiep\data\processed\full_forg\forgeries_38_6.png,0,skilled_forgery,38,38
D:\GitHub\Do_an_tot_nghiep\data\processed\full_org\original_1_14.png,D:\GitHub\Do_an_tot_nghiep\data\processed\full_forg\forgeries_1_17.png,0,skilled_forgery,1,1
D:\GitHub\Do_an_tot_nghiep\data\processed\full_org\original_4_14.png,D:\GitHub\Do_an_tot_nghiep\data\processed\full_forg\forgeries_4_7.png,0,skilled_forgery,4,4
D:\GitHub\Do_an_tot_nghiep\data\processed\full_org\original_31_2.png,D:\GitHub\Do_an_tot_nghiep\data\processed\full_org\original_45_7.png,0,random_forgery,31,45
D:\GitHub\Do_an_tot_nghiep\data\processed\full_org\original_31_3.png,D:\GitHub\Do_an_tot_nghiep\data\processed\full_org\original_11_18.png,0,random_forgery,31,11
D:\GitHub\Do_an_tot_nghiep\data\processed\full_org\original_3_14.png,D:\GitHub\Do_an_tot_nghiep\data\processed\full_forg\forgeries_3_14.png,0,skilled_forgery,3,3
D:\GitHub\Do_an_tot_nghiep\data\processed\full_org\original_7_5.png,D:\GitHub\Do_an_tot_nghiep\data\processed\full_forg\forgeries_7_17.png,0,skilled_forgery,7,7
D:\GitHub\Do_an_tot_nghiep\data\processed\full_org\original_1_23.png,D:\GitHub\Do_an_tot_nghiep\data\processed\full_forg\forgeries_1_8.png,0,skilled_forgery,1,1
D:\GitHub\Do_an_tot_nghiep\data\processed\full_org\original_38_13.png,D:\GitHub\Do_an_tot_nghiep\data\processed\full_org\original_16_19.png,0,random_forgery,38,16
D:\GitHub\Do_an_tot_nghiep\data\processed\full_org\original_36_23.png,D:\GitHub\Do_an_tot_nghiep\data\processed\full_forg\forgeries_36_22.png,0,skilled_forgery,36,36
D:\GitHub\Do_an_tot_nghiep\data\processed\full_org\original_4_5.png,D:\GitHub\Do_an_tot_nghiep\data\processed\full_forg\forgeries_4_20.png,0,skilled_forgery,4,4
D:\GitHub\Do_an_tot_nghiep\data\processed\full_org\original_37_15.png,D:\GitHub\Do_an_tot_nghiep\data\processed\full_org\original_46_14.png,0,random_forgery,37,46
D:\GitHub\Do_an_tot_nghiep\data\processed\full_org\original_45_11.png,D:\GitHub\Do_an_tot_nghiep\data\processed\full_org\original_45_20.png,1,genuine_genuine,45,45
D:\GitHub\Do_an_tot_nghiep\data\processed\full_org\original_38_1.png,D:\GitHub\Do_an_tot_nghiep\data\processed\full_org\original_38_9.png,1,genuine_genuine,38,38
D:\GitHub\Do_an_tot_nghiep\data\processed\full_org\original_7_10.png,D:\GitHub\Do_an_tot_nghiep\data\processed\full_org\original_7_18.png,1,genuine_genuine,7,7
D:\GitHub\Do_an_tot_nghiep\data\processed\full_org\original_3_23.png,D:\GitHub\Do_an_tot_nghiep\data\processed\full_org\original_3_5.png,1,genuine_genuine,3,3
D:\GitHub\Do_an_tot_nghiep\data\processed\full_org\original_21_12.png,D:\GitHub\Do_an_tot_nghiep\data\processed\full_org\original_21_17.png,1,genuine_genuine,21,21
D:\GitHub\Do_an_tot_nghiep\data\processed\full_org\original_22_4.png,D:\GitHub\Do_an_tot_nghiep\data\processed\full_forg\forgeries_22_11.png,0,skilled_forgery,22,22
D:\GitHub\Do_an_tot_nghiep\data\processed\full_org\original_4_4.png,D:\GitHub\Do_an_tot_nghiep\data\processed\full_forg\forgeries_4_5.png,0,skilled_forgery,4,4
D:\GitHub\Do_an_tot_nghiep\data\processed\full_org\original_26_16.png,D:\GitHub\Do_an_tot_nghiep\data\processed\full_org\original_46_9.png,0,random_forgery,26,46
D:\GitHub\Do_an_tot_nghiep\data\processed\full_org\original_18_1.png,D:\GitHub\Do_an_tot_nghiep\data\processed\full_forg\forgeries_18_5.png,0,skilled_forgery,18,18
D:\GitHub\Do_an_tot_nghiep\data\processed\full_org\original_28_18.png,D:\GitHub\Do_an_tot_nghiep\data\processed\full_org\original_11_14.png,0,random_forgery,28,11
D:\GitHub\Do_an_tot_nghiep\data\processed\full_org\original_36_13.png,D:\GitHub\Do_an_tot_nghiep\data\processed\full_org\original_19_6.png,0,random_forgery,36,19
D:\GitHub\Do_an_tot_nghiep\data\processed\full_org\original_45_10.png,D:\GitHub\Do_an_tot_nghiep\data\processed\full_forg\forgeries_45_14.png,0,skilled_forgery,45,45
D:\GitHub\Do_an_tot_nghiep\data\processed\full_org\original_7_12.png,D:\GitHub\Do_an_tot_nghiep\data\processed\full_org\original_4_12.png,0,random_forgery,7,4
D:\GitHub\Do_an_tot_nghiep\data\processed\full_org\original_26_15.png,D:\GitHub\Do_an_tot_nghiep\data\processed\full_forg\forgeries_26_9.png,0,skilled_forgery,26,26
D:\GitHub\Do_an_tot_nghiep\data\processed\full_org\original_11_4.png,D:\GitHub\Do_an_tot_nghiep\data\processed\full_forg\forgeries_11_22.png,0,skilled_forgery,11,11
D:\GitHub\Do_an_tot_nghiep\data\processed\full_org\original_37_1.png,D:\GitHub\Do_an_tot_nghiep\data\processed\full_org\original_37_12.png,1,genuine_genuine,37,37
D:\GitHub\Do_an_tot_nghiep\data\processed\full_org\original_1_24.png,D:\GitHub\Do_an_tot_nghiep\data\processed\full_org\original_24_10.png,0,random_forgery,1,24
D:\GitHub\Do_an_tot_nghiep\data\processed\full_org\original_18_18.png,D:\GitHub\Do_an_tot_nghiep\data\processed\full_forg\forgeries_18_12.png,0,skilled_forgery,18,18
D:\GitHub\Do_an_tot_nghiep\data\processed\full_org\original_46_8.png,D:\GitHub\Do_an_tot_nghiep\data\processed\full_org\original_18_23.png,0,random_forgery,46,18
D:\GitHub\Do_an_tot_nghiep\data\processed\full_org\original_21_24.png,D:\GitHub\Do_an_tot_nghiep\data\processed\full_org\original_21_7.png,1,genuine_genuine,21,21
D:\GitHub\Do_an_tot_nghiep\data\processed\full_org\original_45_10.png,D:\GitHub\Do_an_tot_nghiep\data\processed\full_org\original_45_13.png,1,genuine_genuine,45,45
D:\GitHub\Do_an_tot_nghiep\data\processed\full_org\original_39_3.png,D:\GitHub\Do_an_tot_nghiep\data\processed\full_org\original_39_5.png,1,genuine_genuine,39,39
D:\GitHub\Do_an_tot_nghiep\data\processed\full_org\original_29_14.png,D:\GitHub\Do_an_tot_nghiep\data\processed\full_org\original_29_4.png,1,genuine_genuine,29,29
D:\GitHub\Do_an_tot_nghiep\data\processed\full_org\original_16_13.png,D:\GitHub\Do_an_tot_nghiep\data\processed\full_forg\forgeries_16_18.png,0,skilled_forgery,16,16
D:\GitHub\Do_an_tot_nghiep\data\processed\full_org\original_51_4.png,D:\GitHub\Do_an_tot_nghiep\data\processed\full_forg\forgeries_51_21.png,0,skilled_forgery,51,51
D:\GitHub\Do_an_tot_nghiep\data\processed\full_org\original_47_20.png,D:\GitHub\Do_an_tot_nghiep\data\processed\full_org\original_47_23.png,1,genuine_genuine,47,47
D:\GitHub\Do_an_tot_nghiep\data\processed\full_org\original_49_6.png,D:\GitHub\Do_an_tot_nghiep\data\processed\full_forg\forgeries_49_13.png,0,skilled_forgery,49,49
D:\GitHub\Do_an_tot_nghiep\data\processed\full_org\original_49_11.png,D:\GitHub\Do_an_tot_nghiep\data\processed\full_org\original_49_19.png,1,genuine_genuine,49,49
D:\GitHub\Do_an_tot_nghiep\data\processed\full_org\original_3_16.png,D:\GitHub\Do_an_tot_nghiep\data\processed\full_org\original_3_6.png,1,genuine_genuine,3,3
D:\GitHub\Do_an_tot_nghiep\data\processed\full_org\original_24_2.png,D:\GitHub\Do_an_tot_nghiep\data\processed\full_org\original_47_9.png,0,random_forgery,24,47
D:\GitHub\Do_an_tot_nghiep\data\processed\full_org\original_38_20.png,D:\GitHub\Do_an_tot_nghiep\data\processed\full_forg\forgeries_38_2.png,0,skilled_forgery,38,38
D:\GitHub\Do_an_tot_nghiep\data\processed\full_org\original_38_15.png,D:\GitHub\Do_an_tot_nghiep\data\processed\full_org\original_38_3.png,1,genuine_genuine,38,38
D:\GitHub\Do_an_tot_nghiep\data\processed\full_org\original_51_24.png,D:\GitHub\Do_an_tot_nghiep\data\processed\full_org\original_51_6.png,1,genuine_genuine,51,51
D:\GitHub\Do_an_tot_nghiep\data\processed\full_org\original_37_15.png,D:\GitHub\Do_an_tot_nghiep\data\processed\full_org\original_37_8.png,1,genuine_genuine,37,37
D:\GitHub\Do_an_tot_nghiep\data\processed\full_org\original_28_6.png,D:\GitHub\Do_an_tot_nghiep\data\processed\full_org\original_29_24.png,0,random_forgery,28,29
D:\GitHub\Do_an_tot_nghiep\data\processed\full_org\original_45_20.png,D:\GitHub\Do_an_tot_nghiep\data\processed\full_org\original_45_23.png,1,genuine_genuine,45,45
D:\GitHub\Do_an_tot_nghiep\data\processed\full_org\original_46_5.png,D:\GitHub\Do_an_tot_nghiep\data\processed\full_forg\forgeries_46_11.png,0,skilled_forgery,46,46
D:\GitHub\Do_an_tot_nghiep\data\processed\full_org\original_4_15.png,D:\GitHub\Do_an_tot_nghiep\data\processed\full_org\original_7_22.png,0,random_forgery,4,7
D:\GitHub\Do_an_tot_nghiep\data\processed\full_org\original_18_11.png,D:\GitHub\Do_an_tot_nghiep\data\processed\full_forg\forgeries_18_13.png,0,skilled_forgery,18,18
D:\GitHub\Do_an_tot_nghiep\data\processed\full_org\original_4_14.png,D:\GitHub\Do_an_tot_nghiep\data\processed\full_forg\forgeries_4_1.png,0,skilled_forgery,4,4
D:\GitHub\Do_an_tot_nghiep\data\processed\full_org\original_53_12.png,D:\GitHub\Do_an_tot_nghiep\data\processed\full_org\original_10_23.png,0,random_forgery,53,10
D:\GitHub\Do_an_tot_nghiep\data\processed\full_org\original_11_14.png,D:\GitHub\Do_an_tot_nghiep\data\processed\full_org\original_11_17.png,1,genuine_genuine,11,11
D:\GitHub\Do_an_tot_nghiep\data\processed\full_org\original_21_1.png,D:\GitHub\Do_an_tot_nghiep\data\processed\full_org\original_21_7.png,1,genuine_genuine,21,21
D:\GitHub\Do_an_tot_nghiep\data\processed\full_org\original_3_5.png,D:\GitHub\Do_an_tot_nghiep\data\processed\full_org\original_3_9.png,1,genuine_genuine,3,3
D:\GitHub\Do_an_tot_nghiep\data\processed\full_org\original_19_20.png,D:\GitHub\Do_an_tot_nghiep\data\processed\full_org\original_19_9.png,1,genuine_genuine,19,19
D:\GitHub\Do_an_tot_nghiep\data\processed\full_org\original_38_15.png,D:\GitHub\Do_an_tot_nghiep\data\processed\full_forg\forgeries_38_4.png,0,skilled_forgery,38,38
D:\GitHub\Do_an_tot_nghiep\data\processed\full_org\original_3_14.png,D:\GitHub\Do_an_tot_nghiep\data\processed\full_forg\forgeries_3_23.png,0,skilled_forgery,3,3
D:\GitHub\Do_an_tot_nghiep\data\processed\full_org\original_4_19.png,D:\GitHub\Do_an_tot_nghiep\data\processed\full_org\original_4_21.png,1,genuine_genuine,4,4
D:\GitHub\Do_an_tot_nghiep\data\processed\full_org\original_10_13.png,D:\GitHub\Do_an_tot_nghiep\data\processed\full_forg\forgeries_10_9.png,0,skilled_forgery,10,10
D:\GitHub\Do_an_tot_nghiep\data\processed\full_org\original_22_13.png,D:\GitHub\Do_an_tot_nghiep\data\processed\full_org\original_22_15.png,1,genuine_genuine,22,22
D:\GitHub\Do_an_tot_nghiep\data\processed\full_org\original_45_16.png,D:\GitHub\Do_an_tot_nghiep\data\processed\full_org\original_53_14.png,0,random_forgery,45,53
D:\GitHub\Do_an_tot_nghiep\data\processed\full_org\original_28_12.png,D:\GitHub\Do_an_tot_nghiep\data\processed\full_org\original_28_18.png,1,genuine_genuine,28,28
D:\GitHub\Do_an_tot_nghiep\data\processed\full_org\original_47_2.png,D:\GitHub\Do_an_tot_nghiep\data\processed\full_forg\forgeries_47_23.png,0,skilled_forgery,47,47
D:\GitHub\Do_an_tot_nghiep\data\processed\full_org\original_47_11.png,D:\GitHub\Do_an_tot_nghiep\data\processed\full_forg\forgeries_47_21.png,0,skilled_forgery,47,47
D:\GitHub\Do_an_tot_nghiep\data\processed\full_org\original_5_14.png,D:\GitHub\Do_an_tot_nghiep\data\processed\full_forg\forgeries_5_2.png,0,skilled_forgery,5,5
D:\GitHub\Do_an_tot_nghiep\data\processed\full_org\original_29_19.png,D:\GitHub\Do_an_tot_nghiep\data\processed\full_org\original_29_2.png,1,genuine_genuine,29,29
D:\GitHub\Do_an_tot_nghiep\data\processed\full_org\original_39_4.png,D:\GitHub\Do_an_tot_nghiep\data\processed\full_org\original_12_4.png,0,random_forgery,39,12
D:\GitHub\Do_an_tot_nghiep\data\processed\full_org\original_16_8.png,D:\GitHub\Do_an_tot_nghiep\data\processed\full_forg\forgeries_16_9.png,0,skilled_forgery,16,16
D:\GitHub\Do_an_tot_nghiep\data\processed\full_org\original_36_14.png,D:\GitHub\Do_an_tot_nghiep\data\processed\full_forg\forgeries_36_24.png,0,skilled_forgery,36,36
D:\GitHub\Do_an_tot_nghiep\data\processed\full_org\original_53_16.png,D:\GitHub\Do_an_tot_nghiep\data\processed\full_org\original_53_9.png,1,genuine_genuine,53,53
D:\GitHub\Do_an_tot_nghiep\data\processed\full_org\original_47_24.png,D:\GitHub\Do_an_tot_nghiep\data\processed\full_forg\forgeries_47_21.png,0,skilled_forgery,47,47
D:\GitHub\Do_an_tot_nghiep\data\processed\full_org\original_24_1.png,D:\GitHub\Do_an_tot_nghiep\data\processed\full_org\original_24_17.png,1,genuine_genuine,24,24
D:\GitHub\Do_an_tot_nghiep\data\processed\full_org\original_38_22.png,D:\GitHub\Do_an_tot_nghiep\data\processed\full_forg\forgeries_38_7.png,0,skilled_forgery,38,38
D:\GitHub\Do_an_tot_nghiep\data\processed\full_org\original_36_16.png,D:\GitHub\Do_an_tot_nghiep\data\processed\full_forg\forgeries_36_22.png,0,skilled_forgery,36,36
D:\GitHub\Do_an_tot_nghiep\data\processed\full_org\original_16_10.png,D:\GitHub\Do_an_tot_nghiep\data\processed\full_org\original_16_12.png,1,genuine_genuine,16,16
D:\GitHub\Do_an_tot_nghiep\data\processed\full_org\original_1_24.png,D:\GitHub\Do_an_tot_nghiep\data\processed\full_forg\forgeries_1_14.png,0,skilled_forgery,1,1
D:\GitHub\Do_an_tot_nghiep\data\processed\full_org\original_51_3.png,D:\GitHub\Do_an_tot_nghiep\data\processed\full_org\original_53_5.png,0,random_forgery,51,53
D:\GitHub\Do_an_tot_nghiep\data\processed\full_org\original_39_15.png,D:\GitHub\Do_an_tot_nghiep\data\processed\full_org\original_39_6.png,1,genuine_genuine,39,39
D:\GitHub\Do_an_tot_nghiep\data\processed\full_org\original_45_11.png,D:\GitHub\Do_an_tot_nghiep\data\processed\full_org\original_45_4.png,1,genuine_genuine,45,45
D:\GitHub\Do_an_tot_nghiep\data\processed\full_org\original_7_2.png,D:\GitHub\Do_an_tot_nghiep\data\processed\full_forg\forgeries_7_10.png,0,skilled_forgery,7,7
D:\GitHub\Do_an_tot_nghiep\data\processed\full_org\original_46_5.png,D:\GitHub\Do_an_tot_nghiep\data\processed\full_forg\forgeries_46_10.png,0,skilled_forgery,46,46
D:\GitHub\Do_an_tot_nghiep\data\processed\full_org\original_4_13.png,D:\GitHub\Do_an_tot_nghiep\data\processed\full_org\original_4_22.png,1,genuine_genuine,4,4
D:\GitHub\Do_an_tot_nghiep\data\processed\full_org\original_26_12.png,D:\GitHub\Do_an_tot_nghiep\data\processed\full_org\original_21_13.png,0,random_forgery,26,21
D:\GitHub\Do_an_tot_nghiep\data\processed\full_org\original_53_4.png,D:\GitHub\Do_an_tot_nghiep\data\processed\full_org\original_34_8.png,0,random_forgery,53,34
D:\GitHub\Do_an_tot_nghiep\data\processed\full_org\original_28_10.png,D:\GitHub\Do_an_tot_nghiep\data\processed\full_org\original_28_5.png,1,genuine_genuine,28,28
D:\GitHub\Do_an_tot_nghiep\data\processed\full_org\original_39_9.png,D:\GitHub\Do_an_tot_nghiep\data\processed\full_forg\forgeries_39_5.png,0,skilled_forgery,39,39
D:\GitHub\Do_an_tot_nghiep\data\processed\full_org\original_47_1.png,D:\GitHub\Do_an_tot_nghiep\data\processed\full_org\original_47_6.png,1,genuine_genuine,47,47
D:\GitHub\Do_an_tot_nghiep\data\processed\full_org\original_53_14.png,D:\GitHub\Do_an_tot_nghiep\data\processed\full_org\original_53_18.png,1,genuine_genuine,53,53
D:\GitHub\Do_an_tot_nghiep\data\processed\full_org\original_5_24.png,D:\GitHub\Do_an_tot_nghiep\data\processed\full_org\original_5_5.png,1,genuine_genuine,5,5
D:\GitHub\Do_an_tot_nghiep\data\processed\full_org\original_4_6.png,D:\GitHub\Do_an_tot_nghiep\data\processed\full_forg\forgeries_4_12.png,0,skilled_forgery,4,4
D:\GitHub\Do_an_tot_nghiep\data\processed\full_org\original_5_8.png,D:\GitHub\Do_an_tot_nghiep\data\processed\full_forg\forgeries_5_21.png,0,skilled_forgery,5,5
D:\GitHub\Do_an_tot_nghiep\data\processed\full_org\original_43_22.png,D:\GitHub\Do_an_tot_nghiep\data\processed\full_forg\forgeries_43_16.png,0,skilled_forgery,43,43
D:\GitHub\Do_an_tot_nghiep\data\processed\full_org\original_17_12.png,D:\GitHub\Do_an_tot_nghiep\data\processed\full_org\original_17_17.png,1,genuine_genuine,17,17
D:\GitHub\Do_an_tot_nghiep\data\processed\full_org\original_45_11.png,D:\GitHub\Do_an_tot_nghiep\data\processed\full_org\original_45_13.png,1,genuine_genuine,45,45
D:\GitHub\Do_an_tot_nghiep\data\processed\full_org\original_21_15.png,D:\GitHub\Do_an_tot_nghiep\data\processed\full_org\original_21_24.png,1,genuine_genuine,21,21
D:\GitHub\Do_an_tot_nghiep\data\processed\full_org\original_11_20.png,D:\GitHub\Do_an_tot_nghiep\data\processed\full_forg\forgeries_11_18.png,0,skilled_forgery,11,11
D:\GitHub\Do_an_tot_nghiep\data\processed\full_org\original_43_22.png,D:\GitHub\Do_an_tot_nghiep\data\processed\full_org\original_43_4.png,1,genuine_genuine,43,43
D:\GitHub\Do_an_tot_nghiep\data\processed\full_org\original_47_3.png,D:\GitHub\Do_an_tot_nghiep\data\processed\full_org\original_46_9.png,0,random_forgery,47,46
D:\GitHub\Do_an_tot_nghiep\data\processed\full_org\original_28_11.png,D:\GitHub\Do_an_tot_nghiep\data\processed\full_forg\forgeries_28_20.png,0,skilled_forgery,28,28
D:\GitHub\Do_an_tot_nghiep\data\processed\full_org\original_29_24.png,D:\GitHub\Do_an_tot_nghiep\data\processed\full_org\original_29_6.png,1,genuine_genuine,29,29
D:\GitHub\Do_an_tot_nghiep\data\processed\full_org\original_21_11.png,D:\GitHub\Do_an_tot_nghiep\data\processed\full_org\original_21_4.png,1,genuine_genuine,21,21
D:\GitHub\Do_an_tot_nghiep\data\processed\full_org\original_40_16.png,D:\GitHub\Do_an_tot_nghiep\data\processed\full_org\original_40_9.png,1,genuine_genuine,40,40
D:\GitHub\Do_an_tot_nghiep\data\processed\full_org\original_26_7.png,D:\GitHub\Do_an_tot_nghiep\data\processed\full_org\original_26_9.png,1,genuine_genuine,26,26
D:\GitHub\Do_an_tot_nghiep\data\processed\full_org\original_21_11.png,D:\GitHub\Do_an_tot_nghiep\data\processed\full_forg\forgeries_21_19.png,0,skilled_forgery,21,21
D:\GitHub\Do_an_tot_nghiep\data\processed\full_org\original_38_11.png,D:\GitHub\Do_an_tot_nghiep\data\processed\full_org\original_38_8.png,1,genuine_genuine,38,38
D:\GitHub\Do_an_tot_nghiep\data\processed\full_org\original_12_13.png,D:\GitHub\Do_an_tot_nghiep\data\processed\full_forg\forgeries_12_11.png,0,skilled_forgery,12,12
D:\GitHub\Do_an_tot_nghiep\data\processed\full_org\original_7_10.png,D:\GitHub\Do_an_tot_nghiep\data\processed\full_org\original_7_2.png,1,genuine_genuine,7,7
D:\GitHub\Do_an_tot_nghiep\data\processed\full_org\original_21_11.png,D:\GitHub\Do_an_tot_nghiep\data\processed\full_forg\forgeries_21_15.png,0,skilled_forgery,21,21
D:\GitHub\Do_an_tot_nghiep\data\processed\full_org\original_39_15.png,D:\GitHub\Do_an_tot_nghiep\data\processed\full_org\original_39_9.png,1,genuine_genuine,39,39
D:\GitHub\Do_an_tot_nghiep\data\processed\full_org\original_25_24.png,D:\GitHub\Do_an_tot_nghiep\data\processed\full_forg\forgeries_25_23.png,0,skilled_forgery,25,25
D:\GitHub\Do_an_tot_nghiep\data\processed\full_org\original_30_16.png,D:\GitHub\Do_an_tot_nghiep\data\processed\full_forg\forgeries_30_23.png,0,skilled_forgery,30,30
D:\GitHub\Do_an_tot_nghiep\data\processed\full_org\original_16_3.png,D:\GitHub\Do_an_tot_nghiep\data\processed\full_forg\forgeries_16_4.png,0,skilled_forgery,16,16
D:\GitHub\Do_an_tot_nghiep\data\processed\full_org\original_26_10.png,D:\GitHub\Do_an_tot_nghiep\data\processed\full_org\original_26_17.png,1,genuine_genuine,26,26
D:\GitHub\Do_an_tot_nghiep\data\processed\full_org\original_21_7.png,D:\GitHub\Do_an_tot_nghiep\data\processed\full_forg\forgeries_21_20.png,0,skilled_forgery,21,21
D:\GitHub\Do_an_tot_nghiep\data\processed\full_org\original_21_17.png,D:\GitHub\Do_an_tot_nghiep\data\processed\full_org\original_21_3.png,1,genuine_genuine,21,21
D:\GitHub\Do_an_tot_nghiep\data\processed\full_org\original_1_20.png,D:\GitHub\Do_an_tot_nghiep\data\processed\full_org\original_1_7.png,1,genuine_genuine,1,1
D:\GitHub\Do_an_tot_nghiep\data\processed\full_org\original_24_17.png,D:\GitHub\Do_an_tot_nghiep\data\processed\full_org\original_36_17.png,0,random_forgery,24,36
D:\GitHub\Do_an_tot_nghiep\data\processed\full_org\original_24_17.png,D:\GitHub\Do_an_tot_nghiep\data\processed\full_forg\forgeries_24_4.png,0,skilled_forgery,24,24
D:\GitHub\Do_an_tot_nghiep\data\processed\full_org\original_53_18.png,D:\GitHub\Do_an_tot_nghiep\data\processed\full_forg\forgeries_53_2.png,0,skilled_forgery,53,53
D:\GitHub\Do_an_tot_nghiep\data\processed\full_org\original_10_18.png,D:\GitHub\Do_an_tot_nghiep\data\processed\full_forg\forgeries_10_4.png,0,skilled_forgery,10,10
D:\GitHub\Do_an_tot_nghiep\data\processed\full_org\original_24_18.png,D:\GitHub\Do_an_tot_nghiep\data\processed\full_org\original_24_24.png,1,genuine_genuine,24,24
D:\GitHub\Do_an_tot_nghiep\data\processed\full_org\original_46_14.png,D:\GitHub\Do_an_tot_nghiep\data\processed\full_forg\forgeries_46_18.png,0,skilled_forgery,46,46
D:\GitHub\Do_an_tot_nghiep\data\processed\full_org\original_28_11.png,D:\GitHub\Do_an_tot_nghiep\data\processed\full_org\original_36_19.png,0,random_forgery,28,36
D:\GitHub\Do_an_tot_nghiep\data\processed\full_org\original_4_18.png,D:\GitHub\Do_an_tot_nghiep\data\processed\full_forg\forgeries_4_14.png,0,skilled_forgery,4,4
D:\GitHub\Do_an_tot_nghiep\data\processed\full_org\original_7_5.png,D:\GitHub\Do_an_tot_nghiep\data\processed\full_org\original_7_7.png,1,genuine_genuine,7,7
D:\GitHub\Do_an_tot_nghiep\data\processed\full_org\original_25_11.png,D:\GitHub\Do_an_tot_nghiep\data\processed\full_forg\forgeries_25_14.png,0,skilled_forgery,25,25
D:\GitHub\Do_an_tot_nghiep\data\processed\full_org\original_12_11.png,D:\GitHub\Do_an_tot_nghiep\data\processed\full_org\original_12_17.png,1,genuine_genuine,12,12
D:\GitHub\Do_an_tot_nghiep\data\processed\full_org\original_31_24.png,D:\GitHub\Do_an_tot_nghiep\data\processed\full_org\original_30_6.png,0,random_forgery,31,30
D:\GitHub\Do_an_tot_nghiep\data\processed\full_org\original_18_18.png,D:\GitHub\Do_an_tot_nghiep\data\processed\full_org\original_18_7.png,1,genuine_genuine,18,18
D:\GitHub\Do_an_tot_nghiep\data\processed\full_org\original_16_14.png,D:\GitHub\Do_an_tot_nghiep\data\processed\full_org\original_16_22.png,1,genuine_genuine,16,16
D:\GitHub\Do_an_tot_nghiep\data\processed\full_org\original_3_4.png,D:\GitHub\Do_an_tot_nghiep\data\processed\full_forg\forgeries_3_3.png,0,skilled_forgery,3,3
D:\GitHub\Do_an_tot_nghiep\data\processed\full_org\original_4_2.png,D:\GitHub\Do_an_tot_nghiep\data\processed\full_forg\forgeries_4_15.png,0,skilled_forgery,4,4
D:\GitHub\Do_an_tot_nghiep\data\processed\full_org\original_40_10.png,D:\GitHub\Do_an_tot_nghiep\data\processed\full_org\original_40_21.png,1,genuine_genuine,40,40
D:\GitHub\Do_an_tot_nghiep\data\processed\full_org\original_43_6.png,D:\GitHub\Do_an_tot_nghiep\data\processed\full_forg\forgeries_43_4.png,0,skilled_forgery,43,43
D:\GitHub\Do_an_tot_nghiep\data\processed\full_org\original_18_1.png,D:\GitHub\Do_an_tot_nghiep\data\processed\full_org\original_17_20.png,0,random_forgery,18,17
D:\GitHub\Do_an_tot_nghiep\data\processed\full_org\original_25_20.png,D:\GitHub\Do_an_tot_nghiep\data\processed\full_forg\forgeries_25_1.png,0,skilled_forgery,25,25
D:\GitHub\Do_an_tot_nghiep\data\processed\full_org\original_36_10.png,D:\GitHub\Do_an_tot_nghiep\data\processed\full_org\original_36_18.png,1,genuine_genuine,36,36
D:\GitHub\Do_an_tot_nghiep\data\processed\full_org\original_7_11.png,D:\GitHub\Do_an_tot_nghiep\data\processed\full_org\original_7_24.png,1,genuine_genuine,7,7
D:\GitHub\Do_an_tot_nghiep\data\processed\full_org\original_36_9.png,D:\GitHub\Do_an_tot_nghiep\data\processed\full_org\original_26_3.png,0,random_forgery,36,26
D:\GitHub\Do_an_tot_nghiep\data\processed\full_org\original_4_14.png,D:\GitHub\Do_an_tot_nghiep\data\processed\full_org\original_4_24.png,1,genuine_genuine,4,4
D:\GitHub\Do_an_tot_nghiep\data\processed\full_org\original_25_10.png,D:\GitHub\Do_an_tot_nghiep\data\processed\full_org\original_25_14.png,1,genuine_genuine,25,25
D:\GitHub\Do_an_tot_nghiep\data\processed\full_org\original_40_19.png,D:\GitHub\Do_an_tot_nghiep\data\processed\full_org\original_1_11.png,0,random_forgery,40,1
D:\GitHub\Do_an_tot_nghiep\data\processed\full_org\original_46_10.png,D:\GitHub\Do_an_tot_nghiep\data\processed\full_forg\forgeries_46_1.png,0,skilled_forgery,46,46
D:\GitHub\Do_an_tot_nghiep\data\processed\full_org\original_36_5.png,D:\GitHub\Do_an_tot_nghiep\data\processed\full_forg\forgeries_36_11.png,0,skilled_forgery,36,36
D:\GitHub\Do_an_tot_nghiep\data\processed\full_org\original_53_23.png,D:\GitHub\Do_an_tot_nghiep\data\processed\full_forg\forgeries_53_1.png,0,skilled_forgery,53,53
D:\GitHub\Do_an_tot_nghiep\data\processed\full_org\original_55_1.png,D:\GitHub\Do_an_tot_nghiep\data\processed\full_org\original_55_16.png,1,genuine_genuine,55,55
D:\GitHub\Do_an_tot_nghiep\data\processed\full_org\original_12_17.png,D:\GitHub\Do_an_tot_nghiep\data\processed\full_org\original_12_8.png,1,genuine_genuine,12,12
D:\GitHub\Do_an_tot_nghiep\data\processed\full_org\original_7_11.png,D:\GitHub\Do_an_tot_nghiep\data\processed\full_forg\forgeries_7_6.png,0,skilled_forgery,7,7
D:\GitHub\Do_an_tot_nghiep\data\processed\full_org\original_55_20.png,D:\GitHub\Do_an_tot_nghiep\data\processed\full_org\original_39_14.png,0,random_forgery,55,39
D:\GitHub\Do_an_tot_nghiep\data\processed\full_org\original_24_17.png,D:\GitHub\Do_an_tot_nghiep\data\processed\full_forg\forgeries_24_22.png,0,skilled_forgery,24,24
D:\GitHub\Do_an_tot_nghiep\data\processed\full_org\original_12_2.png,D:\GitHub\Do_an_tot_nghiep\data\processed\full_org\original_34_5.png,0,random_forgery,12,34
D:\GitHub\Do_an_tot_nghiep\data\processed\full_org\original_7_20.png,D:\GitHub\Do_an_tot_nghiep\data\processed\full_org\original_7_21.png,1,genuine_genuine,7,7
D:\GitHub\Do_an_tot_nghiep\data\processed\full_org\original_17_18.png,D:\GitHub\Do_an_tot_nghiep\data\processed\full_forg\forgeries_17_20.png,0,skilled_forgery,17,17
D:\GitHub\Do_an_tot_nghiep\data\processed\full_org\original_5_19.png,D:\GitHub\Do_an_tot_nghiep\data\processed\full_forg\forgeries_5_8.png,0,skilled_forgery,5,5
D:\GitHub\Do_an_tot_nghiep\data\processed\full_org\original_45_3.png,D:\GitHub\Do_an_tot_nghiep\data\processed\full_forg\forgeries_45_22.png,0,skilled_forgery,45,45
D:\GitHub\Do_an_tot_nghiep\data\processed\full_org\original_34_18.png,D:\GitHub\Do_an_tot_nghiep\data\processed\full_org\original_34_6.png,1,genuine_genuine,34,34
D:\GitHub\Do_an_tot_nghiep\data\processed\full_org\original_26_12.png,D:\GitHub\Do_an_tot_nghiep\data\processed\full_org\original_26_23.png,1,genuine_genuine,26,26
D:\GitHub\Do_an_tot_nghiep\data\processed\full_org\original_10_10.png,D:\GitHub\Do_an_tot_nghiep\data\processed\full_org\original_18_5.png,0,random_forgery,10,18
D:\GitHub\Do_an_tot_nghiep\data\processed\full_org\original_29_10.png,D:\GitHub\Do_an_tot_nghiep\data\processed\full_org\original_29_19.png,1,genuine_genuine,29,29
D:\GitHub\Do_an_tot_nghiep\data\processed\full_org\original_36_12.png,D:\GitHub\Do_an_tot_nghiep\data\processed\full_forg\forgeries_36_24.png,0,skilled_forgery,36,36
D:\GitHub\Do_an_tot_nghiep\data\processed\full_org\original_31_24.png,D:\GitHub\Do_an_tot_nghiep\data\processed\full_forg\forgeries_31_2.png,0,skilled_forgery,31,31
D:\GitHub\Do_an_tot_nghiep\data\processed\full_org\original_21_6.png,D:\GitHub\Do_an_tot_nghiep\data\processed\full_forg\forgeries_21_9.png,0,skilled_forgery,21,21
D:\GitHub\Do_an_tot_nghiep\data\processed\full_org\original_19_7.png,D:\GitHub\Do_an_tot_nghiep\data\processed\full_forg\forgeries_19_23.png,0,skilled_forgery,19,19
D:\GitHub\Do_an_tot_nghiep\data\processed\full_org\original_4_24.png,D:\GitHub\Do_an_tot_nghiep\data\processed\full_forg\forgeries_4_3.png,0,skilled_forgery,4,4
D:\GitHub\Do_an_tot_nghiep\data\processed\full_org\original_10_1.png,D:\GitHub\Do_an_tot_nghiep\data\processed\full_org\original_10_19.png,1,genuine_genuine,10,10
D:\GitHub\Do_an_tot_nghiep\data\processed\full_org\original_45_24.png,D:\GitHub\Do_an_tot_nghiep\data\processed\full_forg\forgeries_45_11.png,0,skilled_forgery,45,45
D:\GitHub\Do_an_tot_nghiep\data\processed\full_org\original_28_24.png,D:\GitHub\Do_an_tot_nghiep\data\processed\full_org\original_19_10.png,0,random_forgery,28,19
D:\GitHub\Do_an_tot_nghiep\data\processed\full_org\original_39_14.png,D:\GitHub\Do_an_tot_nghiep\data\processed\full_forg\forgeries_39_12.png,0,skilled_forgery,39,39
D:\GitHub\Do_an_tot_nghiep\data\processed\full_org\original_47_21.png,D:\GitHub\Do_an_tot_nghiep\data\processed\full_org\original_47_7.png,1,genuine_genuine,47,47
D:\GitHub\Do_an_tot_nghiep\data\processed\full_org\original_29_5.png,D:\GitHub\Do_an_tot_nghiep\data\processed\full_org\original_29_9.png,1,genuine_genuine,29,29
D:\GitHub\Do_an_tot_nghiep\data\processed\full_org\original_43_12.png,D:\GitHub\Do_an_tot_nghiep\data\processed\full_org\original_17_6.png,0,random_forgery,43,17
D:\GitHub\Do_an_tot_nghiep\data\processed\full_org\original_10_24.png,D:\GitHub\Do_an_tot_nghiep\data\processed\full_forg\forgeries_10_9.png,0,skilled_forgery,10,10
D:\GitHub\Do_an_tot_nghiep\data\processed\full_org\original_34_9.png,D:\GitHub\Do_an_tot_nghiep\data\processed\full_org\original_46_22.png,0,random_forgery,34,46
D:\GitHub\Do_an_tot_nghiep\data\processed\full_org\original_29_19.png,D:\GitHub\Do_an_tot_nghiep\data\processed\full_org\original_40_9.png,0,random_forgery,29,40
D:\GitHub\Do_an_tot_nghiep\data\processed\full_org\original_18_9.png,D:\GitHub\Do_an_tot_nghiep\data\processed\full_forg\forgeries_18_23.png,0,skilled_forgery,18,18
D:\GitHub\Do_an_tot_nghiep\data\processed\full_org\original_24_20.png,D:\GitHub\Do_an_tot_nghiep\data\processed\full_forg\forgeries_24_10.png,0,skilled_forgery,24,24
D:\GitHub\Do_an_tot_nghiep\data\processed\full_org\original_28_6.png,D:\GitHub\Do_an_tot_nghiep\data\processed\full_forg\forgeries_28_16.png,0,skilled_forgery,28,28
D:\GitHub\Do_an_tot_nghiep\data\processed\full_org\original_46_14.png,D:\GitHub\Do_an_tot_nghiep\data\processed\full_org\original_46_17.png,1,genuine_genuine,46,46
D:\GitHub\Do_an_tot_nghiep\data\processed\full_org\original_24_10.png,D:\GitHub\Do_an_tot_nghiep\data\processed\full_org\original_24_11.png,1,genuine_genuine,24,24
D:\GitHub\Do_an_tot_nghiep\data\processed\full_org\original_40_9.png,D:\GitHub\Do_an_tot_nghiep\data\processed\full_org\original_29_23.png,0,random_forgery,40,29
D:\GitHub\Do_an_tot_nghiep\data\processed\full_org\original_7_5.png,D:\GitHub\Do_an_tot_nghiep\data\processed\full_org\original_49_17.png,0,random_forgery,7,49
D:\GitHub\Do_an_tot_nghiep\data\processed\full_org\original_30_17.png,D:\GitHub\Do_an_tot_nghiep\data\processed\full_org\original_38_5.png,0,random_forgery,30,38
D:\GitHub\Do_an_tot_nghiep\data\processed\full_org\original_55_17.png,D:\GitHub\Do_an_tot_nghiep\data\processed\full_org\original_47_13.png,0,random_forgery,55,47
D:\GitHub\Do_an_tot_nghiep\data\processed\full_org\original_4_23.png,D:\GitHub\Do_an_tot_nghiep\data\processed\full_forg\forgeries_4_14.png,0,skilled_forgery,4,4
D:\GitHub\Do_an_tot_nghiep\data\processed\full_org\original_28_10.png,D:\GitHub\Do_an_tot_nghiep\data\processed\full_org\original_49_20.png,0,random_forgery,28,49
D:\GitHub\Do_an_tot_nghiep\data\processed\full_org\original_28_15.png,D:\GitHub\Do_an_tot_nghiep\data\processed\full_org\original_28_6.png,1,genuine_genuine,28,28
D:\GitHub\Do_an_tot_nghiep\data\processed\full_org\original_17_23.png,D:\GitHub\Do_an_tot_nghiep\data\processed\full_org\original_47_7.png,0,random_forgery,17,47
D:\GitHub\Do_an_tot_nghiep\data\processed\full_org\original_46_3.png,D:\GitHub\Do_an_tot_nghiep\data\processed\full_org\original_46_6.png,1,genuine_genuine,46,46
D:\GitHub\Do_an_tot_nghiep\data\processed\full_org\original_39_12.png,D:\GitHub\Do_an_tot_nghiep\data\processed\full_org\original_39_16.png,1,genuine_genuine,39,39
D:\GitHub\Do_an_tot_nghiep\data\processed\full_org\original_11_23.png,D:\GitHub\Do_an_tot_nghiep\data\processed\full_forg\forgeries_11_11.png,0,skilled_forgery,11,11
D:\GitHub\Do_an_tot_nghiep\data\processed\full_org\original_29_12.png,D:\GitHub\Do_an_tot_nghiep\data\processed\full_org\original_17_23.png,0,random_forgery,29,17
D:\GitHub\Do_an_tot_nghiep\data\processed\full_org\original_16_12.png,D:\GitHub\Do_an_tot_nghiep\data\processed\full_forg\forgeries_16_24.png,0,skilled_forgery,16,16
D:\GitHub\Do_an_tot_nghiep\data\processed\full_org\original_55_22.png,D:\GitHub\Do_an_tot_nghiep\data\processed\full_org\original_55_8.png,1,genuine_genuine,55,55
D:\GitHub\Do_an_tot_nghiep\data\processed\full_org\original_22_11.png,D:\GitHub\Do_an_tot_nghiep\data\processed\full_forg\forgeries_22_21.png,0,skilled_forgery,22,22
D:\GitHub\Do_an_tot_nghiep\data\processed\full_org\original_37_7.png,D:\GitHub\Do_an_tot_nghiep\data\processed\full_forg\forgeries_37_4.png,0,skilled_forgery,37,37
D:\GitHub\Do_an_tot_nghiep\data\processed\full_org\original_28_23.png,D:\GitHub\Do_an_tot_nghiep\data\processed\full_forg\forgeries_28_13.png,0,skilled_forgery,28,28
D:\GitHub\Do_an_tot_nghiep\data\processed\full_org\original_25_11.png,D:\GitHub\Do_an_tot_nghiep\data\processed\full_org\original_25_14.png,1,genuine_genuine,25,25
D:\GitHub\Do_an_tot_nghiep\data\processed\full_org\original_53_8.png,D:\GitHub\Do_an_tot_nghiep\data\processed\full_forg\forgeries_53_9.png,0,skilled_forgery,53,53
D:\GitHub\Do_an_tot_nghiep\data\processed\full_org\original_4_16.png,D:\GitHub\Do_an_tot_nghiep\data\processed\full_org\original_1_2.png,0,random_forgery,4,1
D:\GitHub\Do_an_tot_nghiep\data\processed\full_org\original_47_11.png,D:\GitHub\Do_an_tot_nghiep\data\processed\full_forg\forgeries_47_10.png,0,skilled_forgery,47,47
D:\GitHub\Do_an_tot_nghiep\data\processed\full_org\original_10_1.png,D:\GitHub\Do_an_tot_nghiep\data\processed\full_org\original_10_13.png,1,genuine_genuine,10,10
D:\GitHub\Do_an_tot_nghiep\data\processed\full_org\original_1_12.png,D:\GitHub\Do_an_tot_nghiep\data\processed\full_org\original_1_23.png,1,genuine_genuine,1,1
D:\GitHub\Do_an_tot_nghiep\data\processed\full_org\original_30_10.png,D:\GitHub\Do_an_tot_nghiep\data\processed\full_org\original_30_11.png,1,genuine_genuine,30,30
D:\GitHub\Do_an_tot_nghiep\data\processed\full_org\original_40_13.png,D:\GitHub\Do_an_tot_nghiep\data\processed\full_org\original_47_18.png,0,random_forgery,40,47
D:\GitHub\Do_an_tot_nghiep\data\processed\full_org\original_55_19.png,D:\GitHub\Do_an_tot_nghiep\data\processed\full_org\original_55_6.png,1,genuine_genuine,55,55
D:\GitHub\Do_an_tot_nghiep\data\processed\full_org\original_38_14.png,D:\GitHub\Do_an_tot_nghiep\data\processed\full_org\original_38_16.png,1,genuine_genuine,38,38
D:\GitHub\Do_an_tot_nghiep\data\processed\full_org\original_22_22.png,D:\GitHub\Do_an_tot_nghiep\data\processed\full_org\original_34_9.png,0,random_forgery,22,34
D:\GitHub\Do_an_tot_nghiep\data\processed\full_org\original_29_18.png,D:\GitHub\Do_an_tot_nghiep\data\processed\full_org\original_29_23.png,1,genuine_genuine,29,29
D:\GitHub\Do_an_tot_nghiep\data\processed\full_org\original_53_22.png,D:\GitHub\Do_an_tot_nghiep\data\processed\full_forg\forgeries_53_16.png,0,skilled_forgery,53,53
D:\GitHub\Do_an_tot_nghiep\data\processed\full_org\original_22_14.png,D:\GitHub\Do_an_tot_nghiep\data\processed\full_forg\forgeries_22_15.png,0,skilled_forgery,22,22
D:\GitHub\Do_an_tot_nghiep\data\processed\full_org\original_19_16.png,D:\GitHub\Do_an_tot_nghiep\data\processed\full_org\original_19_5.png,1,genuine_genuine,19,19
D:\GitHub\Do_an_tot_nghiep\data\processed\full_org\original_18_21.png,D:\GitHub\Do_an_tot_nghiep\data\processed\full_forg\forgeries_18_7.png,0,skilled_forgery,18,18
D:\GitHub\Do_an_tot_nghiep\data\processed\full_org\original_1_22.png,D:\GitHub\Do_an_tot_nghiep\data\processed\full_org\original_4_8.png,0,random_forgery,1,4
D:\GitHub\Do_an_tot_nghiep\data\processed\full_org\original_16_8.png,D:\GitHub\Do_an_tot_nghiep\data\processed\full_org\original_53_4.png,0,random_forgery,16,53
D:\GitHub\Do_an_tot_nghiep\data\processed\full_org\original_12_24.png,D:\GitHub\Do_an_tot_nghiep\data\processed\full_org\original_12_3.png,1,genuine_genuine,12,12
D:\GitHub\Do_an_tot_nghiep\data\processed\full_org\original_17_18.png,D:\GitHub\Do_an_tot_nghiep\data\processed\full_org\original_17_7.png,1,genuine_genuine,17,17
D:\GitHub\Do_an_tot_nghiep\data\processed\full_org\original_28_14.png,D:\GitHub\Do_an_tot_nghiep\data\processed\full_org\original_28_16.png,1,genuine_genuine,28,28
D:\GitHub\Do_an_tot_nghiep\data\processed\full_org\original_1_17.png,D:\GitHub\Do_an_tot_nghiep\data\processed\full_org\original_1_21.png,1,genuine_genuine,1,1
D:\GitHub\Do_an_tot_nghiep\data\processed\full_org\original_36_11.png,D:\GitHub\Do_an_tot_nghiep\data\processed\full_org\original_36_21.png,1,genuine_genuine,36,36
D:\GitHub\Do_an_tot_nghiep\data\processed\full_org\original_16_19.png,D:\GitHub\Do_an_tot_nghiep\data\processed\full_org\original_16_24.png,1,genuine_genuine,16,16
D:\GitHub\Do_an_tot_nghiep\data\processed\full_org\original_37_22.png,D:\GitHub\Do_an_tot_nghiep\data\processed\full_org\original_19_19.png,0,random_forgery,37,19
D:\GitHub\Do_an_tot_nghiep\data\processed\full_org\original_18_11.png,D:\GitHub\Do_an_tot_nghiep\data\processed\full_forg\forgeries_18_11.png,0,skilled_forgery,18,18
D:\GitHub\Do_an_tot_nghiep\data\processed\full_org\original_55_12.png,D:\GitHub\Do_an_tot_nghiep\data\processed\full_org\original_12_10.png,0,random_forgery,55,12
D:\GitHub\Do_an_tot_nghiep\data\processed\full_org\original_34_17.png,D:\GitHub\Do_an_tot_nghiep\data\processed\full_forg\forgeries_34_8.png,0,skilled_forgery,34,34
D:\GitHub\Do_an_tot_nghiep\data\processed\full_org\original_28_14.png,D:\GitHub\Do_an_tot_nghiep\data\processed\full_forg\forgeries_28_21.png,0,skilled_forgery,28,28
D:\GitHub\Do_an_tot_nghiep\data\processed\full_org\original_1_9.png,D:\GitHub\Do_an_tot_nghiep\data\processed\full_forg\forgeries_1_6.png,0,skilled_forgery,1,1
D:\GitHub\Do_an_tot_nghiep\data\processed\full_org\original_38_17.png,D:\GitHub\Do_an_tot_nghiep\data\processed\full_org\original_38_20.png,1,genuine_genuine,38,38
D:\GitHub\Do_an_tot_nghiep\data\processed\full_org\original_16_11.png,D:\GitHub\Do_an_tot_nghiep\data\processed\full_org\original_16_23.png,1,genuine_genuine,16,16
D:\GitHub\Do_an_tot_nghiep\data\processed\full_org\original_26_19.png,D:\GitHub\Do_an_tot_nghiep\data\processed\full_org\original_26_20.png,1,genuine_genuine,26,26
D:\GitHub\Do_an_tot_nghiep\data\processed\full_org\original_51_3.png,D:\GitHub\Do_an_tot_nghiep\data\processed\full_org\original_39_16.png,0,random_forgery,51,39
D:\GitHub\Do_an_tot_nghiep\data\processed\full_org\original_18_16.png,D:\GitHub\Do_an_tot_nghiep\data\processed\full_org\original_18_23.png,1,genuine_genuine,18,18
D:\GitHub\Do_an_tot_nghiep\data\processed\full_org\original_1_5.png,D:\GitHub\Do_an_tot_nghiep\data\processed\full_org\original_1_9.png,1,genuine_genuine,1,1
D:\GitHub\Do_an_tot_nghiep\data\processed\full_org\original_55_1.png,D:\GitHub\Do_an_tot_nghiep\data\processed\full_org\original_40_1.png,0,random_forgery,55,40
D:\GitHub\Do_an_tot_nghiep\data\processed\full_org\original_45_9.png,D:\GitHub\Do_an_tot_nghiep\data\processed\full_forg\forgeries_45_19.png,0,skilled_forgery,45,45
D:\GitHub\Do_an_tot_nghiep\data\processed\full_org\original_11_15.png,D:\GitHub\Do_an_tot_nghiep\data\processed\full_org\original_11_16.png,1,genuine_genuine,11,11
D:\GitHub\Do_an_tot_nghiep\data\processed\full_org\original_30_11.png,D:\GitHub\Do_an_tot_nghiep\data\processed\full_forg\forgeries_30_9.png,0,skilled_forgery,30,30
D:\GitHub\Do_an_tot_nghiep\data\processed\full_org\original_51_11.png,D:\GitHub\Do_an_tot_nghiep\data\processed\full_forg\forgeries_51_21.png,0,skilled_forgery,51,51
D:\GitHub\Do_an_tot_nghiep\data\processed\full_org\original_5_1.png,D:\GitHub\Do_an_tot_nghiep\data\processed\full_forg\forgeries_5_11.png,0,skilled_forgery,5,5
D:\GitHub\Do_an_tot_nghiep\data\processed\full_org\original_34_13.png,D:\GitHub\Do_an_tot_nghiep\data\processed\full_org\original_34_5.png,1,genuine_genuine,34,34
D:\GitHub\Do_an_tot_nghiep\data\processed\full_org\original_30_5.png,D:\GitHub\Do_an_tot_nghiep\data\processed\full_org\original_30_9.png,1,genuine_genuine,30,30
D:\GitHub\Do_an_tot_nghiep\data\processed\full_org\original_45_23.png,D:\GitHub\Do_an_tot_nghiep\data\processed\full_forg\forgeries_45_2.png,0,skilled_forgery,45,45
D:\GitHub\Do_an_tot_nghiep\data\processed\full_org\original_45_24.png,D:\GitHub\Do_an_tot_nghiep\data\processed\full_forg\forgeries_45_20.png,0,skilled_forgery,45,45
D:\GitHub\Do_an_tot_nghiep\data\processed\full_org\original_47_6.png,D:\GitHub\Do_an_tot_nghiep\data\processed\full_forg\forgeries_47_22.png,0,skilled_forgery,47,47
D:\GitHub\Do_an_tot_nghiep\data\processed\full_org\original_49_20.png,D:\GitHub\Do_an_tot_nghiep\data\processed\full_org\original_39_9.png,0,random_forgery,49,39
D:\GitHub\Do_an_tot_nghiep\data\processed\full_org\original_16_11.png,D:\GitHub\Do_an_tot_nghiep\data\processed\full_org\original_16_4.png,1,genuine_genuine,16,16
D:\GitHub\Do_an_tot_nghiep\data\processed\full_org\original_39_10.png,D:\GitHub\Do_an_tot_nghiep\data\processed\full_org\original_39_24.png,1,genuine_genuine,39,39
D:\GitHub\Do_an_tot_nghiep\data\processed\full_org\original_45_13.png,D:\GitHub\Do_an_tot_nghiep\data\processed\full_org\original_45_6.png,1,genuine_genuine,45,45
D:\GitHub\Do_an_tot_nghiep\data\processed\full_org\original_37_10.png,D:\GitHub\Do_an_tot_nghiep\data\processed\full_org\original_38_17.png,0,random_forgery,37,38
D:\GitHub\Do_an_tot_nghiep\data\processed\full_org\original_51_1.png,D:\GitHub\Do_an_tot_nghiep\data\processed\full_org\original_55_6.png,0,random_forgery,51,55
D:\GitHub\Do_an_tot_nghiep\data\processed\full_org\original_10_21.png,D:\GitHub\Do_an_tot_nghiep\data\processed\full_forg\forgeries_10_13.png,0,skilled_forgery,10,10
D:\GitHub\Do_an_tot_nghiep\data\processed\full_org\original_49_1.png,D:\GitHub\Do_an_tot_nghiep\data\processed\full_forg\forgeries_49_20.png,0,skilled_forgery,49,49
D:\GitHub\Do_an_tot_nghiep\data\processed\full_org\original_34_24.png,D:\GitHub\Do_an_tot_nghiep\data\processed\full_org\original_4_2.png,0,random_forgery,34,4
D:\GitHub\Do_an_tot_nghiep\data\processed\full_org\original_53_16.png,D:\GitHub\Do_an_tot_nghiep\data\processed\full_org\original_53_21.png,1,genuine_genuine,53,53
D:\GitHub\Do_an_tot_nghiep\data\processed\full_org\original_36_16.png,D:\GitHub\Do_an_tot_nghiep\data\processed\full_org\original_36_4.png,1,genuine_genuine,36,36
D:\GitHub\Do_an_tot_nghiep\data\processed\full_org\original_10_14.png,D:\GitHub\Do_an_tot_nghiep\data\processed\full_org\original_10_6.png,1,genuine_genuine,10,10
D:\GitHub\Do_an_tot_nghiep\data\processed\full_org\original_3_1.png,D:\GitHub\Do_an_tot_nghiep\data\processed\full_forg\forgeries_3_10.png,0,skilled_forgery,3,3
D:\GitHub\Do_an_tot_nghiep\data\processed\full_org\original_24_11.png,D:\GitHub\Do_an_tot_nghiep\data\processed\full_org\original_24_17.png,1,genuine_genuine,24,24
D:\GitHub\Do_an_tot_nghiep\data\processed\full_org\original_7_11.png,D:\GitHub\Do_an_tot_nghiep\data\processed\full_org\original_7_14.png,1,genuine_genuine,7,7
D:\GitHub\Do_an_tot_nghiep\data\processed\full_org\original_19_5.png,D:\GitHub\Do_an_tot_nghiep\data\processed\full_forg\forgeries_19_3.png,0,skilled_forgery,19,19
D:\GitHub\Do_an_tot_nghiep\data\processed\full_org\original_25_22.png,D:\GitHub\Do_an_tot_nghiep\data\processed\full_forg\forgeries_25_6.png,0,skilled_forgery,25,25
D:\GitHub\Do_an_tot_nghiep\data\processed\full_org\original_53_1.png,D:\GitHub\Do_an_tot_nghiep\data\processed\full_org\original_53_19.png,1,genuine_genuine,53,53
D:\GitHub\Do_an_tot_nghiep\data\processed\full_org\original_51_20.png,D:\GitHub\Do_an_tot_nghiep\data\processed\full_org\original_39_8.png,0,random_forgery,51,39
D:\GitHub\Do_an_tot_nghiep\data\processed\full_org\original_16_1.png,D:\GitHub\Do_an_tot_nghiep\data\processed\full_org\original_16_12.png,1,genuine_genuine,16,16
D:\GitHub\Do_an_tot_nghiep\data\processed\full_org\original_45_23.png,D:\GitHub\Do_an_tot_nghiep\data\processed\full_org\original_45_24.png,1,genuine_genuine,45,45
D:\GitHub\Do_an_tot_nghiep\data\processed\full_org\original_4_1.png,D:\GitHub\Do_an_tot_nghiep\data\processed\full_org\original_24_18.png,0,random_forgery,4,24
D:\GitHub\Do_an_tot_nghiep\data\processed\full_org\original_46_10.png,D:\GitHub\Do_an_tot_nghiep\data\processed\full_forg\forgeries_46_21.png,0,skilled_forgery,46,46
D:\GitHub\Do_an_tot_nghiep\data\processed\full_org\original_37_21.png,D:\GitHub\Do_an_tot_nghiep\data\processed\full_org\original_37_6.png,1,genuine_genuine,37,37
D:\GitHub\Do_an_tot_nghiep\data\processed\full_org\original_38_1.png,D:\GitHub\Do_an_tot_nghiep\data\processed\full_forg\forgeries_38_5.png,0,skilled_forgery,38,38
D:\GitHub\Do_an_tot_nghiep\data\processed\full_org\original_22_23.png,D:\GitHub\Do_an_tot_nghiep\data\processed\full_org\original_22_24.png,1,genuine_genuine,22,22
D:\GitHub\Do_an_tot_nghiep\data\processed\full_org\original_3_21.png,D:\GitHub\Do_an_tot_nghiep\data\processed\full_forg\forgeries_3_15.png,0,skilled_forgery,3,3
D:\GitHub\Do_an_tot_nghiep\data\processed\full_org\original_12_19.png,D:\GitHub\Do_an_tot_nghiep\data\processed\full_forg\forgeries_12_12.png,0,skilled_forgery,12,12
D:\GitHub\Do_an_tot_nghiep\data\processed\full_org\original_18_3.png,D:\GitHub\Do_an_tot_nghiep\data\processed\full_forg\forgeries_18_6.png,0,skilled_forgery,18,18
D:\GitHub\Do_an_tot_nghiep\data\processed\full_org\original_39_4.png,D:\GitHub\Do_an_tot_nghiep\data\processed\full_forg\forgeries_39_23.png,0,skilled_forgery,39,39
D:\GitHub\Do_an_tot_nghiep\data\processed\full_org\original_37_17.png,D:\GitHub\Do_an_tot_nghiep\data\processed\full_org\original_37_4.png,1,genuine_genuine,37,37
D:\GitHub\Do_an_tot_nghiep\data\processed\full_org\original_5_24.png,D:\GitHub\Do_an_tot_nghiep\data\processed\full_forg\forgeries_5_18.png,0,skilled_forgery,5,5
D:\GitHub\Do_an_tot_nghiep\data\processed\full_org\original_24_19.png,D:\GitHub\Do_an_tot_nghiep\data\processed\full_org\original_24_2.png,1,genuine_genuine,24,24
D:\GitHub\Do_an_tot_nghiep\data\processed\full_org\original_10_17.png,D:\GitHub\Do_an_tot_nghiep\data\processed\full_org\original_26_17.png,0,random_forgery,10,26
D:\GitHub\Do_an_tot_nghiep\data\processed\full_org\original_34_11.png,D:\GitHub\Do_an_tot_nghiep\data\processed\full_org\original_34_12.png,1,genuine_genuine,34,34
D:\GitHub\Do_an_tot_nghiep\data\processed\full_org\original_12_24.png,D:\GitHub\Do_an_tot_nghiep\data\processed\full_org\original_12_6.png,1,genuine_genuine,12,12
D:\GitHub\Do_an_tot_nghiep\data\processed\full_org\original_47_24.png,D:\GitHub\Do_an_tot_nghiep\data\processed\full_org\original_47_5.png,1,genuine_genuine,47,47
D:\GitHub\Do_an_tot_nghiep\data\processed\full_org\original_53_11.png,D:\GitHub\Do_an_tot_nghiep\data\processed\full_forg\forgeries_53_18.png,0,skilled_forgery,53,53
D:\GitHub\Do_an_tot_nghiep\data\processed\full_org\original_19_23.png,D:\GitHub\Do_an_tot_nghiep\data\processed\full_forg\forgeries_19_14.png,0,skilled_forgery,19,19
D:\GitHub\Do_an_tot_nghiep\data\processed\full_org\original_25_23.png,D:\GitHub\Do_an_tot_nghiep\data\processed\full_org\original_25_6.png,1,genuine_genuine,25,25
D:\GitHub\Do_an_tot_nghiep\data\processed\full_org\original_43_22.png,D:\GitHub\Do_an_tot_nghiep\data\processed\full_org\original_43_24.png,1,genuine_genuine,43,43
D:\GitHub\Do_an_tot_nghiep\data\processed\full_org\original_3_15.png,D:\GitHub\Do_an_tot_nghiep\data\processed\full_forg\forgeries_3_8.png,0,skilled_forgery,3,3
D:\GitHub\Do_an_tot_nghiep\data\processed\full_org\original_29_1.png,D:\GitHub\Do_an_tot_nghiep\data\processed\full_org\original_29_20.png,1,genuine_genuine,29,29
D:\GitHub\Do_an_tot_nghiep\data\processed\full_org\original_11_19.png,D:\GitHub\Do_an_tot_nghiep\data\processed\full_forg\forgeries_11_20.png,0,skilled_forgery,11,11
D:\GitHub\Do_an_tot_nghiep\data\processed\full_org\original_45_21.png,D:\GitHub\Do_an_tot_nghiep\data\processed\full_forg\forgeries_45_7.png,0,skilled_forgery,45,45
D:\GitHub\Do_an_tot_nghiep\data\processed\full_org\original_31_19.png,D:\GitHub\Do_an_tot_nghiep\data\processed\full_forg\forgeries_31_6.png,0,skilled_forgery,31,31
D:\GitHub\Do_an_tot_nghiep\data\processed\full_org\original_11_6.png,D:\GitHub\Do_an_tot_nghiep\data\processed\full_forg\forgeries_11_5.png,0,skilled_forgery,11,11
D:\GitHub\Do_an_tot_nghiep\data\processed\full_org\original_7_11.png,D:\GitHub\Do_an_tot_nghiep\data\processed\full_forg\forgeries_7_1.png,0,skilled_forgery,7,7
D:\GitHub\Do_an_tot_nghiep\data\processed\full_org\original_18_10.png,D:\GitHub\Do_an_tot_nghiep\data\processed\full_org\original_18_23.png,1,genuine_genuine,18,18
D:\GitHub\Do_an_tot_nghiep\data\processed\full_org\original_28_11.png,D:\GitHub\Do_an_tot_nghiep\data\processed\full_org\original_18_20.png,0,random_forgery,28,18
D:\GitHub\Do_an_tot_nghiep\data\processed\full_org\original_46_3.png,D:\GitHub\Do_an_tot_nghiep\data\processed\full_org\original_51_12.png,0,random_forgery,46,51
D:\GitHub\Do_an_tot_nghiep\data\processed\full_org\original_12_8.png,D:\GitHub\Do_an_tot_nghiep\data\processed\full_forg\forgeries_12_4.png,0,skilled_forgery,12,12
D:\GitHub\Do_an_tot_nghiep\data\processed\full_org\original_40_14.png,D:\GitHub\Do_an_tot_nghiep\data\processed\full_org\original_40_8.png,1,genuine_genuine,40,40
D:\GitHub\Do_an_tot_nghiep\data\processed\full_org\original_46_6.png,D:\GitHub\Do_an_tot_nghiep\data\processed\full_forg\forgeries_46_21.png,0,skilled_forgery,46,46
D:\GitHub\Do_an_tot_nghiep\data\processed\full_org\original_19_6.png,D:\GitHub\Do_an_tot_nghiep\data\processed\full_org\original_19_7.png,1,genuine_genuine,19,19
D:\GitHub\Do_an_tot_nghiep\data\processed\full_org\original_3_6.png,D:\GitHub\Do_an_tot_nghiep\data\processed\full_org\original_29_11.png,0,random_forgery,3,29
D:\GitHub\Do_an_tot_nghiep\data\processed\full_org\original_10_17.png,D:\GitHub\Do_an_tot_nghiep\data\processed\full_org\original_10_5.png,1,genuine_genuine,10,10
D:\GitHub\Do_an_tot_nghiep\data\processed\full_org\original_49_9.png,D:\GitHub\Do_an_tot_nghiep\data\processed\full_forg\forgeries_49_7.png,0,skilled_forgery,49,49
D:\GitHub\Do_an_tot_nghiep\data\processed\full_org\original_34_24.png,D:\GitHub\Do_an_tot_nghiep\data\processed\full_forg\forgeries_34_18.png,0,skilled_forgery,34,34
D:\GitHub\Do_an_tot_nghiep\data\processed\full_org\original_43_22.png,D:\GitHub\Do_an_tot_nghiep\data\processed\full_forg\forgeries_43_6.png,0,skilled_forgery,43,43
D:\GitHub\Do_an_tot_nghiep\data\processed\full_org\original_34_12.png,D:\GitHub\Do_an_tot_nghiep\data\processed\full_org\original_34_19.png,1,genuine_genuine,34,34
D:\GitHub\Do_an_tot_nghiep\data\processed\full_org\original_18_23.png,D:\GitHub\Do_an_tot_nghiep\data\processed\full_org\original_18_5.png,1,genuine_genuine,18,18
D:\GitHub\Do_an_tot_nghiep\data\processed\full_org\original_10_12.png,D:\GitHub\Do_an_tot_nghiep\data\processed\full_forg\forgeries_10_7.png,0,skilled_forgery,10,10
D:\GitHub\Do_an_tot_nghiep\data\processed\full_org\original_37_16.png,D:\GitHub\Do_an_tot_nghiep\data\processed\full_org\original_37_22.png,1,genuine_genuine,37,37
D:\GitHub\Do_an_tot_nghiep\data\processed\full_org\original_46_16.png,D:\GitHub\Do_an_tot_nghiep\data\processed\full_org\original_46_21.png,1,genuine_genuine,46,46
D:\GitHub\Do_an_tot_nghiep\data\processed\full_org\original_36_13.png,D:\GitHub\Do_an_tot_nghiep\data\processed\full_forg\forgeries_36_15.png,0,skilled_forgery,36,36
D:\GitHub\Do_an_tot_nghiep\data\processed\full_org\original_49_1.png,D:\GitHub\Do_an_tot_nghiep\data\processed\full_org\original_49_9.png,1,genuine_genuine,49,49
D:\GitHub\Do_an_tot_nghiep\data\processed\full_org\original_12_8.png,D:\GitHub\Do_an_tot_nghiep\data\processed\full_forg\forgeries_12_1.png,0,skilled_forgery,12,12
D:\GitHub\Do_an_tot_nghiep\data\processed\full_org\original_11_13.png,D:\GitHub\Do_an_tot_nghiep\data\processed\full_org\original_11_9.png,1,genuine_genuine,11,11
D:\GitHub\Do_an_tot_nghiep\data\processed\full_org\original_25_20.png,D:\GitHub\Do_an_tot_nghiep\data\processed\full_forg\forgeries_25_12.png,0,skilled_forgery,25,25
D:\GitHub\Do_an_tot_nghiep\data\processed\full_org\original_36_18.png,D:\GitHub\Do_an_tot_nghiep\data\processed\full_org\original_36_23.png,1,genuine_genuine,36,36
D:\GitHub\Do_an_tot_nghiep\data\processed\full_org\original_3_22.png,D:\GitHub\Do_an_tot_nghiep\data\processed\full_forg\forgeries_3_4.png,0,skilled_forgery,3,3
D:\GitHub\Do_an_tot_nghiep\data\processed\full_org\original_18_11.png,D:\GitHub\Do_an_tot_nghiep\data\processed\full_org\original_18_7.png,1,genuine_genuine,18,18
D:\GitHub\Do_an_tot_nghiep\data\processed\full_org\original_28_15.png,D:\GitHub\Do_an_tot_nghiep\data\processed\full_org\original_28_20.png,1,genuine_genuine,28,28
D:\GitHub\Do_an_tot_nghiep\data\processed\full_org\original_18_21.png,D:\GitHub\Do_an_tot_nghiep\data\processed\full_org\original_18_6.png,1,genuine_genuine,18,18
D:\GitHub\Do_an_tot_nghiep\data\processed\full_org\original_21_2.png,D:\GitHub\Do_an_tot_nghiep\data\processed\full_org\original_21_6.png,1,genuine_genuine,21,21
D:\GitHub\Do_an_tot_nghiep\data\processed\full_org\original_18_4.png,D:\GitHub\Do_an_tot_nghiep\data\processed\full_org\original_18_5.png,1,genuine_genuine,18,18
D:\GitHub\Do_an_tot_nghiep\data\processed\full_org\original_10_11.png,D:\GitHub\Do_an_tot_nghiep\data\processed\full_forg\forgeries_10_13.png,0,skilled_forgery,10,10
D:\GitHub\Do_an_tot_nghiep\data\processed\full_org\original_38_15.png,D:\GitHub\Do_an_tot_nghiep\data\processed\full_forg\forgeries_38_19.png,0,skilled_forgery,38,38
D:\GitHub\Do_an_tot_nghiep\data\processed\full_org\original_45_4.png,D:\GitHub\Do_an_tot_nghiep\data\processed\full_org\original_49_23.png,0,random_forgery,45,49
D:\GitHub\Do_an_tot_nghiep\data\processed\full_org\original_53_15.png,D:\GitHub\Do_an_tot_nghiep\data\processed\full_org\original_53_2.png,1,genuine_genuine,53,53
D:\GitHub\Do_an_tot_nghiep\data\processed\full_org\original_10_8.png,D:\GitHub\Do_an_tot_nghiep\data\processed\full_forg\forgeries_10_3.png,0,skilled_forgery,10,10
D:\GitHub\Do_an_tot_nghiep\data\processed\full_org\original_34_4.png,D:\GitHub\Do_an_tot_nghiep\data\processed\full_forg\forgeries_34_8.png,0,skilled_forgery,34,34
D:\GitHub\Do_an_tot_nghiep\data\processed\full_org\original_53_3.png,D:\GitHub\Do_an_tot_nghiep\data\processed\full_org\original_16_10.png,0,random_forgery,53,16
D:\GitHub\Do_an_tot_nghiep\data\processed\full_org\original_17_2.png,D:\GitHub\Do_an_tot_nghiep\data\processed\full_forg\forgeries_17_10.png,0,skilled_forgery,17,17
D:\GitHub\Do_an_tot_nghiep\data\processed\full_org\original_36_17.png,D:\GitHub\Do_an_tot_nghiep\data\processed\full_forg\forgeries_36_1.png,0,skilled_forgery,36,36
D:\GitHub\Do_an_tot_nghiep\data\processed\full_org\original_11_12.png,D:\GitHub\Do_an_tot_nghiep\data\processed\full_org\original_11_19.png,1,genuine_genuine,11,11
D:\GitHub\Do_an_tot_nghiep\data\processed\full_org\original_29_10.png,D:\GitHub\Do_an_tot_nghiep\data\processed\full_forg\forgeries_29_20.png,0,skilled_forgery,29,29
D:\GitHub\Do_an_tot_nghiep\data\processed\full_org\original_51_12.png,D:\GitHub\Do_an_tot_nghiep\data\processed\full_org\original_51_2.png,1,genuine_genuine,51,51
D:\GitHub\Do_an_tot_nghiep\data\processed\full_org\original_26_1.png,D:\GitHub\Do_an_tot_nghiep\data\processed\full_org\original_26_3.png,1,genuine_genuine,26,26
D:\GitHub\Do_an_tot_nghiep\data\processed\full_org\original_43_6.png,D:\GitHub\Do_an_tot_nghiep\data\processed\full_forg\forgeries_43_16.png,0,skilled_forgery,43,43
D:\GitHub\Do_an_tot_nghiep\data\processed\full_org\original_12_15.png,D:\GitHub\Do_an_tot_nghiep\data\processed\full_forg\forgeries_12_18.png,0,skilled_forgery,12,12
D:\GitHub\Do_an_tot_nghiep\data\processed\full_org\original_40_11.png,D:\GitHub\Do_an_tot_nghiep\data\processed\full_org\original_40_16.png,1,genuine_genuine,40,40
D:\GitHub\Do_an_tot_nghiep\data\processed\full_org\original_10_24.png,D:\GitHub\Do_an_tot_nghiep\data\processed\full_org\original_46_1.png,0,random_forgery,10,46
D:\GitHub\Do_an_tot_nghiep\data\processed\full_org\original_30_14.png,D:\GitHub\Do_an_tot_nghiep\data\processed\full_forg\forgeries_30_2.png,0,skilled_forgery,30,30
D:\GitHub\Do_an_tot_nghiep\data\processed\full_org\original_26_16.png,D:\GitHub\Do_an_tot_nghiep\data\processed\full_forg\forgeries_26_4.png,0,skilled_forgery,26,26
D:\GitHub\Do_an_tot_nghiep\data\processed\full_org\original_17_10.png,D:\GitHub\Do_an_tot_nghiep\data\processed\full_forg\forgeries_17_15.png,0,skilled_forgery,17,17
D:\GitHub\Do_an_tot_nghiep\data\processed\full_org\original_1_13.png,D:\GitHub\Do_an_tot_nghiep\data\processed\full_forg\forgeries_1_20.png,0,skilled_forgery,1,1
D:\GitHub\Do_an_tot_nghiep\data\processed\full_org\original_1_12.png,D:\GitHub\Do_an_tot_nghiep\data\processed\full_forg\forgeries_1_20.png,0,skilled_forgery,1,1
D:\GitHub\Do_an_tot_nghiep\data\processed\full_org\original_51_11.png,D:\GitHub\Do_an_tot_nghiep\data\processed\full_org\original_51_12.png,1,genuine_genuine,51,51
D:\GitHub\Do_an_tot_nghiep\data\processed\full_org\original_53_10.png,D:\GitHub\Do_an_tot_nghiep\data\processed\full_org\original_53_17.png,1,genuine_genuine,53,53
D:\GitHub\Do_an_tot_nghiep\data\processed\full_org\original_51_19.png,D:\GitHub\Do_an_tot_nghiep\data\processed\full_forg\forgeries_51_17.png,0,skilled_forgery,51,51
D:\GitHub\Do_an_tot_nghiep\data\processed\full_org\original_49_12.png,D:\GitHub\Do_an_tot_nghiep\data\processed\full_org\original_49_21.png,1,genuine_genuine,49,49
D:\GitHub\Do_an_tot_nghiep\data\processed\full_org\original_30_6.png,D:\GitHub\Do_an_tot_nghiep\data\processed\full_forg\forgeries_30_13.png,0,skilled_forgery,30,30
D:\GitHub\Do_an_tot_nghiep\data\processed\full_org\original_46_12.png,D:\GitHub\Do_an_tot_nghiep\data\processed\full_org\original_46_24.png,1,genuine_genuine,46,46
D:\GitHub\Do_an_tot_nghiep\data\processed\full_org\original_19_10.png,D:\GitHub\Do_an_tot_nghiep\data\processed\full_forg\forgeries_19_22.png,0,skilled_forgery,19,19
D:\GitHub\Do_an_tot_nghiep\data\processed\full_org\original_40_15.png,D:\GitHub\Do_an_tot_nghiep\data\processed\full_org\original_53_11.png,0,random_forgery,40,53
D:\GitHub\Do_an_tot_nghiep\data\processed\full_org\original_30_2.png,D:\GitHub\Do_an_tot_nghiep\data\processed\full_org\original_29_23.png,0,random_forgery,30,29
D:\GitHub\Do_an_tot_nghiep\data\processed\full_org\original_37_14.png,D:\GitHub\Do_an_tot_nghiep\data\processed\full_org\original_37_5.png,1,genuine_genuine,37,37
D:\GitHub\Do_an_tot_nghiep\data\processed\full_org\original_24_8.png,D:\GitHub\Do_an_tot_nghiep\data\processed\full_org\original_19_12.png,0,random_forgery,24,19
D:\GitHub\Do_an_tot_nghiep\data\processed\full_org\original_24_23.png,D:\GitHub\Do_an_tot_nghiep\data\processed\full_org\original_28_17.png,0,random_forgery,24,28
D:\GitHub\Do_an_tot_nghiep\data\processed\full_org\original_18_13.png,D:\GitHub\Do_an_tot_nghiep\data\processed\full_org\original_18_18.png,1,genuine_genuine,18,18
D:\GitHub\Do_an_tot_nghiep\data\processed\full_org\original_10_2.png,D:\GitHub\Do_an_tot_nghiep\data\processed\full_forg\forgeries_10_9.png,0,skilled_forgery,10,10
D:\GitHub\Do_an_tot_nghiep\data\processed\full_org\original_30_10.png,D:\GitHub\Do_an_tot_nghiep\data\processed\full_org\original_10_7.png,0,random_forgery,30,10
D:\GitHub\Do_an_tot_nghiep\data\processed\full_org\original_45_12.png,D:\GitHub\Do_an_tot_nghiep\data\processed\full_org\original_45_15.png,1,genuine_genuine,45,45
D:\GitHub\Do_an_tot_nghiep\data\processed\full_org\original_19_23.png,D:\GitHub\Do_an_tot_nghiep\data\processed\full_org\original_19_6.png,1,genuine_genuine,19,19
D:\GitHub\Do_an_tot_nghiep\data\processed\full_org\original_18_19.png,D:\GitHub\Do_an_tot_nghiep\data\processed\full_org\original_18_6.png,1,genuine_genuine,18,18
D:\GitHub\Do_an_tot_nghiep\data\processed\full_org\original_34_13.png,D:\GitHub\Do_an_tot_nghiep\data\processed\full_forg\forgeries_34_12.png,0,skilled_forgery,34,34
D:\GitHub\Do_an_tot_nghiep\data\processed\full_org\original_36_11.png,D:\GitHub\Do_an_tot_nghiep\data\processed\full_org\original_36_23.png,1,genuine_genuine,36,36
D:\GitHub\Do_an_tot_nghiep\data\processed\full_org\original_17_2.png,D:\GitHub\Do_an_tot_nghiep\data\processed\full_forg\forgeries_17_9.png,0,skilled_forgery,17,17
D:\GitHub\Do_an_tot_nghiep\data\processed\full_org\original_38_19.png,D:\GitHub\Do_an_tot_nghiep\data\processed\full_forg\forgeries_38_15.png,0,skilled_forgery,38,38
D:\GitHub\Do_an_tot_nghiep\data\processed\full_org\original_28_17.png,D:\GitHub\Do_an_tot_nghiep\data\processed\full_org\original_28_21.png,1,genuine_genuine,28,28
D:\GitHub\Do_an_tot_nghiep\data\processed\full_org\original_53_16.png,D:\GitHub\Do_an_tot_nghiep\data\processed\full_org\original_4_4.png,0,random_forgery,53,4
D:\GitHub\Do_an_tot_nghiep\data\processed\full_org\original_53_13.png,D:\GitHub\Do_an_tot_nghiep\data\processed\full_org\original_53_16.png,1,genuine_genuine,53,53
D:\GitHub\Do_an_tot_nghiep\data\processed\full_org\original_40_23.png,D:\GitHub\Do_an_tot_nghiep\data\processed\full_forg\forgeries_40_16.png,0,skilled_forgery,40,40
D:\GitHub\Do_an_tot_nghiep\data\processed\full_org\original_47_15.png,D:\GitHub\Do_an_tot_nghiep\data\processed\full_org\original_47_18.png,1,genuine_genuine,47,47
D:\GitHub\Do_an_tot_nghiep\data\processed\full_org\original_51_2.png,D:\GitHub\Do_an_tot_nghiep\data\processed\full_org\original_51_3.png,1,genuine_genuine,51,51
D:\GitHub\Do_an_tot_nghiep\data\processed\full_org\original_4_24.png,D:\GitHub\Do_an_tot_nghiep\data\processed\full_forg\forgeries_4_7.png,0,skilled_forgery,4,4
D:\GitHub\Do_an_tot_nghiep\data\processed\full_org\original_55_10.png,D:\GitHub\Do_an_tot_nghiep\data\processed\full_org\original_55_11.png,1,genuine_genuine,55,55
D:\GitHub\Do_an_tot_nghiep\data\processed\full_org\original_28_14.png,D:\GitHub\Do_an_tot_nghiep\data\processed\full_forg\forgeries_28_6.png,0,skilled_forgery,28,28
D:\GitHub\Do_an_tot_nghiep\data\processed\full_org\original_49_21.png,D:\GitHub\Do_an_tot_nghiep\data\processed\full_forg\forgeries_49_2.png,0,skilled_forgery,49,49
D:\GitHub\Do_an_tot_nghiep\data\processed\full_org\original_39_19.png,D:\GitHub\Do_an_tot_nghiep\data\processed\full_org\original_39_5.png,1,genuine_genuine,39,39
D:\GitHub\Do_an_tot_nghiep\data\processed\full_org\original_24_7.png,D:\GitHub\Do_an_tot_nghiep\data\processed\full_forg\forgeries_24_23.png,0,skilled_forgery,24,24
D:\GitHub\Do_an_tot_nghiep\data\processed\full_org\original_12_6.png,D:\GitHub\Do_an_tot_nghiep\data\processed\full_forg\forgeries_12_1.png,0,skilled_forgery,12,12
D:\GitHub\Do_an_tot_nghiep\data\processed\full_org\original_43_22.png,D:\GitHub\Do_an_tot_nghiep\data\processed\full_org\original_4_22.png,0,random_forgery,43,4
D:\GitHub\Do_an_tot_nghiep\data\processed\full_org\original_29_10.png,D:\GitHub\Do_an_tot_nghiep\data\processed\full_forg\forgeries_29_4.png,0,skilled_forgery,29,29
D:\GitHub\Do_an_tot_nghiep\data\processed\full_org\original_40_11.png,D:\GitHub\Do_an_tot_nghiep\data\processed\full_org\original_24_24.png,0,random_forgery,40,24
D:\GitHub\Do_an_tot_nghiep\data\processed\full_org\original_49_17.png,D:\GitHub\Do_an_tot_nghiep\data\processed\full_forg\forgeries_49_3.png,0,skilled_forgery,49,49
D:\GitHub\Do_an_tot_nghiep\data\processed\full_org\original_22_23.png,D:\GitHub\Do_an_tot_nghiep\data\processed\full_org\original_22_8.png,1,genuine_genuine,22,22
D:\GitHub\Do_an_tot_nghiep\data\processed\full_org\original_37_12.png,D:\GitHub\Do_an_tot_nghiep\data\processed\full_forg\forgeries_37_9.png,0,skilled_forgery,37,37
D:\GitHub\Do_an_tot_nghiep\data\processed\full_org\original_16_14.png,D:\GitHub\Do_an_tot_nghiep\data\processed\full_org\original_16_24.png,1,genuine_genuine,16,16
D:\GitHub\Do_an_tot_nghiep\data\processed\full_org\original_18_13.png,D:\GitHub\Do_an_tot_nghiep\data\processed\full_org\original_18_17.png,1,genuine_genuine,18,18
D:\GitHub\Do_an_tot_nghiep\data\processed\full_org\original_45_8.png,D:\GitHub\Do_an_tot_nghiep\data\processed\full_forg\forgeries_45_7.png,0,skilled_forgery,45,45
D:\GitHub\Do_an_tot_nghiep\data\processed\full_org\original_19_10.png,D:\GitHub\Do_an_tot_nghiep\data\processed\full_org\original_19_18.png,1,genuine_genuine,19,19
D:\GitHub\Do_an_tot_nghiep\data\processed\full_org\original_43_6.png,D:\GitHub\Do_an_tot_nghiep\data\processed\full_forg\forgeries_43_12.png,0,skilled_forgery,43,43
D:\GitHub\Do_an_tot_nghiep\data\processed\full_org\original_26_9.png,D:\GitHub\Do_an_tot_nghiep\data\processed\full_forg\forgeries_26_24.png,0,skilled_forgery,26,26
D:\GitHub\Do_an_tot_nghiep\data\processed\full_org\original_31_12.png,D:\GitHub\Do_an_tot_nghiep\data\processed\full_org\original_37_16.png,0,random_forgery,31,37
D:\GitHub\Do_an_tot_nghiep\data\processed\full_org\original_46_15.png,D:\GitHub\Do_an_tot_nghiep\data\processed\full_org\original_21_13.png,0,random_forgery,46,21
D:\GitHub\Do_an_tot_nghiep\data\processed\full_org\original_24_4.png,D:\GitHub\Do_an_tot_nghiep\data\processed\full_forg\forgeries_24_12.png,0,skilled_forgery,24,24
D:\GitHub\Do_an_tot_nghiep\data\processed\full_org\original_31_7.png,D:\GitHub\Do_an_tot_nghiep\data\processed\full_org\original_30_17.png,0,random_forgery,31,30
D:\GitHub\Do_an_tot_nghiep\data\processed\full_org\original_36_8.png,D:\GitHub\Do_an_tot_nghiep\data\processed\full_forg\forgeries_36_7.png,0,skilled_forgery,36,36
D:\GitHub\Do_an_tot_nghiep\data\processed\full_org\original_40_4.png,D:\GitHub\Do_an_tot_nghiep\data\processed\full_forg\forgeries_40_7.png,0,skilled_forgery,40,40
D:\GitHub\Do_an_tot_nghiep\data\processed\full_org\original_55_8.png,D:\GitHub\Do_an_tot_nghiep\data\processed\full_forg\forgeries_55_16.png,0,skilled_forgery,55,55
D:\GitHub\Do_an_tot_nghiep\data\processed\full_org\original_3_11.png,D:\GitHub\Do_an_tot_nghiep\data\processed\full_org\original_3_12.png,1,genuine_genuine,3,3
D:\GitHub\Do_an_tot_nghiep\data\processed\full_org\original_40_12.png,D:\GitHub\Do_an_tot_nghiep\data\processed\full_org\original_40_7.png,1,genuine_genuine,40,40
D:\GitHub\Do_an_tot_nghiep\data\processed\full_org\original_39_23.png,D:\GitHub\Do_an_tot_nghiep\data\processed\full_forg\forgeries_39_10.png,0,skilled_forgery,39,39
D:\GitHub\Do_an_tot_nghiep\data\processed\full_org\original_45_15.png,D:\GitHub\Do_an_tot_nghiep\data\processed\full_org\original_45_21.png,1,genuine_genuine,45,45
D:\GitHub\Do_an_tot_nghiep\data\processed\full_org\original_5_10.png,D:\GitHub\Do_an_tot_nghiep\data\processed\full_org\original_5_6.png,1,genuine_genuine,5,5
D:\GitHub\Do_an_tot_nghiep\data\processed\full_org\original_1_10.png,D:\GitHub\Do_an_tot_nghiep\data\processed\full_forg\forgeries_1_1.png,0,skilled_forgery,1,1
D:\GitHub\Do_an_tot_nghiep\data\processed\full_org\original_16_17.png,D:\GitHub\Do_an_tot_nghiep\data\processed\full_org\original_16_24.png,1,genuine_genuine,16,16
D:\GitHub\Do_an_tot_nghiep\data\processed\full_org\original_26_18.png,D:\GitHub\Do_an_tot_nghiep\data\processed\full_org\original_26_3.png,1,genuine_genuine,26,26
D:\GitHub\Do_an_tot_nghiep\data\processed\full_org\original_18_16.png,D:\GitHub\Do_an_tot_nghiep\data\processed\full_forg\forgeries_18_8.png,0,skilled_forgery,18,18
D:\GitHub\Do_an_tot_nghiep\data\processed\full_org\original_21_2.png,D:\GitHub\Do_an_tot_nghiep\data\processed\full_org\original_21_22.png,1,genuine_genuine,21,21
D:\GitHub\Do_an_tot_nghiep\data\processed\full_org\original_55_2.png,D:\GitHub\Do_an_tot_nghiep\data\processed\full_org\original_55_4.png,1,genuine_genuine,55,55
D:\GitHub\Do_an_tot_nghiep\data\processed\full_org\original_38_14.png,D:\GitHub\Do_an_tot_nghiep\data\processed\full_org\original_38_23.png,1,genuine_genuine,38,38
D:\GitHub\Do_an_tot_nghiep\data\processed\full_org\original_12_3.png,D:\GitHub\Do_an_tot_nghiep\data\processed\full_forg\forgeries_12_7.png,0,skilled_forgery,12,12
D:\GitHub\Do_an_tot_nghiep\data\processed\full_org\original_16_20.png,D:\GitHub\Do_an_tot_nghiep\data\processed\full_forg\forgeries_16_4.png,0,skilled_forgery,16,16
D:\GitHub\Do_an_tot_nghiep\data\processed\full_org\original_25_24.png,D:\GitHub\Do_an_tot_nghiep\data\processed\full_org\original_25_8.png,1,genuine_genuine,25,25
D:\GitHub\Do_an_tot_nghiep\data\processed\full_org\original_38_10.png,D:\GitHub\Do_an_tot_nghiep\data\processed\full_org\original_38_23.png,1,genuine_genuine,38,38
D:\GitHub\Do_an_tot_nghiep\data\processed\full_org\original_55_20.png,D:\GitHub\Do_an_tot_nghiep\data\processed\full_org\original_49_19.png,0,random_forgery,55,49
D:\GitHub\Do_an_tot_nghiep\data\processed\full_org\original_47_3.png,D:\GitHub\Do_an_tot_nghiep\data\processed\full_org\original_31_14.png,0,random_forgery,47,31
D:\GitHub\Do_an_tot_nghiep\data\processed\full_org\original_12_1.png,D:\GitHub\Do_an_tot_nghiep\data\processed\full_org\original_12_24.png,1,genuine_genuine,12,12
D:\GitHub\Do_an_tot_nghiep\data\processed\full_org\original_16_8.png,D:\GitHub\Do_an_tot_nghiep\data\processed\full_forg\forgeries_16_15.png,0,skilled_forgery,16,16
D:\GitHub\Do_an_tot_nghiep\data\processed\full_org\original_51_17.png,D:\GitHub\Do_an_tot_nghiep\data\processed\full_org\original_51_23.png,1,genuine_genuine,51,51
D:\GitHub\Do_an_tot_nghiep\data\processed\full_org\original_4_15.png,D:\GitHub\Do_an_tot_nghiep\data\processed\full_org\original_4_20.png,1,genuine_genuine,4,4
D:\GitHub\Do_an_tot_nghiep\data\processed\full_org\original_39_12.png,D:\GitHub\Do_an_tot_nghiep\data\processed\full_forg\forgeries_39_15.png,0,skilled_forgery,39,39
D:\GitHub\Do_an_tot_nghiep\data\processed\full_org\original_10_7.png,D:\GitHub\Do_an_tot_nghiep\data\processed\full_org\original_55_24.png,0,random_forgery,10,55
D:\GitHub\Do_an_tot_nghiep\data\processed\full_org\original_49_11.png,D:\GitHub\Do_an_tot_nghiep\data\processed\full_org\original_49_23.png,1,genuine_genuine,49,49
D:\GitHub\Do_an_tot_nghiep\data\processed\full_org\original_25_10.png,D:\GitHub\Do_an_tot_nghiep\data\processed\full_org\original_25_15.png,1,genuine_genuine,25,25
D:\GitHub\Do_an_tot_nghiep\data\processed\full_org\original_19_1.png,D:\GitHub\Do_an_tot_nghiep\data\processed\full_forg\forgeries_19_19.png,0,skilled_forgery,19,19
D:\GitHub\Do_an_tot_nghiep\data\processed\full_org\original_1_14.png,D:\GitHub\Do_an_tot_nghiep\data\processed\full_forg\forgeries_1_3.png,0,skilled_forgery,1,1
D:\GitHub\Do_an_tot_nghiep\data\processed\full_org\original_3_8.png,D:\GitHub\Do_an_tot_nghiep\data\processed\full_org\original_40_2.png,0,random_forgery,3,40
D:\GitHub\Do_an_tot_nghiep\data\processed\full_org\original_31_3.png,D:\GitHub\Do_an_tot_nghiep\data\processed\full_forg\forgeries_31_16.png,0,skilled_forgery,31,31
D:\GitHub\Do_an_tot_nghiep\data\processed\full_org\original_31_16.png,D:\GitHub\Do_an_tot_nghiep\data\processed\full_org\original_31_23.png,1,genuine_genuine,31,31
D:\GitHub\Do_an_tot_nghiep\data\processed\full_org\original_37_17.png,D:\GitHub\Do_an_tot_nghiep\data\processed\full_forg\forgeries_37_9.png,0,skilled_forgery,37,37
D:\GitHub\Do_an_tot_nghiep\data\processed\full_org\original_47_22.png,D:\GitHub\Do_an_tot_nghiep\data\processed\full_org\original_24_4.png,0,random_forgery,47,24
D:\GitHub\Do_an_tot_nghiep\data\processed\full_org\original_7_22.png,D:\GitHub\Do_an_tot_nghiep\data\processed\full_forg\forgeries_7_4.png,0,skilled_forgery,7,7
D:\GitHub\Do_an_tot_nghiep\data\processed\full_org\original_22_24.png,D:\GitHub\Do_an_tot_nghiep\data\processed\full_forg\forgeries_22_7.png,0,skilled_forgery,22,22
D:\GitHub\Do_an_tot_nghiep\data\processed\full_org\original_46_15.png,D:\GitHub\Do_an_tot_nghiep\data\processed\full_org\original_46_8.png,1,genuine_genuine,46,46
D:\GitHub\Do_an_tot_nghiep\data\processed\full_org\original_34_24.png,D:\GitHub\Do_an_tot_nghiep\data\processed\full_org\original_24_6.png,0,random_forgery,34,24
D:\GitHub\Do_an_tot_nghiep\data\processed\full_org\original_4_10.png,D:\GitHub\Do_an_tot_nghiep\data\processed\full_org\original_4_5.png,1,genuine_genuine,4,4
D:\GitHub\Do_an_tot_nghiep\data\processed\full_org\original_10_17.png,D:\GitHub\Do_an_tot_nghiep\data\processed\full_org\original_10_19.png,1,genuine_genuine,10,10
D:\GitHub\Do_an_tot_nghiep\data\processed\full_org\original_34_6.png,D:\GitHub\Do_an_tot_nghiep\data\processed\full_org\original_34_9.png,1,genuine_genuine,34,34
D:\GitHub\Do_an_tot_nghiep\data\processed\full_org\original_30_2.png,D:\GitHub\Do_an_tot_nghiep\data\processed\full_forg\forgeries_30_6.png,0,skilled_forgery,30,30
D:\GitHub\Do_an_tot_nghiep\data\processed\full_org\original_19_17.png,D:\GitHub\Do_an_tot_nghiep\data\processed\full_forg\forgeries_19_3.png,0,skilled_forgery,19,19
D:\GitHub\Do_an_tot_nghiep\data\processed\full_org\original_25_3.png,D:\GitHub\Do_an_tot_nghiep\data\processed\full_forg\forgeries_25_16.png,0,skilled_forgery,25,25
D:\GitHub\Do_an_tot_nghiep\data\processed\full_org\original_38_13.png,D:\GitHub\Do_an_tot_nghiep\data\processed\full_forg\forgeries_38_14.png,0,skilled_forgery,38,38
D:\GitHub\Do_an_tot_nghiep\data\processed\full_org\original_46_10.png,D:\GitHub\Do_an_tot_nghiep\data\processed\full_org\original_46_17.png,1,genuine_genuine,46,46
D:\GitHub\Do_an_tot_nghiep\data\processed\full_org\original_18_14.png,D:\GitHub\Do_an_tot_nghiep\data\processed\full_org\original_18_7.png,1,genuine_genuine,18,18
D:\GitHub\Do_an_tot_nghiep\data\processed\full_org\original_40_15.png,D:\GitHub\Do_an_tot_nghiep\data\processed\full_forg\forgeries_40_19.png,0,skilled_forgery,40,40
D:\GitHub\Do_an_tot_nghiep\data\processed\full_org\original_51_22.png,D:\GitHub\Do_an_tot_nghiep\data\processed\full_org\original_51_3.png,1,genuine_genuine,51,51
D:\GitHub\Do_an_tot_nghiep\data\processed\full_org\original_1_3.png,D:\GitHub\Do_an_tot_nghiep\data\processed\full_forg\forgeries_1_6.png,0,skilled_forgery,1,1
D:\GitHub\Do_an_tot_nghiep\data\processed\full_org\original_12_14.png,D:\GitHub\Do_an_tot_nghiep\data\processed\full_org\original_12_24.png,1,genuine_genuine,12,12
D:\GitHub\Do_an_tot_nghiep\data\processed\full_org\original_26_21.png,D:\GitHub\Do_an_tot_nghiep\data\processed\full_org\original_26_6.png,1,genuine_genuine,26,26
D:\GitHub\Do_an_tot_nghiep\data\processed\full_org\original_49_12.png,D:\GitHub\Do_an_tot_nghiep\data\processed\full_forg\forgeries_49_12.png,0,skilled_forgery,49,49
D:\GitHub\Do_an_tot_nghiep\data\processed\full_org\original_47_6.png,D:\GitHub\Do_an_tot_nghiep\data\processed\full_forg\forgeries_47_21.png,0,skilled_forgery,47,47
D:\GitHub\Do_an_tot_nghiep\data\processed\full_org\original_5_14.png,D:\GitHub\Do_an_tot_nghiep\data\processed\full_forg\forgeries_5_6.png,0,skilled_forgery,5,5
D:\GitHub\Do_an_tot_nghiep\data\processed\full_org\original_7_14.png,D:\GitHub\Do_an_tot_nghiep\data\processed\full_org\original_7_16.png,1,genuine_genuine,7,7
D:\GitHub\Do_an_tot_nghiep\data\processed\full_org\original_37_16.png,D:\GitHub\Do_an_tot_nghiep\data\processed\full_forg\forgeries_37_7.png,0,skilled_forgery,37,37
D:\GitHub\Do_an_tot_nghiep\data\processed\full_org\original_31_7.png,D:\GitHub\Do_an_tot_nghiep\data\processed\full_org\original_31_8.png,1,genuine_genuine,31,31
D:\GitHub\Do_an_tot_nghiep\data\processed\full_org\original_25_11.png,D:\GitHub\Do_an_tot_nghiep\data\processed\full_org\original_5_19.png,0,random_forgery,25,5
D:\GitHub\Do_an_tot_nghiep\data\processed\full_org\original_4_16.png,D:\GitHub\Do_an_tot_nghiep\data\processed\full_org\original_4_20.png,1,genuine_genuine,4,4
D:\GitHub\Do_an_tot_nghiep\data\processed\full_org\original_45_15.png,D:\GitHub\Do_an_tot_nghiep\data\processed\full_forg\forgeries_45_21.png,0,skilled_forgery,45,45
D:\GitHub\Do_an_tot_nghiep\data\processed\full_org\original_10_1.png,D:\GitHub\Do_an_tot_nghiep\data\processed\full_forg\forgeries_10_22.png,0,skilled_forgery,10,10
D:\GitHub\Do_an_tot_nghiep\data\processed\full_org\original_5_10.png,D:\GitHub\Do_an_tot_nghiep\data\processed\full_org\original_5_9.png,1,genuine_genuine,5,5
D:\GitHub\Do_an_tot_nghiep\data\processed\full_org\original_11_17.png,D:\GitHub\Do_an_tot_nghiep\data\processed\full_org\original_11_18.png,1,genuine_genuine,11,11
D:\GitHub\Do_an_tot_nghiep\data\processed\full_org\original_4_3.png,D:\GitHub\Do_an_tot_nghiep\data\processed\full_org\original_4_8.png,1,genuine_genuine,4,4
D:\GitHub\Do_an_tot_nghiep\data\processed\full_org\original_26_11.png,D:\GitHub\Do_an_tot_nghiep\data\processed\full_forg\forgeries_26_10.png,0,skilled_forgery,26,26
D:\GitHub\Do_an_tot_nghiep\data\processed\full_org\original_45_5.png,D:\GitHub\Do_an_tot_nghiep\data\processed\full_org\original_45_8.png,1,genuine_genuine,45,45
D:\GitHub\Do_an_tot_nghiep\data\processed\full_org\original_53_8.png,D:\GitHub\Do_an_tot_nghiep\data\processed\full_forg\forgeries_53_5.png,0,skilled_forgery,53,53
D:\GitHub\Do_an_tot_nghiep\data\processed\full_org\original_1_22.png,D:\GitHub\Do_an_tot_nghiep\data\processed\full_org\original_1_23.png,1,genuine_genuine,1,1
D:\GitHub\Do_an_tot_nghiep\data\processed\full_org\original_3_22.png,D:\GitHub\Do_an_tot_nghiep\data\processed\full_org\original_3_3.png,1,genuine_genuine,3,3
D:\GitHub\Do_an_tot_nghiep\data\processed\full_org\original_36_4.png,D:\GitHub\Do_an_tot_nghiep\data\processed\full_forg\forgeries_36_10.png,0,skilled_forgery,36,36
D:\GitHub\Do_an_tot_nghiep\data\processed\full_org\original_29_18.png,D:\GitHub\Do_an_tot_nghiep\data\processed\full_org\original_22_22.png,0,random_forgery,29,22
D:\GitHub\Do_an_tot_nghiep\data\processed\full_org\original_25_24.png,D:\GitHub\Do_an_tot_nghiep\data\processed\full_forg\forgeries_25_11.png,0,skilled_forgery,25,25
D:\GitHub\Do_an_tot_nghiep\data\processed\full_org\original_38_6.png,D:\GitHub\Do_an_tot_nghiep\data\processed\full_org\original_38_8.png,1,genuine_genuine,38,38
D:\GitHub\Do_an_tot_nghiep\data\processed\full_org\original_55_5.png,D:\GitHub\Do_an_tot_nghiep\data\processed\full_org\original_39_12.png,0,random_forgery,55,39
D:\GitHub\Do_an_tot_nghiep\data\processed\full_org\original_24_15.png,D:\GitHub\Do_an_tot_nghiep\data\processed\full_forg\forgeries_24_20.png,0,skilled_forgery,24,24
D:\GitHub\Do_an_tot_nghiep\data\processed\full_org\original_7_24.png,D:\GitHub\Do_an_tot_nghiep\data\processed\full_forg\forgeries_7_17.png,0,skilled_forgery,7,7
D:\GitHub\Do_an_tot_nghiep\data\processed\full_org\original_31_16.png,D:\GitHub\Do_an_tot_nghiep\data\processed\full_org\original_31_20.png,1,genuine_genuine,31,31
D:\GitHub\Do_an_tot_nghiep\data\processed\full_org\original_16_1.png,D:\GitHub\Do_an_tot_nghiep\data\processed\full_org\original_16_11.png,1,genuine_genuine,16,16
D:\GitHub\Do_an_tot_nghiep\data\processed\full_org\original_30_19.png,D:\GitHub\Do_an_tot_nghiep\data\processed\full_org\original_19_3.png,0,random_forgery,30,19
D:\GitHub\Do_an_tot_nghiep\data\processed\full_org\original_19_13.png,D:\GitHub\Do_an_tot_nghiep\data\processed\full_org\original_19_2.png,1,genuine_genuine,19,19
D:\GitHub\Do_an_tot_nghiep\data\processed\full_org\original_49_22.png,D:\GitHub\Do_an_tot_nghiep\data\processed\full_forg\forgeries_49_17.png,0,skilled_forgery,49,49
D:\GitHub\Do_an_tot_nghiep\data\processed\full_org\original_24_7.png,D:\GitHub\Do_an_tot_nghiep\data\processed\full_org\original_24_9.png,1,genuine_genuine,24,24
D:\GitHub\Do_an_tot_nghiep\data\processed\full_org\original_25_16.png,D:\GitHub\Do_an_tot_nghiep\data\processed\full_forg\forgeries_25_4.png,0,skilled_forgery,25,25
D:\GitHub\Do_an_tot_nghiep\data\processed\full_org\original_25_17.png,D:\GitHub\Do_an_tot_nghiep\data\processed\full_org\original_25_24.png,1,genuine_genuine,25,25
D:\GitHub\Do_an_tot_nghiep\data\processed\full_org\original_39_1.png,D:\GitHub\Do_an_tot_nghiep\data\processed\full_org\original_39_11.png,1,genuine_genuine,39,39
D:\GitHub\Do_an_tot_nghiep\data\processed\full_org\original_26_15.png,D:\GitHub\Do_an_tot_nghiep\data\processed\full_org\original_26_22.png,1,genuine_genuine,26,26
D:\GitHub\Do_an_tot_nghiep\data\processed\full_org\original_11_23.png,D:\GitHub\Do_an_tot_nghiep\data\processed\full_forg\forgeries_11_4.png,0,skilled_forgery,11,11
D:\GitHub\Do_an_tot_nghiep\data\processed\full_org\original_26_16.png,D:\GitHub\Do_an_tot_nghiep\data\processed\full_org\original_26_20.png,1,genuine_genuine,26,26
D:\GitHub\Do_an_tot_nghiep\data\processed\full_org\original_5_3.png,D:\GitHub\Do_an_tot_nghiep\data\processed\full_forg\forgeries_5_6.png,0,skilled_forgery,5,5
D:\GitHub\Do_an_tot_nghiep\data\processed\full_org\original_3_10.png,D:\GitHub\Do_an_tot_nghiep\data\processed\full_org\original_3_22.png,1,genuine_genuine,3,3
D:\GitHub\Do_an_tot_nghiep\data\processed\full_org\original_38_14.png,D:\GitHub\Do_an_tot_nghiep\data\processed\full_org\original_38_8.png,1,genuine_genuine,38,38
D:\GitHub\Do_an_tot_nghiep\data\processed\full_org\original_47_14.png,D:\GitHub\Do_an_tot_nghiep\data\processed\full_org\original_3_11.png,0,random_forgery,47,3
D:\GitHub\Do_an_tot_nghiep\data\processed\full_org\original_19_2.png,D:\GitHub\Do_an_tot_nghiep\data\processed\full_forg\forgeries_19_15.png,0,skilled_forgery,19,19
D:\GitHub\Do_an_tot_nghiep\data\processed\full_org\original_53_22.png,D:\GitHub\Do_an_tot_nghiep\data\processed\full_forg\forgeries_53_21.png,0,skilled_forgery,53,53
D:\GitHub\Do_an_tot_nghiep\data\processed\full_org\original_5_11.png,D:\GitHub\Do_an_tot_nghiep\data\processed\full_forg\forgeries_5_21.png,0,skilled_forgery,5,5
D:\GitHub\Do_an_tot_nghiep\data\processed\full_org\original_34_3.png,D:\GitHub\Do_an_tot_nghiep\data\processed\full_forg\forgeries_34_4.png,0,skilled_forgery,34,34
D:\GitHub\Do_an_tot_nghiep\data\processed\full_org\original_39_8.png,D:\GitHub\Do_an_tot_nghiep\data\processed\full_forg\forgeries_39_19.png,0,skilled_forgery,39,39
D:\GitHub\Do_an_tot_nghiep\data\processed\full_org\original_1_21.png,D:\GitHub\Do_an_tot_nghiep\data\processed\full_org\original_1_5.png,1,genuine_genuine,1,1
D:\GitHub\Do_an_tot_nghiep\data\processed\full_org\original_46_23.png,D:\GitHub\Do_an_tot_nghiep\data\processed\full_org\original_46_6.png,1,genuine_genuine,46,46
D:\GitHub\Do_an_tot_nghiep\data\processed\full_org\original_1_16.png,D:\GitHub\Do_an_tot_nghiep\data\processed\full_org\original_1_20.png,1,genuine_genuine,1,1
D:\GitHub\Do_an_tot_nghiep\data\processed\full_org\original_51_11.png,D:\GitHub\Do_an_tot_nghiep\data\processed\full_forg\forgeries_51_12.png,0,skilled_forgery,51,51
D:\GitHub\Do_an_tot_nghiep\data\processed\full_org\original_55_2.png,D:\GitHub\Do_an_tot_nghiep\data\processed\full_forg\forgeries_55_23.png,0,skilled_forgery,55,55
D:\GitHub\Do_an_tot_nghiep\data\processed\full_org\original_18_1.png,D:\GitHub\Do_an_tot_nghiep\data\processed\full_forg\forgeries_18_18.png,0,skilled_forgery,18,18
D:\GitHub\Do_an_tot_nghiep\data\processed\full_org\original_43_5.png,D:\GitHub\Do_an_tot_nghiep\data\processed\full_forg\forgeries_43_20.png,0,skilled_forgery,43,43
D:\GitHub\Do_an_tot_nghiep\data\processed\full_org\original_11_18.png,D:\GitHub\Do_an_tot_nghiep\data\processed\full_org\original_19_17.png,0,random_forgery,11,19
D:\GitHub\Do_an_tot_nghiep\data\processed\full_org\original_55_20.png,D:\GitHub\Do_an_tot_nghiep\data\processed\full_forg\forgeries_55_17.png,0,skilled_forgery,55,55
D:\GitHub\Do_an_tot_nghiep\data\processed\full_org\original_12_13.png,D:\GitHub\Do_an_tot_nghiep\data\processed\full_org\original_12_22.png,1,genuine_genuine,12,12
D:\GitHub\Do_an_tot_nghiep\data\processed\full_org\original_7_13.png,D:\GitHub\Do_an_tot_nghiep\data\processed\full_org\original_7_20.png,1,genuine_genuine,7,7
D:\GitHub\Do_an_tot_nghiep\data\processed\full_org\original_11_13.png,D:\GitHub\Do_an_tot_nghiep\data\processed\full_org\original_1_15.png,0,random_forgery,11,1
D:\GitHub\Do_an_tot_nghiep\data\processed\full_org\original_30_16.png,D:\GitHub\Do_an_tot_nghiep\data\processed\full_org\original_30_7.png,1,genuine_genuine,30,30
D:\GitHub\Do_an_tot_nghiep\data\processed\full_org\original_7_6.png,D:\GitHub\Do_an_tot_nghiep\data\processed\full_forg\forgeries_7_20.png,0,skilled_forgery,7,7
D:\GitHub\Do_an_tot_nghiep\data\processed\full_org\original_1_3.png,D:\GitHub\Do_an_tot_nghiep\data\processed\full_forg\forgeries_1_17.png,0,skilled_forgery,1,1
D:\GitHub\Do_an_tot_nghiep\data\processed\full_org\original_1_22.png,D:\GitHub\Do_an_tot_nghiep\data\processed\full_org\original_29_11.png,0,random_forgery,1,29
D:\GitHub\Do_an_tot_nghiep\data\processed\full_org\original_28_5.png,D:\GitHub\Do_an_tot_nghiep\data\processed\full_org\original_28_9.png,1,genuine_genuine,28,28
D:\GitHub\Do_an_tot_nghiep\data\processed\full_org\original_22_9.png,D:\GitHub\Do_an_tot_nghiep\data\processed\full_org\original_25_1.png,0,random_forgery,22,25
D:\GitHub\Do_an_tot_nghiep\data\processed\full_org\original_55_16.png,D:\GitHub\Do_an_tot_nghiep\data\processed\full_org\original_55_7.png,1,genuine_genuine,55,55
D:\GitHub\Do_an_tot_nghiep\data\processed\full_org\original_10_23.png,D:\GitHub\Do_an_tot_nghiep\data\processed\full_forg\forgeries_10_14.png,0,skilled_forgery,10,10
D:\GitHub\Do_an_tot_nghiep\data\processed\full_org\original_4_21.png,D:\GitHub\Do_an_tot_nghiep\data\processed\full_org\original_26_11.png,0,random_forgery,4,26
D:\GitHub\Do_an_tot_nghiep\data\processed\full_org\original_55_19.png,D:\GitHub\Do_an_tot_nghiep\data\processed\full_org\original_55_7.png,1,genuine_genuine,55,55
D:\GitHub\Do_an_tot_nghiep\data\processed\full_org\original_49_20.png,D:\GitHub\Do_an_tot_nghiep\data\processed\full_org\original_25_9.png,0,random_forgery,49,25
D:\GitHub\Do_an_tot_nghiep\data\processed\full_org\original_28_9.png,D:\GitHub\Do_an_tot_nghiep\data\processed\full_forg\forgeries_28_6.png,0,skilled_forgery,28,28
D:\GitHub\Do_an_tot_nghiep\data\processed\full_org\original_53_20.png,D:\GitHub\Do_an_tot_nghiep\data\processed\full_org\original_53_6.png,1,genuine_genuine,53,53
D:\GitHub\Do_an_tot_nghiep\data\processed\full_org\original_24_15.png,D:\GitHub\Do_an_tot_nghiep\data\processed\full_forg\forgeries_24_7.png,0,skilled_forgery,24,24
D:\GitHub\Do_an_tot_nghiep\data\processed\full_org\original_7_1.png,D:\GitHub\Do_an_tot_nghiep\data\processed\full_forg\forgeries_7_3.png,0,skilled_forgery,7,7
D:\GitHub\Do_an_tot_nghiep\data\processed\full_org\original_19_18.png,D:\GitHub\Do_an_tot_nghiep\data\processed\full_org\original_24_21.png,0,random_forgery,19,24
D:\GitHub\Do_an_tot_nghiep\data\processed\full_org\original_25_10.png,D:\GitHub\Do_an_tot_nghiep\data\processed\full_org\original_34_9.png,0,random_forgery,25,34
D:\GitHub\Do_an_tot_nghiep\data\processed\full_org\original_16_24.png,D:\GitHub\Do_an_tot_nghiep\data\processed\full_forg\forgeries_16_13.png,0,skilled_forgery,16,16
D:\GitHub\Do_an_tot_nghiep\data\processed\full_org\original_10_13.png,D:\GitHub\Do_an_tot_nghiep\data\processed\full_org\original_10_24.png,1,genuine_genuine,10,10
D:\GitHub\Do_an_tot_nghiep\data\processed\full_org\original_45_2.png,D:\GitHub\Do_an_tot_nghiep\data\processed\full_forg\forgeries_45_3.png,0,skilled_forgery,45,45
D:\GitHub\Do_an_tot_nghiep\data\processed\full_org\original_45_17.png,D:\GitHub\Do_an_tot_nghiep\data\processed\full_forg\forgeries_45_23.png,0,skilled_forgery,45,45
D:\GitHub\Do_an_tot_nghiep\data\processed\full_org\original_34_12.png,D:\GitHub\Do_an_tot_nghiep\data\processed\full_forg\forgeries_34_3.png,0,skilled_forgery,34,34
D:\GitHub\Do_an_tot_nghiep\data\processed\full_org\original_29_2.png,D:\GitHub\Do_an_tot_nghiep\data\processed\full_forg\forgeries_29_5.png,0,skilled_forgery,29,29
D:\GitHub\Do_an_tot_nghiep\data\processed\full_org\original_55_7.png,D:\GitHub\Do_an_tot_nghiep\data\processed\full_forg\forgeries_55_5.png,0,skilled_forgery,55,55
D:\GitHub\Do_an_tot_nghiep\data\processed\full_org\original_46_19.png,D:\GitHub\Do_an_tot_nghiep\data\processed\full_org\original_46_7.png,1,genuine_genuine,46,46
D:\GitHub\Do_an_tot_nghiep\data\processed\full_org\original_26_3.png,D:\GitHub\Do_an_tot_nghiep\data\processed\full_forg\forgeries_26_7.png,0,skilled_forgery,26,26
D:\GitHub\Do_an_tot_nghiep\data\processed\full_org\original_38_3.png,D:\GitHub\Do_an_tot_nghiep\data\processed\full_forg\forgeries_38_22.png,0,skilled_forgery,38,38
D:\GitHub\Do_an_tot_nghiep\data\processed\full_org\original_19_14.png,D:\GitHub\Do_an_tot_nghiep\data\processed\full_org\original_19_7.png,1,genuine_genuine,19,19
D:\GitHub\Do_an_tot_nghiep\data\processed\full_org\original_55_14.png,D:\GitHub\Do_an_tot_nghiep\data\processed\full_forg\forgeries_55_2.png,0,skilled_forgery,55,55
D:\GitHub\Do_an_tot_nghiep\data\processed\full_org\original_38_21.png,D:\GitHub\Do_an_tot_nghiep\data\processed\full_forg\forgeries_38_4.png,0,skilled_forgery,38,38
D:\GitHub\Do_an_tot_nghiep\data\processed\full_org\original_47_18.png,D:\GitHub\Do_an_tot_nghiep\data\processed\full_org\original_47_22.png,1,genuine_genuine,47,47
D:\GitHub\Do_an_tot_nghiep\data\processed\full_org\original_22_4.png,D:\GitHub\Do_an_tot_nghiep\data\processed\full_forg\forgeries_22_14.png,0,skilled_forgery,22,22
D:\GitHub\Do_an_tot_nghiep\data\processed\full_org\original_17_16.png,D:\GitHub\Do_an_tot_nghiep\data\processed\full_org\original_17_4.png,1,genuine_genuine,17,17
D:\GitHub\Do_an_tot_nghiep\data\processed\full_org\original_11_15.png,D:\GitHub\Do_an_tot_nghiep\data\processed\full_org\original_11_23.png,1,genuine_genuine,11,11
D:\GitHub\Do_an_tot_nghiep\data\processed\full_org\original_24_5.png,D:\GitHub\Do_an_tot_nghiep\data\processed\full_forg\forgeries_24_17.png,0,skilled_forgery,24,24
D:\GitHub\Do_an_tot_nghiep\data\processed\full_org\original_30_6.png,D:\GitHub\Do_an_tot_nghiep\data\processed\full_org\original_22_12.png,0,random_forgery,30,22
D:\GitHub\Do_an_tot_nghiep\data\processed\full_org\original_55_5.png,D:\GitHub\Do_an_tot_nghiep\data\processed\full_forg\forgeries_55_19.png,0,skilled_forgery,55,55
D:\GitHub\Do_an_tot_nghiep\data\processed\full_org\original_53_18.png,D:\GitHub\Do_an_tot_nghiep\data\processed\full_org\original_37_9.png,0,random_forgery,53,37
D:\GitHub\Do_an_tot_nghiep\data\processed\full_org\original_39_19.png,D:\GitHub\Do_an_tot_nghiep\data\processed\full_forg\forgeries_39_9.png,0,skilled_forgery,39,39
D:\GitHub\Do_an_tot_nghiep\data\processed\full_org\original_53_4.png,D:\GitHub\Do_an_tot_nghiep\data\processed\full_forg\forgeries_53_13.png,0,skilled_forgery,53,53
D:\GitHub\Do_an_tot_nghiep\data\processed\full_org\original_18_22.png,D:\GitHub\Do_an_tot_nghiep\data\processed\full_forg\forgeries_18_19.png,0,skilled_forgery,18,18
D:\GitHub\Do_an_tot_nghiep\data\processed\full_org\original_38_13.png,D:\GitHub\Do_an_tot_nghiep\data\processed\full_org\original_11_10.png,0,random_forgery,38,11
D:\GitHub\Do_an_tot_nghiep\data\processed\full_org\original_29_15.png,D:\GitHub\Do_an_tot_nghiep\data\processed\full_org\original_29_3.png,1,genuine_genuine,29,29
D:\GitHub\Do_an_tot_nghiep\data\processed\full_org\original_4_16.png,D:\GitHub\Do_an_tot_nghiep\data\processed\full_org\original_4_4.png,1,genuine_genuine,4,4
D:\GitHub\Do_an_tot_nghiep\data\processed\full_org\original_10_11.png,D:\GitHub\Do_an_tot_nghiep\data\processed\full_forg\forgeries_10_11.png,0,skilled_forgery,10,10
D:\GitHub\Do_an_tot_nghiep\data\processed\full_org\original_34_11.png,D:\GitHub\Do_an_tot_nghiep\data\processed\full_org\original_51_24.png,0,random_forgery,34,51
D:\GitHub\Do_an_tot_nghiep\data\processed\full_org\original_55_15.png,D:\GitHub\Do_an_tot_nghiep\data\processed\full_forg\forgeries_55_21.png,0,skilled_forgery,55,55
D:\GitHub\Do_an_tot_nghiep\data\processed\full_org\original_16_4.png,D:\GitHub\Do_an_tot_nghiep\data\processed\full_org\original_43_6.png,0,random_forgery,16,43
D:\GitHub\Do_an_tot_nghiep\data\processed\full_org\original_39_2.png,D:\GitHub\Do_an_tot_nghiep\data\processed\full_org\original_39_20.png,1,genuine_genuine,39,39
D:\GitHub\Do_an_tot_nghiep\data\processed\full_org\original_11_23.png,D:\GitHub\Do_an_tot_nghiep\data\processed\full_org\original_5_12.png,0,random_forgery,11,5
D:\GitHub\Do_an_tot_nghiep\data\processed\full_org\original_40_6.png,D:\GitHub\Do_an_tot_nghiep\data\processed\full_forg\forgeries_40_17.png,0,skilled_forgery,40,40
D:\GitHub\Do_an_tot_nghiep\data\processed\full_org\original_17_13.png,D:\GitHub\Do_an_tot_nghiep\data\processed\full_org\original_4_11.png,0,random_forgery,17,4
D:\GitHub\Do_an_tot_nghiep\data\processed\full_org\original_34_2.png,D:\GitHub\Do_an_tot_nghiep\data\processed\full_forg\forgeries_34_17.png,0,skilled_forgery,34,34
D:\GitHub\Do_an_tot_nghiep\data\processed\full_org\original_24_3.png,D:\GitHub\Do_an_tot_nghiep\data\processed\full_org\original_24_5.png,1,genuine_genuine,24,24
D:\GitHub\Do_an_tot_nghiep\data\processed\full_org\original_39_11.png,D:\GitHub\Do_an_tot_nghiep\data\processed\full_org\original_39_18.png,1,genuine_genuine,39,39
D:\GitHub\Do_an_tot_nghiep\data\processed\full_org\original_12_14.png,D:\GitHub\Do_an_tot_nghiep\data\processed\full_org\original_38_9.png,0,random_forgery,12,38
D:\GitHub\Do_an_tot_nghiep\data\processed\full_org\original_47_21.png,D:\GitHub\Do_an_tot_nghiep\data\processed\full_org\original_30_18.png,0,random_forgery,47,30
D:\GitHub\Do_an_tot_nghiep\data\processed\full_org\original_19_1.png,D:\GitHub\Do_an_tot_nghiep\data\processed\full_org\original_19_14.png,1,genuine_genuine,19,19
D:\GitHub\Do_an_tot_nghiep\data\processed\full_org\original_36_19.png,D:\GitHub\Do_an_tot_nghiep\data\processed\full_org\original_45_23.png,0,random_forgery,36,45
D:\GitHub\Do_an_tot_nghiep\data\processed\full_org\original_34_10.png,D:\GitHub\Do_an_tot_nghiep\data\processed\full_org\original_34_2.png,1,genuine_genuine,34,34
D:\GitHub\Do_an_tot_nghiep\data\processed\full_org\original_43_18.png,D:\GitHub\Do_an_tot_nghiep\data\processed\full_forg\forgeries_43_14.png,0,skilled_forgery,43,43
D:\GitHub\Do_an_tot_nghiep\data\processed\full_org\original_51_7.png,D:\GitHub\Do_an_tot_nghiep\data\processed\full_org\original_10_21.png,0,random_forgery,51,10
D:\GitHub\Do_an_tot_nghiep\data\processed\full_org\original_18_21.png,D:\GitHub\Do_an_tot_nghiep\data\processed\full_forg\forgeries_18_11.png,0,skilled_forgery,18,18
D:\GitHub\Do_an_tot_nghiep\data\processed\full_org\original_39_11.png,D:\GitHub\Do_an_tot_nghiep\data\processed\full_forg\forgeries_39_21.png,0,skilled_forgery,39,39
D:\GitHub\Do_an_tot_nghiep\data\processed\full_org\original_28_11.png,D:\GitHub\Do_an_tot_nghiep\data\processed\full_org\original_28_5.png,1,genuine_genuine,28,28
D:\GitHub\Do_an_tot_nghiep\data\processed\full_org\original_4_2.png,D:\GitHub\Do_an_tot_nghiep\data\processed\full_forg\forgeries_4_2.png,0,skilled_forgery,4,4
D:\GitHub\Do_an_tot_nghiep\data\processed\full_org\original_53_4.png,D:\GitHub\Do_an_tot_nghiep\data\processed\full_forg\forgeries_53_1.png,0,skilled_forgery,53,53
D:\GitHub\Do_an_tot_nghiep\data\processed\full_org\original_10_24.png,D:\GitHub\Do_an_tot_nghiep\data\processed\full_org\original_10_4.png,1,genuine_genuine,10,10
D:\GitHub\Do_an_tot_nghiep\data\processed\full_org\original_10_12.png,D:\GitHub\Do_an_tot_nghiep\data\processed\full_org\original_10_15.png,1,genuine_genuine,10,10
D:\GitHub\Do_an_tot_nghiep\data\processed\full_org\original_31_14.png,D:\GitHub\Do_an_tot_nghiep\data\processed\full_forg\forgeries_31_12.png,0,skilled_forgery,31,31
D:\GitHub\Do_an_tot_nghiep\data\processed\full_org\original_24_6.png,D:\GitHub\Do_an_tot_nghiep\data\processed\full_org\original_18_17.png,0,random_forgery,24,18
D:\GitHub\Do_an_tot_nghiep\data\processed\full_org\original_53_17.png,D:\GitHub\Do_an_tot_nghiep\data\processed\full_org\original_53_24.png,1,genuine_genuine,53,53
D:\GitHub\Do_an_tot_nghiep\data\processed\full_org\original_38_7.png,D:\GitHub\Do_an_tot_nghiep\data\processed\full_org\original_21_21.png,0,random_forgery,38,21
D:\GitHub\Do_an_tot_nghiep\data\processed\full_org\original_21_1.png,D:\GitHub\Do_an_tot_nghiep\data\processed\full_org\original_21_20.png,1,genuine_genuine,21,21
D:\GitHub\Do_an_tot_nghiep\data\processed\full_org\original_5_7.png,D:\GitHub\Do_an_tot_nghiep\data\processed\full_forg\forgeries_5_4.png,0,skilled_forgery,5,5
D:\GitHub\Do_an_tot_nghiep\data\processed\full_org\original_21_7.png,D:\GitHub\Do_an_tot_nghiep\data\processed\full_forg\forgeries_21_1.png,0,skilled_forgery,21,21
D:\GitHub\Do_an_tot_nghiep\data\processed\full_org\original_25_2.png,D:\GitHub\Do_an_tot_nghiep\data\processed\full_org\original_25_3.png,1,genuine_genuine,25,25
D:\GitHub\Do_an_tot_nghiep\data\processed\full_org\original_25_10.png,D:\GitHub\Do_an_tot_nghiep\data\processed\full_forg\forgeries_25_24.png,0,skilled_forgery,25,25
D:\GitHub\Do_an_tot_nghiep\data\processed\full_org\original_43_2.png,D:\GitHub\Do_an_tot_nghiep\data\processed\full_org\original_43_22.png,1,genuine_genuine,43,43
D:\GitHub\Do_an_tot_nghiep\data\processed\full_org\original_24_13.png,D:\GitHub\Do_an_tot_nghiep\data\processed\full_forg\forgeries_24_14.png,0,skilled_forgery,24,24
D:\GitHub\Do_an_tot_nghiep\data\processed\full_org\original_43_12.png,D:\GitHub\Do_an_tot_nghiep\data\processed\full_org\original_43_19.png,1,genuine_genuine,43,43
D:\GitHub\Do_an_tot_nghiep\data\processed\full_org\original_19_8.png,D:\GitHub\Do_an_tot_nghiep\data\processed\full_forg\forgeries_19_2.png,0,skilled_forgery,19,19
D:\GitHub\Do_an_tot_nghiep\data\processed\full_org\original_11_20.png,D:\GitHub\Do_an_tot_nghiep\data\processed\full_forg\forgeries_11_15.png,0,skilled_forgery,11,11
D:\GitHub\Do_an_tot_nghiep\data\processed\full_org\original_46_11.png,D:\GitHub\Do_an_tot_nghiep\data\processed\full_org\original_46_20.png,1,genuine_genuine,46,46
D:\GitHub\Do_an_tot_nghiep\data\processed\full_org\original_40_22.png,D:\GitHub\Do_an_tot_nghiep\data\processed\full_forg\forgeries_40_3.png,0,skilled_forgery,40,40
D:\GitHub\Do_an_tot_nghiep\data\processed\full_org\original_51_15.png,D:\GitHub\Do_an_tot_nghiep\data\processed\full_org\original_37_9.png,0,random_forgery,51,37
D:\GitHub\Do_an_tot_nghiep\data\processed\full_org\original_47_1.png,D:\GitHub\Do_an_tot_nghiep\data\processed\full_org\original_47_18.png,1,genuine_genuine,47,47
D:\GitHub\Do_an_tot_nghiep\data\processed\full_org\original_51_6.png,D:\GitHub\Do_an_tot_nghiep\data\processed\full_forg\forgeries_51_7.png,0,skilled_forgery,51,51
D:\GitHub\Do_an_tot_nghiep\data\processed\full_org\original_38_12.png,D:\GitHub\Do_an_tot_nghiep\data\processed\full_org\original_38_8.png,1,genuine_genuine,38,38
D:\GitHub\Do_an_tot_nghiep\data\processed\full_org\original_36_18.png,D:\GitHub\Do_an_tot_nghiep\data\processed\full_forg\forgeries_36_11.png,0,skilled_forgery,36,36
D:\GitHub\Do_an_tot_nghiep\data\processed\full_org\original_31_2.png,D:\GitHub\Do_an_tot_nghiep\data\processed\full_forg\forgeries_31_7.png,0,skilled_forgery,31,31
D:\GitHub\Do_an_tot_nghiep\data\processed\full_org\original_29_10.png,D:\GitHub\Do_an_tot_nghiep\data\processed\full_forg\forgeries_29_2.png,0,skilled_forgery,29,29
D:\GitHub\Do_an_tot_nghiep\data\processed\full_org\original_3_2.png,D:\GitHub\Do_an_tot_nghiep\data\processed\full_forg\forgeries_3_10.png,0,skilled_forgery,3,3
D:\GitHub\Do_an_tot_nghiep\data\processed\full_org\original_46_20.png,D:\GitHub\Do_an_tot_nghiep\data\processed\full_org\original_46_23.png,1,genuine_genuine,46,46
D:\GitHub\Do_an_tot_nghiep\data\processed\full_org\original_28_4.png,D:\GitHub\Do_an_tot_nghiep\data\processed\full_forg\forgeries_28_2.png,0,skilled_forgery,28,28
D:\GitHub\Do_an_tot_nghiep\data\processed\full_org\original_51_15.png,D:\GitHub\Do_an_tot_nghiep\data\processed\full_forg\forgeries_51_15.png,0,skilled_forgery,51,51
D:\GitHub\Do_an_tot_nghiep\data\processed\full_org\original_19_1.png,D:\GitHub\Do_an_tot_nghiep\data\processed\full_org\original_19_10.png,1,genuine_genuine,19,19
D:\GitHub\Do_an_tot_nghiep\data\processed\full_org\original_16_15.png,D:\GitHub\Do_an_tot_nghiep\data\processed\full_org\original_16_16.png,1,genuine_genuine,16,16
D:\GitHub\Do_an_tot_nghiep\data\processed\full_org\original_45_24.png,D:\GitHub\Do_an_tot_nghiep\data\processed\full_forg\forgeries_45_4.png,0,skilled_forgery,45,45
D:\GitHub\Do_an_tot_nghiep\data\processed\full_org\original_17_2.png,D:\GitHub\Do_an_tot_nghiep\data\processed\full_forg\forgeries_17_5.png,0,skilled_forgery,17,17
D:\GitHub\Do_an_tot_nghiep\data\processed\full_org\original_17_9.png,D:\GitHub\Do_an_tot_nghiep\data\processed\full_forg\forgeries_17_15.png,0,skilled_forgery,17,17
D:\GitHub\Do_an_tot_nghiep\data\processed\full_org\original_7_4.png,D:\GitHub\Do_an_tot_nghiep\data\processed\full_forg\forgeries_7_17.png,0,skilled_forgery,7,7
D:\GitHub\Do_an_tot_nghiep\data\processed\full_org\original_29_1.png,D:\GitHub\Do_an_tot_nghiep\data\processed\full_org\original_29_2.png,1,genuine_genuine,29,29
D:\GitHub\Do_an_tot_nghiep\data\processed\full_org\original_36_20.png,D:\GitHub\Do_an_tot_nghiep\data\processed\full_org\original_36_5.png,1,genuine_genuine,36,36
D:\GitHub\Do_an_tot_nghiep\data\processed\full_org\original_30_9.png,D:\GitHub\Do_an_tot_nghiep\data\processed\full_forg\forgeries_30_7.png,0,skilled_forgery,30,30
D:\GitHub\Do_an_tot_nghiep\data\processed\full_org\original_37_11.png,D:\GitHub\Do_an_tot_nghiep\data\processed\full_forg\forgeries_37_19.png,0,skilled_forgery,37,37
D:\GitHub\Do_an_tot_nghiep\data\processed\full_org\original_19_1.png,D:\GitHub\Do_an_tot_nghiep\data\processed\full_org\original_19_24.png,1,genuine_genuine,19,19
D:\GitHub\Do_an_tot_nghiep\data\processed\full_org\original_55_9.png,D:\GitHub\Do_an_tot_nghiep\data\processed\full_forg\forgeries_55_9.png,0,skilled_forgery,55,55
D:\GitHub\Do_an_tot_nghiep\data\processed\full_org\original_28_16.png,D:\GitHub\Do_an_tot_nghiep\data\processed\full_forg\forgeries_28_8.png,0,skilled_forgery,28,28
D:\GitHub\Do_an_tot_nghiep\data\processed\full_org\original_40_17.png,D:\GitHub\Do_an_tot_nghiep\data\processed\full_org\original_40_9.png,1,genuine_genuine,40,40
D:\GitHub\Do_an_tot_nghiep\data\processed\full_org\original_4_11.png,D:\GitHub\Do_an_tot_nghiep\data\processed\full_org\original_4_2.png,1,genuine_genuine,4,4
D:\GitHub\Do_an_tot_nghiep\data\processed\full_org\original_5_7.png,D:\GitHub\Do_an_tot_nghiep\data\processed\full_forg\forgeries_5_18.png,0,skilled_forgery,5,5
D:\GitHub\Do_an_tot_nghiep\data\processed\full_org\original_51_13.png,D:\GitHub\Do_an_tot_nghiep\data\processed\full_org\original_51_18.png,1,genuine_genuine,51,51
D:\GitHub\Do_an_tot_nghiep\data\processed\full_org\original_55_7.png,D:\GitHub\Do_an_tot_nghiep\data\processed\full_forg\forgeries_55_15.png,0,skilled_forgery,55,55
D:\GitHub\Do_an_tot_nghiep\data\processed\full_org\original_10_2.png,D:\GitHub\Do_an_tot_nghiep\data\processed\full_forg\forgeries_10_13.png,0,skilled_forgery,10,10
D:\GitHub\Do_an_tot_nghiep\data\processed\full_org\original_47_12.png,D:\GitHub\Do_an_tot_nghiep\data\processed\full_org\original_47_24.png,1,genuine_genuine,47,47
D:\GitHub\Do_an_tot_nghiep\data\processed\full_org\original_39_18.png,D:\GitHub\Do_an_tot_nghiep\data\processed\full_org\original_39_21.png,1,genuine_genuine,39,39
D:\GitHub\Do_an_tot_nghiep\data\processed\full_org\original_29_17.png,D:\GitHub\Do_an_tot_nghiep\data\processed\full_org\original_29_23.png,1,genuine_genuine,29,29
D:\GitHub\Do_an_tot_nghiep\data\processed\full_org\original_5_15.png,D:\GitHub\Do_an_tot_nghiep\data\processed\full_forg\forgeries_5_17.png,0,skilled_forgery,5,5
D:\GitHub\Do_an_tot_nghiep\data\processed\full_org\original_22_9.png,D:\GitHub\Do_an_tot_nghiep\data\processed\full_forg\forgeries_22_8.png,0,skilled_forgery,22,22
D:\GitHub\Do_an_tot_nghiep\data\processed\full_org\original_12_22.png,D:\GitHub\Do_an_tot_nghiep\data\processed\full_forg\forgeries_12_1.png,0,skilled_forgery,12,12
D:\GitHub\Do_an_tot_nghiep\data\processed\full_org\original_53_11.png,D:\GitHub\Do_an_tot_nghiep\data\processed\full_org\original_53_14.png,1,genuine_genuine,53,53
D:\GitHub\Do_an_tot_nghiep\data\processed\full_org\original_36_10.png,D:\GitHub\Do_an_tot_nghiep\data\processed\full_org\original_36_22.png,1,genuine_genuine,36,36
D:\GitHub\Do_an_tot_nghiep\data\processed\full_org\original_7_7.png,D:\GitHub\Do_an_tot_nghiep\data\processed\full_org\original_46_22.png,0,random_forgery,7,46
D:\GitHub\Do_an_tot_nghiep\data\processed\full_org\original_49_17.png,D:\GitHub\Do_an_tot_nghiep\data\processed\full_org\original_49_2.png,1,genuine_genuine,49,49
D:\GitHub\Do_an_tot_nghiep\data\processed\full_org\original_43_11.png,D:\GitHub\Do_an_tot_nghiep\data\processed\full_forg\forgeries_43_13.png,0,skilled_forgery,43,43
D:\GitHub\Do_an_tot_nghiep\data\processed\full_org\original_7_1.png,D:\GitHub\Do_an_tot_nghiep\data\processed\full_org\original_17_17.png,0,random_forgery,7,17
D:\GitHub\Do_an_tot_nghiep\data\processed\full_org\original_36_2.png,D:\GitHub\Do_an_tot_nghiep\data\processed\full_org\original_22_21.png,0,random_forgery,36,22
D:\GitHub\Do_an_tot_nghiep\data\processed\full_org\original_4_11.png,D:\GitHub\Do_an_tot_nghiep\data\processed\full_org\original_4_6.png,1,genuine_genuine,4,4
D:\GitHub\Do_an_tot_nghiep\data\processed\full_org\original_19_14.png,D:\GitHub\Do_an_tot_nghiep\data\processed\full_forg\forgeries_19_13.png,0,skilled_forgery,19,19
D:\GitHub\Do_an_tot_nghiep\data\processed\full_org\original_7_11.png,D:\GitHub\Do_an_tot_nghiep\data\processed\full_org\original_7_13.png,1,genuine_genuine,7,7
D:\GitHub\Do_an_tot_nghiep\data\processed\full_org\original_11_17.png,D:\GitHub\Do_an_tot_nghiep\data\processed\full_forg\forgeries_11_19.png,0,skilled_forgery,11,11
D:\GitHub\Do_an_tot_nghiep\data\processed\full_org\original_4_2.png,D:\GitHub\Do_an_tot_nghiep\data\processed\full_org\original_4_23.png,1,genuine_genuine,4,4
D:\GitHub\Do_an_tot_nghiep\data\processed\full_org\original_5_9.png,D:\GitHub\Do_an_tot_nghiep\data\processed\full_forg\forgeries_5_9.png,0,skilled_forgery,5,5
D:\GitHub\Do_an_tot_nghiep\data\processed\full_org\original_53_8.png,D:\GitHub\Do_an_tot_nghiep\data\processed\full_org\original_53_9.png,1,genuine_genuine,53,53
D:\GitHub\Do_an_tot_nghiep\data\processed\full_org\original_4_5.png,D:\GitHub\Do_an_tot_nghiep\data\processed\full_forg\forgeries_4_17.png,0,skilled_forgery,4,4
D:\GitHub\Do_an_tot_nghiep\data\processed\full_org\original_37_1.png,D:\GitHub\Do_an_tot_nghiep\data\processed\full_org\original_37_5.png,1,genuine_genuine,37,37
D:\GitHub\Do_an_tot_nghiep\data\processed\full_org\original_22_24.png,D:\GitHub\Do_an_tot_nghiep\data\processed\full_org\original_22_7.png,1,genuine_genuine,22,22
D:\GitHub\Do_an_tot_nghiep\data\processed\full_org\original_7_19.png,D:\GitHub\Do_an_tot_nghiep\data\processed\full_org\original_7_22.png,1,genuine_genuine,7,7
D:\GitHub\Do_an_tot_nghiep\data\processed\full_org\original_19_12.png,D:\GitHub\Do_an_tot_nghiep\data\processed\full_org\original_19_3.png,1,genuine_genuine,19,19
D:\GitHub\Do_an_tot_nghiep\data\processed\full_org\original_22_12.png,D:\GitHub\Do_an_tot_nghiep\data\processed\full_forg\forgeries_22_21.png,0,skilled_forgery,22,22
D:\GitHub\Do_an_tot_nghiep\data\processed\full_org\original_16_4.png,D:\GitHub\Do_an_tot_nghiep\data\processed\full_forg\forgeries_16_5.png,0,skilled_forgery,16,16
D:\GitHub\Do_an_tot_nghiep\data\processed\full_org\original_28_18.png,D:\GitHub\Do_an_tot_nghiep\data\processed\full_org\original_28_8.png,1,genuine_genuine,28,28
D:\GitHub\Do_an_tot_nghiep\data\processed\full_org\original_34_24.png,D:\GitHub\Do_an_tot_nghiep\data\processed\full_org\original_34_8.png,1,genuine_genuine,34,34
D:\GitHub\Do_an_tot_nghiep\data\processed\full_org\original_26_2.png,D:\GitHub\Do_an_tot_nghiep\data\processed\full_forg\forgeries_26_15.png,0,skilled_forgery,26,26
D:\GitHub\Do_an_tot_nghiep\data\processed\full_org\original_30_11.png,D:\GitHub\Do_an_tot_nghiep\data\processed\full_org\original_30_6.png,1,genuine_genuine,30,30
D:\GitHub\Do_an_tot_nghiep\data\processed\full_org\original_25_6.png,D:\GitHub\Do_an_tot_nghiep\data\processed\full_org\original_24_17.png,0,random_forgery,25,24
D:\GitHub\Do_an_tot_nghiep\data\processed\full_org\original_39_5.png,D:\GitHub\Do_an_tot_nghiep\data\processed\full_forg\forgeries_39_4.png,0,skilled_forgery,39,39
D:\GitHub\Do_an_tot_nghiep\data\processed\full_org\original_19_1.png,D:\GitHub\Do_an_tot_nghiep\data\processed\full_org\original_19_7.png,1,genuine_genuine,19,19
D:\GitHub\Do_an_tot_nghiep\data\processed\full_org\original_53_4.png,D:\GitHub\Do_an_tot_nghiep\data\processed\full_org\original_53_9.png,1,genuine_genuine,53,53
D:\GitHub\Do_an_tot_nghiep\data\processed\full_org\original_21_8.png,D:\GitHub\Do_an_tot_nghiep\data\processed\full_forg\forgeries_21_13.png,0,skilled_forgery,21,21
D:\GitHub\Do_an_tot_nghiep\data\processed\full_org\original_29_14.png,D:\GitHub\Do_an_tot_nghiep\data\processed\full_forg\forgeries_29_8.png,0,skilled_forgery,29,29
D:\GitHub\Do_an_tot_nghiep\data\processed\full_org\original_17_19.png,D:\GitHub\Do_an_tot_nghiep\data\processed\full_forg\forgeries_17_17.png,0,skilled_forgery,17,17
D:\GitHub\Do_an_tot_nghiep\data\processed\full_org\original_3_16.png,D:\GitHub\Do_an_tot_nghiep\data\processed\full_org\original_24_18.png,0,random_forgery,3,24
D:\GitHub\Do_an_tot_nghiep\data\processed\full_org\original_40_11.png,D:\GitHub\Do_an_tot_nghiep\data\processed\full_forg\forgeries_40_16.png,0,skilled_forgery,40,40
D:\GitHub\Do_an_tot_nghiep\data\processed\full_org\original_21_24.png,D:\GitHub\Do_an_tot_nghiep\data\processed\full_forg\forgeries_21_13.png,0,skilled_forgery,21,21
D:\GitHub\Do_an_tot_nghiep\data\processed\full_org\original_16_16.png,D:\GitHub\Do_an_tot_nghiep\data\processed\full_org\original_16_2.png,1,genuine_genuine,16,16
D:\GitHub\Do_an_tot_nghiep\data\processed\full_org\original_34_11.png,D:\GitHub\Do_an_tot_nghiep\data\processed\full_org\original_34_14.png,1,genuine_genuine,34,34
D:\GitHub\Do_an_tot_nghiep\data\processed\full_org\original_22_4.png,D:\GitHub\Do_an_tot_nghiep\data\processed\full_forg\forgeries_22_3.png,0,skilled_forgery,22,22
D:\GitHub\Do_an_tot_nghiep\data\processed\full_org\original_43_17.png,D:\GitHub\Do_an_tot_nghiep\data\processed\full_forg\forgeries_43_9.png,0,skilled_forgery,43,43
D:\GitHub\Do_an_tot_nghiep\data\processed\full_org\original_4_23.png,D:\GitHub\Do_an_tot_nghiep\data\processed\full_org\original_4_6.png,1,genuine_genuine,4,4
D:\GitHub\Do_an_tot_nghiep\data\processed\full_org\original_19_16.png,D:\GitHub\Do_an_tot_nghiep\data\processed\full_org\original_19_6.png,1,genuine_genuine,19,19
D:\GitHub\Do_an_tot_nghiep\data\processed\full_org\original_28_22.png,D:\GitHub\Do_an_tot_nghiep\data\processed\full_org\original_21_7.png,0,random_forgery,28,21
D:\GitHub\Do_an_tot_nghiep\data\processed\full_org\original_29_24.png,D:\GitHub\Do_an_tot_nghiep\data\processed\full_forg\forgeries_29_21.png,0,skilled_forgery,29,29
D:\GitHub\Do_an_tot_nghiep\data\processed\full_org\original_30_22.png,D:\GitHub\Do_an_tot_nghiep\data\processed\full_org\original_30_4.png,1,genuine_genuine,30,30
D:\GitHub\Do_an_tot_nghiep\data\processed\full_org\original_43_17.png,D:\GitHub\Do_an_tot_nghiep\data\processed\full_org\original_43_20.png,1,genuine_genuine,43,43
D:\GitHub\Do_an_tot_nghiep\data\processed\full_org\original_21_4.png,D:\GitHub\Do_an_tot_nghiep\data\processed\full_forg\forgeries_21_10.png,0,skilled_forgery,21,21
D:\GitHub\Do_an_tot_nghiep\data\processed\full_org\original_53_8.png,D:\GitHub\Do_an_tot_nghiep\data\processed\full_forg\forgeries_53_7.png,0,skilled_forgery,53,53
D:\GitHub\Do_an_tot_nghiep\data\processed\full_org\original_30_10.png,D:\GitHub\Do_an_tot_nghiep\data\processed\full_org\original_30_17.png,1,genuine_genuine,30,30
D:\GitHub\Do_an_tot_nghiep\data\processed\full_org\original_29_10.png,D:\GitHub\Do_an_tot_nghiep\data\processed\full_org\original_55_8.png,0,random_forgery,29,55
D:\GitHub\Do_an_tot_nghiep\data\processed\full_org\original_3_17.png,D:\GitHub\Do_an_tot_nghiep\data\processed\full_org\original_3_9.png,1,genuine_genuine,3,3
D:\GitHub\Do_an_tot_nghiep\data\processed\full_org\original_40_5.png,D:\GitHub\Do_an_tot_nghiep\data\processed\full_org\original_40_8.png,1,genuine_genuine,40,40
D:\GitHub\Do_an_tot_nghiep\data\processed\full_org\original_24_20.png,D:\GitHub\Do_an_tot_nghiep\data\processed\full_org\original_24_9.png,1,genuine_genuine,24,24
D:\GitHub\Do_an_tot_nghiep\data\processed\full_org\original_46_10.png,D:\GitHub\Do_an_tot_nghiep\data\processed\full_org\original_46_16.png,1,genuine_genuine,46,46
D:\GitHub\Do_an_tot_nghiep\data\processed\full_org\original_45_9.png,D:\GitHub\Do_an_tot_nghiep\data\processed\full_org\original_10_15.png,0,random_forgery,45,10
D:\GitHub\Do_an_tot_nghiep\data\processed\full_org\original_25_19.png,D:\GitHub\Do_an_tot_nghiep\data\processed\full_org\original_25_5.png,1,genuine_genuine,25,25
D:\GitHub\Do_an_tot_nghiep\data\processed\full_org\original_21_1.png,D:\GitHub\Do_an_tot_nghiep\data\processed\full_forg\forgeries_21_13.png,0,skilled_forgery,21,21
D:\GitHub\Do_an_tot_nghiep\data\processed\full_org\original_19_18.png,D:\GitHub\Do_an_tot_nghiep\data\processed\full_org\original_39_9.png,0,random_forgery,19,39
D:\GitHub\Do_an_tot_nghiep\data\processed\full_org\original_40_14.png,D:\GitHub\Do_an_tot_nghiep\data\processed\full_org\original_34_8.png,0,random_forgery,40,34
D:\GitHub\Do_an_tot_nghiep\data\processed\full_org\original_34_13.png,D:\GitHub\Do_an_tot_nghiep\data\processed\full_org\original_34_6.png,1,genuine_genuine,34,34
D:\GitHub\Do_an_tot_nghiep\data\processed\full_org\original_18_21.png,D:\GitHub\Do_an_tot_nghiep\data\processed\full_org\original_5_18.png,0,random_forgery,18,5
D:\GitHub\Do_an_tot_nghiep\data\processed\full_org\original_24_13.png,D:\GitHub\Do_an_tot_nghiep\data\processed\full_org\original_24_19.png,1,genuine_genuine,24,24
D:\GitHub\Do_an_tot_nghiep\data\processed\full_org\original_39_20.png,D:\GitHub\Do_an_tot_nghiep\data\processed\full_org\original_26_24.png,0,random_forgery,39,26
D:\GitHub\Do_an_tot_nghiep\data\processed\full_org\original_24_9.png,D:\GitHub\Do_an_tot_nghiep\data\processed\full_org\original_39_7.png,0,random_forgery,24,39
D:\GitHub\Do_an_tot_nghiep\data\processed\full_org\original_55_11.png,D:\GitHub\Do_an_tot_nghiep\data\processed\full_org\original_55_3.png,1,genuine_genuine,55,55
D:\GitHub\Do_an_tot_nghiep\data\processed\full_org\original_28_16.png,D:\GitHub\Do_an_tot_nghiep\data\processed\full_forg\forgeries_28_3.png,0,skilled_forgery,28,28
D:\GitHub\Do_an_tot_nghiep\data\processed\full_org\original_21_23.png,D:\GitHub\Do_an_tot_nghiep\data\processed\full_forg\forgeries_21_10.png,0,skilled_forgery,21,21
D:\GitHub\Do_an_tot_nghiep\data\processed\full_org\original_46_5.png,D:\GitHub\Do_an_tot_nghiep\data\processed\full_forg\forgeries_46_9.png,0,skilled_forgery,46,46
D:\GitHub\Do_an_tot_nghiep\data\processed\full_org\original_17_18.png,D:\GitHub\Do_an_tot_nghiep\data\processed\full_org\original_30_23.png,0,random_forgery,17,30
D:\GitHub\Do_an_tot_nghiep\data\processed\full_org\original_7_2.png,D:\GitHub\Do_an_tot_nghiep\data\processed\full_forg\forgeries_7_8.png,0,skilled_forgery,7,7
D:\GitHub\Do_an_tot_nghiep\data\processed\full_org\original_51_19.png,D:\GitHub\Do_an_tot_nghiep\data\processed\full_forg\forgeries_51_24.png,0,skilled_forgery,51,51
D:\GitHub\Do_an_tot_nghiep\data\processed\full_org\original_49_11.png,D:\GitHub\Do_an_tot_nghiep\data\processed\full_org\original_49_7.png,1,genuine_genuine,49,49
D:\GitHub\Do_an_tot_nghiep\data\processed\full_org\original_45_1.png,D:\GitHub\Do_an_tot_nghiep\data\processed\full_org\original_45_8.png,1,genuine_genuine,45,45
D:\GitHub\Do_an_tot_nghiep\data\processed\full_org\original_28_24.png,D:\GitHub\Do_an_tot_nghiep\data\processed\full_forg\forgeries_28_22.png,0,skilled_forgery,28,28
D:\GitHub\Do_an_tot_nghiep\data\processed\full_org\original_34_17.png,D:\GitHub\Do_an_tot_nghiep\data\processed\full_org\original_34_6.png,1,genuine_genuine,34,34
D:\GitHub\Do_an_tot_nghiep\data\processed\full_org\original_51_24.png,D:\GitHub\Do_an_tot_nghiep\data\processed\full_org\original_18_16.png,0,random_forgery,51,18
D:\GitHub\Do_an_tot_nghiep\data\processed\full_org\original_4_10.png,D:\GitHub\Do_an_tot_nghiep\data\processed\full_org\original_4_12.png,1,genuine_genuine,4,4
D:\GitHub\Do_an_tot_nghiep\data\processed\full_org\original_18_12.png,D:\GitHub\Do_an_tot_nghiep\data\processed\full_org\original_18_7.png,1,genuine_genuine,18,18
D:\GitHub\Do_an_tot_nghiep\data\processed\full_org\original_53_24.png,D:\GitHub\Do_an_tot_nghiep\data\processed\full_org\original_22_22.png,0,random_forgery,53,22
D:\GitHub\Do_an_tot_nghiep\data\processed\full_org\original_17_14.png,D:\GitHub\Do_an_tot_nghiep\data\processed\full_org\original_17_5.png,1,genuine_genuine,17,17
D:\GitHub\Do_an_tot_nghiep\data\processed\full_org\original_21_11.png,D:\GitHub\Do_an_tot_nghiep\data\processed\full_org\original_43_14.png,0,random_forgery,21,43
D:\GitHub\Do_an_tot_nghiep\data\processed\full_org\original_21_2.png,D:\GitHub\Do_an_tot_nghiep\data\processed\full_org\original_19_21.png,0,random_forgery,21,19
D:\GitHub\Do_an_tot_nghiep\data\processed\full_org\original_12_19.png,D:\GitHub\Do_an_tot_nghiep\data\processed\full_forg\forgeries_12_9.png,0,skilled_forgery,12,12
D:\GitHub\Do_an_tot_nghiep\data\processed\full_org\original_47_7.png,D:\GitHub\Do_an_tot_nghiep\data\processed\full_forg\forgeries_47_22.png,0,skilled_forgery,47,47
D:\GitHub\Do_an_tot_nghiep\data\processed\full_org\original_43_20.png,D:\GitHub\Do_an_tot_nghiep\data\processed\full_org\original_43_6.png,1,genuine_genuine,43,43
D:\GitHub\Do_an_tot_nghiep\data\processed\full_org\original_38_16.png,D:\GitHub\Do_an_tot_nghiep\data\processed\full_org\original_38_6.png,1,genuine_genuine,38,38
D:\GitHub\Do_an_tot_nghiep\data\processed\full_org\original_10_13.png,D:\GitHub\Do_an_tot_nghiep\data\processed\full_org\original_10_5.png,1,genuine_genuine,10,10
D:\GitHub\Do_an_tot_nghiep\data\processed\full_org\original_10_10.png,D:\GitHub\Do_an_tot_nghiep\data\processed\full_org\original_17_1.png,0,random_forgery,10,17
D:\GitHub\Do_an_tot_nghiep\data\processed\full_org\original_40_16.png,D:\GitHub\Do_an_tot_nghiep\data\processed\full_org\original_40_20.png,1,genuine_genuine,40,40
D:\GitHub\Do_an_tot_nghiep\data\processed\full_org\original_17_22.png,D:\GitHub\Do_an_tot_nghiep\data\processed\full_org\original_47_21.png,0,random_forgery,17,47
D:\GitHub\Do_an_tot_nghiep\data\processed\full_org\original_43_15.png,D:\GitHub\Do_an_tot_nghiep\data\processed\full_forg\forgeries_43_5.png,0,skilled_forgery,43,43
D:\GitHub\Do_an_tot_nghiep\data\processed\full_org\original_47_7.png,D:\GitHub\Do_an_tot_nghiep\data\processed\full_org\original_21_15.png,0,random_forgery,47,21
D:\GitHub\Do_an_tot_nghiep\data\processed\full_org\original_10_18.png,D:\GitHub\Do_an_tot_nghiep\data\processed\full_org\original_10_6.png,1,genuine_genuine,10,10
D:\GitHub\Do_an_tot_nghiep\data\processed\full_org\original_19_3.png,D:\GitHub\Do_an_tot_nghiep\data\processed\full_forg\forgeries_19_15.png,0,skilled_forgery,19,19
D:\GitHub\Do_an_tot_nghiep\data\processed\full_org\original_12_9.png,D:\GitHub\Do_an_tot_nghiep\data\processed\full_forg\forgeries_12_19.png,0,skilled_forgery,12,12
D:\GitHub\Do_an_tot_nghiep\data\processed\full_org\original_37_24.png,D:\GitHub\Do_an_tot_nghiep\data\processed\full_org\original_37_4.png,1,genuine_genuine,37,37
D:\GitHub\Do_an_tot_nghiep\data\processed\full_org\original_51_13.png,D:\GitHub\Do_an_tot_nghiep\data\processed\full_org\original_51_9.png,1,genuine_genuine,51,51
D:\GitHub\Do_an_tot_nghiep\data\processed\full_org\original_3_1.png,D:\GitHub\Do_an_tot_nghiep\data\processed\full_org\original_3_11.png,1,genuine_genuine,3,3
D:\GitHub\Do_an_tot_nghiep\data\processed\full_org\original_26_13.png,D:\GitHub\Do_an_tot_nghiep\data\processed\full_org\original_26_5.png,1,genuine_genuine,26,26
D:\GitHub\Do_an_tot_nghiep\data\processed\full_org\original_28_21.png,D:\GitHub\Do_an_tot_nghiep\data\processed\full_forg\forgeries_28_20.png,0,skilled_forgery,28,28
D:\GitHub\Do_an_tot_nghiep\data\processed\full_org\original_16_4.png,D:\GitHub\Do_an_tot_nghiep\data\processed\full_org\original_16_9.png,1,genuine_genuine,16,16
D:\GitHub\Do_an_tot_nghiep\data\processed\full_org\original_3_13.png,D:\GitHub\Do_an_tot_nghiep\data\processed\full_org\original_3_21.png,1,genuine_genuine,3,3
D:\GitHub\Do_an_tot_nghiep\data\processed\full_org\original_47_20.png,D:\GitHub\Do_an_tot_nghiep\data\processed\full_org\original_45_7.png,0,random_forgery,47,45
D:\GitHub\Do_an_tot_nghiep\data\processed\full_org\original_51_12.png,D:\GitHub\Do_an_tot_nghiep\data\processed\full_org\original_51_9.png,1,genuine_genuine,51,51
D:\GitHub\Do_an_tot_nghiep\data\processed\full_org\original_40_6.png,D:\GitHub\Do_an_tot_nghiep\data\processed\full_forg\forgeries_40_8.png,0,skilled_forgery,40,40
D:\GitHub\Do_an_tot_nghiep\data\processed\full_org\original_47_6.png,D:\GitHub\Do_an_tot_nghiep\data\processed\full_forg\forgeries_47_4.png,0,skilled_forgery,47,47
D:\GitHub\Do_an_tot_nghiep\data\processed\full_org\original_19_2.png,D:\GitHub\Do_an_tot_nghiep\data\processed\full_org\original_19_8.png,1,genuine_genuine,19,19
D:\GitHub\Do_an_tot_nghiep\data\processed\full_org\original_21_12.png,D:\GitHub\Do_an_tot_nghiep\data\processed\full_org\original_53_14.png,0,random_forgery,21,53
D:\GitHub\Do_an_tot_nghiep\data\processed\full_org\original_39_14.png,D:\GitHub\Do_an_tot_nghiep\data\processed\full_org\original_53_22.png,0,random_forgery,39,53
D:\GitHub\Do_an_tot_nghiep\data\processed\full_org\original_45_16.png,D:\GitHub\Do_an_tot_nghiep\data\processed\full_org\original_45_8.png,1,genuine_genuine,45,45
D:\GitHub\Do_an_tot_nghiep\data\processed\full_org\original_39_22.png,D:\GitHub\Do_an_tot_nghiep\data\processed\full_org\original_10_14.png,0,random_forgery,39,10
D:\GitHub\Do_an_tot_nghiep\data\processed\full_org\original_38_13.png,D:\GitHub\Do_an_tot_nghiep\data\processed\full_org\original_38_4.png,1,genuine_genuine,38,38
D:\GitHub\Do_an_tot_nghiep\data\processed\full_org\original_43_23.png,D:\GitHub\Do_an_tot_nghiep\data\processed\full_org\original_43_6.png,1,genuine_genuine,43,43
D:\GitHub\Do_an_tot_nghiep\data\processed\full_org\original_17_17.png,D:\GitHub\Do_an_tot_nghiep\data\processed\full_org\original_22_20.png,0,random_forgery,17,22
D:\GitHub\Do_an_tot_nghiep\data\processed\full_org\original_7_14.png,D:\GitHub\Do_an_tot_nghiep\data\processed\full_forg\forgeries_7_9.png,0,skilled_forgery,7,7
D:\GitHub\Do_an_tot_nghiep\data\processed\full_org\original_40_14.png,D:\GitHub\Do_an_tot_nghiep\data\processed\full_org\original_40_3.png,1,genuine_genuine,40,40
D:\GitHub\Do_an_tot_nghiep\data\processed\full_org\original_38_21.png,D:\GitHub\Do_an_tot_nghiep\data\processed\full_org\original_3_11.png,0,random_forgery,38,3
D:\GitHub\Do_an_tot_nghiep\data\processed\full_org\original_5_23.png,D:\GitHub\Do_an_tot_nghiep\data\processed\full_org\original_46_19.png,0,random_forgery,5,46
D:\GitHub\Do_an_tot_nghiep\data\processed\full_org\original_51_18.png,D:\GitHub\Do_an_tot_nghiep\data\processed\full_forg\forgeries_51_13.png,0,skilled_forgery,51,51
D:\GitHub\Do_an_tot_nghiep\data\processed\full_org\original_45_13.png,D:\GitHub\Do_an_tot_nghiep\data\processed\full_org\original_45_9.png,1,genuine_genuine,45,45
D:\GitHub\Do_an_tot_nghiep\data\processed\full_org\original_34_10.png,D:\GitHub\Do_an_tot_nghiep\data\processed\full_forg\forgeries_34_4.png,0,skilled_forgery,34,34
D:\GitHub\Do_an_tot_nghiep\data\processed\full_org\original_18_17.png,D:\GitHub\Do_an_tot_nghiep\data\processed\full_org\original_18_6.png,1,genuine_genuine,18,18
D:\GitHub\Do_an_tot_nghiep\data\processed\full_org\original_21_22.png,D:\GitHub\Do_an_tot_nghiep\data\processed\full_org\original_21_24.png,1,genuine_genuine,21,21
D:\GitHub\Do_an_tot_nghiep\data\processed\full_org\original_30_15.png,D:\GitHub\Do_an_tot_nghiep\data\processed\full_org\original_30_24.png,1,genuine_genuine,30,30
D:\GitHub\Do_an_tot_nghiep\data\processed\full_org\original_11_9.png,D:\GitHub\Do_an_tot_nghiep\data\processed\full_forg\forgeries_11_14.png,0,skilled_forgery,11,11
D:\GitHub\Do_an_tot_nghiep\data\processed\full_org\original_22_2.png,D:\GitHub\Do_an_tot_nghiep\data\processed\full_org\original_22_7.png,1,genuine_genuine,22,22
D:\GitHub\Do_an_tot_nghiep\data\processed\full_org\original_49_20.png,D:\GitHub\Do_an_tot_nghiep\data\processed\full_forg\forgeries_49_20.png,0,skilled_forgery,49,49
D:\GitHub\Do_an_tot_nghiep\data\processed\full_org\original_22_11.png,D:\GitHub\Do_an_tot_nghiep\data\processed\full_org\original_3_7.png,0,random_forgery,22,3
D:\GitHub\Do_an_tot_nghiep\data\processed\full_org\original_30_13.png,D:\GitHub\Do_an_tot_nghiep\data\processed\full_forg\forgeries_30_6.png,0,skilled_forgery,30,30
D:\GitHub\Do_an_tot_nghiep\data\processed\full_org\original_43_6.png,D:\GitHub\Do_an_tot_nghiep\data\processed\full_forg\forgeries_43_7.png,0,skilled_forgery,43,43
D:\GitHub\Do_an_tot_nghiep\data\processed\full_org\original_40_20.png,D:\GitHub\Do_an_tot_nghiep\data\processed\full_forg\forgeries_40_20.png,0,skilled_forgery,40,40
D:\GitHub\Do_an_tot_nghiep\data\processed\full_org\original_29_2.png,D:\GitHub\Do_an_tot_nghiep\data\processed\full_org\original_29_9.png,1,genuine_genuine,29,29
D:\GitHub\Do_an_tot_nghiep\data\processed\full_org\original_16_23.png,D:\GitHub\Do_an_tot_nghiep\data\processed\full_forg\forgeries_16_13.png,0,skilled_forgery,16,16
D:\GitHub\Do_an_tot_nghiep\data\processed\full_org\original_10_10.png,D:\GitHub\Do_an_tot_nghiep\data\processed\full_forg\forgeries_10_12.png,0,skilled_forgery,10,10
D:\GitHub\Do_an_tot_nghiep\data\processed\full_org\original_46_6.png,D:\GitHub\Do_an_tot_nghiep\data\processed\full_org\original_46_8.png,1,genuine_genuine,46,46
D:\GitHub\Do_an_tot_nghiep\data\processed\full_org\original_36_21.png,D:\GitHub\Do_an_tot_nghiep\data\processed\full_forg\forgeries_36_17.png,0,skilled_forgery,36,36
D:\GitHub\Do_an_tot_nghiep\data\processed\full_org\original_45_18.png,D:\GitHub\Do_an_tot_nghiep\data\processed\full_forg\forgeries_45_15.png,0,skilled_forgery,45,45
D:\GitHub\Do_an_tot_nghiep\data\processed\full_org\original_19_3.png,D:\GitHub\Do_an_tot_nghiep\data\processed\full_org\original_19_5.png,1,genuine_genuine,19,19
D:\GitHub\Do_an_tot_nghiep\data\processed\full_org\original_38_18.png,D:\GitHub\Do_an_tot_nghiep\data\processed\full_forg\forgeries_38_5.png,0,skilled_forgery,38,38
D:\GitHub\Do_an_tot_nghiep\data\processed\full_org\original_22_10.png,D:\GitHub\Do_an_tot_nghiep\data\processed\full_forg\forgeries_22_10.png,0,skilled_forgery,22,22
D:\GitHub\Do_an_tot_nghiep\data\processed\full_org\original_28_1.png,D:\GitHub\Do_an_tot_nghiep\data\processed\full_org\original_28_10.png,1,genuine_genuine,28,28
D:\GitHub\Do_an_tot_nghiep\data\processed\full_org\original_24_12.png,D:\GitHub\Do_an_tot_nghiep\data\processed\full_org\original_24_7.png,1,genuine_genuine,24,24
D:\GitHub\Do_an_tot_nghiep\data\processed\full_org\original_34_8.png,D:\GitHub\Do_an_tot_nghiep\data\processed\full_org\original_49_5.png,0,random_forgery,34,49
D:\GitHub\Do_an_tot_nghiep\data\processed\full_org\original_22_13.png,D:\GitHub\Do_an_tot_nghiep\data\processed\full_forg\forgeries_22_17.png,0,skilled_forgery,22,22
D:\GitHub\Do_an_tot_nghiep\data\processed\full_org\original_18_15.png,D:\GitHub\Do_an_tot_nghiep\data\processed\full_forg\forgeries_18_19.png,0,skilled_forgery,18,18
D:\GitHub\Do_an_tot_nghiep\data\processed\full_org\original_38_6.png,D:\GitHub\Do_an_tot_nghiep\data\processed\full_org\original_28_16.png,0,random_forgery,38,28
D:\GitHub\Do_an_tot_nghiep\data\processed\full_org\original_36_12.png,D:\GitHub\Do_an_tot_nghiep\data\processed\full_forg\forgeries_36_16.png,0,skilled_forgery,36,36
D:\GitHub\Do_an_tot_nghiep\data\processed\full_org\original_28_21.png,D:\GitHub\Do_an_tot_nghiep\data\processed\full_org\original_11_8.png,0,random_forgery,28,11
D:\GitHub\Do_an_tot_nghiep\data\processed\full_org\original_29_10.png,D:\GitHub\Do_an_tot_nghiep\data\processed\full_forg\forgeries_29_13.png,0,skilled_forgery,29,29
D:\GitHub\Do_an_tot_nghiep\data\processed\full_org\original_4_17.png,D:\GitHub\Do_an_tot_nghiep\data\processed\full_org\original_4_23.png,1,genuine_genuine,4,4
D:\GitHub\Do_an_tot_nghiep\data\processed\full_org\original_24_15.png,D:\GitHub\Do_an_tot_nghiep\data\processed\full_org\original_25_18.png,0,random_forgery,24,25
D:\GitHub\Do_an_tot_nghiep\data\processed\full_org\original_26_16.png,D:\GitHub\Do_an_tot_nghiep\data\processed\full_forg\forgeries_26_20.png,0,skilled_forgery,26,26
D:\GitHub\Do_an_tot_nghiep\data\processed\full_org\original_19_23.png,D:\GitHub\Do_an_tot_nghiep\data\processed\full_org\original_19_9.png,1,genuine_genuine,19,19
D:\GitHub\Do_an_tot_nghiep\data\processed\full_org\original_36_2.png,D:\GitHub\Do_an_tot_nghiep\data\processed\full_org\original_5_13.png,0,random_forgery,36,5
D:\GitHub\Do_an_tot_nghiep\data\processed\full_org\original_38_18.png,D:\GitHub\Do_an_tot_nghiep\data\processed\full_org\original_38_8.png,1,genuine_genuine,38,38
D:\GitHub\Do_an_tot_nghiep\data\processed\full_org\original_3_12.png,D:\GitHub\Do_an_tot_nghiep\data\processed\full_forg\forgeries_3_9.png,0,skilled_forgery,3,3
D:\GitHub\Do_an_tot_nghiep\data\processed\full_org\original_24_23.png,D:\GitHub\Do_an_tot_nghiep\data\processed\full_org\original_24_3.png,1,genuine_genuine,24,24
D:\GitHub\Do_an_tot_nghiep\data\processed\full_org\original_4_16.png,D:\GitHub\Do_an_tot_nghiep\data\processed\full_forg\forgeries_4_16.png,0,skilled_forgery,4,4
D:\GitHub\Do_an_tot_nghiep\data\processed\full_org\original_49_1.png,D:\GitHub\Do_an_tot_nghiep\data\processed\full_org\original_49_18.png,1,genuine_genuine,49,49
D:\GitHub\Do_an_tot_nghiep\data\processed\full_org\original_31_5.png,D:\GitHub\Do_an_tot_nghiep\data\processed\full_org\original_19_3.png,0,random_forgery,31,19
D:\GitHub\Do_an_tot_nghiep\data\processed\full_org\original_17_7.png,D:\GitHub\Do_an_tot_nghiep\data\processed\full_org\original_17_9.png,1,genuine_genuine,17,17
D:\GitHub\Do_an_tot_nghiep\data\processed\full_org\original_28_22.png,D:\GitHub\Do_an_tot_nghiep\data\processed\full_forg\forgeries_28_9.png,0,skilled_forgery,28,28
D:\GitHub\Do_an_tot_nghiep\data\processed\full_org\original_38_22.png,D:\GitHub\Do_an_tot_nghiep\data\processed\full_forg\forgeries_38_8.png,0,skilled_forgery,38,38
D:\GitHub\Do_an_tot_nghiep\data\processed\full_org\original_26_23.png,D:\GitHub\Do_an_tot_nghiep\data\processed\full_org\original_26_5.png,1,genuine_genuine,26,26
D:\GitHub\Do_an_tot_nghiep\data\processed\full_org\original_22_17.png,D:\GitHub\Do_an_tot_nghiep\data\processed\full_forg\forgeries_22_5.png,0,skilled_forgery,22,22
D:\GitHub\Do_an_tot_nghiep\data\processed\full_org\original_26_7.png,D:\GitHub\Do_an_tot_nghiep\data\processed\full_forg\forgeries_26_20.png,0,skilled_forgery,26,26
D:\GitHub\Do_an_tot_nghiep\data\processed\full_org\original_29_3.png,D:\GitHub\Do_an_tot_nghiep\data\processed\full_forg\forgeries_29_19.png,0,skilled_forgery,29,29
D:\GitHub\Do_an_tot_nghiep\data\processed\full_org\original_29_9.png,D:\GitHub\Do_an_tot_nghiep\data\processed\full_forg\forgeries_29_12.png,0,skilled_forgery,29,29
D:\GitHub\Do_an_tot_nghiep\data\processed\full_org\original_18_17.png,D:\GitHub\Do_an_tot_nghiep\data\processed\full_org\original_29_23.png,0,random_forgery,18,29
D:\GitHub\Do_an_tot_nghiep\data\processed\full_org\original_43_7.png,D:\GitHub\Do_an_tot_nghiep\data\processed\full_org\original_21_21.png,0,random_forgery,43,21
D:\GitHub\Do_an_tot_nghiep\data\processed\full_org\original_10_6.png,D:\GitHub\Do_an_tot_nghiep\data\processed\full_org\original_49_19.png,0,random_forgery,10,49
D:\GitHub\Do_an_tot_nghiep\data\processed\full_org\original_11_10.png,D:\GitHub\Do_an_tot_nghiep\data\processed\full_forg\forgeries_11_16.png,0,skilled_forgery,11,11
D:\GitHub\Do_an_tot_nghiep\data\processed\full_org\original_1_2.png,D:\GitHub\Do_an_tot_nghiep\data\processed\full_forg\forgeries_1_18.png,0,skilled_forgery,1,1
D:\GitHub\Do_an_tot_nghiep\data\processed\full_org\original_38_12.png,D:\GitHub\Do_an_tot_nghiep\data\processed\full_forg\forgeries_38_2.png,0,skilled_forgery,38,38
D:\GitHub\Do_an_tot_nghiep\data\processed\full_org\original_22_12.png,D:\GitHub\Do_an_tot_nghiep\data\processed\full_org\original_1_13.png,0,random_forgery,22,1
D:\GitHub\Do_an_tot_nghiep\data\processed\full_org\original_38_18.png,D:\GitHub\Do_an_tot_nghiep\data\processed\full_forg\forgeries_38_1.png,0,skilled_forgery,38,38
D:\GitHub\Do_an_tot_nghiep\data\processed\full_org\original_4_24.png,D:\GitHub\Do_an_tot_nghiep\data\processed\full_forg\forgeries_4_14.png,0,skilled_forgery,4,4
D:\GitHub\Do_an_tot_nghiep\data\processed\full_org\original_19_16.png,D:\GitHub\Do_an_tot_nghiep\data\processed\full_org\original_19_3.png,1,genuine_genuine,19,19
D:\GitHub\Do_an_tot_nghiep\data\processed\full_org\original_38_8.png,D:\GitHub\Do_an_tot_nghiep\data\processed\full_forg\forgeries_38_1.png,0,skilled_forgery,38,38
D:\GitHub\Do_an_tot_nghiep\data\processed\full_org\original_24_11.png,D:\GitHub\Do_an_tot_nghiep\data\processed\full_org\original_24_8.png,1,genuine_genuine,24,24
D:\GitHub\Do_an_tot_nghiep\data\processed\full_org\original_21_16.png,D:\GitHub\Do_an_tot_nghiep\data\processed\full_org\original_21_9.png,1,genuine_genuine,21,21
D:\GitHub\Do_an_tot_nghiep\data\processed\full_org\original_4_2.png,D:\GitHub\Do_an_tot_nghiep\data\processed\full_forg\forgeries_4_22.png,0,skilled_forgery,4,4
D:\GitHub\Do_an_tot_nghiep\data\processed\full_org\original_21_18.png,D:\GitHub\Do_an_tot_nghiep\data\processed\full_org\original_21_6.png,1,genuine_genuine,21,21
D:\GitHub\Do_an_tot_nghiep\data\processed\full_org\original_16_23.png,D:\GitHub\Do_an_tot_nghiep\data\processed\full_org\original_16_6.png,1,genuine_genuine,16,16
D:\GitHub\Do_an_tot_nghiep\data\processed\full_org\original_43_18.png,D:\GitHub\Do_an_tot_nghiep\data\processed\full_org\original_43_9.png,1,genuine_genuine,43,43
D:\GitHub\Do_an_tot_nghiep\data\processed\full_org\original_39_7.png,D:\GitHub\Do_an_tot_nghiep\data\processed\full_forg\forgeries_39_2.png,0,skilled_forgery,39,39
D:\GitHub\Do_an_tot_nghiep\data\processed\full_org\original_30_20.png,D:\GitHub\Do_an_tot_nghiep\data\processed\full_forg\forgeries_30_5.png,0,skilled_forgery,30,30
D:\GitHub\Do_an_tot_nghiep\data\processed\full_org\original_24_14.png,D:\GitHub\Do_an_tot_nghiep\data\processed\full_org\original_24_24.png,1,genuine_genuine,24,24
D:\GitHub\Do_an_tot_nghiep\data\processed\full_org\original_5_22.png,D:\GitHub\Do_an_tot_nghiep\data\processed\full_forg\forgeries_5_6.png,0,skilled_forgery,5,5
D:\GitHub\Do_an_tot_nghiep\data\processed\full_org\original_24_19.png,D:\GitHub\Do_an_tot_nghiep\data\processed\full_forg\forgeries_24_18.png,0,skilled_forgery,24,24
D:\GitHub\Do_an_tot_nghiep\data\processed\full_org\original_12_22.png,D:\GitHub\Do_an_tot_nghiep\data\processed\full_forg\forgeries_12_14.png,0,skilled_forgery,12,12
D:\GitHub\Do_an_tot_nghiep\data\processed\full_org\original_46_20.png,D:\GitHub\Do_an_tot_nghiep\data\processed\full_org\original_43_16.png,0,random_forgery,46,43
D:\GitHub\Do_an_tot_nghiep\data\processed\full_org\original_7_24.png,D:\GitHub\Do_an_tot_nghiep\data\processed\full_org\original_29_9.png,0,random_forgery,7,29
D:\GitHub\Do_an_tot_nghiep\data\processed\full_org\original_21_8.png,D:\GitHub\Do_an_tot_nghiep\data\processed\full_org\original_31_21.png,0,random_forgery,21,31
D:\GitHub\Do_an_tot_nghiep\data\processed\full_org\original_29_21.png,D:\GitHub\Do_an_tot_nghiep\data\processed\full_forg\forgeries_29_12.png,0,skilled_forgery,29,29
D:\GitHub\Do_an_tot_nghiep\data\processed\full_org\original_25_6.png,D:\GitHub\Do_an_tot_nghiep\data\processed\full_forg\forgeries_25_6.png,0,skilled_forgery,25,25
D:\GitHub\Do_an_tot_nghiep\data\processed\full_org\original_12_3.png,D:\GitHub\Do_an_tot_nghiep\data\processed\full_org\original_10_13.png,0,random_forgery,12,10
D:\GitHub\Do_an_tot_nghiep\data\processed\full_org\original_55_10.png,D:\GitHub\Do_an_tot_nghiep\data\processed\full_org\original_55_20.png,1,genuine_genuine,55,55
D:\GitHub\Do_an_tot_nghiep\data\processed\full_org\original_24_8.png,D:\GitHub\Do_an_tot_nghiep\data\processed\full_forg\forgeries_24_15.png,0,skilled_forgery,24,24
D:\GitHub\Do_an_tot_nghiep\data\processed\full_org\original_37_19.png,D:\GitHub\Do_an_tot_nghiep\data\processed\full_org\original_37_2.png,1,genuine_genuine,37,37
D:\GitHub\Do_an_tot_nghiep\data\processed\full_org\original_51_20.png,D:\GitHub\Do_an_tot_nghiep\data\processed\full_org\original_51_8.png,1,genuine_genuine,51,51
D:\GitHub\Do_an_tot_nghiep\data\processed\full_org\original_38_21.png,D:\GitHub\Do_an_tot_nghiep\data\processed\full_org\original_5_9.png,0,random_forgery,38,5
D:\GitHub\Do_an_tot_nghiep\data\processed\full_org\original_34_17.png,D:\GitHub\Do_an_tot_nghiep\data\processed\full_org\original_47_12.png,0,random_forgery,34,47
D:\GitHub\Do_an_tot_nghiep\data\processed\full_org\original_31_12.png,D:\GitHub\Do_an_tot_nghiep\data\processed\full_org\original_31_24.png,1,genuine_genuine,31,31
D:\GitHub\Do_an_tot_nghiep\data\processed\full_org\original_38_21.png,D:\GitHub\Do_an_tot_nghiep\data\processed\full_org\original_38_24.png,1,genuine_genuine,38,38
D:\GitHub\Do_an_tot_nghiep\data\processed\full_org\original_37_13.png,D:\GitHub\Do_an_tot_nghiep\data\processed\full_org\original_37_4.png,1,genuine_genuine,37,37
D:\GitHub\Do_an_tot_nghiep\data\processed\full_org\original_49_13.png,D:\GitHub\Do_an_tot_nghiep\data\processed\full_org\original_49_20.png,1,genuine_genuine,49,49
D:\GitHub\Do_an_tot_nghiep\data\processed\full_org\original_29_15.png,D:\GitHub\Do_an_tot_nghiep\data\processed\full_org\original_29_18.png,1,genuine_genuine,29,29
D:\GitHub\Do_an_tot_nghiep\data\processed\full_org\original_25_20.png,D:\GitHub\Do_an_tot_nghiep\data\processed\full_forg\forgeries_25_24.png,0,skilled_forgery,25,25
D:\GitHub\Do_an_tot_nghiep\data\processed\full_org\original_19_21.png,D:\GitHub\Do_an_tot_nghiep\data\processed\full_org\original_19_8.png,1,genuine_genuine,19,19
D:\GitHub\Do_an_tot_nghiep\data\processed\full_org\original_11_19.png,D:\GitHub\Do_an_tot_nghiep\data\processed\full_org\original_11_5.png,1,genuine_genuine,11,11
D:\GitHub\Do_an_tot_nghiep\data\processed\full_org\original_5_4.png,D:\GitHub\Do_an_tot_nghiep\data\processed\full_forg\forgeries_5_9.png,0,skilled_forgery,5,5
D:\GitHub\Do_an_tot_nghiep\data\processed\full_org\original_36_24.png,D:\GitHub\Do_an_tot_nghiep\data\processed\full_forg\forgeries_36_11.png,0,skilled_forgery,36,36
D:\GitHub\Do_an_tot_nghiep\data\processed\full_org\original_46_4.png,D:\GitHub\Do_an_tot_nghiep\data\processed\full_org\original_53_19.png,0,random_forgery,46,53
D:\GitHub\Do_an_tot_nghiep\data\processed\full_org\original_17_21.png,D:\GitHub\Do_an_tot_nghiep\data\processed\full_forg\forgeries_17_11.png,0,skilled_forgery,17,17
D:\GitHub\Do_an_tot_nghiep\data\processed\full_org\original_47_19.png,D:\GitHub\Do_an_tot_nghiep\data\processed\full_org\original_47_8.png,1,genuine_genuine,47,47
D:\GitHub\Do_an_tot_nghiep\data\processed\full_org\original_25_19.png,D:\GitHub\Do_an_tot_nghiep\data\processed\full_org\original_25_23.png,1,genuine_genuine,25,25
D:\GitHub\Do_an_tot_nghiep\data\processed\full_org\original_17_5.png,D:\GitHub\Do_an_tot_nghiep\data\processed\full_org\original_17_8.png,1,genuine_genuine,17,17
D:\GitHub\Do_an_tot_nghiep\data\processed\full_org\original_34_1.png,D:\GitHub\Do_an_tot_nghiep\data\processed\full_org\original_38_21.png,0,random_forgery,34,38
D:\GitHub\Do_an_tot_nghiep\data\processed\full_org\original_11_21.png,D:\GitHub\Do_an_tot_nghiep\data\processed\full_org\original_11_8.png,1,genuine_genuine,11,11
D:\GitHub\Do_an_tot_nghiep\data\processed\full_org\original_40_21.png,D:\GitHub\Do_an_tot_nghiep\data\processed\full_forg\forgeries_40_19.png,0,skilled_forgery,40,40
D:\GitHub\Do_an_tot_nghiep\data\processed\full_org\original_7_12.png,D:\GitHub\Do_an_tot_nghiep\data\processed\full_forg\forgeries_7_15.png,0,skilled_forgery,7,7
D:\GitHub\Do_an_tot_nghiep\data\processed\full_org\original_11_14.png,D:\GitHub\Do_an_tot_nghiep\data\processed\full_org\original_11_3.png,1,genuine_genuine,11,11
D:\GitHub\Do_an_tot_nghiep\data\processed\full_org\original_47_12.png,D:\GitHub\Do_an_tot_nghiep\data\processed\full_org\original_25_19.png,0,random_forgery,47,25
D:\GitHub\Do_an_tot_nghiep\data\processed\full_org\original_24_12.png,D:\GitHub\Do_an_tot_nghiep\data\processed\full_forg\forgeries_24_11.png,0,skilled_forgery,24,24
D:\GitHub\Do_an_tot_nghiep\data\processed\full_org\original_31_24.png,D:\GitHub\Do_an_tot_nghiep\data\processed\full_forg\forgeries_31_10.png,0,skilled_forgery,31,31
D:\GitHub\Do_an_tot_nghiep\data\processed\full_org\original_37_20.png,D:\GitHub\Do_an_tot_nghiep\data\processed\full_org\original_55_24.png,0,random_forgery,37,55
D:\GitHub\Do_an_tot_nghiep\data\processed\full_org\original_53_19.png,D:\GitHub\Do_an_tot_nghiep\data\processed\full_forg\forgeries_53_8.png,0,skilled_forgery,53,53
D:\GitHub\Do_an_tot_nghiep\data\processed\full_org\original_34_19.png,D:\GitHub\Do_an_tot_nghiep\data\processed\full_org\original_34_21.png,1,genuine_genuine,34,34
D:\GitHub\Do_an_tot_nghiep\data\processed\full_org\original_28_13.png,D:\GitHub\Do_an_tot_nghiep\data\processed\full_org\original_28_7.png,1,genuine_genuine,28,28
D:\GitHub\Do_an_tot_nghiep\data\processed\full_org\original_5_22.png,D:\GitHub\Do_an_tot_nghiep\data\processed\full_forg\forgeries_5_22.png,0,skilled_forgery,5,5
D:\GitHub\Do_an_tot_nghiep\data\processed\full_org\original_21_21.png,D:\GitHub\Do_an_tot_nghiep\data\processed\full_org\original_21_7.png,1,genuine_genuine,21,21
D:\GitHub\Do_an_tot_nghiep\data\processed\full_org\original_11_1.png,D:\GitHub\Do_an_tot_nghiep\data\processed\full_org\original_11_11.png,1,genuine_genuine,11,11
D:\GitHub\Do_an_tot_nghiep\data\processed\full_org\original_31_17.png,D:\GitHub\Do_an_tot_nghiep\data\processed\full_org\original_31_6.png,1,genuine_genuine,31,31
D:\GitHub\Do_an_tot_nghiep\data\processed\full_org\original_22_1.png,D:\GitHub\Do_an_tot_nghiep\data\processed\full_org\original_22_3.png,1,genuine_genuine,22,22
D:\GitHub\Do_an_tot_nghiep\data\processed\full_org\original_31_11.png,D:\GitHub\Do_an_tot_nghiep\data\processed\full_forg\forgeries_31_8.png,0,skilled_forgery,31,31
D:\GitHub\Do_an_tot_nghiep\data\processed\full_org\original_29_1.png,D:\GitHub\Do_an_tot_nghiep\data\processed\full_forg\forgeries_29_24.png,0,skilled_forgery,29,29
D:\GitHub\Do_an_tot_nghiep\data\processed\full_org\original_36_18.png,D:\GitHub\Do_an_tot_nghiep\data\processed\full_org\original_36_22.png,1,genuine_genuine,36,36
D:\GitHub\Do_an_tot_nghiep\data\processed\full_org\original_1_20.png,D:\GitHub\Do_an_tot_nghiep\data\processed\full_forg\forgeries_1_1.png,0,skilled_forgery,1,1
D:\GitHub\Do_an_tot_nghiep\data\processed\full_org\original_55_7.png,D:\GitHub\Do_an_tot_nghiep\data\processed\full_forg\forgeries_55_18.png,0,skilled_forgery,55,55
D:\GitHub\Do_an_tot_nghiep\data\processed\full_org\original_31_23.png,D:\GitHub\Do_an_tot_nghiep\data\processed\full_org\original_31_24.png,1,genuine_genuine,31,31
D:\GitHub\Do_an_tot_nghiep\data\processed\full_org\original_39_15.png,D:\GitHub\Do_an_tot_nghiep\data\processed\full_forg\forgeries_39_16.png,0,skilled_forgery,39,39
D:\GitHub\Do_an_tot_nghiep\data\processed\full_org\original_46_19.png,D:\GitHub\Do_an_tot_nghiep\data\processed\full_org\original_46_6.png,1,genuine_genuine,46,46
D:\GitHub\Do_an_tot_nghiep\data\processed\full_org\original_38_14.png,D:\GitHub\Do_an_tot_nghiep\data\processed\full_org\original_38_19.png,1,genuine_genuine,38,38
D:\GitHub\Do_an_tot_nghiep\data\processed\full_org\original_39_1.png,D:\GitHub\Do_an_tot_nghiep\data\processed\full_org\original_39_17.png,1,genuine_genuine,39,39
D:\GitHub\Do_an_tot_nghiep\data\processed\full_org\original_40_11.png,D:\GitHub\Do_an_tot_nghiep\data\processed\full_org\original_40_24.png,1,genuine_genuine,40,40
D:\GitHub\Do_an_tot_nghiep\data\processed\full_org\original_51_19.png,D:\GitHub\Do_an_tot_nghiep\data\processed\full_org\original_12_9.png,0,random_forgery,51,12
D:\GitHub\Do_an_tot_nghiep\data\processed\full_org\original_36_2.png,D:\GitHub\Do_an_tot_nghiep\data\processed\full_org\original_25_2.png,0,random_forgery,36,25
D:\GitHub\Do_an_tot_nghiep\data\processed\full_org\original_24_16.png,D:\GitHub\Do_an_tot_nghiep\data\processed\full_org\original_24_6.png,1,genuine_genuine,24,24
D:\GitHub\Do_an_tot_nghiep\data\processed\full_org\original_10_22.png,D:\GitHub\Do_an_tot_nghiep\data\processed\full_forg\forgeries_10_3.png,0,skilled_forgery,10,10
D:\GitHub\Do_an_tot_nghiep\data\processed\full_org\original_12_17.png,D:\GitHub\Do_an_tot_nghiep\data\processed\full_org\original_12_18.png,1,genuine_genuine,12,12
D:\GitHub\Do_an_tot_nghiep\data\processed\full_org\original_36_4.png,D:\GitHub\Do_an_tot_nghiep\data\processed\full_forg\forgeries_36_17.png,0,skilled_forgery,36,36
D:\GitHub\Do_an_tot_nghiep\data\processed\full_org\original_7_10.png,D:\GitHub\Do_an_tot_nghiep\data\processed\full_org\original_7_23.png,1,genuine_genuine,7,7
D:\GitHub\Do_an_tot_nghiep\data\processed\full_org\original_18_3.png,D:\GitHub\Do_an_tot_nghiep\data\processed\full_org\original_51_19.png,0,random_forgery,18,51
D:\GitHub\Do_an_tot_nghiep\data\processed\full_org\original_11_22.png,D:\GitHub\Do_an_tot_nghiep\data\processed\full_forg\forgeries_11_13.png,0,skilled_forgery,11,11
D:\GitHub\Do_an_tot_nghiep\data\processed\full_org\original_1_10.png,D:\GitHub\Do_an_tot_nghiep\data\processed\full_forg\forgeries_1_10.png,0,skilled_forgery,1,1
D:\GitHub\Do_an_tot_nghiep\data\processed\full_org\original_34_4.png,D:\GitHub\Do_an_tot_nghiep\data\processed\full_forg\forgeries_34_12.png,0,skilled_forgery,34,34
D:\GitHub\Do_an_tot_nghiep\data\processed\full_org\original_24_22.png,D:\GitHub\Do_an_tot_nghiep\data\processed\full_forg\forgeries_24_1.png,0,skilled_forgery,24,24
D:\GitHub\Do_an_tot_nghiep\data\processed\full_org\original_22_12.png,D:\GitHub\Do_an_tot_nghiep\data\processed\full_forg\forgeries_22_2.png,0,skilled_forgery,22,22
D:\GitHub\Do_an_tot_nghiep\data\processed\full_org\original_18_2.png,D:\GitHub\Do_an_tot_nghiep\data\processed\full_org\original_18_3.png,1,genuine_genuine,18,18
D:\GitHub\Do_an_tot_nghiep\data\processed\full_org\original_11_18.png,D:\GitHub\Do_an_tot_nghiep\data\processed\full_org\original_11_6.png,1,genuine_genuine,11,11
D:\GitHub\Do_an_tot_nghiep\data\processed\full_org\original_30_10.png,D:\GitHub\Do_an_tot_nghiep\data\processed\full_forg\forgeries_30_16.png,0,skilled_forgery,30,30
D:\GitHub\Do_an_tot_nghiep\data\processed\full_org\original_26_20.png,D:\GitHub\Do_an_tot_nghiep\data\processed\full_forg\forgeries_26_14.png,0,skilled_forgery,26,26
D:\GitHub\Do_an_tot_nghiep\data\processed\full_org\original_10_6.png,D:\GitHub\Do_an_tot_nghiep\data\processed\full_forg\forgeries_10_2.png,0,skilled_forgery,10,10
D:\GitHub\Do_an_tot_nghiep\data\processed\full_org\original_36_19.png,D:\GitHub\Do_an_tot_nghiep\data\processed\full_org\original_36_20.png,1,genuine_genuine,36,36
D:\GitHub\Do_an_tot_nghiep\data\processed\full_org\original_40_10.png,D:\GitHub\Do_an_tot_nghiep\data\processed\full_forg\forgeries_40_1.png,0,skilled_forgery,40,40
D:\GitHub\Do_an_tot_nghiep\data\processed\full_org\original_49_12.png,D:\GitHub\Do_an_tot_nghiep\data\processed\full_org\original_24_21.png,0,random_forgery,49,24
D:\GitHub\Do_an_tot_nghiep\data\processed\full_org\original_30_2.png,D:\GitHub\Do_an_tot_nghiep\data\processed\full_org\original_30_21.png,1,genuine_genuine,30,30
D:\GitHub\Do_an_tot_nghiep\data\processed\full_org\original_17_16.png,D:\GitHub\Do_an_tot_nghiep\data\processed\full_org\original_38_19.png,0,random_forgery,17,38
D:\GitHub\Do_an_tot_nghiep\data\processed\full_org\original_26_5.png,D:\GitHub\Do_an_tot_nghiep\data\processed\full_org\original_40_16.png,0,random_forgery,26,40
D:\GitHub\Do_an_tot_nghiep\data\processed\full_org\original_30_2.png,D:\GitHub\Do_an_tot_nghiep\data\processed\full_org\original_24_11.png,0,random_forgery,30,24
D:\GitHub\Do_an_tot_nghiep\data\processed\full_org\original_26_12.png,D:\GitHub\Do_an_tot_nghiep\data\processed\full_org\original_26_17.png,1,genuine_genuine,26,26
D:\GitHub\Do_an_tot_nghiep\data\processed\full_org\original_51_23.png,D:\GitHub\Do_an_tot_nghiep\data\processed\full_org\original_51_6.png,1,genuine_genuine,51,51
D:\GitHub\Do_an_tot_nghiep\data\processed\full_org\original_55_11.png,D:\GitHub\Do_an_tot_nghiep\data\processed\full_org\original_10_6.png,0,random_forgery,55,10
D:\GitHub\Do_an_tot_nghiep\data\processed\full_org\original_43_14.png,D:\GitHub\Do_an_tot_nghiep\data\processed\full_forg\forgeries_43_16.png,0,skilled_forgery,43,43
D:\GitHub\Do_an_tot_nghiep\data\processed\full_org\original_38_15.png,D:\GitHub\Do_an_tot_nghiep\data\processed\full_org\original_38_24.png,1,genuine_genuine,38,38
D:\GitHub\Do_an_tot_nghiep\data\processed\full_org\original_7_7.png,D:\GitHub\Do_an_tot_nghiep\data\processed\full_forg\forgeries_7_16.png,0,skilled_forgery,7,7
D:\GitHub\Do_an_tot_nghiep\data\processed\full_org\original_10_10.png,D:\GitHub\Do_an_tot_nghiep\data\processed\full_org\original_10_18.png,1,genuine_genuine,10,10
D:\GitHub\Do_an_tot_nghiep\data\processed\full_org\original_19_1.png,D:\GitHub\Do_an_tot_nghiep\data\processed\full_org\original_19_20.png,1,genuine_genuine,19,19
D:\GitHub\Do_an_tot_nghiep\data\processed\full_org\original_10_20.png,D:\GitHub\Do_an_tot_nghiep\data\processed\full_org\original_36_21.png,0,random_forgery,10,36
D:\GitHub\Do_an_tot_nghiep\data\processed\full_org\original_46_24.png,D:\GitHub\Do_an_tot_nghiep\data\processed\full_forg\forgeries_46_15.png,0,skilled_forgery,46,46
D:\GitHub\Do_an_tot_nghiep\data\processed\full_org\original_11_21.png,D:\GitHub\Do_an_tot_nghiep\data\processed\full_forg\forgeries_11_12.png,0,skilled_forgery,11,11
D:\GitHub\Do_an_tot_nghiep\data\processed\full_org\original_49_23.png,D:\GitHub\Do_an_tot_nghiep\data\processed\full_org\original_37_24.png,0,random_forgery,49,37
D:\GitHub\Do_an_tot_nghiep\data\processed\full_org\original_31_19.png,D:\GitHub\Do_an_tot_nghiep\data\processed\full_forg\forgeries_31_19.png,0,skilled_forgery,31,31
D:\GitHub\Do_an_tot_nghiep\data\processed\full_org\original_53_19.png,D:\GitHub\Do_an_tot_nghiep\data\processed\full_forg\forgeries_53_13.png,0,skilled_forgery,53,53
D:\GitHub\Do_an_tot_nghiep\data\processed\full_org\original_45_12.png,D:\GitHub\Do_an_tot_nghiep\data\processed\full_org\original_18_24.png,0,random_forgery,45,18
D:\GitHub\Do_an_tot_nghiep\data\processed\full_org\original_26_2.png,D:\GitHub\Do_an_tot_nghiep\data\processed\full_forg\forgeries_26_17.png,0,skilled_forgery,26,26
D:\GitHub\Do_an_tot_nghiep\data\processed\full_org\original_11_22.png,D:\GitHub\Do_an_tot_nghiep\data\processed\full_forg\forgeries_11_15.png,0,skilled_forgery,11,11
D:\GitHub\Do_an_tot_nghiep\data\processed\full_org\original_11_15.png,D:\GitHub\Do_an_tot_nghiep\data\processed\full_org\original_11_2.png,1,genuine_genuine,11,11
D:\GitHub\Do_an_tot_nghiep\data\processed\full_org\original_28_10.png,D:\GitHub\Do_an_tot_nghiep\data\processed\full_org\original_28_9.png,1,genuine_genuine,28,28
D:\GitHub\Do_an_tot_nghiep\data\processed\full_org\original_31_12.png,D:\GitHub\Do_an_tot_nghiep\data\processed\full_org\original_31_19.png,1,genuine_genuine,31,31
D:\GitHub\Do_an_tot_nghiep\data\processed\full_org\original_22_18.png,D:\GitHub\Do_an_tot_nghiep\data\processed\full_forg\forgeries_22_24.png,0,skilled_forgery,22,22
D:\GitHub\Do_an_tot_nghiep\data\processed\full_org\original_7_4.png,D:\GitHub\Do_an_tot_nghiep\data\processed\full_org\original_25_24.png,0,random_forgery,7,25
D:\GitHub\Do_an_tot_nghiep\data\processed\full_org\original_55_20.png,D:\GitHub\Do_an_tot_nghiep\data\processed\full_org\original_55_5.png,1,genuine_genuine,55,55
D:\GitHub\Do_an_tot_nghiep\data\processed\full_org\original_46_13.png,D:\GitHub\Do_an_tot_nghiep\data\processed\full_org\original_43_9.png,0,random_forgery,46,43
D:\GitHub\Do_an_tot_nghiep\data\processed\full_org\original_25_22.png,D:\GitHub\Do_an_tot_nghiep\data\processed\full_org\original_25_8.png,1,genuine_genuine,25,25
D:\GitHub\Do_an_tot_nghiep\data\processed\full_org\original_38_10.png,D:\GitHub\Do_an_tot_nghiep\data\processed\full_forg\forgeries_38_20.png,0,skilled_forgery,38,38
D:\GitHub\Do_an_tot_nghiep\data\processed\full_org\original_36_3.png,D:\GitHub\Do_an_tot_nghiep\data\processed\full_forg\forgeries_36_9.png,0,skilled_forgery,36,36
D:\GitHub\Do_an_tot_nghiep\data\processed\full_org\original_31_4.png,D:\GitHub\Do_an_tot_nghiep\data\processed\full_org\original_34_2.png,0,random_forgery,31,34
D:\GitHub\Do_an_tot_nghiep\data\processed\full_org\original_16_12.png,D:\GitHub\Do_an_tot_nghiep\data\processed\full_forg\forgeries_16_14.png,0,skilled_forgery,16,16
D:\GitHub\Do_an_tot_nghiep\data\processed\full_org\original_21_15.png,D:\GitHub\Do_an_tot_nghiep\data\processed\full_org\original_21_18.png,1,genuine_genuine,21,21
D:\GitHub\Do_an_tot_nghiep\data\processed\full_org\original_19_17.png,D:\GitHub\Do_an_tot_nghiep\data\processed\full_org\original_12_22.png,0,random_forgery,19,12
D:\GitHub\Do_an_tot_nghiep\data\processed\full_org\original_29_22.png,D:\GitHub\Do_an_tot_nghiep\data\processed\full_org\original_29_8.png,1,genuine_genuine,29,29
D:\GitHub\Do_an_tot_nghiep\data\processed\full_org\original_10_12.png,D:\GitHub\Do_an_tot_nghiep\data\processed\full_org\original_10_3.png,1,genuine_genuine,10,10
D:\GitHub\Do_an_tot_nghiep\data\processed\full_org\original_37_10.png,D:\GitHub\Do_an_tot_nghiep\data\processed\full_forg\forgeries_37_23.png,0,skilled_forgery,37,37
D:\GitHub\Do_an_tot_nghiep\data\processed\full_org\original_1_14.png,D:\GitHub\Do_an_tot_nghiep\data\processed\full_forg\forgeries_1_22.png,0,skilled_forgery,1,1
D:\GitHub\Do_an_tot_nghiep\data\processed\full_org\original_43_19.png,D:\GitHub\Do_an_tot_nghiep\data\processed\full_forg\forgeries_43_4.png,0,skilled_forgery,43,43
D:\GitHub\Do_an_tot_nghiep\data\processed\full_org\original_16_2.png,D:\GitHub\Do_an_tot_nghiep\data\processed\full_forg\forgeries_16_13.png,0,skilled_forgery,16,16
D:\GitHub\Do_an_tot_nghiep\data\processed\full_org\original_36_17.png,D:\GitHub\Do_an_tot_nghiep\data\processed\full_org\original_36_8.png,1,genuine_genuine,36,36
D:\GitHub\Do_an_tot_nghiep\data\processed\full_org\original_18_3.png,D:\GitHub\Do_an_tot_nghiep\data\processed\full_forg\forgeries_18_5.png,0,skilled_forgery,18,18
D:\GitHub\Do_an_tot_nghiep\data\processed\full_org\original_12_21.png,D:\GitHub\Do_an_tot_nghiep\data\processed\full_org\original_12_5.png,1,genuine_genuine,12,12
D:\GitHub\Do_an_tot_nghiep\data\processed\full_org\original_26_19.png,D:\GitHub\Do_an_tot_nghiep\data\processed\full_org\original_26_5.png,1,genuine_genuine,26,26
D:\GitHub\Do_an_tot_nghiep\data\processed\full_org\original_53_16.png,D:\GitHub\Do_an_tot_nghiep\data\processed\full_org\original_25_7.png,0,random_forgery,53,25
D:\GitHub\Do_an_tot_nghiep\data\processed\full_org\original_40_18.png,D:\GitHub\Do_an_tot_nghiep\data\processed\full_org\original_40_7.png,1,genuine_genuine,40,40
D:\GitHub\Do_an_tot_nghiep\data\processed\full_org\original_36_2.png,D:\GitHub\Do_an_tot_nghiep\data\processed\full_org\original_11_11.png,0,random_forgery,36,11
D:\GitHub\Do_an_tot_nghiep\data\processed\full_org\original_31_2.png,D:\GitHub\Do_an_tot_nghiep\data\processed\full_org\original_31_7.png,1,genuine_genuine,31,31
D:\GitHub\Do_an_tot_nghiep\data\processed\full_org\original_38_8.png,D:\GitHub\Do_an_tot_nghiep\data\processed\full_org\original_17_6.png,0,random_forgery,38,17
D:\GitHub\Do_an_tot_nghiep\data\processed\full_org\original_28_22.png,D:\GitHub\Do_an_tot_nghiep\data\processed\full_forg\forgeries_28_21.png,0,skilled_forgery,28,28
D:\GitHub\Do_an_tot_nghiep\data\processed\full_org\original_40_1.png,D:\GitHub\Do_an_tot_nghiep\data\processed\full_org\original_40_7.png,1,genuine_genuine,40,40
D:\GitHub\Do_an_tot_nghiep\data\processed\full_org\original_24_15.png,D:\GitHub\Do_an_tot_nghiep\data\processed\full_forg\forgeries_24_9.png,0,skilled_forgery,24,24
D:\GitHub\Do_an_tot_nghiep\data\processed\full_org\original_39_14.png,D:\GitHub\Do_an_tot_nghiep\data\processed\full_org\original_18_2.png,0,random_forgery,39,18
D:\GitHub\Do_an_tot_nghiep\data\processed\full_org\original_49_1.png,D:\GitHub\Do_an_tot_nghiep\data\processed\full_forg\forgeries_49_10.png,0,skilled_forgery,49,49
D:\GitHub\Do_an_tot_nghiep\data\processed\full_org\original_38_17.png,D:\GitHub\Do_an_tot_nghiep\data\processed\full_org\original_38_3.png,1,genuine_genuine,38,38
D:\GitHub\Do_an_tot_nghiep\data\processed\full_org\original_36_1.png,D:\GitHub\Do_an_tot_nghiep\data\processed\full_org\original_36_21.png,1,genuine_genuine,36,36
D:\GitHub\Do_an_tot_nghiep\data\processed\full_org\original_22_9.png,D:\GitHub\Do_an_tot_nghiep\data\processed\full_forg\forgeries_22_13.png,0,skilled_forgery,22,22
D:\GitHub\Do_an_tot_nghiep\data\processed\full_org\original_36_19.png,D:\GitHub\Do_an_tot_nghiep\data\processed\full_org\original_17_23.png,0,random_forgery,36,17
D:\GitHub\Do_an_tot_nghiep\data\processed\full_org\original_39_8.png,D:\GitHub\Do_an_tot_nghiep\data\processed\full_org\original_39_9.png,1,genuine_genuine,39,39
D:\GitHub\Do_an_tot_nghiep\data\processed\full_org\original_19_19.png,D:\GitHub\Do_an_tot_nghiep\data\processed\full_org\original_40_14.png,0,random_forgery,19,40
D:\GitHub\Do_an_tot_nghiep\data\processed\full_org\original_25_3.png,D:\GitHub\Do_an_tot_nghiep\data\processed\full_forg\forgeries_25_22.png,0,skilled_forgery,25,25
D:\GitHub\Do_an_tot_nghiep\data\processed\full_org\original_47_22.png,D:\GitHub\Do_an_tot_nghiep\data\processed\full_forg\forgeries_47_6.png,0,skilled_forgery,47,47
D:\GitHub\Do_an_tot_nghiep\data\processed\full_org\original_53_8.png,D:\GitHub\Do_an_tot_nghiep\data\processed\full_forg\forgeries_53_21.png,0,skilled_forgery,53,53
D:\GitHub\Do_an_tot_nghiep\data\processed\full_org\original_4_12.png,D:\GitHub\Do_an_tot_nghiep\data\processed\full_org\original_31_22.png,0,random_forgery,4,31
D:\GitHub\Do_an_tot_nghiep\data\processed\full_org\original_26_2.png,D:\GitHub\Do_an_tot_nghiep\data\processed\full_forg\forgeries_26_3.png,0,skilled_forgery,26,26
D:\GitHub\Do_an_tot_nghiep\data\processed\full_org\original_21_20.png,D:\GitHub\Do_an_tot_nghiep\data\processed\full_forg\forgeries_21_18.png,0,skilled_forgery,21,21
D:\GitHub\Do_an_tot_nghiep\data\processed\full_org\original_49_13.png,D:\GitHub\Do_an_tot_nghiep\data\processed\full_forg\forgeries_49_10.png,0,skilled_forgery,49,49
D:\GitHub\Do_an_tot_nghiep\data\processed\full_org\original_17_17.png,D:\GitHub\Do_an_tot_nghiep\data\processed\full_forg\forgeries_17_3.png,0,skilled_forgery,17,17
D:\GitHub\Do_an_tot_nghiep\data\processed\full_org\original_45_22.png,D:\GitHub\Do_an_tot_nghiep\data\processed\full_org\original_3_21.png,0,random_forgery,45,3
D:\GitHub\Do_an_tot_nghiep\data\processed\full_org\original_39_14.png,D:\GitHub\Do_an_tot_nghiep\data\processed\full_org\original_39_4.png,1,genuine_genuine,39,39
D:\GitHub\Do_an_tot_nghiep\data\processed\full_org\original_25_21.png,D:\GitHub\Do_an_tot_nghiep\data\processed\full_org\original_25_23.png,1,genuine_genuine,25,25
D:\GitHub\Do_an_tot_nghiep\data\processed\full_org\original_34_20.png,D:\GitHub\Do_an_tot_nghiep\data\processed\full_org\original_34_4.png,1,genuine_genuine,34,34
D:\GitHub\Do_an_tot_nghiep\data\processed\full_org\original_21_19.png,D:\GitHub\Do_an_tot_nghiep\data\processed\full_org\original_31_23.png,0,random_forgery,21,31
D:\GitHub\Do_an_tot_nghiep\data\processed\full_org\original_5_19.png,D:\GitHub\Do_an_tot_nghiep\data\processed\full_forg\forgeries_5_3.png,0,skilled_forgery,5,5
D:\GitHub\Do_an_tot_nghiep\data\processed\full_org\original_30_13.png,D:\GitHub\Do_an_tot_nghiep\data\processed\full_forg\forgeries_30_12.png,0,skilled_forgery,30,30
D:\GitHub\Do_an_tot_nghiep\data\processed\full_org\original_11_5.png,D:\GitHub\Do_an_tot_nghiep\data\processed\full_forg\forgeries_11_15.png,0,skilled_forgery,11,11
D:\GitHub\Do_an_tot_nghiep\data\processed\full_org\original_46_15.png,D:\GitHub\Do_an_tot_nghiep\data\processed\full_forg\forgeries_46_20.png,0,skilled_forgery,46,46
D:\GitHub\Do_an_tot_nghiep\data\processed\full_org\original_51_2.png,D:\GitHub\Do_an_tot_nghiep\data\processed\full_forg\forgeries_51_5.png,0,skilled_forgery,51,51
D:\GitHub\Do_an_tot_nghiep\data\processed\full_org\original_11_17.png,D:\GitHub\Do_an_tot_nghiep\data\processed\full_forg\forgeries_11_4.png,0,skilled_forgery,11,11
D:\GitHub\Do_an_tot_nghiep\data\processed\full_org\original_39_6.png,D:\GitHub\Do_an_tot_nghiep\data\processed\full_org\original_12_8.png,0,random_forgery,39,12
D:\GitHub\Do_an_tot_nghiep\data\processed\full_org\original_45_3.png,D:\GitHub\Do_an_tot_nghiep\data\processed\full_forg\forgeries_45_6.png,0,skilled_forgery,45,45
D:\GitHub\Do_an_tot_nghiep\data\processed\full_org\original_30_2.png,D:\GitHub\Do_an_tot_nghiep\data\processed\full_forg\forgeries_30_13.png,0,skilled_forgery,30,30
D:\GitHub\Do_an_tot_nghiep\data\processed\full_org\original_19_6.png,D:\GitHub\Do_an_tot_nghiep\data\processed\full_forg\forgeries_19_13.png,0,skilled_forgery,19,19
D:\GitHub\Do_an_tot_nghiep\data\processed\full_org\original_46_13.png,D:\GitHub\Do_an_tot_nghiep\data\processed\full_org\original_46_9.png,1,genuine_genuine,46,46
D:\GitHub\Do_an_tot_nghiep\data\processed\full_org\original_51_2.png,D:\GitHub\Do_an_tot_nghiep\data\processed\full_org\original_51_6.png,1,genuine_genuine,51,51
D:\GitHub\Do_an_tot_nghiep\data\processed\full_org\original_43_2.png,D:\GitHub\Do_an_tot_nghiep\data\processed\full_forg\forgeries_43_16.png,0,skilled_forgery,43,43
D:\GitHub\Do_an_tot_nghiep\data\processed\full_org\original_45_1.png,D:\GitHub\Do_an_tot_nghiep\data\processed\full_org\original_26_3.png,0,random_forgery,45,26
D:\GitHub\Do_an_tot_nghiep\data\processed\full_org\original_31_15.png,D:\GitHub\Do_an_tot_nghiep\data\processed\full_org\original_1_20.png,0,random_forgery,31,1
D:\GitHub\Do_an_tot_nghiep\data\processed\full_org\original_22_2.png,D:\GitHub\Do_an_tot_nghiep\data\processed\full_forg\forgeries_22_3.png,0,skilled_forgery,22,22
D:\GitHub\Do_an_tot_nghiep\data\processed\full_org\original_12_14.png,D:\GitHub\Do_an_tot_nghiep\data\processed\full_org\original_43_20.png,0,random_forgery,12,43
D:\GitHub\Do_an_tot_nghiep\data\processed\full_org\original_49_17.png,D:\GitHub\Do_an_tot_nghiep\data\processed\full_forg\forgeries_49_16.png,0,skilled_forgery,49,49
D:\GitHub\Do_an_tot_nghiep\data\processed\full_org\original_3_12.png,D:\GitHub\Do_an_tot_nghiep\data\processed\full_forg\forgeries_3_17.png,0,skilled_forgery,3,3
D:\GitHub\Do_an_tot_nghiep\data\processed\full_org\original_12_1.png,D:\GitHub\Do_an_tot_nghiep\data\processed\full_org\original_25_22.png,0,random_forgery,12,25
D:\GitHub\Do_an_tot_nghiep\data\processed\full_org\original_5_5.png,D:\GitHub\Do_an_tot_nghiep\data\processed\full_org\original_5_6.png,1,genuine_genuine,5,5
D:\GitHub\Do_an_tot_nghiep\data\processed\full_org\original_37_2.png,D:\GitHub\Do_an_tot_nghiep\data\processed\full_forg\forgeries_37_16.png,0,skilled_forgery,37,37
D:\GitHub\Do_an_tot_nghiep\data\processed\full_org\original_12_16.png,D:\GitHub\Do_an_tot_nghiep\data\processed\full_org\original_12_20.png,1,genuine_genuine,12,12
D:\GitHub\Do_an_tot_nghiep\data\processed\full_org\original_47_8.png,D:\GitHub\Do_an_tot_nghiep\data\processed\full_org\original_51_7.png,0,random_forgery,47,51
D:\GitHub\Do_an_tot_nghiep\data\processed\full_org\original_36_10.png,D:\GitHub\Do_an_tot_nghiep\data\processed\full_org\original_36_17.png,1,genuine_genuine,36,36
D:\GitHub\Do_an_tot_nghiep\data\processed\full_org\original_31_10.png,D:\GitHub\Do_an_tot_nghiep\data\processed\full_org\original_31_2.png,1,genuine_genuine,31,31
D:\GitHub\Do_an_tot_nghiep\data\processed\full_org\original_26_3.png,D:\GitHub\Do_an_tot_nghiep\data\processed\full_org\original_26_9.png,1,genuine_genuine,26,26
D:\GitHub\Do_an_tot_nghiep\data\processed\full_org\original_39_4.png,D:\GitHub\Do_an_tot_nghiep\data\processed\full_forg\forgeries_39_14.png,0,skilled_forgery,39,39
D:\GitHub\Do_an_tot_nghiep\data\processed\full_org\original_24_21.png,D:\GitHub\Do_an_tot_nghiep\data\processed\full_org\original_39_3.png,0,random_forgery,24,39
D:\GitHub\Do_an_tot_nghiep\data\processed\full_org\original_11_13.png,D:\GitHub\Do_an_tot_nghiep\data\processed\full_org\original_11_22.png,1,genuine_genuine,11,11
D:\GitHub\Do_an_tot_nghiep\data\processed\full_org\original_7_14.png,D:\GitHub\Do_an_tot_nghiep\data\processed\full_org\original_7_4.png,1,genuine_genuine,7,7
D:\GitHub\Do_an_tot_nghiep\data\processed\full_org\original_26_17.png,D:\GitHub\Do_an_tot_nghiep\data\processed\full_org\original_26_22.png,1,genuine_genuine,26,26
D:\GitHub\Do_an_tot_nghiep\data\processed\full_org\original_26_12.png,D:\GitHub\Do_an_tot_nghiep\data\processed\full_org\original_26_4.png,1,genuine_genuine,26,26
D:\GitHub\Do_an_tot_nghiep\data\processed\full_org\original_53_20.png,D:\GitHub\Do_an_tot_nghiep\data\processed\full_org\original_53_24.png,1,genuine_genuine,53,53
D:\GitHub\Do_an_tot_nghiep\data\processed\full_org\original_45_5.png,D:\GitHub\Do_an_tot_nghiep\data\processed\full_forg\forgeries_45_24.png,0,skilled_forgery,45,45
D:\GitHub\Do_an_tot_nghiep\data\processed\full_org\original_34_10.png,D:\GitHub\Do_an_tot_nghiep\data\processed\full_org\original_34_23.png,1,genuine_genuine,34,34
D:\GitHub\Do_an_tot_nghiep\data\processed\full_org\original_7_10.png,D:\GitHub\Do_an_tot_nghiep\data\processed\full_org\original_25_17.png,0,random_forgery,7,25
D:\GitHub\Do_an_tot_nghiep\data\processed\full_org\original_51_6.png,D:\GitHub\Do_an_tot_nghiep\data\processed\full_forg\forgeries_51_10.png,0,skilled_forgery,51,51
D:\GitHub\Do_an_tot_nghiep\data\processed\full_org\original_5_10.png,D:\GitHub\Do_an_tot_nghiep\data\processed\full_forg\forgeries_5_1.png,0,skilled_forgery,5,5
D:\GitHub\Do_an_tot_nghiep\data\processed\full_org\original_36_11.png,D:\GitHub\Do_an_tot_nghiep\data\processed\full_forg\forgeries_36_14.png,0,skilled_forgery,36,36
D:\GitHub\Do_an_tot_nghiep\data\processed\full_org\original_40_13.png,D:\GitHub\Do_an_tot_nghiep\data\processed\full_forg\forgeries_40_20.png,0,skilled_forgery,40,40
D:\GitHub\Do_an_tot_nghiep\data\processed\full_org\original_12_8.png,D:\GitHub\Do_an_tot_nghiep\data\processed\full_org\original_30_12.png,0,random_forgery,12,30
D:\GitHub\Do_an_tot_nghiep\data\processed\full_org\original_22_14.png,D:\GitHub\Do_an_tot_nghiep\data\processed\full_org\original_22_2.png,1,genuine_genuine,22,22
D:\GitHub\Do_an_tot_nghiep\data\processed\full_org\original_31_1.png,D:\GitHub\Do_an_tot_nghiep\data\processed\full_org\original_31_13.png,1,genuine_genuine,31,31
D:\GitHub\Do_an_tot_nghiep\data\processed\full_org\original_55_24.png,D:\GitHub\Do_an_tot_nghiep\data\processed\full_forg\forgeries_55_14.png,0,skilled_forgery,55,55
D:\GitHub\Do_an_tot_nghiep\data\processed\full_org\original_5_15.png,D:\GitHub\Do_an_tot_nghiep\data\processed\full_org\original_5_4.png,1,genuine_genuine,5,5
D:\GitHub\Do_an_tot_nghiep\data\processed\full_org\original_45_13.png,D:\GitHub\Do_an_tot_nghiep\data\processed\full_forg\forgeries_45_13.png,0,skilled_forgery,45,45
D:\GitHub\Do_an_tot_nghiep\data\processed\full_org\original_34_22.png,D:\GitHub\Do_an_tot_nghiep\data\processed\full_forg\forgeries_34_1.png,0,skilled_forgery,34,34
D:\GitHub\Do_an_tot_nghiep\data\processed\full_org\original_11_2.png,D:\GitHub\Do_an_tot_nghiep\data\processed\full_forg\forgeries_11_15.png,0,skilled_forgery,11,11
D:\GitHub\Do_an_tot_nghiep\data\processed\full_org\original_19_5.png,D:\GitHub\Do_an_tot_nghiep\data\processed\full_forg\forgeries_19_8.png,0,skilled_forgery,19,19
D:\GitHub\Do_an_tot_nghiep\data\processed\full_org\original_21_6.png,D:\GitHub\Do_an_tot_nghiep\data\processed\full_forg\forgeries_21_22.png,0,skilled_forgery,21,21
D:\GitHub\Do_an_tot_nghiep\data\processed\full_org\original_46_17.png,D:\GitHub\Do_an_tot_nghiep\data\processed\full_forg\forgeries_46_20.png,0,skilled_forgery,46,46
D:\GitHub\Do_an_tot_nghiep\data\processed\full_org\original_31_20.png,D:\GitHub\Do_an_tot_nghiep\data\processed\full_org\original_31_5.png,1,genuine_genuine,31,31
D:\GitHub\Do_an_tot_nghiep\data\processed\full_org\original_38_16.png,D:\GitHub\Do_an_tot_nghiep\data\processed\full_org\original_38_22.png,1,genuine_genuine,38,38
D:\GitHub\Do_an_tot_nghiep\data\processed\full_org\original_31_14.png,D:\GitHub\Do_an_tot_nghiep\data\processed\full_org\original_31_4.png,1,genuine_genuine,31,31
D:\GitHub\Do_an_tot_nghiep\data\processed\full_org\original_1_3.png,D:\GitHub\Do_an_tot_nghiep\data\processed\full_org\original_46_10.png,0,random_forgery,1,46
D:\GitHub\Do_an_tot_nghiep\data\processed\full_org\original_39_9.png,D:\GitHub\Do_an_tot_nghiep\data\processed\full_org\original_51_21.png,0,random_forgery,39,51
D:\GitHub\Do_an_tot_nghiep\data\processed\full_org\original_17_9.png,D:\GitHub\Do_an_tot_nghiep\data\processed\full_forg\forgeries_17_11.png,0,skilled_forgery,17,17
D:\GitHub\Do_an_tot_nghiep\data\processed\full_org\original_17_23.png,D:\GitHub\Do_an_tot_nghiep\data\processed\full_forg\forgeries_17_5.png,0,skilled_forgery,17,17
D:\GitHub\Do_an_tot_nghiep\data\processed\full_org\original_16_14.png,D:\GitHub\Do_an_tot_nghiep\data\processed\full_forg\forgeries_16_22.png,0,skilled_forgery,16,16
D:\GitHub\Do_an_tot_nghiep\data\processed\full_org\original_29_19.png,D:\GitHub\Do_an_tot_nghiep\data\processed\full_forg\forgeries_29_20.png,0,skilled_forgery,29,29
D:\GitHub\Do_an_tot_nghiep\data\processed\full_org\original_43_14.png,D:\GitHub\Do_an_tot_nghiep\data\processed\full_forg\forgeries_43_12.png,0,skilled_forgery,43,43
D:\GitHub\Do_an_tot_nghiep\data\processed\full_org\original_36_22.png,D:\GitHub\Do_an_tot_nghiep\data\processed\full_org\original_36_24.png,1,genuine_genuine,36,36
D:\GitHub\Do_an_tot_nghiep\data\processed\full_org\original_38_20.png,D:\GitHub\Do_an_tot_nghiep\data\processed\full_org\original_38_8.png,1,genuine_genuine,38,38
D:\GitHub\Do_an_tot_nghiep\data\processed\full_org\original_39_16.png,D:\GitHub\Do_an_tot_nghiep\data\processed\full_forg\forgeries_39_7.png,0,skilled_forgery,39,39
D:\GitHub\Do_an_tot_nghiep\data\processed\full_org\original_4_20.png,D:\GitHub\Do_an_tot_nghiep\data\processed\full_org\original_47_19.png,0,random_forgery,4,47
D:\GitHub\Do_an_tot_nghiep\data\processed\full_org\original_38_18.png,D:\GitHub\Do_an_tot_nghiep\data\processed\full_org\original_38_20.png,1,genuine_genuine,38,38
D:\GitHub\Do_an_tot_nghiep\data\processed\full_org\original_25_19.png,D:\GitHub\Do_an_tot_nghiep\data\processed\full_org\original_25_9.png,1,genuine_genuine,25,25
D:\GitHub\Do_an_tot_nghiep\data\processed\full_org\original_11_10.png,D:\GitHub\Do_an_tot_nghiep\data\processed\full_org\original_11_3.png,1,genuine_genuine,11,11
D:\GitHub\Do_an_tot_nghiep\data\processed\full_org\original_51_18.png,D:\GitHub\Do_an_tot_nghiep\data\processed\full_org\original_51_9.png,1,genuine_genuine,51,51
D:\GitHub\Do_an_tot_nghiep\data\processed\full_org\original_17_20.png,D:\GitHub\Do_an_tot_nghiep\data\processed\full_org\original_17_9.png,1,genuine_genuine,17,17
D:\GitHub\Do_an_tot_nghiep\data\processed\full_org\original_28_10.png,D:\GitHub\Do_an_tot_nghiep\data\processed\full_org\original_28_22.png,1,genuine_genuine,28,28
D:\GitHub\Do_an_tot_nghiep\data\processed\full_org\original_34_23.png,D:\GitHub\Do_an_tot_nghiep\data\processed\full_forg\forgeries_34_2.png,0,skilled_forgery,34,34
D:\GitHub\Do_an_tot_nghiep\data\processed\full_org\original_18_1.png,D:\GitHub\Do_an_tot_nghiep\data\processed\full_org\original_11_22.png,0,random_forgery,18,11
D:\GitHub\Do_an_tot_nghiep\data\processed\full_org\original_18_11.png,D:\GitHub\Do_an_tot_nghiep\data\processed\full_org\original_19_18.png,0,random_forgery,18,19
D:\GitHub\Do_an_tot_nghiep\data\processed\full_org\original_38_22.png,D:\GitHub\Do_an_tot_nghiep\data\processed\full_forg\forgeries_38_22.png,0,skilled_forgery,38,38
D:\GitHub\Do_an_tot_nghiep\data\processed\full_org\original_46_12.png,D:\GitHub\Do_an_tot_nghiep\data\processed\full_forg\forgeries_46_3.png,0,skilled_forgery,46,46
D:\GitHub\Do_an_tot_nghiep\data\processed\full_org\original_16_19.png,D:\GitHub\Do_an_tot_nghiep\data\processed\full_org\original_16_5.png,1,genuine_genuine,16,16
D:\GitHub\Do_an_tot_nghiep\data\processed\full_org\original_28_18.png,D:\GitHub\Do_an_tot_nghiep\data\processed\full_forg\forgeries_28_20.png,0,skilled_forgery,28,28
D:\GitHub\Do_an_tot_nghiep\data\processed\full_org\original_53_11.png,D:\GitHub\Do_an_tot_nghiep\data\processed\full_org\original_53_19.png,1,genuine_genuine,53,53
D:\GitHub\Do_an_tot_nghiep\data\processed\full_org\original_45_10.png,D:\GitHub\Do_an_tot_nghiep\data\processed\full_org\original_45_18.png,1,genuine_genuine,45,45
D:\GitHub\Do_an_tot_nghiep\data\processed\full_org\original_45_12.png,D:\GitHub\Do_an_tot_nghiep\data\processed\full_forg\forgeries_45_4.png,0,skilled_forgery,45,45
D:\GitHub\Do_an_tot_nghiep\data\processed\full_org\original_22_13.png,D:\GitHub\Do_an_tot_nghiep\data\processed\full_org\original_22_14.png,1,genuine_genuine,22,22
D:\GitHub\Do_an_tot_nghiep\data\processed\full_org\original_18_4.png,D:\GitHub\Do_an_tot_nghiep\data\processed\full_org\original_18_9.png,1,genuine_genuine,18,18
D:\GitHub\Do_an_tot_nghiep\data\processed\full_org\original_45_19.png,D:\GitHub\Do_an_tot_nghiep\data\processed\full_org\original_45_8.png,1,genuine_genuine,45,45
D:\GitHub\Do_an_tot_nghiep\data\processed\full_org\original_1_13.png,D:\GitHub\Do_an_tot_nghiep\data\processed\full_org\original_1_20.png,1,genuine_genuine,1,1
D:\GitHub\Do_an_tot_nghiep\data\processed\full_org\original_7_22.png,D:\GitHub\Do_an_tot_nghiep\data\processed\full_org\original_49_16.png,0,random_forgery,7,49
D:\GitHub\Do_an_tot_nghiep\data\processed\full_org\original_19_15.png,D:\GitHub\Do_an_tot_nghiep\data\processed\full_org\original_19_4.png,1,genuine_genuine,19,19
D:\GitHub\Do_an_tot_nghiep\data\processed\full_org\original_24_17.png,D:\GitHub\Do_an_tot_nghiep\data\processed\full_org\original_24_2.png,1,genuine_genuine,24,24
D:\GitHub\Do_an_tot_nghiep\data\processed\full_org\original_29_5.png,D:\GitHub\Do_an_tot_nghiep\data\processed\full_org\original_36_8.png,0,random_forgery,29,36
D:\GitHub\Do_an_tot_nghiep\data\processed\full_org\original_26_16.png,D:\GitHub\Do_an_tot_nghiep\data\processed\full_forg\forgeries_26_21.png,0,skilled_forgery,26,26
D:\GitHub\Do_an_tot_nghiep\data\processed\full_org\original_43_11.png,D:\GitHub\Do_an_tot_nghiep\data\processed\full_org\original_43_19.png,1,genuine_genuine,43,43
D:\GitHub\Do_an_tot_nghiep\data\processed\full_org\original_34_15.png,D:\GitHub\Do_an_tot_nghiep\data\processed\full_org\original_34_24.png,1,genuine_genuine,34,34
D:\GitHub\Do_an_tot_nghiep\data\processed\full_org\original_49_22.png,D:\GitHub\Do_an_tot_nghiep\data\processed\full_org\original_49_9.png,1,genuine_genuine,49,49
D:\GitHub\Do_an_tot_nghiep\data\processed\full_org\original_10_16.png,D:\GitHub\Do_an_tot_nghiep\data\processed\full_org\original_4_11.png,0,random_forgery,10,4
D:\GitHub\Do_an_tot_nghiep\data\processed\full_org\original_40_14.png,D:\GitHub\Do_an_tot_nghiep\data\processed\full_org\original_40_9.png,1,genuine_genuine,40,40
D:\GitHub\Do_an_tot_nghiep\data\processed\full_org\original_11_12.png,D:\GitHub\Do_an_tot_nghiep\data\processed\full_org\original_45_23.png,0,random_forgery,11,45
D:\GitHub\Do_an_tot_nghiep\data\processed\full_org\original_37_10.png,D:\GitHub\Do_an_tot_nghiep\data\processed\full_org\original_37_7.png,1,genuine_genuine,37,37
D:\GitHub\Do_an_tot_nghiep\data\processed\full_org\original_25_19.png,D:\GitHub\Do_an_tot_nghiep\data\processed\full_org\original_25_8.png,1,genuine_genuine,25,25
D:\GitHub\Do_an_tot_nghiep\data\processed\full_org\original_39_6.png,D:\GitHub\Do_an_tot_nghiep\data\processed\full_forg\forgeries_39_2.png,0,skilled_forgery,39,39
D:\GitHub\Do_an_tot_nghiep\data\processed\full_org\original_29_11.png,D:\GitHub\Do_an_tot_nghiep\data\processed\full_org\original_46_21.png,0,random_forgery,29,46
D:\GitHub\Do_an_tot_nghiep\data\processed\full_org\original_18_11.png,D:\GitHub\Do_an_tot_nghiep\data\processed\full_org\original_18_8.png,1,genuine_genuine,18,18
D:\GitHub\Do_an_tot_nghiep\data\processed\full_org\original_45_11.png,D:\GitHub\Do_an_tot_nghiep\data\processed\full_org\original_45_22.png,1,genuine_genuine,45,45
D:\GitHub\Do_an_tot_nghiep\data\processed\full_org\original_5_17.png,D:\GitHub\Do_an_tot_nghiep\data\processed\full_forg\forgeries_5_11.png,0,skilled_forgery,5,5
D:\GitHub\Do_an_tot_nghiep\data\processed\full_org\original_46_4.png,D:\GitHub\Do_an_tot_nghiep\data\processed\full_org\original_39_14.png,0,random_forgery,46,39
D:\GitHub\Do_an_tot_nghiep\data\processed\full_org\original_49_2.png,D:\GitHub\Do_an_tot_nghiep\data\processed\full_org\original_25_1.png,0,random_forgery,49,25
D:\GitHub\Do_an_tot_nghiep\data\processed\full_org\original_36_12.png,D:\GitHub\Do_an_tot_nghiep\data\processed\full_forg\forgeries_36_3.png,0,skilled_forgery,36,36
D:\GitHub\Do_an_tot_nghiep\data\processed\full_org\original_22_15.png,D:\GitHub\Do_an_tot_nghiep\data\processed\full_org\original_22_6.png,1,genuine_genuine,22,22
D:\GitHub\Do_an_tot_nghiep\data\processed\full_org\original_51_14.png,D:\GitHub\Do_an_tot_nghiep\data\processed\full_org\original_51_7.png,1,genuine_genuine,51,51
D:\GitHub\Do_an_tot_nghiep\data\processed\full_org\original_34_9.png,D:\GitHub\Do_an_tot_nghiep\data\processed\full_org\original_49_8.png,0,random_forgery,34,49
D:\GitHub\Do_an_tot_nghiep\data\processed\full_org\original_28_24.png,D:\GitHub\Do_an_tot_nghiep\data\processed\full_org\original_28_8.png,1,genuine_genuine,28,28
D:\GitHub\Do_an_tot_nghiep\data\processed\full_org\original_34_10.png,D:\GitHub\Do_an_tot_nghiep\data\processed\full_org\original_34_22.png,1,genuine_genuine,34,34
D:\GitHub\Do_an_tot_nghiep\data\processed\full_org\original_5_15.png,D:\GitHub\Do_an_tot_nghiep\data\processed\full_forg\forgeries_5_5.png,0,skilled_forgery,5,5
D:\GitHub\Do_an_tot_nghiep\data\processed\full_org\original_17_6.png,D:\GitHub\Do_an_tot_nghiep\data\processed\full_org\original_28_11.png,0,random_forgery,17,28
D:\GitHub\Do_an_tot_nghiep\data\processed\full_org\original_38_10.png,D:\GitHub\Do_an_tot_nghiep\data\processed\full_org\original_38_12.png,1,genuine_genuine,38,38
D:\GitHub\Do_an_tot_nghiep\data\processed\full_org\original_12_18.png,D:\GitHub\Do_an_tot_nghiep\data\processed\full_forg\forgeries_12_15.png,0,skilled_forgery,12,12
D:\GitHub\Do_an_tot_nghiep\data\processed\full_org\original_29_2.png,D:\GitHub\Do_an_tot_nghiep\data\processed\full_org\original_29_7.png,1,genuine_genuine,29,29
D:\GitHub\Do_an_tot_nghiep\data\processed\full_org\original_38_10.png,D:\GitHub\Do_an_tot_nghiep\data\processed\full_org\original_18_2.png,0,random_forgery,38,18
D:\GitHub\Do_an_tot_nghiep\data\processed\full_org\original_3_12.png,D:\GitHub\Do_an_tot_nghiep\data\processed\full_org\original_3_4.png,1,genuine_genuine,3,3
D:\GitHub\Do_an_tot_nghiep\data\processed\full_org\original_24_12.png,D:\GitHub\Do_an_tot_nghiep\data\processed\full_org\original_24_21.png,1,genuine_genuine,24,24
D:\GitHub\Do_an_tot_nghiep\data\processed\full_org\original_24_13.png,D:\GitHub\Do_an_tot_nghiep\data\processed\full_org\original_25_14.png,0,random_forgery,24,25
D:\GitHub\Do_an_tot_nghiep\data\processed\full_org\original_21_4.png,D:\GitHub\Do_an_tot_nghiep\data\processed\full_forg\forgeries_21_5.png,0,skilled_forgery,21,21
D:\GitHub\Do_an_tot_nghiep\data\processed\full_org\original_19_19.png,D:\GitHub\Do_an_tot_nghiep\data\processed\full_forg\forgeries_19_12.png,0,skilled_forgery,19,19
D:\GitHub\Do_an_tot_nghiep\data\processed\full_org\original_49_16.png,D:\GitHub\Do_an_tot_nghiep\data\processed\full_forg\forgeries_49_22.png,0,skilled_forgery,49,49
D:\GitHub\Do_an_tot_nghiep\data\processed\full_org\original_21_13.png,D:\GitHub\Do_an_tot_nghiep\data\processed\full_org\original_21_24.png,1,genuine_genuine,21,21
D:\GitHub\Do_an_tot_nghiep\data\processed\full_org\original_19_10.png,D:\GitHub\Do_an_tot_nghiep\data\processed\full_org\original_51_8.png,0,random_forgery,19,51
D:\GitHub\Do_an_tot_nghiep\data\processed\full_org\original_1_6.png,D:\GitHub\Do_an_tot_nghiep\data\processed\full_org\original_49_3.png,0,random_forgery,1,49
D:\GitHub\Do_an_tot_nghiep\data\processed\full_org\original_38_13.png,D:\GitHub\Do_an_tot_nghiep\data\processed\full_org\original_38_2.png,1,genuine_genuine,38,38
D:\GitHub\Do_an_tot_nghiep\data\processed\full_org\original_22_7.png,D:\GitHub\Do_an_tot_nghiep\data\processed\full_org\original_12_1.png,0,random_forgery,22,12
D:\GitHub\Do_an_tot_nghiep\data\processed\full_org\original_47_13.png,D:\GitHub\Do_an_tot_nghiep\data\processed\full_org\original_47_4.png,1,genuine_genuine,47,47
D:\GitHub\Do_an_tot_nghiep\data\processed\full_org\original_11_22.png,D:\GitHub\Do_an_tot_nghiep\data\processed\full_forg\forgeries_11_17.png,0,skilled_forgery,11,11
D:\GitHub\Do_an_tot_nghiep\data\processed\full_org\original_18_17.png,D:\GitHub\Do_an_tot_nghiep\data\processed\full_org\original_18_23.png,1,genuine_genuine,18,18
D:\GitHub\Do_an_tot_nghiep\data\processed\full_org\original_3_14.png,D:\GitHub\Do_an_tot_nghiep\data\processed\full_org\original_3_7.png,1,genuine_genuine,3,3
D:\GitHub\Do_an_tot_nghiep\data\processed\full_org\original_22_21.png,D:\GitHub\Do_an_tot_nghiep\data\processed\full_forg\forgeries_22_6.png,0,skilled_forgery,22,22
D:\GitHub\Do_an_tot_nghiep\data\processed\full_org\original_55_12.png,D:\GitHub\Do_an_tot_nghiep\data\processed\full_org\original_55_23.png,1,genuine_genuine,55,55
D:\GitHub\Do_an_tot_nghiep\data\processed\full_org\original_25_4.png,D:\GitHub\Do_an_tot_nghiep\data\processed\full_org\original_43_6.png,0,random_forgery,25,43
D:\GitHub\Do_an_tot_nghiep\data\processed\full_org\original_16_17.png,D:\GitHub\Do_an_tot_nghiep\data\processed\full_org\original_12_10.png,0,random_forgery,16,12
D:\GitHub\Do_an_tot_nghiep\data\processed\full_org\original_37_17.png,D:\GitHub\Do_an_tot_nghiep\data\processed\full_org\original_37_3.png,1,genuine_genuine,37,37
D:\GitHub\Do_an_tot_nghiep\data\processed\full_org\original_22_9.png,D:\GitHub\Do_an_tot_nghiep\data\processed\full_forg\forgeries_22_22.png,0,skilled_forgery,22,22
D:\GitHub\Do_an_tot_nghiep\data\processed\full_org\original_5_2.png,D:\GitHub\Do_an_tot_nghiep\data\processed\full_org\original_5_5.png,1,genuine_genuine,5,5
D:\GitHub\Do_an_tot_nghiep\data\processed\full_org\original_5_20.png,D:\GitHub\Do_an_tot_nghiep\data\processed\full_org\original_10_18.png,0,random_forgery,5,10
D:\GitHub\Do_an_tot_nghiep\data\processed\full_org\original_3_4.png,D:\GitHub\Do_an_tot_nghiep\data\processed\full_forg\forgeries_3_19.png,0,skilled_forgery,3,3
D:\GitHub\Do_an_tot_nghiep\data\processed\full_org\original_22_6.png,D:\GitHub\Do_an_tot_nghiep\data\processed\full_org\original_22_8.png,1,genuine_genuine,22,22
D:\GitHub\Do_an_tot_nghiep\data\processed\full_org\original_24_11.png,D:\GitHub\Do_an_tot_nghiep\data\processed\full_forg\forgeries_24_20.png,0,skilled_forgery,24,24
D:\GitHub\Do_an_tot_nghiep\data\processed\full_org\original_25_14.png,D:\GitHub\Do_an_tot_nghiep\data\processed\full_forg\forgeries_25_11.png,0,skilled_forgery,25,25
D:\GitHub\Do_an_tot_nghiep\data\processed\full_org\original_46_3.png,D:\GitHub\Do_an_tot_nghiep\data\processed\full_org\original_22_1.png,0,random_forgery,46,22
D:\GitHub\Do_an_tot_nghiep\data\processed\full_org\original_7_12.png,D:\GitHub\Do_an_tot_nghiep\data\processed\full_org\original_7_2.png,1,genuine_genuine,7,7
D:\GitHub\Do_an_tot_nghiep\data\processed\full_org\original_7_18.png,D:\GitHub\Do_an_tot_nghiep\data\processed\full_org\original_11_16.png,0,random_forgery,7,11
D:\GitHub\Do_an_tot_nghiep\data\processed\full_org\original_21_17.png,D:\GitHub\Do_an_tot_nghiep\data\processed\full_org\original_21_23.png,1,genuine_genuine,21,21
D:\GitHub\Do_an_tot_nghiep\data\processed\full_org\original_30_10.png,D:\GitHub\Do_an_tot_nghiep\data\processed\full_org\original_30_21.png,1,genuine_genuine,30,30
D:\GitHub\Do_an_tot_nghiep\data\processed\full_org\original_34_1.png,D:\GitHub\Do_an_tot_nghiep\data\processed\full_forg\forgeries_34_1.png,0,skilled_forgery,34,34
D:\GitHub\Do_an_tot_nghiep\data\processed\full_org\original_21_12.png,D:\GitHub\Do_an_tot_nghiep\data\processed\full_org\original_21_15.png,1,genuine_genuine,21,21
D:\GitHub\Do_an_tot_nghiep\data\processed\full_org\original_40_12.png,D:\GitHub\Do_an_tot_nghiep\data\processed\full_forg\forgeries_40_14.png,0,skilled_forgery,40,40
D:\GitHub\Do_an_tot_nghiep\data\processed\full_org\original_45_15.png,D:\GitHub\Do_an_tot_nghiep\data\processed\full_org\original_45_24.png,1,genuine_genuine,45,45
D:\GitHub\Do_an_tot_nghiep\data\processed\full_org\original_53_19.png,D:\GitHub\Do_an_tot_nghiep\data\processed\full_org\original_53_20.png,1,genuine_genuine,53,53
D:\GitHub\Do_an_tot_nghiep\data\processed\full_org\original_25_20.png,D:\GitHub\Do_an_tot_nghiep\data\processed\full_org\original_25_9.png,1,genuine_genuine,25,25
D:\GitHub\Do_an_tot_nghiep\data\processed\full_org\original_21_4.png,D:\GitHub\Do_an_tot_nghiep\data\processed\full_org\original_21_8.png,1,genuine_genuine,21,21
D:\GitHub\Do_an_tot_nghiep\data\processed\full_org\original_28_13.png,D:\GitHub\Do_an_tot_nghiep\data\processed\full_org\original_28_21.png,1,genuine_genuine,28,28
D:\GitHub\Do_an_tot_nghiep\data\processed\full_org\original_39_16.png,D:\GitHub\Do_an_tot_nghiep\data\processed\full_forg\forgeries_39_8.png,0,skilled_forgery,39,39
D:\GitHub\Do_an_tot_nghiep\data\processed\full_org\original_4_16.png,D:\GitHub\Do_an_tot_nghiep\data\processed\full_forg\forgeries_4_9.png,0,skilled_forgery,4,4
D:\GitHub\Do_an_tot_nghiep\data\processed\full_org\original_7_5.png,D:\GitHub\Do_an_tot_nghiep\data\processed\full_org\original_30_2.png,0,random_forgery,7,30
D:\GitHub\Do_an_tot_nghiep\data\processed\full_org\original_26_1.png,D:\GitHub\Do_an_tot_nghiep\data\processed\full_forg\forgeries_26_21.png,0,skilled_forgery,26,26
D:\GitHub\Do_an_tot_nghiep\data\processed\full_org\original_21_24.png,D:\GitHub\Do_an_tot_nghiep\data\processed\full_org\original_21_8.png,1,genuine_genuine,21,21
D:\GitHub\Do_an_tot_nghiep\data\processed\full_org\original_11_11.png,D:\GitHub\Do_an_tot_nghiep\data\processed\full_org\original_5_11.png,0,random_forgery,11,5
D:\GitHub\Do_an_tot_nghiep\data\processed\full_org\original_51_1.png,D:\GitHub\Do_an_tot_nghiep\data\processed\full_org\original_1_21.png,0,random_forgery,51,1
D:\GitHub\Do_an_tot_nghiep\data\processed\full_org\original_37_19.png,D:\GitHub\Do_an_tot_nghiep\data\processed\full_forg\forgeries_37_16.png,0,skilled_forgery,37,37
D:\GitHub\Do_an_tot_nghiep\data\processed\full_org\original_25_14.png,D:\GitHub\Do_an_tot_nghiep\data\processed\full_org\original_11_15.png,0,random_forgery,25,11
D:\GitHub\Do_an_tot_nghiep\data\processed\full_org\original_38_13.png,D:\GitHub\Do_an_tot_nghiep\data\processed\full_org\original_38_22.png,1,genuine_genuine,38,38
D:\GitHub\Do_an_tot_nghiep\data\processed\full_org\original_39_23.png,D:\GitHub\Do_an_tot_nghiep\data\processed\full_org\original_55_20.png,0,random_forgery,39,55
D:\GitHub\Do_an_tot_nghiep\data\processed\full_org\original_55_15.png,D:\GitHub\Do_an_tot_nghiep\data\processed\full_forg\forgeries_55_4.png,0,skilled_forgery,55,55
D:\GitHub\Do_an_tot_nghiep\data\processed\full_org\original_18_21.png,D:\GitHub\Do_an_tot_nghiep\data\processed\full_forg\forgeries_18_14.png,0,skilled_forgery,18,18
D:\GitHub\Do_an_tot_nghiep\data\processed\full_org\original_3_16.png,D:\GitHub\Do_an_tot_nghiep\data\processed\full_org\original_3_20.png,1,genuine_genuine,3,3
D:\GitHub\Do_an_tot_nghiep\data\processed\full_org\original_18_5.png,D:\GitHub\Do_an_tot_nghiep\data\processed\full_org\original_18_9.png,1,genuine_genuine,18,18
D:\GitHub\Do_an_tot_nghiep\data\processed\full_org\original_38_21.png,D:\GitHub\Do_an_tot_nghiep\data\processed\full_forg\forgeries_38_20.png,0,skilled_forgery,38,38
D:\GitHub\Do_an_tot_nghiep\data\processed\full_org\original_4_6.png,D:\GitHub\Do_an_tot_nghiep\data\processed\full_org\original_55_8.png,0,random_forgery,4,55
D:\GitHub\Do_an_tot_nghiep\data\processed\full_org\original_40_24.png,D:\GitHub\Do_an_tot_nghiep\data\processed\full_org\original_40_7.png,1,genuine_genuine,40,40
D:\GitHub\Do_an_tot_nghiep\data\processed\full_org\original_22_6.png,D:\GitHub\Do_an_tot_nghiep\data\processed\full_org\original_22_9.png,1,genuine_genuine,22,22
D:\GitHub\Do_an_tot_nghiep\data\processed\full_org\original_43_10.png,D:\GitHub\Do_an_tot_nghiep\data\processed\full_forg\forgeries_43_17.png,0,skilled_forgery,43,43
D:\GitHub\Do_an_tot_nghiep\data\processed\full_org\original_17_23.png,D:\GitHub\Do_an_tot_nghiep\data\processed\full_forg\forgeries_17_7.png,0,skilled_forgery,17,17
D:\GitHub\Do_an_tot_nghiep\data\processed\full_org\original_26_17.png,D:\GitHub\Do_an_tot_nghiep\data\processed\full_forg\forgeries_26_22.png,0,skilled_forgery,26,26
D:\GitHub\Do_an_tot_nghiep\data\processed\full_org\original_51_10.png,D:\GitHub\Do_an_tot_nghiep\data\processed\full_org\original_51_17.png,1,genuine_genuine,51,51
D:\GitHub\Do_an_tot_nghiep\data\processed\full_org\original_31_24.png,D:\GitHub\Do_an_tot_nghiep\data\processed\full_org\original_31_7.png,1,genuine_genuine,31,31
D:\GitHub\Do_an_tot_nghiep\data\processed\full_org\original_11_23.png,D:\GitHub\Do_an_tot_nghiep\data\processed\full_org\original_11_6.png,1,genuine_genuine,11,11
D:\GitHub\Do_an_tot_nghiep\data\processed\full_org\original_45_16.png,D:\GitHub\Do_an_tot_nghiep\data\processed\full_forg\forgeries_45_9.png,0,skilled_forgery,45,45
D:\GitHub\Do_an_tot_nghiep\data\processed\full_org\original_3_4.png,D:\GitHub\Do_an_tot_nghiep\data\processed\full_forg\forgeries_3_4.png,0,skilled_forgery,3,3
D:\GitHub\Do_an_tot_nghiep\data\processed\full_org\original_34_4.png,D:\GitHub\Do_an_tot_nghiep\data\processed\full_forg\forgeries_34_22.png,0,skilled_forgery,34,34
D:\GitHub\Do_an_tot_nghiep\data\processed\full_org\original_5_14.png,D:\GitHub\Do_an_tot_nghiep\data\processed\full_org\original_5_21.png,1,genuine_genuine,5,5
D:\GitHub\Do_an_tot_nghiep\data\processed\full_org\original_40_20.png,D:\GitHub\Do_an_tot_nghiep\data\processed\full_org\original_40_9.png,1,genuine_genuine,40,40
D:\GitHub\Do_an_tot_nghiep\data\processed\full_org\original_46_11.png,D:\GitHub\Do_an_tot_nghiep\data\processed\full_forg\forgeries_46_16.png,0,skilled_forgery,46,46
D:\GitHub\Do_an_tot_nghiep\data\processed\full_org\original_47_7.png,D:\GitHub\Do_an_tot_nghiep\data\processed\full_forg\forgeries_47_15.png,0,skilled_forgery,47,47
D:\GitHub\Do_an_tot_nghiep\data\processed\full_org\original_55_8.png,D:\GitHub\Do_an_tot_nghiep\data\processed\full_org\original_38_3.png,0,random_forgery,55,38
D:\GitHub\Do_an_tot_nghiep\data\processed\full_org\original_47_6.png,D:\GitHub\Do_an_tot_nghiep\data\processed\full_forg\forgeries_47_2.png,0,skilled_forgery,47,47
D:\GitHub\Do_an_tot_nghiep\data\processed\full_org\original_22_17.png,D:\GitHub\Do_an_tot_nghiep\data\processed\full_org\original_22_22.png,1,genuine_genuine,22,22
D:\GitHub\Do_an_tot_nghiep\data\processed\full_org\original_29_16.png,D:\GitHub\Do_an_tot_nghiep\data\processed\full_org\original_22_6.png,0,random_forgery,29,22
D:\GitHub\Do_an_tot_nghiep\data\processed\full_org\original_10_5.png,D:\GitHub\Do_an_tot_nghiep\data\processed\full_forg\forgeries_10_3.png,0,skilled_forgery,10,10
D:\GitHub\Do_an_tot_nghiep\data\processed\full_org\original_36_14.png,D:\GitHub\Do_an_tot_nghiep\data\processed\full_org\original_18_23.png,0,random_forgery,36,18
D:\GitHub\Do_an_tot_nghiep\data\processed\full_org\original_51_9.png,D:\GitHub\Do_an_tot_nghiep\data\processed\full_forg\forgeries_51_11.png,0,skilled_forgery,51,51
D:\GitHub\Do_an_tot_nghiep\data\processed\full_org\original_47_14.png,D:\GitHub\Do_an_tot_nghiep\data\processed\full_forg\forgeries_47_8.png,0,skilled_forgery,47,47
D:\GitHub\Do_an_tot_nghiep\data\processed\full_org\original_21_4.png,D:\GitHub\Do_an_tot_nghiep\data\processed\full_org\original_38_22.png,0,random_forgery,21,38
D:\GitHub\Do_an_tot_nghiep\data\processed\full_org\original_30_17.png,D:\GitHub\Do_an_tot_nghiep\data\processed\full_forg\forgeries_30_7.png,0,skilled_forgery,30,30
D:\GitHub\Do_an_tot_nghiep\data\processed\full_org\original_29_17.png,D:\GitHub\Do_an_tot_nghiep\data\processed\full_forg\forgeries_29_2.png,0,skilled_forgery,29,29
D:\GitHub\Do_an_tot_nghiep\data\processed\full_org\original_46_1.png,D:\GitHub\Do_an_tot_nghiep\data\processed\full_org\original_46_5.png,1,genuine_genuine,46,46
D:\GitHub\Do_an_tot_nghiep\data\processed\full_org\original_34_3.png,D:\GitHub\Do_an_tot_nghiep\data\processed\full_forg\forgeries_34_10.png,0,skilled_forgery,34,34
D:\GitHub\Do_an_tot_nghiep\data\processed\full_org\original_16_10.png,D:\GitHub\Do_an_tot_nghiep\data\processed\full_forg\forgeries_16_5.png,0,skilled_forgery,16,16
D:\GitHub\Do_an_tot_nghiep\data\processed\full_org\original_28_14.png,D:\GitHub\Do_an_tot_nghiep\data\processed\full_org\original_28_9.png,1,genuine_genuine,28,28
D:\GitHub\Do_an_tot_nghiep\data\processed\full_org\original_4_13.png,D:\GitHub\Do_an_tot_nghiep\data\processed\full_forg\forgeries_4_1.png,0,skilled_forgery,4,4
D:\GitHub\Do_an_tot_nghiep\data\processed\full_org\original_11_1.png,D:\GitHub\Do_an_tot_nghiep\data\processed\full_org\original_11_4.png,1,genuine_genuine,11,11
D:\GitHub\Do_an_tot_nghiep\data\processed\full_org\original_18_11.png,D:\GitHub\Do_an_tot_nghiep\data\processed\full_org\original_18_4.png,1,genuine_genuine,18,18
D:\GitHub\Do_an_tot_nghiep\data\processed\full_org\original_40_5.png,D:\GitHub\Do_an_tot_nghiep\data\processed\full_forg\forgeries_40_6.png,0,skilled_forgery,40,40
D:\GitHub\Do_an_tot_nghiep\data\processed\full_org\original_4_6.png,D:\GitHub\Do_an_tot_nghiep\data\processed\full_org\original_5_7.png,0,random_forgery,4,5
D:\GitHub\Do_an_tot_nghiep\data\processed\full_org\original_22_17.png,D:\GitHub\Do_an_tot_nghiep\data\processed\full_org\original_22_2.png,1,genuine_genuine,22,22
D:\GitHub\Do_an_tot_nghiep\data\processed\full_org\original_39_21.png,D:\GitHub\Do_an_tot_nghiep\data\processed\full_org\original_51_21.png,0,random_forgery,39,51
D:\GitHub\Do_an_tot_nghiep\data\processed\full_org\original_5_16.png,D:\GitHub\Do_an_tot_nghiep\data\processed\full_org\original_5_6.png,1,genuine_genuine,5,5
D:\GitHub\Do_an_tot_nghiep\data\processed\full_org\original_29_14.png,D:\GitHub\Do_an_tot_nghiep\data\processed\full_forg\forgeries_29_9.png,0,skilled_forgery,29,29
D:\GitHub\Do_an_tot_nghiep\data\processed\full_org\original_24_22.png,D:\GitHub\Do_an_tot_nghiep\data\processed\full_forg\forgeries_24_7.png,0,skilled_forgery,24,24
D:\GitHub\Do_an_tot_nghiep\data\processed\full_org\original_24_9.png,D:\GitHub\Do_an_tot_nghiep\data\processed\full_forg\forgeries_24_12.png,0,skilled_forgery,24,24
D:\GitHub\Do_an_tot_nghiep\data\processed\full_org\original_45_17.png,D:\GitHub\Do_an_tot_nghiep\data\processed\full_org\original_45_23.png,1,genuine_genuine,45,45
D:\GitHub\Do_an_tot_nghiep\data\processed\full_org\original_34_6.png,D:\GitHub\Do_an_tot_nghiep\data\processed\full_forg\forgeries_34_14.png,0,skilled_forgery,34,34
D:\GitHub\Do_an_tot_nghiep\data\processed\full_org\original_29_1.png,D:\GitHub\Do_an_tot_nghiep\data\processed\full_org\original_29_24.png,1,genuine_genuine,29,29
D:\GitHub\Do_an_tot_nghiep\data\processed\full_org\original_1_16.png,D:\GitHub\Do_an_tot_nghiep\data\processed\full_forg\forgeries_1_15.png,0,skilled_forgery,1,1
D:\GitHub\Do_an_tot_nghiep\data\processed\full_org\original_39_22.png,D:\GitHub\Do_an_tot_nghiep\data\processed\full_org\original_49_7.png,0,random_forgery,39,49
D:\GitHub\Do_an_tot_nghiep\data\processed\full_org\original_16_1.png,D:\GitHub\Do_an_tot_nghiep\data\processed\full_org\original_19_24.png,0,random_forgery,16,19
D:\GitHub\Do_an_tot_nghiep\data\processed\full_org\original_43_17.png,D:\GitHub\Do_an_tot_nghiep\data\processed\full_org\original_43_22.png,1,genuine_genuine,43,43
D:\GitHub\Do_an_tot_nghiep\data\processed\full_org\original_47_8.png,D:\GitHub\Do_an_tot_nghiep\data\processed\full_forg\forgeries_47_3.png,0,skilled_forgery,47,47
D:\GitHub\Do_an_tot_nghiep\data\processed\full_org\original_36_15.png,D:\GitHub\Do_an_tot_nghiep\data\processed\full_org\original_36_5.png,1,genuine_genuine,36,36
D:\GitHub\Do_an_tot_nghiep\data\processed\full_org\original_45_3.png,D:\GitHub\Do_an_tot_nghiep\data\processed\full_org\original_24_13.png,0,random_forgery,45,24
D:\GitHub\Do_an_tot_nghiep\data\processed\full_org\original_4_5.png,D:\GitHub\Do_an_tot_nghiep\data\processed\full_org\original_4_7.png,1,genuine_genuine,4,4
D:\GitHub\Do_an_tot_nghiep\data\processed\full_org\original_10_10.png,D:\GitHub\Do_an_tot_nghiep\data\processed\full_org\original_10_9.png,1,genuine_genuine,10,10
D:\GitHub\Do_an_tot_nghiep\data\processed\full_org\original_26_20.png,D:\GitHub\Do_an_tot_nghiep\data\processed\full_forg\forgeries_26_17.png,0,skilled_forgery,26,26
D:\GitHub\Do_an_tot_nghiep\data\processed\full_org\original_40_2.png,D:\GitHub\Do_an_tot_nghiep\data\processed\full_forg\forgeries_40_19.png,0,skilled_forgery,40,40
D:\GitHub\Do_an_tot_nghiep\data\processed\full_org\original_25_11.png,D:\GitHub\Do_an_tot_nghiep\data\processed\full_org\original_25_12.png,1,genuine_genuine,25,25
D:\GitHub\Do_an_tot_nghiep\data\processed\full_org\original_30_19.png,D:\GitHub\Do_an_tot_nghiep\data\processed\full_org\original_22_3.png,0,random_forgery,30,22
D:\GitHub\Do_an_tot_nghiep\data\processed\full_org\original_38_24.png,D:\GitHub\Do_an_tot_nghiep\data\processed\full_forg\forgeries_38_16.png,0,skilled_forgery,38,38
D:\GitHub\Do_an_tot_nghiep\data\processed\full_org\original_18_1.png,D:\GitHub\Do_an_tot_nghiep\data\processed\full_org\original_18_2.png,1,genuine_genuine,18,18
D:\GitHub\Do_an_tot_nghiep\data\processed\full_org\original_16_5.png,D:\GitHub\Do_an_tot_nghiep\data\processed\full_org\original_16_6.png,1,genuine_genuine,16,16
D:\GitHub\Do_an_tot_nghiep\data\processed\full_org\original_49_14.png,D:\GitHub\Do_an_tot_nghiep\data\processed\full_org\original_49_6.png,1,genuine_genuine,49,49
D:\GitHub\Do_an_tot_nghiep\data\processed\full_org\original_5_18.png,D:\GitHub\Do_an_tot_nghiep\data\processed\full_forg\forgeries_5_24.png,0,skilled_forgery,5,5
D:\GitHub\Do_an_tot_nghiep\data\processed\full_org\original_28_16.png,D:\GitHub\Do_an_tot_nghiep\data\processed\full_org\original_28_24.png,1,genuine_genuine,28,28
D:\GitHub\Do_an_tot_nghiep\data\processed\full_org\original_38_23.png,D:\GitHub\Do_an_tot_nghiep\data\processed\full_forg\forgeries_38_13.png,0,skilled_forgery,38,38
D:\GitHub\Do_an_tot_nghiep\data\processed\full_org\original_40_20.png,D:\GitHub\Do_an_tot_nghiep\data\processed\full_org\original_40_23.png,1,genuine_genuine,40,40
D:\GitHub\Do_an_tot_nghiep\data\processed\full_org\original_17_1.png,D:\GitHub\Do_an_tot_nghiep\data\processed\full_org\original_17_24.png,1,genuine_genuine,17,17
D:\GitHub\Do_an_tot_nghiep\data\processed\full_org\original_22_21.png,D:\GitHub\Do_an_tot_nghiep\data\processed\full_org\original_22_24.png,1,genuine_genuine,22,22
D:\GitHub\Do_an_tot_nghiep\data\processed\full_org\original_46_8.png,D:\GitHub\Do_an_tot_nghiep\data\processed\full_forg\forgeries_46_16.png,0,skilled_forgery,46,46
D:\GitHub\Do_an_tot_nghiep\data\processed\full_org\original_12_3.png,D:\GitHub\Do_an_tot_nghiep\data\processed\full_forg\forgeries_12_3.png,0,skilled_forgery,12,12
D:\GitHub\Do_an_tot_nghiep\data\processed\full_org\original_1_10.png,D:\GitHub\Do_an_tot_nghiep\data\processed\full_org\original_30_6.png,0,random_forgery,1,30
D:\GitHub\Do_an_tot_nghiep\data\processed\full_org\original_25_14.png,D:\GitHub\Do_an_tot_nghiep\data\processed\full_forg\forgeries_25_4.png,0,skilled_forgery,25,25
D:\GitHub\Do_an_tot_nghiep\data\processed\full_org\original_36_11.png,D:\GitHub\Do_an_tot_nghiep\data\processed\full_org\original_36_12.png,1,genuine_genuine,36,36
D:\GitHub\Do_an_tot_nghiep\data\processed\full_org\original_16_15.png,D:\GitHub\Do_an_tot_nghiep\data\processed\full_forg\forgeries_16_18.png,0,skilled_forgery,16,16
D:\GitHub\Do_an_tot_nghiep\data\processed\full_org\original_17_14.png,D:\GitHub\Do_an_tot_nghiep\data\processed\full_org\original_17_4.png,1,genuine_genuine,17,17
D:\GitHub\Do_an_tot_nghiep\data\processed\full_org\original_29_18.png,D:\GitHub\Do_an_tot_nghiep\data\processed\full_org\original_29_7.png,1,genuine_genuine,29,29
D:\GitHub\Do_an_tot_nghiep\data\processed\full_org\original_25_21.png,D:\GitHub\Do_an_tot_nghiep\data\processed\full_forg\forgeries_25_1.png,0,skilled_forgery,25,25
D:\GitHub\Do_an_tot_nghiep\data\processed\full_org\original_10_3.png,D:\GitHub\Do_an_tot_nghiep\data\processed\full_org\original_10_9.png,1,genuine_genuine,10,10
D:\GitHub\Do_an_tot_nghiep\data\processed\full_org\original_21_19.png,D:\GitHub\Do_an_tot_nghiep\data\processed\full_forg\forgeries_21_1.png,0,skilled_forgery,21,21
D:\GitHub\Do_an_tot_nghiep\data\processed\full_org\original_34_7.png,D:\GitHub\Do_an_tot_nghiep\data\processed\full_forg\forgeries_34_20.png,0,skilled_forgery,34,34
D:\GitHub\Do_an_tot_nghiep\data\processed\full_org\original_11_23.png,D:\GitHub\Do_an_tot_nghiep\data\processed\full_org\original_11_8.png,1,genuine_genuine,11,11
D:\GitHub\Do_an_tot_nghiep\data\processed\full_org\original_21_20.png,D:\GitHub\Do_an_tot_nghiep\data\processed\full_forg\forgeries_21_6.png,0,skilled_forgery,21,21
D:\GitHub\Do_an_tot_nghiep\data\processed\full_org\original_3_13.png,D:\GitHub\Do_an_tot_nghiep\data\processed\full_org\original_53_19.png,0,random_forgery,3,53
D:\GitHub\Do_an_tot_nghiep\data\processed\full_org\original_55_12.png,D:\GitHub\Do_an_tot_nghiep\data\processed\full_org\original_55_24.png,1,genuine_genuine,55,55
D:\GitHub\Do_an_tot_nghiep\data\processed\full_org\original_26_7.png,D:\GitHub\Do_an_tot_nghiep\data\processed\full_forg\forgeries_26_2.png,0,skilled_forgery,26,26
D:\GitHub\Do_an_tot_nghiep\data\processed\full_org\original_30_24.png,D:\GitHub\Do_an_tot_nghiep\data\processed\full_org\original_30_8.png,1,genuine_genuine,30,30
D:\GitHub\Do_an_tot_nghiep\data\processed\full_org\original_17_20.png,D:\GitHub\Do_an_tot_nghiep\data\processed\full_org\original_17_23.png,1,genuine_genuine,17,17
D:\GitHub\Do_an_tot_nghiep\data\processed\full_org\original_24_3.png,D:\GitHub\Do_an_tot_nghiep\data\processed\full_forg\forgeries_24_7.png,0,skilled_forgery,24,24
D:\GitHub\Do_an_tot_nghiep\data\processed\full_org\original_55_23.png,D:\GitHub\Do_an_tot_nghiep\data\processed\full_org\original_47_13.png,0,random_forgery,55,47
D:\GitHub\Do_an_tot_nghiep\data\processed\full_org\original_45_6.png,D:\GitHub\Do_an_tot_nghiep\data\processed\full_forg\forgeries_45_20.png,0,skilled_forgery,45,45
D:\GitHub\Do_an_tot_nghiep\data\processed\full_org\original_25_18.png,D:\GitHub\Do_an_tot_nghiep\data\processed\full_org\original_25_9.png,1,genuine_genuine,25,25
D:\GitHub\Do_an_tot_nghiep\data\processed\full_org\original_30_17.png,D:\GitHub\Do_an_tot_nghiep\data\processed\full_org\original_30_21.png,1,genuine_genuine,30,30
D:\GitHub\Do_an_tot_nghiep\data\processed\full_org\original_53_13.png,D:\GitHub\Do_an_tot_nghiep\data\processed\full_org\original_53_7.png,1,genuine_genuine,53,53
D:\GitHub\Do_an_tot_nghiep\data\processed\full_org\original_21_22.png,D:\GitHub\Do_an_tot_nghiep\data\processed\full_forg\forgeries_21_10.png,0,skilled_forgery,21,21
D:\GitHub\Do_an_tot_nghiep\data\processed\full_org\original_38_10.png,D:\GitHub\Do_an_tot_nghiep\data\processed\full_org\original_38_21.png,1,genuine_genuine,38,38
D:\GitHub\Do_an_tot_nghiep\data\processed\full_org\original_11_2.png,D:\GitHub\Do_an_tot_nghiep\data\processed\full_org\original_11_5.png,1,genuine_genuine,11,11
D:\GitHub\Do_an_tot_nghiep\data\processed\full_org\original_29_7.png,D:\GitHub\Do_an_tot_nghiep\data\processed\full_forg\forgeries_29_14.png,0,skilled_forgery,29,29
D:\GitHub\Do_an_tot_nghiep\data\processed\full_org\original_31_14.png,D:\GitHub\Do_an_tot_nghiep\data\processed\full_forg\forgeries_31_19.png,0,skilled_forgery,31,31
D:\GitHub\Do_an_tot_nghiep\data\processed\full_org\original_3_20.png,D:\GitHub\Do_an_tot_nghiep\data\processed\full_forg\forgeries_3_20.png,0,skilled_forgery,3,3
D:\GitHub\Do_an_tot_nghiep\data\processed\full_org\original_28_24.png,D:\GitHub\Do_an_tot_nghiep\data\processed\full_forg\forgeries_28_17.png,0,skilled_forgery,28,28
D:\GitHub\Do_an_tot_nghiep\data\processed\full_org\original_39_16.png,D:\GitHub\Do_an_tot_nghiep\data\processed\full_org\original_39_7.png,1,genuine_genuine,39,39
D:\GitHub\Do_an_tot_nghiep\data\processed\full_org\original_29_15.png,D:\GitHub\Do_an_tot_nghiep\data\processed\full_org\original_29_16.png,1,genuine_genuine,29,29
D:\GitHub\Do_an_tot_nghiep\data\processed\full_org\original_36_2.png,D:\GitHub\Do_an_tot_nghiep\data\processed\full_forg\forgeries_36_16.png,0,skilled_forgery,36,36
D:\GitHub\Do_an_tot_nghiep\data\processed\full_org\original_12_22.png,D:\GitHub\Do_an_tot_nghiep\data\processed\full_org\original_12_5.png,1,genuine_genuine,12,12
D:\GitHub\Do_an_tot_nghiep\data\processed\full_org\original_47_9.png,D:\GitHub\Do_an_tot_nghiep\data\processed\full_forg\forgeries_47_1.png,0,skilled_forgery,47,47
D:\GitHub\Do_an_tot_nghiep\data\processed\full_org\original_36_1.png,D:\GitHub\Do_an_tot_nghiep\data\processed\full_org\original_36_24.png,1,genuine_genuine,36,36
D:\GitHub\Do_an_tot_nghiep\data\processed\full_org\original_49_11.png,D:\GitHub\Do_an_tot_nghiep\data\processed\full_org\original_12_10.png,0,random_forgery,49,12
D:\GitHub\Do_an_tot_nghiep\data\processed\full_org\original_1_17.png,D:\GitHub\Do_an_tot_nghiep\data\processed\full_org\original_1_18.png,1,genuine_genuine,1,1
D:\GitHub\Do_an_tot_nghiep\data\processed\full_org\original_46_12.png,D:\GitHub\Do_an_tot_nghiep\data\processed\full_org\original_46_17.png,1,genuine_genuine,46,46
D:\GitHub\Do_an_tot_nghiep\data\processed\full_org\original_3_2.png,D:\GitHub\Do_an_tot_nghiep\data\processed\full_forg\forgeries_3_19.png,0,skilled_forgery,3,3
D:\GitHub\Do_an_tot_nghiep\data\processed\full_org\original_16_9.png,D:\GitHub\Do_an_tot_nghiep\data\processed\full_forg\forgeries_16_23.png,0,skilled_forgery,16,16
D:\GitHub\Do_an_tot_nghiep\data\processed\full_org\original_31_13.png,D:\GitHub\Do_an_tot_nghiep\data\processed\full_org\original_31_18.png,1,genuine_genuine,31,31
D:\GitHub\Do_an_tot_nghiep\data\processed\full_org\original_17_3.png,D:\GitHub\Do_an_tot_nghiep\data\processed\full_org\original_17_8.png,1,genuine_genuine,17,17
D:\GitHub\Do_an_tot_nghiep\data\processed\full_org\original_30_8.png,D:\GitHub\Do_an_tot_nghiep\data\processed\full_forg\forgeries_30_23.png,0,skilled_forgery,30,30
D:\GitHub\Do_an_tot_nghiep\data\processed\full_org\original_21_5.png,D:\GitHub\Do_an_tot_nghiep\data\processed\full_org\original_21_9.png,1,genuine_genuine,21,21
D:\GitHub\Do_an_tot_nghiep\data\processed\full_org\original_40_10.png,D:\GitHub\Do_an_tot_nghiep\data\processed\full_org\original_40_7.png,1,genuine_genuine,40,40
D:\GitHub\Do_an_tot_nghiep\data\processed\full_org\original_7_4.png,D:\GitHub\Do_an_tot_nghiep\data\processed\full_forg\forgeries_7_8.png,0,skilled_forgery,7,7
D:\GitHub\Do_an_tot_nghiep\data\processed\full_org\original_55_11.png,D:\GitHub\Do_an_tot_nghiep\data\processed\full_org\original_55_8.png,1,genuine_genuine,55,55
D:\GitHub\Do_an_tot_nghiep\data\processed\full_org\original_12_11.png,D:\GitHub\Do_an_tot_nghiep\data\processed\full_forg\forgeries_12_11.png,0,skilled_forgery,12,12
D:\GitHub\Do_an_tot_nghiep\data\processed\full_org\original_17_1.png,D:\GitHub\Do_an_tot_nghiep\data\processed\full_org\original_17_19.png,1,genuine_genuine,17,17
D:\GitHub\Do_an_tot_nghiep\data\processed\full_org\original_55_12.png,D:\GitHub\Do_an_tot_nghiep\data\processed\full_forg\forgeries_55_13.png,0,skilled_forgery,55,55
D:\GitHub\Do_an_tot_nghiep\data\processed\full_org\original_38_16.png,D:\GitHub\Do_an_tot_nghiep\data\processed\full_forg\forgeries_38_12.png,0,skilled_forgery,38,38
D:\GitHub\Do_an_tot_nghiep\data\processed\full_org\original_5_16.png,D:\GitHub\Do_an_tot_nghiep\data\processed\full_org\original_5_18.png,1,genuine_genuine,5,5
D:\GitHub\Do_an_tot_nghiep\data\processed\full_org\original_22_3.png,D:\GitHub\Do_an_tot_nghiep\data\processed\full_forg\forgeries_22_10.png,0,skilled_forgery,22,22
D:\GitHub\Do_an_tot_nghiep\data\processed\full_org\original_10_20.png,D:\GitHub\Do_an_tot_nghiep\data\processed\full_forg\forgeries_10_24.png,0,skilled_forgery,10,10
D:\GitHub\Do_an_tot_nghiep\data\processed\full_org\original_37_11.png,D:\GitHub\Do_an_tot_nghiep\data\processed\full_org\original_37_16.png,1,genuine_genuine,37,37
D:\GitHub\Do_an_tot_nghiep\data\processed\full_org\original_31_19.png,D:\GitHub\Do_an_tot_nghiep\data\processed\full_org\original_31_21.png,1,genuine_genuine,31,31
D:\GitHub\Do_an_tot_nghiep\data\processed\full_org\original_43_9.png,D:\GitHub\Do_an_tot_nghiep\data\processed\full_forg\forgeries_43_15.png,0,skilled_forgery,43,43
D:\GitHub\Do_an_tot_nghiep\data\processed\full_org\original_5_3.png,D:\GitHub\Do_an_tot_nghiep\data\processed\full_org\original_5_5.png,1,genuine_genuine,5,5
D:\GitHub\Do_an_tot_nghiep\data\processed\full_org\original_4_19.png,D:\GitHub\Do_an_tot_nghiep\data\processed\full_org\original_12_17.png,0,random_forgery,4,12
D:\GitHub\Do_an_tot_nghiep\data\processed\full_org\original_11_17.png,D:\GitHub\Do_an_tot_nghiep\data\processed\full_org\original_36_1.png,0,random_forgery,11,36
D:\GitHub\Do_an_tot_nghiep\data\processed\full_org\original_5_21.png,D:\GitHub\Do_an_tot_nghiep\data\processed\full_org\original_5_3.png,1,genuine_genuine,5,5
D:\GitHub\Do_an_tot_nghiep\data\processed\full_org\original_40_13.png,D:\GitHub\Do_an_tot_nghiep\data\processed\full_org\original_40_22.png,1,genuine_genuine,40,40
D:\GitHub\Do_an_tot_nghiep\data\processed\full_org\original_43_2.png,D:\GitHub\Do_an_tot_nghiep\data\processed\full_org\original_43_6.png,1,genuine_genuine,43,43
D:\GitHub\Do_an_tot_nghiep\data\processed\full_org\original_36_14.png,D:\GitHub\Do_an_tot_nghiep\data\processed\full_org\original_36_3.png,1,genuine_genuine,36,36
D:\GitHub\Do_an_tot_nghiep\data\processed\full_org\original_12_10.png,D:\GitHub\Do_an_tot_nghiep\data\processed\full_forg\forgeries_12_23.png,0,skilled_forgery,12,12
D:\GitHub\Do_an_tot_nghiep\data\processed\full_org\original_25_6.png,D:\GitHub\Do_an_tot_nghiep\data\processed\full_org\original_29_11.png,0,random_forgery,25,29
D:\GitHub\Do_an_tot_nghiep\data\processed\full_org\original_30_16.png,D:\GitHub\Do_an_tot_nghiep\data\processed\full_forg\forgeries_30_22.png,0,skilled_forgery,30,30
D:\GitHub\Do_an_tot_nghiep\data\processed\full_org\original_28_24.png,D:\GitHub\Do_an_tot_nghiep\data\processed\full_forg\forgeries_28_9.png,0,skilled_forgery,28,28
D:\GitHub\Do_an_tot_nghiep\data\processed\full_org\original_21_6.png,D:\GitHub\Do_an_tot_nghiep\data\processed\full_forg\forgeries_21_3.png,0,skilled_forgery,21,21
D:\GitHub\Do_an_tot_nghiep\data\processed\full_org\original_40_15.png,D:\GitHub\Do_an_tot_nghiep\data\processed\full_org\original_40_4.png,1,genuine_genuine,40,40
D:\GitHub\Do_an_tot_nghiep\data\processed\full_org\original_31_23.png,D:\GitHub\Do_an_tot_nghiep\data\processed\full_org\original_31_6.png,1,genuine_genuine,31,31
D:\GitHub\Do_an_tot_nghiep\data\processed\full_org\original_17_24.png,D:\GitHub\Do_an_tot_nghiep\data\processed\full_org\original_17_7.png,1,genuine_genuine,17,17
D:\GitHub\Do_an_tot_nghiep\data\processed\full_org\original_29_5.png,D:\GitHub\Do_an_tot_nghiep\data\processed\full_org\original_29_8.png,1,genuine_genuine,29,29
D:\GitHub\Do_an_tot_nghiep\data\processed\full_org\original_1_13.png,D:\GitHub\Do_an_tot_nghiep\data\processed\full_org\original_40_6.png,0,random_forgery,1,40
D:\GitHub\Do_an_tot_nghiep\data\processed\full_org\original_53_23.png,D:\GitHub\Do_an_tot_nghiep\data\processed\full_forg\forgeries_53_3.png,0,skilled_forgery,53,53
D:\GitHub\Do_an_tot_nghiep\data\processed\full_org\original_53_10.png,D:\GitHub\Do_an_tot_nghiep\data\processed\full_forg\forgeries_53_10.png,0,skilled_forgery,53,53
D:\GitHub\Do_an_tot_nghiep\data\processed\full_org\original_46_21.png,D:\GitHub\Do_an_tot_nghiep\data\processed\full_org\original_46_23.png,1,genuine_genuine,46,46
D:\GitHub\Do_an_tot_nghiep\data\processed\full_org\original_17_3.png,D:\GitHub\Do_an_tot_nghiep\data\processed\full_forg\forgeries_17_16.png,0,skilled_forgery,17,17
D:\GitHub\Do_an_tot_nghiep\data\processed\full_org\original_1_20.png,D:\GitHub\Do_an_tot_nghiep\data\processed\full_org\original_1_22.png,1,genuine_genuine,1,1
D:\GitHub\Do_an_tot_nghiep\data\processed\full_org\original_16_9.png,D:\GitHub\Do_an_tot_nghiep\data\processed\full_forg\forgeries_16_6.png,0,skilled_forgery,16,16
D:\GitHub\Do_an_tot_nghiep\data\processed\full_org\original_16_15.png,D:\GitHub\Do_an_tot_nghiep\data\processed\full_org\original_16_8.png,1,genuine_genuine,16,16
D:\GitHub\Do_an_tot_nghiep\data\processed\full_org\original_55_24.png,D:\GitHub\Do_an_tot_nghiep\data\processed\full_forg\forgeries_55_19.png,0,skilled_forgery,55,55
D:\GitHub\Do_an_tot_nghiep\data\processed\full_org\original_10_20.png,D:\GitHub\Do_an_tot_nghiep\data\processed\full_org\original_10_6.png,1,genuine_genuine,10,10
D:\GitHub\Do_an_tot_nghiep\data\processed\full_org\original_46_13.png,D:\GitHub\Do_an_tot_nghiep\data\processed\full_forg\forgeries_46_16.png,0,skilled_forgery,46,46
D:\GitHub\Do_an_tot_nghiep\data\processed\full_org\original_7_3.png,D:\GitHub\Do_an_tot_nghiep\data\processed\full_org\original_7_5.png,1,genuine_genuine,7,7
D:\GitHub\Do_an_tot_nghiep\data\processed\full_org\original_53_11.png,D:\GitHub\Do_an_tot_nghiep\data\processed\full_forg\forgeries_53_17.png,0,skilled_forgery,53,53
D:\GitHub\Do_an_tot_nghiep\data\processed\full_org\original_22_17.png,D:\GitHub\Do_an_tot_nghiep\data\processed\full_org\original_22_24.png,1,genuine_genuine,22,22
D:\GitHub\Do_an_tot_nghiep\data\processed\full_org\original_24_21.png,D:\GitHub\Do_an_tot_nghiep\data\processed\full_org\original_24_5.png,1,genuine_genuine,24,24
D:\GitHub\Do_an_tot_nghiep\data\processed\full_org\original_40_3.png,D:\GitHub\Do_an_tot_nghiep\data\processed\full_forg\forgeries_40_15.png,0,skilled_forgery,40,40
D:\GitHub\Do_an_tot_nghiep\data\processed\full_org\original_39_15.png,D:\GitHub\Do_an_tot_nghiep\data\processed\full_org\original_39_20.png,1,genuine_genuine,39,39
D:\GitHub\Do_an_tot_nghiep\data\processed\full_org\original_26_1.png,D:\GitHub\Do_an_tot_nghiep\data\processed\full_org\original_7_21.png,0,random_forgery,26,7
D:\GitHub\Do_an_tot_nghiep\data\processed\full_org\original_37_5.png,D:\GitHub\Do_an_tot_nghiep\data\processed\full_org\original_38_11.png,0,random_forgery,37,38
D:\GitHub\Do_an_tot_nghiep\data\processed\full_org\original_30_6.png,D:\GitHub\Do_an_tot_nghiep\data\processed\full_forg\forgeries_30_9.png,0,skilled_forgery,30,30
D:\GitHub\Do_an_tot_nghiep\data\processed\full_org\original_5_21.png,D:\GitHub\Do_an_tot_nghiep\data\processed\full_org\original_37_11.png,0,random_forgery,5,37
D:\GitHub\Do_an_tot_nghiep\data\processed\full_org\original_34_11.png,D:\GitHub\Do_an_tot_nghiep\data\processed\full_org\original_34_17.png,1,genuine_genuine,34,34
D:\GitHub\Do_an_tot_nghiep\data\processed\full_org\original_39_4.png,D:\GitHub\Do_an_tot_nghiep\data\processed\full_forg\forgeries_39_5.png,0,skilled_forgery,39,39
D:\GitHub\Do_an_tot_nghiep\data\processed\full_org\original_28_17.png,D:\GitHub\Do_an_tot_nghiep\data\processed\full_org\original_28_2.png,1,genuine_genuine,28,28
D:\GitHub\Do_an_tot_nghiep\data\processed\full_org\original_51_12.png,D:\GitHub\Do_an_tot_nghiep\data\processed\full_org\original_51_17.png,1,genuine_genuine,51,51
D:\GitHub\Do_an_tot_nghiep\data\processed\full_org\original_34_23.png,D:\GitHub\Do_an_tot_nghiep\data\processed\full_forg\forgeries_34_19.png,0,skilled_forgery,34,34
D:\GitHub\Do_an_tot_nghiep\data\processed\full_org\original_40_15.png,D:\GitHub\Do_an_tot_nghiep\data\processed\full_org\original_40_23.png,1,genuine_genuine,40,40
D:\GitHub\Do_an_tot_nghiep\data\processed\full_org\original_29_1.png,D:\GitHub\Do_an_tot_nghiep\data\processed\full_org\original_10_13.png,0,random_forgery,29,10
D:\GitHub\Do_an_tot_nghiep\data\processed\full_org\original_22_19.png,D:\GitHub\Do_an_tot_nghiep\data\processed\full_org\original_36_14.png,0,random_forgery,22,36
D:\GitHub\Do_an_tot_nghiep\data\processed\full_org\original_10_17.png,D:\GitHub\Do_an_tot_nghiep\data\processed\full_forg\forgeries_10_20.png,0,skilled_forgery,10,10
D:\GitHub\Do_an_tot_nghiep\data\processed\full_org\original_51_9.png,D:\GitHub\Do_an_tot_nghiep\data\processed\full_forg\forgeries_51_16.png,0,skilled_forgery,51,51
D:\GitHub\Do_an_tot_nghiep\data\processed\full_org\original_4_13.png,D:\GitHub\Do_an_tot_nghiep\data\processed\full_org\original_4_15.png,1,genuine_genuine,4,4
D:\GitHub\Do_an_tot_nghiep\data\processed\full_org\original_22_11.png,D:\GitHub\Do_an_tot_nghiep\data\processed\full_org\original_29_20.png,0,random_forgery,22,29
D:\GitHub\Do_an_tot_nghiep\data\processed\full_org\original_18_3.png,D:\GitHub\Do_an_tot_nghiep\data\processed\full_org\original_39_17.png,0,random_forgery,18,39
D:\GitHub\Do_an_tot_nghiep\data\processed\full_org\original_47_5.png,D:\GitHub\Do_an_tot_nghiep\data\processed\full_org\original_47_7.png,1,genuine_genuine,47,47
D:\GitHub\Do_an_tot_nghiep\data\processed\full_org\original_1_1.png,D:\GitHub\Do_an_tot_nghiep\data\processed\full_org\original_1_12.png,1,genuine_genuine,1,1
D:\GitHub\Do_an_tot_nghiep\data\processed\full_org\original_31_17.png,D:\GitHub\Do_an_tot_nghiep\data\processed\full_org\original_31_18.png,1,genuine_genuine,31,31
D:\GitHub\Do_an_tot_nghiep\data\processed\full_org\original_5_19.png,D:\GitHub\Do_an_tot_nghiep\data\processed\full_org\original_5_6.png,1,genuine_genuine,5,5
D:\GitHub\Do_an_tot_nghiep\data\processed\full_org\original_22_2.png,D:\GitHub\Do_an_tot_nghiep\data\processed\full_org\original_22_22.png,1,genuine_genuine,22,22
D:\GitHub\Do_an_tot_nghiep\data\processed\full_org\original_7_11.png,D:\GitHub\Do_an_tot_nghiep\data\processed\full_org\original_7_17.png,1,genuine_genuine,7,7
D:\GitHub\Do_an_tot_nghiep\data\processed\full_org\original_53_17.png,D:\GitHub\Do_an_tot_nghiep\data\processed\full_org\original_53_19.png,1,genuine_genuine,53,53
D:\GitHub\Do_an_tot_nghiep\data\processed\full_org\original_3_10.png,D:\GitHub\Do_an_tot_nghiep\data\processed\full_org\original_3_2.png,1,genuine_genuine,3,3
D:\GitHub\Do_an_tot_nghiep\data\processed\full_org\original_30_19.png,D:\GitHub\Do_an_tot_nghiep\data\processed\full_org\original_30_20.png,1,genuine_genuine,30,30
D:\GitHub\Do_an_tot_nghiep\data\processed\full_org\original_3_14.png,D:\GitHub\Do_an_tot_nghiep\data\processed\full_forg\forgeries_3_13.png,0,skilled_forgery,3,3
D:\GitHub\Do_an_tot_nghiep\data\processed\full_org\original_3_16.png,D:\GitHub\Do_an_tot_nghiep\data\processed\full_org\original_3_17.png,1,genuine_genuine,3,3
D:\GitHub\Do_an_tot_nghiep\data\processed\full_org\original_28_20.png,D:\GitHub\Do_an_tot_nghiep\data\processed\full_org\original_3_4.png,0,random_forgery,28,3
D:\GitHub\Do_an_tot_nghiep\data\processed\full_org\original_43_10.png,D:\GitHub\Do_an_tot_nghiep\data\processed\full_forg\forgeries_43_18.png,0,skilled_forgery,43,43
D:\GitHub\Do_an_tot_nghiep\data\processed\full_org\original_55_4.png,D:\GitHub\Do_an_tot_nghiep\data\processed\full_org\original_55_5.png,1,genuine_genuine,55,55
D:\GitHub\Do_an_tot_nghiep\data\processed\full_org\original_19_15.png,D:\GitHub\Do_an_tot_nghiep\data\processed\full_org\original_36_20.png,0,random_forgery,19,36
D:\GitHub\Do_an_tot_nghiep\data\processed\full_org\original_47_10.png,D:\GitHub\Do_an_tot_nghiep\data\processed\full_org\original_47_12.png,1,genuine_genuine,47,47
D:\GitHub\Do_an_tot_nghiep\data\processed\full_org\original_47_13.png,D:\GitHub\Do_an_tot_nghiep\data\processed\full_org\original_47_20.png,1,genuine_genuine,47,47
D:\GitHub\Do_an_tot_nghiep\data\processed\full_org\original_43_11.png,D:\GitHub\Do_an_tot_nghiep\data\processed\full_org\original_43_2.png,1,genuine_genuine,43,43
D:\GitHub\Do_an_tot_nghiep\data\processed\full_org\original_26_5.png,D:\GitHub\Do_an_tot_nghiep\data\processed\full_org\original_16_18.png,0,random_forgery,26,16
D:\GitHub\Do_an_tot_nghiep\data\processed\full_org\original_3_16.png,D:\GitHub\Do_an_tot_nghiep\data\processed\full_org\original_3_7.png,1,genuine_genuine,3,3
D:\GitHub\Do_an_tot_nghiep\data\processed\full_org\original_30_10.png,D:\GitHub\Do_an_tot_nghiep\data\processed\full_org\original_30_16.png,1,genuine_genuine,30,30
D:\GitHub\Do_an_tot_nghiep\data\processed\full_org\original_53_11.png,D:\GitHub\Do_an_tot_nghiep\data\processed\full_forg\forgeries_53_2.png,0,skilled_forgery,53,53
D:\GitHub\Do_an_tot_nghiep\data\processed\full_org\original_51_11.png,D:\GitHub\Do_an_tot_nghiep\data\processed\full_org\original_51_8.png,1,genuine_genuine,51,51
D:\GitHub\Do_an_tot_nghiep\data\processed\full_org\original_51_11.png,D:\GitHub\Do_an_tot_nghiep\data\processed\full_forg\forgeries_51_10.png,0,skilled_forgery,51,51
D:\GitHub\Do_an_tot_nghiep\data\processed\full_org\original_55_17.png,D:\GitHub\Do_an_tot_nghiep\data\processed\full_org\original_55_20.png,1,genuine_genuine,55,55
D:\GitHub\Do_an_tot_nghiep\data\processed\full_org\original_37_3.png,D:\GitHub\Do_an_tot_nghiep\data\processed\full_forg\forgeries_37_11.png,0,skilled_forgery,37,37
D:\GitHub\Do_an_tot_nghiep\data\processed\full_org\original_39_24.png,D:\GitHub\Do_an_tot_nghiep\data\processed\full_forg\forgeries_39_3.png,0,skilled_forgery,39,39
D:\GitHub\Do_an_tot_nghiep\data\processed\full_org\original_11_12.png,D:\GitHub\Do_an_tot_nghiep\data\processed\full_forg\forgeries_11_16.png,0,skilled_forgery,11,11
D:\GitHub\Do_an_tot_nghiep\data\processed\full_org\original_37_13.png,D:\GitHub\Do_an_tot_nghiep\data\processed\full_org\original_4_4.png,0,random_forgery,37,4
D:\GitHub\Do_an_tot_nghiep\data\processed\full_org\original_47_1.png,D:\GitHub\Do_an_tot_nghiep\data\processed\full_org\original_47_23.png,1,genuine_genuine,47,47
D:\GitHub\Do_an_tot_nghiep\data\processed\full_org\original_19_21.png,D:\GitHub\Do_an_tot_nghiep\data\processed\full_org\original_19_7.png,1,genuine_genuine,19,19
D:\GitHub\Do_an_tot_nghiep\data\processed\full_org\original_31_10.png,D:\GitHub\Do_an_tot_nghiep\data\processed\full_forg\forgeries_31_9.png,0,skilled_forgery,31,31
D:\GitHub\Do_an_tot_nghiep\data\processed\full_org\original_10_15.png,D:\GitHub\Do_an_tot_nghiep\data\processed\full_org\original_7_19.png,0,random_forgery,10,7
D:\GitHub\Do_an_tot_nghiep\data\processed\full_org\original_31_5.png,D:\GitHub\Do_an_tot_nghiep\data\processed\full_forg\forgeries_31_22.png,0,skilled_forgery,31,31
D:\GitHub\Do_an_tot_nghiep\data\processed\full_org\original_51_19.png,D:\GitHub\Do_an_tot_nghiep\data\processed\full_forg\forgeries_51_12.png,0,skilled_forgery,51,51
D:\GitHub\Do_an_tot_nghiep\data\processed\full_org\original_46_10.png,D:\GitHub\Do_an_tot_nghiep\data\processed\full_forg\forgeries_46_2.png,0,skilled_forgery,46,46
D:\GitHub\Do_an_tot_nghiep\data\processed\full_org\original_16_23.png,D:\GitHub\Do_an_tot_nghiep\data\processed\full_org\original_22_16.png,0,random_forgery,16,22
D:\GitHub\Do_an_tot_nghiep\data\processed\full_org\original_36_10.png,D:\GitHub\Do_an_tot_nghiep\data\processed\full_org\original_36_14.png,1,genuine_genuine,36,36
D:\GitHub\Do_an_tot_nghiep\data\processed\full_org\original_46_1.png,D:\GitHub\Do_an_tot_nghiep\data\processed\full_org\original_10_19.png,0,random_forgery,46,10
D:\GitHub\Do_an_tot_nghiep\data\processed\full_org\original_25_3.png,D:\GitHub\Do_an_tot_nghiep\data\processed\full_forg\forgeries_25_2.png,0,skilled_forgery,25,25
D:\GitHub\Do_an_tot_nghiep\data\processed\full_org\original_36_9.png,D:\GitHub\Do_an_tot_nghiep\data\processed\full_org\original_40_21.png,0,random_forgery,36,40
D:\GitHub\Do_an_tot_nghiep\data\processed\full_org\original_28_1.png,D:\GitHub\Do_an_tot_nghiep\data\processed\full_org\original_28_15.png,1,genuine_genuine,28,28
D:\GitHub\Do_an_tot_nghiep\data\processed\full_org\original_4_12.png,D:\GitHub\Do_an_tot_nghiep\data\processed\full_org\original_4_20.png,1,genuine_genuine,4,4
D:\GitHub\Do_an_tot_nghiep\data\processed\full_org\original_12_18.png,D:\GitHub\Do_an_tot_nghiep\data\processed\full_forg\forgeries_12_3.png,0,skilled_forgery,12,12
D:\GitHub\Do_an_tot_nghiep\data\processed\full_org\original_51_8.png,D:\GitHub\Do_an_tot_nghiep\data\processed\full_org\original_51_9.png,1,genuine_genuine,51,51
D:\GitHub\Do_an_tot_nghiep\data\processed\full_org\original_24_9.png,D:\GitHub\Do_an_tot_nghiep\data\processed\full_forg\forgeries_24_14.png,0,skilled_forgery,24,24
D:\GitHub\Do_an_tot_nghiep\data\processed\full_org\original_34_6.png,D:\GitHub\Do_an_tot_nghiep\data\processed\full_forg\forgeries_34_17.png,0,skilled_forgery,34,34
D:\GitHub\Do_an_tot_nghiep\data\processed\full_org\original_16_10.png,D:\GitHub\Do_an_tot_nghiep\data\processed\full_org\original_16_15.png,1,genuine_genuine,16,16
D:\GitHub\Do_an_tot_nghiep\data\processed\full_org\original_45_11.png,D:\GitHub\Do_an_tot_nghiep\data\processed\full_org\original_3_6.png,0,random_forgery,45,3
D:\GitHub\Do_an_tot_nghiep\data\processed\full_org\original_30_6.png,D:\GitHub\Do_an_tot_nghiep\data\processed\full_org\original_53_19.png,0,random_forgery,30,53
D:\GitHub\Do_an_tot_nghiep\data\processed\full_org\original_49_11.png,D:\GitHub\Do_an_tot_nghiep\data\processed\full_forg\forgeries_49_24.png,0,skilled_forgery,49,49
D:\GitHub\Do_an_tot_nghiep\data\processed\full_org\original_25_15.png,D:\GitHub\Do_an_tot_nghiep\data\processed\full_forg\forgeries_25_10.png,0,skilled_forgery,25,25
D:\GitHub\Do_an_tot_nghiep\data\processed\full_org\original_40_24.png,D:\GitHub\Do_an_tot_nghiep\data\processed\full_forg\forgeries_40_8.png,0,skilled_forgery,40,40
D:\GitHub\Do_an_tot_nghiep\data\processed\full_org\original_49_3.png,D:\GitHub\Do_an_tot_nghiep\data\processed\full_org\original_49_8.png,1,genuine_genuine,49,49
D:\GitHub\Do_an_tot_nghiep\data\processed\full_org\original_25_14.png,D:\GitHub\Do_an_tot_nghiep\data\processed\full_org\original_25_6.png,1,genuine_genuine,25,25
D:\GitHub\Do_an_tot_nghiep\data\processed\full_org\original_31_14.png,D:\GitHub\Do_an_tot_nghiep\data\processed\full_forg\forgeries_31_17.png,0,skilled_forgery,31,31
D:\GitHub\Do_an_tot_nghiep\data\processed\full_org\original_49_20.png,D:\GitHub\Do_an_tot_nghiep\data\processed\full_forg\forgeries_49_24.png,0,skilled_forgery,49,49
D:\GitHub\Do_an_tot_nghiep\data\processed\full_org\original_22_18.png,D:\GitHub\Do_an_tot_nghiep\data\processed\full_forg\forgeries_22_4.png,0,skilled_forgery,22,22
D:\GitHub\Do_an_tot_nghiep\data\processed\full_org\original_4_18.png,D:\GitHub\Do_an_tot_nghiep\data\processed\full_forg\forgeries_4_5.png,0,skilled_forgery,4,4
D:\GitHub\Do_an_tot_nghiep\data\processed\full_org\original_1_16.png,D:\GitHub\Do_an_tot_nghiep\data\processed\full_forg\forgeries_1_18.png,0,skilled_forgery,1,1
D:\GitHub\Do_an_tot_nghiep\data\processed\full_org\original_12_13.png,D:\GitHub\Do_an_tot_nghiep\data\processed\full_org\original_12_19.png,1,genuine_genuine,12,12
D:\GitHub\Do_an_tot_nghiep\data\processed\full_org\original_28_9.png,D:\GitHub\Do_an_tot_nghiep\data\processed\full_forg\forgeries_28_20.png,0,skilled_forgery,28,28
D:\GitHub\Do_an_tot_nghiep\data\processed\full_org\original_18_23.png,D:\GitHub\Do_an_tot_nghiep\data\processed\full_org\original_22_7.png,0,random_forgery,18,22
D:\GitHub\Do_an_tot_nghiep\data\processed\full_org\original_5_22.png,D:\GitHub\Do_an_tot_nghiep\data\processed\full_org\original_10_10.png,0,random_forgery,5,10
D:\GitHub\Do_an_tot_nghiep\data\processed\full_org\original_10_6.png,D:\GitHub\Do_an_tot_nghiep\data\processed\full_org\original_45_20.png,0,random_forgery,10,45
D:\GitHub\Do_an_tot_nghiep\data\processed\full_org\original_53_19.png,D:\GitHub\Do_an_tot_nghiep\data\processed\full_org\original_34_9.png,0,random_forgery,53,34
D:\GitHub\Do_an_tot_nghiep\data\processed\full_org\original_37_14.png,D:\GitHub\Do_an_tot_nghiep\data\processed\full_forg\forgeries_37_23.png,0,skilled_forgery,37,37
D:\GitHub\Do_an_tot_nghiep\data\processed\full_org\original_37_13.png,D:\GitHub\Do_an_tot_nghiep\data\processed\full_forg\forgeries_37_6.png,0,skilled_forgery,37,37
D:\GitHub\Do_an_tot_nghiep\data\processed\full_org\original_10_18.png,D:\GitHub\Do_an_tot_nghiep\data\processed\full_org\original_10_2.png,1,genuine_genuine,10,10
D:\GitHub\Do_an_tot_nghiep\data\processed\full_org\original_37_8.png,D:\GitHub\Do_an_tot_nghiep\data\processed\full_forg\forgeries_37_19.png,0,skilled_forgery,37,37
D:\GitHub\Do_an_tot_nghiep\data\processed\full_org\original_39_21.png,D:\GitHub\Do_an_tot_nghiep\data\processed\full_org\original_26_23.png,0,random_forgery,39,26
D:\GitHub\Do_an_tot_nghiep\data\processed\full_org\original_55_14.png,D:\GitHub\Do_an_tot_nghiep\data\processed\full_forg\forgeries_55_8.png,0,skilled_forgery,55,55
D:\GitHub\Do_an_tot_nghiep\data\processed\full_org\original_49_18.png,D:\GitHub\Do_an_tot_nghiep\data\processed\full_org\original_53_18.png,0,random_forgery,49,53
D:\GitHub\Do_an_tot_nghiep\data\processed\full_org\original_37_17.png,D:\GitHub\Do_an_tot_nghiep\data\processed\full_org\original_37_9.png,1,genuine_genuine,37,37
D:\GitHub\Do_an_tot_nghiep\data\processed\full_org\original_31_12.png,D:\GitHub\Do_an_tot_nghiep\data\processed\full_org\original_31_18.png,1,genuine_genuine,31,31
D:\GitHub\Do_an_tot_nghiep\data\processed\full_org\original_28_11.png,D:\GitHub\Do_an_tot_nghiep\data\processed\full_forg\forgeries_28_19.png,0,skilled_forgery,28,28
D:\GitHub\Do_an_tot_nghiep\data\processed\full_org\original_21_11.png,D:\GitHub\Do_an_tot_nghiep\data\processed\full_forg\forgeries_21_11.png,0,skilled_forgery,21,21
D:\GitHub\Do_an_tot_nghiep\data\processed\full_org\original_34_1.png,D:\GitHub\Do_an_tot_nghiep\data\processed\full_org\original_34_8.png,1,genuine_genuine,34,34
D:\GitHub\Do_an_tot_nghiep\data\processed\full_org\original_36_17.png,D:\GitHub\Do_an_tot_nghiep\data\processed\full_org\original_36_18.png,1,genuine_genuine,36,36
D:\GitHub\Do_an_tot_nghiep\data\processed\full_org\original_4_12.png,D:\GitHub\Do_an_tot_nghiep\data\processed\full_org\original_4_14.png,1,genuine_genuine,4,4
D:\GitHub\Do_an_tot_nghiep\data\processed\full_org\original_12_18.png,D:\GitHub\Do_an_tot_nghiep\data\processed\full_org\original_12_6.png,1,genuine_genuine,12,12
D:\GitHub\Do_an_tot_nghiep\data\processed\full_org\original_19_23.png,D:\GitHub\Do_an_tot_nghiep\data\processed\full_forg\forgeries_19_11.png,0,skilled_forgery,19,19
D:\GitHub\Do_an_tot_nghiep\data\processed\full_org\original_10_14.png,D:\GitHub\Do_an_tot_nghiep\data\processed\full_org\original_10_20.png,1,genuine_genuine,10,10
D:\GitHub\Do_an_tot_nghiep\data\processed\full_org\original_43_24.png,D:\GitHub\Do_an_tot_nghiep\data\processed\full_forg\forgeries_43_14.png,0,skilled_forgery,43,43
D:\GitHub\Do_an_tot_nghiep\data\processed\full_org\original_30_16.png,D:\GitHub\Do_an_tot_nghiep\data\processed\full_org\original_30_23.png,1,genuine_genuine,30,30
D:\GitHub\Do_an_tot_nghiep\data\processed\full_org\original_16_2.png,D:\GitHub\Do_an_tot_nghiep\data\processed\full_org\original_51_6.png,0,random_forgery,16,51
D:\GitHub\Do_an_tot_nghiep\data\processed\full_org\original_5_15.png,D:\GitHub\Do_an_tot_nghiep\data\processed\full_forg\forgeries_5_7.png,0,skilled_forgery,5,5
D:\GitHub\Do_an_tot_nghiep\data\processed\full_org\original_25_23.png,D:\GitHub\Do_an_tot_nghiep\data\processed\full_forg\forgeries_25_22.png,0,skilled_forgery,25,25
D:\GitHub\Do_an_tot_nghiep\data\processed\full_org\original_36_17.png,D:\GitHub\Do_an_tot_nghiep\data\processed\full_org\original_36_19.png,1,genuine_genuine,36,36
D:\GitHub\Do_an_tot_nghiep\data\processed\full_org\original_49_12.png,D:\GitHub\Do_an_tot_nghiep\data\processed\full_org\original_49_20.png,1,genuine_genuine,49,49
D:\GitHub\Do_an_tot_nghiep\data\processed\full_org\original_37_2.png,D:\GitHub\Do_an_tot_nghiep\data\processed\full_forg\forgeries_37_4.png,0,skilled_forgery,37,37
D:\GitHub\Do_an_tot_nghiep\data\processed\full_org\original_5_14.png,D:\GitHub\Do_an_tot_nghiep\data\processed\full_org\original_3_17.png,0,random_forgery,5,3
D:\GitHub\Do_an_tot_nghiep\data\processed\full_org\original_3_21.png,D:\GitHub\Do_an_tot_nghiep\data\processed\full_org\original_16_2.png,0,random_forgery,3,16
D:\GitHub\Do_an_tot_nghiep\data\processed\full_org\original_55_13.png,D:\GitHub\Do_an_tot_nghiep\data\processed\full_org\original_55_14.png,1,genuine_genuine,55,55
D:\GitHub\Do_an_tot_nghiep\data\processed\full_org\original_28_24.png,D:\GitHub\Do_an_tot_nghiep\data\processed\full_org\original_28_6.png,1,genuine_genuine,28,28
D:\GitHub\Do_an_tot_nghiep\data\processed\full_org\original_18_9.png,D:\GitHub\Do_an_tot_nghiep\data\processed\full_forg\forgeries_18_21.png,0,skilled_forgery,18,18
D:\GitHub\Do_an_tot_nghiep\data\processed\full_org\original_10_7.png,D:\GitHub\Do_an_tot_nghiep\data\processed\full_org\original_21_16.png,0,random_forgery,10,21
D:\GitHub\Do_an_tot_nghiep\data\processed\full_org\original_10_2.png,D:\GitHub\Do_an_tot_nghiep\data\processed\full_org\original_10_6.png,1,genuine_genuine,10,10
D:\GitHub\Do_an_tot_nghiep\data\processed\full_org\original_37_21.png,D:\GitHub\Do_an_tot_nghiep\data\processed\full_forg\forgeries_37_6.png,0,skilled_forgery,37,37
D:\GitHub\Do_an_tot_nghiep\data\processed\full_org\original_26_5.png,D:\GitHub\Do_an_tot_nghiep\data\processed\full_org\original_26_6.png,1,genuine_genuine,26,26
D:\GitHub\Do_an_tot_nghiep\data\processed\full_org\original_45_2.png,D:\GitHub\Do_an_tot_nghiep\data\processed\full_org\original_45_22.png,1,genuine_genuine,45,45
D:\GitHub\Do_an_tot_nghiep\data\processed\full_org\original_37_11.png,D:\GitHub\Do_an_tot_nghiep\data\processed\full_org\original_1_22.png,0,random_forgery,37,1
D:\GitHub\Do_an_tot_nghiep\data\processed\full_org\original_7_10.png,D:\GitHub\Do_an_tot_nghiep\data\processed\full_org\original_7_6.png,1,genuine_genuine,7,7
D:\GitHub\Do_an_tot_nghiep\data\processed\full_org\original_18_1.png,D:\GitHub\Do_an_tot_nghiep\data\processed\full_org\original_25_21.png,0,random_forgery,18,25
D:\GitHub\Do_an_tot_nghiep\data\processed\full_org\original_31_21.png,D:\GitHub\Do_an_tot_nghiep\data\processed\full_forg\forgeries_31_15.png,0,skilled_forgery,31,31
D:\GitHub\Do_an_tot_nghiep\data\processed\full_org\original_29_13.png,D:\GitHub\Do_an_tot_nghiep\data\processed\full_forg\forgeries_29_16.png,0,skilled_forgery,29,29
D:\GitHub\Do_an_tot_nghiep\data\processed\full_org\original_4_12.png,D:\GitHub\Do_an_tot_nghiep\data\processed\full_org\original_4_15.png,1,genuine_genuine,4,4
D:\GitHub\Do_an_tot_nghiep\data\processed\full_org\original_7_14.png,D:\GitHub\Do_an_tot_nghiep\data\processed\full_org\original_18_4.png,0,random_forgery,7,18
D:\GitHub\Do_an_tot_nghiep\data\processed\full_org\original_47_11.png,D:\GitHub\Do_an_tot_nghiep\data\processed\full_org\original_47_7.png,1,genuine_genuine,47,47
D:\GitHub\Do_an_tot_nghiep\data\processed\full_org\original_29_11.png,D:\GitHub\Do_an_tot_nghiep\data\processed\full_org\original_29_18.png,1,genuine_genuine,29,29
D:\GitHub\Do_an_tot_nghiep\data\processed\full_org\original_30_19.png,D:\GitHub\Do_an_tot_nghiep\data\processed\full_org\original_30_2.png,1,genuine_genuine,30,30
D:\GitHub\Do_an_tot_nghiep\data\processed\full_org\original_53_17.png,D:\GitHub\Do_an_tot_nghiep\data\processed\full_org\original_39_13.png,0,random_forgery,53,39
D:\GitHub\Do_an_tot_nghiep\data\processed\full_org\original_12_21.png,D:\GitHub\Do_an_tot_nghiep\data\processed\full_org\original_21_10.png,0,random_forgery,12,21
D:\GitHub\Do_an_tot_nghiep\data\processed\full_org\original_47_17.png,D:\GitHub\Do_an_tot_nghiep\data\processed\full_org\original_3_4.png,0,random_forgery,47,3
D:\GitHub\Do_an_tot_nghiep\data\processed\full_org\original_19_12.png,D:\GitHub\Do_an_tot_nghiep\data\processed\full_org\original_22_20.png,0,random_forgery,19,22
D:\GitHub\Do_an_tot_nghiep\data\processed\full_org\original_19_21.png,D:\GitHub\Do_an_tot_nghiep\data\processed\full_org\original_1_8.png,0,random_forgery,19,1
D:\GitHub\Do_an_tot_nghiep\data\processed\full_org\original_25_6.png,D:\GitHub\Do_an_tot_nghiep\data\processed\full_forg\forgeries_25_13.png,0,skilled_forgery,25,25
D:\GitHub\Do_an_tot_nghiep\data\processed\full_org\original_51_13.png,D:\GitHub\Do_an_tot_nghiep\data\processed\full_forg\forgeries_51_22.png,0,skilled_forgery,51,51
D:\GitHub\Do_an_tot_nghiep\data\processed\full_org\original_29_13.png,D:\GitHub\Do_an_tot_nghiep\data\processed\full_forg\forgeries_29_7.png,0,skilled_forgery,29,29
D:\GitHub\Do_an_tot_nghiep\data\processed\full_org\original_40_17.png,D:\GitHub\Do_an_tot_nghiep\data\processed\full_org\original_40_24.png,1,genuine_genuine,40,40
D:\GitHub\Do_an_tot_nghiep\data\processed\full_org\original_25_12.png,D:\GitHub\Do_an_tot_nghiep\data\processed\full_org\original_25_7.png,1,genuine_genuine,25,25
D:\GitHub\Do_an_tot_nghiep\data\processed\full_org\original_24_1.png,D:\GitHub\Do_an_tot_nghiep\data\processed\full_org\original_24_10.png,1,genuine_genuine,24,24
D:\GitHub\Do_an_tot_nghiep\data\processed\full_org\original_24_3.png,D:\GitHub\Do_an_tot_nghiep\data\processed\full_forg\forgeries_24_8.png,0,skilled_forgery,24,24
D:\GitHub\Do_an_tot_nghiep\data\processed\full_org\original_45_15.png,D:\GitHub\Do_an_tot_nghiep\data\processed\full_forg\forgeries_45_23.png,0,skilled_forgery,45,45
D:\GitHub\Do_an_tot_nghiep\data\processed\full_org\original_28_8.png,D:\GitHub\Do_an_tot_nghiep\data\processed\full_org\original_24_22.png,0,random_forgery,28,24
D:\GitHub\Do_an_tot_nghiep\data\processed\full_org\original_1_3.png,D:\GitHub\Do_an_tot_nghiep\data\processed\full_org\original_4_19.png,0,random_forgery,1,4
D:\GitHub\Do_an_tot_nghiep\data\processed\full_org\original_43_21.png,D:\GitHub\Do_an_tot_nghiep\data\processed\full_forg\forgeries_43_24.png,0,skilled_forgery,43,43
D:\GitHub\Do_an_tot_nghiep\data\processed\full_org\original_40_12.png,D:\GitHub\Do_an_tot_nghiep\data\processed\full_org\original_40_15.png,1,genuine_genuine,40,40
D:\GitHub\Do_an_tot_nghiep\data\processed\full_org\original_1_21.png,D:\GitHub\Do_an_tot_nghiep\data\processed\full_org\original_1_3.png,1,genuine_genuine,1,1
D:\GitHub\Do_an_tot_nghiep\data\processed\full_org\original_30_24.png,D:\GitHub\Do_an_tot_nghiep\data\processed\full_org\original_30_3.png,1,genuine_genuine,30,30
D:\GitHub\Do_an_tot_nghiep\data\processed\full_org\original_26_2.png,D:\GitHub\Do_an_tot_nghiep\data\processed\full_org\original_26_5.png,1,genuine_genuine,26,26
D:\GitHub\Do_an_tot_nghiep\data\processed\full_org\original_36_11.png,D:\GitHub\Do_an_tot_nghiep\data\processed\full_org\original_36_18.png,1,genuine_genuine,36,36
D:\GitHub\Do_an_tot_nghiep\data\processed\full_org\original_40_18.png,D:\GitHub\Do_an_tot_nghiep\data\processed\full_forg\forgeries_40_8.png,0,skilled_forgery,40,40
D:\GitHub\Do_an_tot_nghiep\data\processed\full_org\original_24_22.png,D:\GitHub\Do_an_tot_nghiep\data\processed\full_org\original_24_3.png,1,genuine_genuine,24,24
D:\GitHub\Do_an_tot_nghiep\data\processed\full_org\original_37_10.png,D:\GitHub\Do_an_tot_nghiep\data\processed\full_org\original_37_14.png,1,genuine_genuine,37,37
D:\GitHub\Do_an_tot_nghiep\data\processed\full_org\original_28_13.png,D:\GitHub\Do_an_tot_nghiep\data\processed\full_org\original_28_6.png,1,genuine_genuine,28,28
D:\GitHub\Do_an_tot_nghiep\data\processed\full_org\original_25_24.png,D:\GitHub\Do_an_tot_nghiep\data\processed\full_forg\forgeries_25_24.png,0,skilled_forgery,25,25
D:\GitHub\Do_an_tot_nghiep\data\processed\full_org\original_55_22.png,D:\GitHub\Do_an_tot_nghiep\data\processed\full_org\original_37_3.png,0,random_forgery,55,37
D:\GitHub\Do_an_tot_nghiep\data\processed\full_org\original_49_1.png,D:\GitHub\Do_an_tot_nghiep\data\processed\full_forg\forgeries_49_15.png,0,skilled_forgery,49,49
D:\GitHub\Do_an_tot_nghiep\data\processed\full_org\original_37_16.png,D:\GitHub\Do_an_tot_nghiep\data\processed\full_org\original_37_6.png,1,genuine_genuine,37,37
D:\GitHub\Do_an_tot_nghiep\data\processed\full_org\original_17_19.png,D:\GitHub\Do_an_tot_nghiep\data\processed\full_forg\forgeries_17_1.png,0,skilled_forgery,17,17
D:\GitHub\Do_an_tot_nghiep\data\processed\full_org\original_28_2.png,D:\GitHub\Do_an_tot_nghiep\data\processed\full_org\original_28_6.png,1,genuine_genuine,28,28
D:\GitHub\Do_an_tot_nghiep\data\processed\full_org\original_51_4.png,D:\GitHub\Do_an_tot_nghiep\data\processed\full_forg\forgeries_51_3.png,0,skilled_forgery,51,51
D:\GitHub\Do_an_tot_nghiep\data\processed\full_org\original_36_17.png,D:\GitHub\Do_an_tot_nghiep\data\processed\full_org\original_51_7.png,0,random_forgery,36,51
D:\GitHub\Do_an_tot_nghiep\data\processed\full_org\original_16_9.png,D:\GitHub\Do_an_tot_nghiep\data\processed\full_org\original_21_11.png,0,random_forgery,16,21
D:\GitHub\Do_an_tot_nghiep\data\processed\full_org\original_18_10.png,D:\GitHub\Do_an_tot_nghiep\data\processed\full_org\original_3_6.png,0,random_forgery,18,3
D:\GitHub\Do_an_tot_nghiep\data\processed\full_org\original_3_11.png,D:\GitHub\Do_an_tot_nghiep\data\processed\full_forg\forgeries_3_10.png,0,skilled_forgery,3,3
D:\GitHub\Do_an_tot_nghiep\data\processed\full_org\original_40_1.png,D:\GitHub\Do_an_tot_nghiep\data\processed\full_forg\forgeries_40_19.png,0,skilled_forgery,40,40
D:\GitHub\Do_an_tot_nghiep\data\processed\full_org\original_16_22.png,D:\GitHub\Do_an_tot_nghiep\data\processed\full_org\original_40_1.png,0,random_forgery,16,40
D:\GitHub\Do_an_tot_nghiep\data\processed\full_org\original_55_12.png,D:\GitHub\Do_an_tot_nghiep\data\processed\full_org\original_34_8.png,0,random_forgery,55,34
D:\GitHub\Do_an_tot_nghiep\data\processed\full_org\original_34_1.png,D:\GitHub\Do_an_tot_nghiep\data\processed\full_org\original_34_5.png,1,genuine_genuine,34,34
D:\GitHub\Do_an_tot_nghiep\data\processed\full_org\original_25_12.png,D:\GitHub\Do_an_tot_nghiep\data\processed\full_org\original_25_3.png,1,genuine_genuine,25,25
D:\GitHub\Do_an_tot_nghiep\data\processed\full_org\original_45_11.png,D:\GitHub\Do_an_tot_nghiep\data\processed\full_org\original_10_19.png,0,random_forgery,45,10
D:\GitHub\Do_an_tot_nghiep\data\processed\full_org\original_55_6.png,D:\GitHub\Do_an_tot_nghiep\data\processed\full_forg\forgeries_55_17.png,0,skilled_forgery,55,55
D:\GitHub\Do_an_tot_nghiep\data\processed\full_org\original_46_23.png,D:\GitHub\Do_an_tot_nghiep\data\processed\full_forg\forgeries_46_5.png,0,skilled_forgery,46,46
D:\GitHub\Do_an_tot_nghiep\data\processed\full_org\original_51_5.png,D:\GitHub\Do_an_tot_nghiep\data\processed\full_forg\forgeries_51_13.png,0,skilled_forgery,51,51
D:\GitHub\Do_an_tot_nghiep\data\processed\full_org\original_31_10.png,D:\GitHub\Do_an_tot_nghiep\data\processed\full_org\original_31_17.png,1,genuine_genuine,31,31
D:\GitHub\Do_an_tot_nghiep\data\processed\full_org\original_24_20.png,D:\GitHub\Do_an_tot_nghiep\data\processed\full_forg\forgeries_24_17.png,0,skilled_forgery,24,24
D:\GitHub\Do_an_tot_nghiep\data\processed\full_org\original_25_22.png,D:\GitHub\Do_an_tot_nghiep\data\processed\full_org\original_25_3.png,1,genuine_genuine,25,25
D:\GitHub\Do_an_tot_nghiep\data\processed\full_org\original_38_11.png,D:\GitHub\Do_an_tot_nghiep\data\processed\full_org\original_38_13.png,1,genuine_genuine,38,38
D:\GitHub\Do_an_tot_nghiep\data\processed\full_org\original_47_4.png,D:\GitHub\Do_an_tot_nghiep\data\processed\full_org\original_43_3.png,0,random_forgery,47,43
D:\GitHub\Do_an_tot_nghiep\data\processed\full_org\original_7_18.png,D:\GitHub\Do_an_tot_nghiep\data\processed\full_forg\forgeries_7_15.png,0,skilled_forgery,7,7
D:\GitHub\Do_an_tot_nghiep\data\processed\full_org\original_43_9.png,D:\GitHub\Do_an_tot_nghiep\data\processed\full_forg\forgeries_43_16.png,0,skilled_forgery,43,43
D:\GitHub\Do_an_tot_nghiep\data\processed\full_org\original_1_16.png,D:\GitHub\Do_an_tot_nghiep\data\processed\full_forg\forgeries_1_20.png,0,skilled_forgery,1,1
D:\GitHub\Do_an_tot_nghiep\data\processed\full_org\original_53_2.png,D:\GitHub\Do_an_tot_nghiep\data\processed\full_org\original_10_3.png,0,random_forgery,53,10
D:\GitHub\Do_an_tot_nghiep\data\processed\full_org\original_47_21.png,D:\GitHub\Do_an_tot_nghiep\data\processed\full_forg\forgeries_47_2.png,0,skilled_forgery,47,47
D:\GitHub\Do_an_tot_nghiep\data\processed\full_org\original_18_5.png,D:\GitHub\Do_an_tot_nghiep\data\processed\full_forg\forgeries_18_6.png,0,skilled_forgery,18,18
D:\GitHub\Do_an_tot_nghiep\data\processed\full_org\original_17_6.png,D:\GitHub\Do_an_tot_nghiep\data\processed\full_org\original_17_8.png,1,genuine_genuine,17,17
D:\GitHub\Do_an_tot_nghiep\data\processed\full_org\original_36_7.png,D:\GitHub\Do_an_tot_nghiep\data\processed\full_forg\forgeries_36_3.png,0,skilled_forgery,36,36
D:\GitHub\Do_an_tot_nghiep\data\processed\full_org\original_39_14.png,D:\GitHub\Do_an_tot_nghiep\data\processed\full_org\original_34_17.png,0,random_forgery,39,34
D:\GitHub\Do_an_tot_nghiep\data\processed\full_org\original_49_15.png,D:\GitHub\Do_an_tot_nghiep\data\processed\full_forg\forgeries_49_11.png,0,skilled_forgery,49,49
D:\GitHub\Do_an_tot_nghiep\data\processed\full_org\original_5_6.png,D:\GitHub\Do_an_tot_nghiep\data\processed\full_org\original_25_22.png,0,random_forgery,5,25
D:\GitHub\Do_an_tot_nghiep\data\processed\full_org\original_17_22.png,D:\GitHub\Do_an_tot_nghiep\data\processed\full_forg\forgeries_17_23.png,0,skilled_forgery,17,17
D:\GitHub\Do_an_tot_nghiep\data\processed\full_org\original_49_11.png,D:\GitHub\Do_an_tot_nghiep\data\processed\full_org\original_19_14.png,0,random_forgery,49,19
D:\GitHub\Do_an_tot_nghiep\data\processed\full_org\original_37_11.png,D:\GitHub\Do_an_tot_nghiep\data\processed\full_forg\forgeries_37_24.png,0,skilled_forgery,37,37
D:\GitHub\Do_an_tot_nghiep\data\processed\full_org\original_43_10.png,D:\GitHub\Do_an_tot_nghiep\data\processed\full_org\original_46_16.png,0,random_forgery,43,46
D:\GitHub\Do_an_tot_nghiep\data\processed\full_org\original_12_13.png,D:\GitHub\Do_an_tot_nghiep\data\processed\full_org\original_12_17.png,1,genuine_genuine,12,12
D:\GitHub\Do_an_tot_nghiep\data\processed\full_org\original_37_13.png,D:\GitHub\Do_an_tot_nghiep\data\processed\full_forg\forgeries_37_23.png,0,skilled_forgery,37,37
D:\GitHub\Do_an_tot_nghiep\data\processed\full_org\original_11_7.png,D:\GitHub\Do_an_tot_nghiep\data\processed\full_org\original_55_24.png,0,random_forgery,11,55
D:\GitHub\Do_an_tot_nghiep\data\processed\full_org\original_46_23.png,D:\GitHub\Do_an_tot_nghiep\data\processed\full_org\original_4_16.png,0,random_forgery,46,4
D:\GitHub\Do_an_tot_nghiep\data\processed\full_org\original_21_21.png,D:\GitHub\Do_an_tot_nghiep\data\processed\full_org\original_5_19.png,0,random_forgery,21,5
D:\GitHub\Do_an_tot_nghiep\data\processed\full_org\original_5_12.png,D:\GitHub\Do_an_tot_nghiep\data\processed\full_org\original_5_6.png,1,genuine_genuine,5,5
D:\GitHub\Do_an_tot_nghiep\data\processed\full_org\original_4_11.png,D:\GitHub\Do_an_tot_nghiep\data\processed\full_org\original_4_3.png,1,genuine_genuine,4,4
D:\GitHub\Do_an_tot_nghiep\data\processed\full_org\original_31_3.png,D:\GitHub\Do_an_tot_nghiep\data\processed\full_forg\forgeries_31_11.png,0,skilled_forgery,31,31
D:\GitHub\Do_an_tot_nghiep\data\processed\full_org\original_39_18.png,D:\GitHub\Do_an_tot_nghiep\data\processed\full_org\original_24_14.png,0,random_forgery,39,24
D:\GitHub\Do_an_tot_nghiep\data\processed\full_org\original_55_11.png,D:\GitHub\Do_an_tot_nghiep\data\processed\full_forg\forgeries_55_13.png,0,skilled_forgery,55,55
D:\GitHub\Do_an_tot_nghiep\data\processed\full_org\original_31_11.png,D:\GitHub\Do_an_tot_nghiep\data\processed\full_org\original_39_3.png,0,random_forgery,31,39
D:\GitHub\Do_an_tot_nghiep\data\processed\full_org\original_16_15.png,D:\GitHub\Do_an_tot_nghiep\data\processed\full_org\original_7_22.png,0,random_forgery,16,7
D:\GitHub\Do_an_tot_nghiep\data\processed\full_org\original_49_17.png,D:\GitHub\Do_an_tot_nghiep\data\processed\full_org\original_49_7.png,1,genuine_genuine,49,49
D:\GitHub\Do_an_tot_nghiep\data\processed\full_org\original_17_17.png,D:\GitHub\Do_an_tot_nghiep\data\processed\full_org\original_17_2.png,1,genuine_genuine,17,17
D:\GitHub\Do_an_tot_nghiep\data\processed\full_org\original_40_14.png,D:\GitHub\Do_an_tot_nghiep\data\processed\full_org\original_40_6.png,1,genuine_genuine,40,40
D:\GitHub\Do_an_tot_nghiep\data\processed\full_org\original_34_18.png,D:\GitHub\Do_an_tot_nghiep\data\processed\full_forg\forgeries_34_4.png,0,skilled_forgery,34,34
D:\GitHub\Do_an_tot_nghiep\data\processed\full_org\original_3_24.png,D:\GitHub\Do_an_tot_nghiep\data\processed\full_org\original_49_21.png,0,random_forgery,3,49
D:\GitHub\Do_an_tot_nghiep\data\processed\full_org\original_47_15.png,D:\GitHub\Do_an_tot_nghiep\data\processed\full_forg\forgeries_47_13.png,0,skilled_forgery,47,47
D:\GitHub\Do_an_tot_nghiep\data\processed\full_org\original_37_9.png,D:\GitHub\Do_an_tot_nghiep\data\processed\full_org\original_3_7.png,0,random_forgery,37,3
D:\GitHub\Do_an_tot_nghiep\data\processed\full_org\original_21_16.png,D:\GitHub\Do_an_tot_nghiep\data\processed\full_forg\forgeries_21_14.png,0,skilled_forgery,21,21
D:\GitHub\Do_an_tot_nghiep\data\processed\full_org\original_7_21.png,D:\GitHub\Do_an_tot_nghiep\data\processed\full_org\original_46_22.png,0,random_forgery,7,46
D:\GitHub\Do_an_tot_nghiep\data\processed\full_org\original_40_13.png,D:\GitHub\Do_an_tot_nghiep\data\processed\full_org\original_40_2.png,1,genuine_genuine,40,40
D:\GitHub\Do_an_tot_nghiep\data\processed\full_org\original_17_1.png,D:\GitHub\Do_an_tot_nghiep\data\processed\full_org\original_17_14.png,1,genuine_genuine,17,17
D:\GitHub\Do_an_tot_nghiep\data\processed\full_org\original_47_1.png,D:\GitHub\Do_an_tot_nghiep\data\processed\full_org\original_47_13.png,1,genuine_genuine,47,47
D:\GitHub\Do_an_tot_nghiep\data\processed\full_org\original_4_10.png,D:\GitHub\Do_an_tot_nghiep\data\processed\full_forg\forgeries_4_18.png,0,skilled_forgery,4,4
D:\GitHub\Do_an_tot_nghiep\data\processed\full_org\original_17_12.png,D:\GitHub\Do_an_tot_nghiep\data\processed\full_org\original_49_10.png,0,random_forgery,17,49
D:\GitHub\Do_an_tot_nghiep\data\processed\full_org\original_31_1.png,D:\GitHub\Do_an_tot_nghiep\data\processed\full_org\original_31_12.png,1,genuine_genuine,31,31
D:\GitHub\Do_an_tot_nghiep\data\processed\full_org\original_21_7.png,D:\GitHub\Do_an_tot_nghiep\data\processed\full_forg\forgeries_21_22.png,0,skilled_forgery,21,21
D:\GitHub\Do_an_tot_nghiep\data\processed\full_org\original_40_24.png,D:\GitHub\Do_an_tot_nghiep\data\processed\full_forg\forgeries_40_9.png,0,skilled_forgery,40,40
D:\GitHub\Do_an_tot_nghiep\data\processed\full_org\original_10_12.png,D:\GitHub\Do_an_tot_nghiep\data\processed\full_forg\forgeries_10_4.png,0,skilled_forgery,10,10
D:\GitHub\Do_an_tot_nghiep\data\processed\full_org\original_24_1.png,D:\GitHub\Do_an_tot_nghiep\data\processed\full_org\original_24_3.png,1,genuine_genuine,24,24
D:\GitHub\Do_an_tot_nghiep\data\processed\full_org\original_38_14.png,D:\GitHub\Do_an_tot_nghiep\data\processed\full_org\original_38_3.png,1,genuine_genuine,38,38
D:\GitHub\Do_an_tot_nghiep\data\processed\full_org\original_17_12.png,D:\GitHub\Do_an_tot_nghiep\data\processed\full_org\original_3_15.png,0,random_forgery,17,3
D:\GitHub\Do_an_tot_nghiep\data\processed\full_org\original_40_21.png,D:\GitHub\Do_an_tot_nghiep\data\processed\full_forg\forgeries_40_5.png,0,skilled_forgery,40,40
D:\GitHub\Do_an_tot_nghiep\data\processed\full_org\original_51_2.png,D:\GitHub\Do_an_tot_nghiep\data\processed\full_org\original_51_21.png,1,genuine_genuine,51,51
D:\GitHub\Do_an_tot_nghiep\data\processed\full_org\original_10_20.png,D:\GitHub\Do_an_tot_nghiep\data\processed\full_org\original_40_8.png,0,random_forgery,10,40
D:\GitHub\Do_an_tot_nghiep\data\processed\full_org\original_55_17.png,D:\GitHub\Do_an_tot_nghiep\data\processed\full_org\original_55_23.png,1,genuine_genuine,55,55
D:\GitHub\Do_an_tot_nghiep\data\processed\full_org\original_7_1.png,D:\GitHub\Do_an_tot_nghiep\data\processed\full_org\original_7_2.png,1,genuine_genuine,7,7
D:\GitHub\Do_an_tot_nghiep\data\processed\full_org\original_55_8.png,D:\GitHub\Do_an_tot_nghiep\data\processed\full_org\original_19_3.png,0,random_forgery,55,19
D:\GitHub\Do_an_tot_nghiep\data\processed\full_org\original_22_12.png,D:\GitHub\Do_an_tot_nghiep\data\processed\full_forg\forgeries_22_10.png,0,skilled_forgery,22,22
D:\GitHub\Do_an_tot_nghiep\data\processed\full_org\original_18_24.png,D:\GitHub\Do_an_tot_nghiep\data\processed\full_org\original_18_3.png,1,genuine_genuine,18,18
D:\GitHub\Do_an_tot_nghiep\data\processed\full_org\original_11_1.png,D:\GitHub\Do_an_tot_nghiep\data\processed\full_forg\forgeries_11_17.png,0,skilled_forgery,11,11
D:\GitHub\Do_an_tot_nghiep\data\processed\full_org\original_46_23.png,D:\GitHub\Do_an_tot_nghiep\data\processed\full_forg\forgeries_46_11.png,0,skilled_forgery,46,46
D:\GitHub\Do_an_tot_nghiep\data\processed\full_org\original_16_4.png,D:\GitHub\Do_an_tot_nghiep\data\processed\full_forg\forgeries_16_20.png,0,skilled_forgery,16,16
D:\GitHub\Do_an_tot_nghiep\data\processed\full_org\original_7_22.png,D:\GitHub\Do_an_tot_nghiep\data\processed\full_forg\forgeries_7_22.png,0,skilled_forgery,7,7
D:\GitHub\Do_an_tot_nghiep\data\processed\full_org\original_45_14.png,D:\GitHub\Do_an_tot_nghiep\data\processed\full_org\original_45_7.png,1,genuine_genuine,45,45
D:\GitHub\Do_an_tot_nghiep\data\processed\full_org\original_16_4.png,D:\GitHub\Do_an_tot_nghiep\data\processed\full_forg\forgeries_16_17.png,0,skilled_forgery,16,16
D:\GitHub\Do_an_tot_nghiep\data\processed\full_org\original_39_4.png,D:\GitHub\Do_an_tot_nghiep\data\processed\full_org\original_39_8.png,1,genuine_genuine,39,39
D:\GitHub\Do_an_tot_nghiep\data\processed\full_org\original_40_21.png,D:\GitHub\Do_an_tot_nghiep\data\processed\full_forg\forgeries_40_9.png,0,skilled_forgery,40,40
D:\GitHub\Do_an_tot_nghiep\data\processed\full_org\original_53_21.png,D:\GitHub\Do_an_tot_nghiep\data\processed\full_forg\forgeries_53_5.png,0,skilled_forgery,53,53
D:\GitHub\Do_an_tot_nghiep\data\processed\full_org\original_43_10.png,D:\GitHub\Do_an_tot_nghiep\data\processed\full_forg\forgeries_43_7.png,0,skilled_forgery,43,43
D:\GitHub\Do_an_tot_nghiep\data\processed\full_org\original_40_7.png,D:\GitHub\Do_an_tot_nghiep\data\processed\full_org\original_46_8.png,0,random_forgery,40,46
D:\GitHub\Do_an_tot_nghiep\data\processed\full_org\original_30_16.png,D:\GitHub\Do_an_tot_nghiep\data\processed\full_forg\forgeries_30_17.png,0,skilled_forgery,30,30
D:\GitHub\Do_an_tot_nghiep\data\processed\full_org\original_49_2.png,D:\GitHub\Do_an_tot_nghiep\data\processed\full_org\original_49_21.png,1,genuine_genuine,49,49
D:\GitHub\Do_an_tot_nghiep\data\processed\full_org\original_46_1.png,D:\GitHub\Do_an_tot_nghiep\data\processed\full_org\original_46_9.png,1,genuine_genuine,46,46
D:\GitHub\Do_an_tot_nghiep\data\processed\full_org\original_21_9.png,D:\GitHub\Do_an_tot_nghiep\data\processed\full_forg\forgeries_21_16.png,0,skilled_forgery,21,21
D:\GitHub\Do_an_tot_nghiep\data\processed\full_org\original_4_1.png,D:\GitHub\Do_an_tot_nghiep\data\processed\full_org\original_36_5.png,0,random_forgery,4,36
D:\GitHub\Do_an_tot_nghiep\data\processed\full_org\original_25_17.png,D:\GitHub\Do_an_tot_nghiep\data\processed\full_forg\forgeries_25_12.png,0,skilled_forgery,25,25
D:\GitHub\Do_an_tot_nghiep\data\processed\full_org\original_10_24.png,D:\GitHub\Do_an_tot_nghiep\data\processed\full_org\original_30_1.png,0,random_forgery,10,30
D:\GitHub\Do_an_tot_nghiep\data\processed\full_org\original_28_13.png,D:\GitHub\Do_an_tot_nghiep\data\processed\full_forg\forgeries_28_15.png,0,skilled_forgery,28,28
D:\GitHub\Do_an_tot_nghiep\data\processed\full_org\original_21_24.png,D:\GitHub\Do_an_tot_nghiep\data\processed\full_org\original_24_1.png,0,random_forgery,21,24
D:\GitHub\Do_an_tot_nghiep\data\processed\full_org\original_30_12.png,D:\GitHub\Do_an_tot_nghiep\data\processed\full_forg\forgeries_30_19.png,0,skilled_forgery,30,30
D:\GitHub\Do_an_tot_nghiep\data\processed\full_org\original_36_18.png,D:\GitHub\Do_an_tot_nghiep\data\processed\full_forg\forgeries_36_2.png,0,skilled_forgery,36,36
D:\GitHub\Do_an_tot_nghiep\data\processed\full_org\original_40_14.png,D:\GitHub\Do_an_tot_nghiep\data\processed\full_org\original_25_10.png,0,random_forgery,40,25
D:\GitHub\Do_an_tot_nghiep\data\processed\full_org\original_47_11.png,D:\GitHub\Do_an_tot_nghiep\data\processed\full_org\original_47_12.png,1,genuine_genuine,47,47
D:\GitHub\Do_an_tot_nghiep\data\processed\full_org\original_39_8.png,D:\GitHub\Do_an_tot_nghiep\data\processed\full_forg\forgeries_39_2.png,0,skilled_forgery,39,39
D:\GitHub\Do_an_tot_nghiep\data\processed\full_org\original_30_4.png,D:\GitHub\Do_an_tot_nghiep\data\processed\full_forg\forgeries_30_19.png,0,skilled_forgery,30,30
D:\GitHub\Do_an_tot_nghiep\data\processed\full_org\original_40_16.png,D:\GitHub\Do_an_tot_nghiep\data\processed\full_org\original_40_22.png,1,genuine_genuine,40,40
D:\GitHub\Do_an_tot_nghiep\data\processed\full_org\original_24_17.png,D:\GitHub\Do_an_tot_nghiep\data\processed\full_org\original_24_21.png,1,genuine_genuine,24,24
D:\GitHub\Do_an_tot_nghiep\data\processed\full_org\original_7_12.png,D:\GitHub\Do_an_tot_nghiep\data\processed\full_org\original_7_19.png,1,genuine_genuine,7,7
D:\GitHub\Do_an_tot_nghiep\data\processed\full_org\original_10_17.png,D:\GitHub\Do_an_tot_nghiep\data\processed\full_org\original_10_23.png,1,genuine_genuine,10,10
D:\GitHub\Do_an_tot_nghiep\data\processed\full_org\original_18_20.png,D:\GitHub\Do_an_tot_nghiep\data\processed\full_forg\forgeries_18_13.png,0,skilled_forgery,18,18
D:\GitHub\Do_an_tot_nghiep\data\processed\full_org\original_40_20.png,D:\GitHub\Do_an_tot_nghiep\data\processed\full_forg\forgeries_40_3.png,0,skilled_forgery,40,40
D:\GitHub\Do_an_tot_nghiep\data\processed\full_org\original_46_24.png,D:\GitHub\Do_an_tot_nghiep\data\processed\full_org\original_46_7.png,1,genuine_genuine,46,46
D:\GitHub\Do_an_tot_nghiep\data\processed\full_org\original_30_22.png,D:\GitHub\Do_an_tot_nghiep\data\processed\full_forg\forgeries_30_1.png,0,skilled_forgery,30,30
D:\GitHub\Do_an_tot_nghiep\data\processed\full_org\original_28_2.png,D:\GitHub\Do_an_tot_nghiep\data\processed\full_forg\forgeries_28_23.png,0,skilled_forgery,28,28
D:\GitHub\Do_an_tot_nghiep\data\processed\full_org\original_3_10.png,D:\GitHub\Do_an_tot_nghiep\data\processed\full_org\original_3_13.png,1,genuine_genuine,3,3
D:\GitHub\Do_an_tot_nghiep\data\processed\full_org\original_1_4.png,D:\GitHub\Do_an_tot_nghiep\data\processed\full_org\original_1_8.png,1,genuine_genuine,1,1
D:\GitHub\Do_an_tot_nghiep\data\processed\full_org\original_49_1.png,D:\GitHub\Do_an_tot_nghiep\data\processed\full_org\original_49_17.png,1,genuine_genuine,49,49
D:\GitHub\Do_an_tot_nghiep\data\processed\full_org\original_7_15.png,D:\GitHub\Do_an_tot_nghiep\data\processed\full_org\original_7_23.png,1,genuine_genuine,7,7
D:\GitHub\Do_an_tot_nghiep\data\processed\full_org\original_26_15.png,D:\GitHub\Do_an_tot_nghiep\data\processed\full_org\original_40_20.png,0,random_forgery,26,40
D:\GitHub\Do_an_tot_nghiep\data\processed\full_org\original_49_10.png,D:\GitHub\Do_an_tot_nghiep\data\processed\full_org\original_49_17.png,1,genuine_genuine,49,49
D:\GitHub\Do_an_tot_nghiep\data\processed\full_org\original_37_3.png,D:\GitHub\Do_an_tot_nghiep\data\processed\full_org\original_53_14.png,0,random_forgery,37,53
D:\GitHub\Do_an_tot_nghiep\data\processed\full_org\original_19_16.png,D:\GitHub\Do_an_tot_nghiep\data\processed\full_org\original_16_16.png,0,random_forgery,19,16
D:\GitHub\Do_an_tot_nghiep\data\processed\full_org\original_28_10.png,D:\GitHub\Do_an_tot_nghiep\data\processed\full_org\original_28_8.png,1,genuine_genuine,28,28
D:\GitHub\Do_an_tot_nghiep\data\processed\full_org\original_22_15.png,D:\GitHub\Do_an_tot_nghiep\data\processed\full_forg\forgeries_22_5.png,0,skilled_forgery,22,22
D:\GitHub\Do_an_tot_nghiep\data\processed\full_org\original_10_12.png,D:\GitHub\Do_an_tot_nghiep\data\processed\full_forg\forgeries_10_21.png,0,skilled_forgery,10,10
D:\GitHub\Do_an_tot_nghiep\data\processed\full_org\original_37_21.png,D:\GitHub\Do_an_tot_nghiep\data\processed\full_org\original_51_6.png,0,random_forgery,37,51
D:\GitHub\Do_an_tot_nghiep\data\processed\full_org\original_31_5.png,D:\GitHub\Do_an_tot_nghiep\data\processed\full_forg\forgeries_31_10.png,0,skilled_forgery,31,31
D:\GitHub\Do_an_tot_nghiep\data\processed\full_org\original_49_2.png,D:\GitHub\Do_an_tot_nghiep\data\processed\full_forg\forgeries_49_5.png,0,skilled_forgery,49,49
D:\GitHub\Do_an_tot_nghiep\data\processed\full_org\original_49_10.png,D:\GitHub\Do_an_tot_nghiep\data\processed\full_org\original_49_14.png,1,genuine_genuine,49,49
D:\GitHub\Do_an_tot_nghiep\data\processed\full_org\original_55_22.png,D:\GitHub\Do_an_tot_nghiep\data\processed\full_forg\forgeries_55_6.png,0,skilled_forgery,55,55
D:\GitHub\Do_an_tot_nghiep\data\processed\full_org\original_10_4.png,D:\GitHub\Do_an_tot_nghiep\data\processed\full_forg\forgeries_10_4.png,0,skilled_forgery,10,10
D:\GitHub\Do_an_tot_nghiep\data\processed\full_org\original_5_14.png,D:\GitHub\Do_an_tot_nghiep\data\processed\full_forg\forgeries_5_15.png,0,skilled_forgery,5,5
D:\GitHub\Do_an_tot_nghiep\data\processed\full_org\original_1_21.png,D:\GitHub\Do_an_tot_nghiep\data\processed\full_org\original_40_7.png,0,random_forgery,1,40
D:\GitHub\Do_an_tot_nghiep\data\processed\full_org\original_38_6.png,D:\GitHub\Do_an_tot_nghiep\data\processed\full_org\original_4_16.png,0,random_forgery,38,4
D:\GitHub\Do_an_tot_nghiep\data\processed\full_org\original_49_20.png,D:\GitHub\Do_an_tot_nghiep\data\processed\full_org\original_49_24.png,1,genuine_genuine,49,49
D:\GitHub\Do_an_tot_nghiep\data\processed\full_org\original_19_9.png,D:\GitHub\Do_an_tot_nghiep\data\processed\full_forg\forgeries_19_19.png,0,skilled_forgery,19,19
D:\GitHub\Do_an_tot_nghiep\data\processed\full_org\original_37_14.png,D:\GitHub\Do_an_tot_nghiep\data\processed\full_org\original_37_18.png,1,genuine_genuine,37,37
D:\GitHub\Do_an_tot_nghiep\data\processed\full_org\original_21_15.png,D:\GitHub\Do_an_tot_nghiep\data\processed\full_org\original_39_2.png,0,random_forgery,21,39
D:\GitHub\Do_an_tot_nghiep\data\processed\full_org\original_38_11.png,D:\GitHub\Do_an_tot_nghiep\data\processed\full_forg\forgeries_38_10.png,0,skilled_forgery,38,38
D:\GitHub\Do_an_tot_nghiep\data\processed\full_org\original_45_22.png,D:\GitHub\Do_an_tot_nghiep\data\processed\full_forg\forgeries_45_18.png,0,skilled_forgery,45,45
D:\GitHub\Do_an_tot_nghiep\data\processed\full_org\original_29_16.png,D:\GitHub\Do_an_tot_nghiep\data\processed\full_org\original_11_16.png,0,random_forgery,29,11
D:\GitHub\Do_an_tot_nghiep\data\processed\full_org\original_31_16.png,D:\GitHub\Do_an_tot_nghiep\data\processed\full_org\original_31_4.png,1,genuine_genuine,31,31
D:\GitHub\Do_an_tot_nghiep\data\processed\full_org\original_29_13.png,D:\GitHub\Do_an_tot_nghiep\data\processed\full_org\original_53_13.png,0,random_forgery,29,53
D:\GitHub\Do_an_tot_nghiep\data\processed\full_org\original_38_21.png,D:\GitHub\Do_an_tot_nghiep\data\processed\full_org\original_17_1.png,0,random_forgery,38,17
D:\GitHub\Do_an_tot_nghiep\data\processed\full_org\original_25_12.png,D:\GitHub\Do_an_tot_nghiep\data\processed\full_org\original_47_12.png,0,random_forgery,25,47
D:\GitHub\Do_an_tot_nghiep\data\processed\full_org\original_34_23.png,D:\GitHub\Do_an_tot_nghiep\data\processed\full_org\original_34_6.png,1,genuine_genuine,34,34
D:\GitHub\Do_an_tot_nghiep\data\processed\full_org\original_11_11.png,D:\GitHub\Do_an_tot_nghiep\data\processed\full_org\original_40_20.png,0,random_forgery,11,40
D:\GitHub\Do_an_tot_nghiep\data\processed\full_org\original_46_16.png,D:\GitHub\Do_an_tot_nghiep\data\processed\full_org\original_46_17.png,1,genuine_genuine,46,46
D:\GitHub\Do_an_tot_nghiep\data\processed\full_org\original_5_22.png,D:\GitHub\Do_an_tot_nghiep\data\processed\full_forg\forgeries_5_8.png,0,skilled_forgery,5,5
D:\GitHub\Do_an_tot_nghiep\data\processed\full_org\original_34_20.png,D:\GitHub\Do_an_tot_nghiep\data\processed\full_org\original_34_8.png,1,genuine_genuine,34,34
D:\GitHub\Do_an_tot_nghiep\data\processed\full_org\original_55_2.png,D:\GitHub\Do_an_tot_nghiep\data\processed\full_forg\forgeries_55_16.png,0,skilled_forgery,55,55
D:\GitHub\Do_an_tot_nghiep\data\processed\full_org\original_45_1.png,D:\GitHub\Do_an_tot_nghiep\data\processed\full_org\original_45_6.png,1,genuine_genuine,45,45
D:\GitHub\Do_an_tot_nghiep\data\processed\full_org\original_39_22.png,D:\GitHub\Do_an_tot_nghiep\data\processed\full_org\original_39_5.png,1,genuine_genuine,39,39
D:\GitHub\Do_an_tot_nghiep\data\processed\full_org\original_19_1.png,D:\GitHub\Do_an_tot_nghiep\data\processed\full_org\original_19_2.png,1,genuine_genuine,19,19
D:\GitHub\Do_an_tot_nghiep\data\processed\full_org\original_36_7.png,D:\GitHub\Do_an_tot_nghiep\data\processed\full_forg\forgeries_36_12.png,0,skilled_forgery,36,36
D:\GitHub\Do_an_tot_nghiep\data\processed\full_org\original_43_14.png,D:\GitHub\Do_an_tot_nghiep\data\processed\full_org\original_43_18.png,1,genuine_genuine,43,43
D:\GitHub\Do_an_tot_nghiep\data\processed\full_org\original_30_6.png,D:\GitHub\Do_an_tot_nghiep\data\processed\full_org\original_51_22.png,0,random_forgery,30,51
D:\GitHub\Do_an_tot_nghiep\data\processed\full_org\original_53_20.png,D:\GitHub\Do_an_tot_nghiep\data\processed\full_org\original_53_7.png,1,genuine_genuine,53,53
D:\GitHub\Do_an_tot_nghiep\data\processed\full_org\original_51_15.png,D:\GitHub\Do_an_tot_nghiep\data\processed\full_org\original_11_19.png,0,random_forgery,51,11
D:\GitHub\Do_an_tot_nghiep\data\processed\full_org\original_28_17.png,D:\GitHub\Do_an_tot_nghiep\data\processed\full_org\original_28_8.png,1,genuine_genuine,28,28
D:\GitHub\Do_an_tot_nghiep\data\processed\full_org\original_22_20.png,D:\GitHub\Do_an_tot_nghiep\data\processed\full_org\original_22_5.png,1,genuine_genuine,22,22
D:\GitHub\Do_an_tot_nghiep\data\processed\full_org\original_45_2.png,D:\GitHub\Do_an_tot_nghiep\data\processed\full_org\original_53_22.png,0,random_forgery,45,53
D:\GitHub\Do_an_tot_nghiep\data\processed\full_org\original_7_21.png,D:\GitHub\Do_an_tot_nghiep\data\processed\full_forg\forgeries_7_22.png,0,skilled_forgery,7,7
D:\GitHub\Do_an_tot_nghiep\data\processed\full_org\original_17_13.png,D:\GitHub\Do_an_tot_nghiep\data\processed\full_org\original_17_22.png,1,genuine_genuine,17,17
D:\GitHub\Do_an_tot_nghiep\data\processed\full_org\original_37_5.png,D:\GitHub\Do_an_tot_nghiep\data\processed\full_forg\forgeries_37_14.png,0,skilled_forgery,37,37
D:\GitHub\Do_an_tot_nghiep\data\processed\full_org\original_19_20.png,D:\GitHub\Do_an_tot_nghiep\data\processed\full_org\original_24_20.png,0,random_forgery,19,24
D:\GitHub\Do_an_tot_nghiep\data\processed\full_org\original_30_14.png,D:\GitHub\Do_an_tot_nghiep\data\processed\full_org\original_30_7.png,1,genuine_genuine,30,30
D:\GitHub\Do_an_tot_nghiep\data\processed\full_org\original_21_24.png,D:\GitHub\Do_an_tot_nghiep\data\processed\full_forg\forgeries_21_21.png,0,skilled_forgery,21,21
D:\GitHub\Do_an_tot_nghiep\data\processed\full_org\original_36_11.png,D:\GitHub\Do_an_tot_nghiep\data\processed\full_org\original_24_10.png,0,random_forgery,36,24
D:\GitHub\Do_an_tot_nghiep\data\processed\full_org\original_1_23.png,D:\GitHub\Do_an_tot_nghiep\data\processed\full_org\original_1_6.png,1,genuine_genuine,1,1
D:\GitHub\Do_an_tot_nghiep\data\processed\full_org\original_17_20.png,D:\GitHub\Do_an_tot_nghiep\data\processed\full_forg\forgeries_17_13.png,0,skilled_forgery,17,17
D:\GitHub\Do_an_tot_nghiep\data\processed\full_org\original_51_24.png,D:\GitHub\Do_an_tot_nghiep\data\processed\full_org\original_51_5.png,1,genuine_genuine,51,51
D:\GitHub\Do_an_tot_nghiep\data\processed\full_org\original_17_22.png,D:\GitHub\Do_an_tot_nghiep\data\processed\full_org\original_10_6.png,0,random_forgery,17,10
D:\GitHub\Do_an_tot_nghiep\data\processed\full_org\original_21_13.png,D:\GitHub\Do_an_tot_nghiep\data\processed\full_forg\forgeries_21_17.png,0,skilled_forgery,21,21
D:\GitHub\Do_an_tot_nghiep\data\processed\full_org\original_37_7.png,D:\GitHub\Do_an_tot_nghiep\data\processed\full_forg\forgeries_37_8.png,0,skilled_forgery,37,37
D:\GitHub\Do_an_tot_nghiep\data\processed\full_org\original_24_21.png,D:\GitHub\Do_an_tot_nghiep\data\processed\full_org\original_24_24.png,1,genuine_genuine,24,24
D:\GitHub\Do_an_tot_nghiep\data\processed\full_org\original_21_16.png,D:\GitHub\Do_an_tot_nghiep\data\processed\full_org\original_29_16.png,0,random_forgery,21,29
D:\GitHub\Do_an_tot_nghiep\data\processed\full_org\original_25_4.png,D:\GitHub\Do_an_tot_nghiep\data\processed\full_forg\forgeries_25_20.png,0,skilled_forgery,25,25
D:\GitHub\Do_an_tot_nghiep\data\processed\full_org\original_1_15.png,D:\GitHub\Do_an_tot_nghiep\data\processed\full_org\original_1_20.png,1,genuine_genuine,1,1
D:\GitHub\Do_an_tot_nghiep\data\processed\full_org\original_24_22.png,D:\GitHub\Do_an_tot_nghiep\data\processed\full_org\original_28_16.png,0,random_forgery,24,28
D:\GitHub\Do_an_tot_nghiep\data\processed\full_org\original_36_17.png,D:\GitHub\Do_an_tot_nghiep\data\processed\full_forg\forgeries_36_18.png,0,skilled_forgery,36,36
D:\GitHub\Do_an_tot_nghiep\data\processed\full_org\original_3_22.png,D:\GitHub\Do_an_tot_nghiep\data\processed\full_forg\forgeries_3_11.png,0,skilled_forgery,3,3
D:\GitHub\Do_an_tot_nghiep\data\processed\full_org\original_22_24.png,D:\GitHub\Do_an_tot_nghiep\data\processed\full_forg\forgeries_22_4.png,0,skilled_forgery,22,22
D:\GitHub\Do_an_tot_nghiep\data\processed\full_org\original_12_10.png,D:\GitHub\Do_an_tot_nghiep\data\processed\full_org\original_12_6.png,1,genuine_genuine,12,12
D:\GitHub\Do_an_tot_nghiep\data\processed\full_org\original_38_22.png,D:\GitHub\Do_an_tot_nghiep\data\processed\full_org\original_38_3.png,1,genuine_genuine,38,38
D:\GitHub\Do_an_tot_nghiep\data\processed\full_org\original_49_15.png,D:\GitHub\Do_an_tot_nghiep\data\processed\full_forg\forgeries_49_21.png,0,skilled_forgery,49,49
D:\GitHub\Do_an_tot_nghiep\data\processed\full_org\original_26_6.png,D:\GitHub\Do_an_tot_nghiep\data\processed\full_forg\forgeries_26_4.png,0,skilled_forgery,26,26
D:\GitHub\Do_an_tot_nghiep\data\processed\full_org\original_25_9.png,D:\GitHub\Do_an_tot_nghiep\data\processed\full_forg\forgeries_25_6.png,0,skilled_forgery,25,25
D:\GitHub\Do_an_tot_nghiep\data\processed\full_org\original_37_13.png,D:\GitHub\Do_an_tot_nghiep\data\processed\full_org\original_37_17.png,1,genuine_genuine,37,37
D:\GitHub\Do_an_tot_nghiep\data\processed\full_org\original_11_19.png,D:\GitHub\Do_an_tot_nghiep\data\processed\full_org\original_11_20.png,1,genuine_genuine,11,11
D:\GitHub\Do_an_tot_nghiep\data\processed\full_org\original_47_15.png,D:\GitHub\Do_an_tot_nghiep\data\processed\full_org\original_19_7.png,0,random_forgery,47,19
D:\GitHub\Do_an_tot_nghiep\data\processed\full_org\original_37_22.png,D:\GitHub\Do_an_tot_nghiep\data\processed\full_org\original_37_7.png,1,genuine_genuine,37,37
D:\GitHub\Do_an_tot_nghiep\data\processed\full_org\original_26_21.png,D:\GitHub\Do_an_tot_nghiep\data\processed\full_forg\forgeries_26_8.png,0,skilled_forgery,26,26
D:\GitHub\Do_an_tot_nghiep\data\processed\full_org\original_21_7.png,D:\GitHub\Do_an_tot_nghiep\data\processed\full_org\original_4_8.png,0,random_forgery,21,4
D:\GitHub\Do_an_tot_nghiep\data\processed\full_org\original_43_15.png,D:\GitHub\Do_an_tot_nghiep\data\processed\full_org\original_43_24.png,1,genuine_genuine,43,43
D:\GitHub\Do_an_tot_nghiep\data\processed\full_org\original_22_8.png,D:\GitHub\Do_an_tot_nghiep\data\processed\full_org\original_40_23.png,0,random_forgery,22,40
D:\GitHub\Do_an_tot_nghiep\data\processed\full_org\original_30_19.png,D:\GitHub\Do_an_tot_nghiep\data\processed\full_org\original_30_23.png,1,genuine_genuine,30,30
D:\GitHub\Do_an_tot_nghiep\data\processed\full_org\original_10_22.png,D:\GitHub\Do_an_tot_nghiep\data\processed\full_forg\forgeries_10_21.png,0,skilled_forgery,10,10
D:\GitHub\Do_an_tot_nghiep\data\processed\full_org\original_5_1.png,D:\GitHub\Do_an_tot_nghiep\data\processed\full_org\original_5_22.png,1,genuine_genuine,5,5
D:\GitHub\Do_an_tot_nghiep\data\processed\full_org\original_34_20.png,D:\GitHub\Do_an_tot_nghiep\data\processed\full_forg\forgeries_34_17.png,0,skilled_forgery,34,34
D:\GitHub\Do_an_tot_nghiep\data\processed\full_org\original_31_17.png,D:\GitHub\Do_an_tot_nghiep\data\processed\full_org\original_31_2.png,1,genuine_genuine,31,31
D:\GitHub\Do_an_tot_nghiep\data\processed\full_org\original_16_1.png,D:\GitHub\Do_an_tot_nghiep\data\processed\full_org\original_39_19.png,0,random_forgery,16,39
D:\GitHub\Do_an_tot_nghiep\data\processed\full_org\original_19_9.png,D:\GitHub\Do_an_tot_nghiep\data\processed\full_forg\forgeries_19_21.png,0,skilled_forgery,19,19
D:\GitHub\Do_an_tot_nghiep\data\processed\full_org\original_12_15.png,D:\GitHub\Do_an_tot_nghiep\data\processed\full_org\original_36_11.png,0,random_forgery,12,36
D:\GitHub\Do_an_tot_nghiep\data\processed\full_org\original_39_6.png,D:\GitHub\Do_an_tot_nghiep\data\processed\full_org\original_39_8.png,1,genuine_genuine,39,39
D:\GitHub\Do_an_tot_nghiep\data\processed\full_org\original_34_10.png,D:\GitHub\Do_an_tot_nghiep\data\processed\full_org\original_47_6.png,0,random_forgery,34,47
D:\GitHub\Do_an_tot_nghiep\data\processed\full_org\original_3_18.png,D:\GitHub\Do_an_tot_nghiep\data\processed\full_forg\forgeries_3_9.png,0,skilled_forgery,3,3
D:\GitHub\Do_an_tot_nghiep\data\processed\full_org\original_1_4.png,D:\GitHub\Do_an_tot_nghiep\data\processed\full_org\original_1_5.png,1,genuine_genuine,1,1
D:\GitHub\Do_an_tot_nghiep\data\processed\full_org\original_16_5.png,D:\GitHub\Do_an_tot_nghiep\data\processed\full_forg\forgeries_16_12.png,0,skilled_forgery,16,16
D:\GitHub\Do_an_tot_nghiep\data\processed\full_org\original_34_10.png,D:\GitHub\Do_an_tot_nghiep\data\processed\full_org\original_34_6.png,1,genuine_genuine,34,34
D:\GitHub\Do_an_tot_nghiep\data\processed\full_org\original_25_19.png,D:\GitHub\Do_an_tot_nghiep\data\processed\full_org\original_21_8.png,0,random_forgery,25,21
D:\GitHub\Do_an_tot_nghiep\data\processed\full_org\original_28_21.png,D:\GitHub\Do_an_tot_nghiep\data\processed\full_forg\forgeries_28_21.png,0,skilled_forgery,28,28
D:\GitHub\Do_an_tot_nghiep\data\processed\full_org\original_30_3.png,D:\GitHub\Do_an_tot_nghiep\data\processed\full_org\original_30_7.png,1,genuine_genuine,30,30
D:\GitHub\Do_an_tot_nghiep\data\processed\full_org\original_18_13.png,D:\GitHub\Do_an_tot_nghiep\data\processed\full_forg\forgeries_18_19.png,0,skilled_forgery,18,18
D:\GitHub\Do_an_tot_nghiep\data\processed\full_org\original_25_15.png,D:\GitHub\Do_an_tot_nghiep\data\processed\full_forg\forgeries_25_18.png,0,skilled_forgery,25,25
D:\GitHub\Do_an_tot_nghiep\data\processed\full_org\original_39_6.png,D:\GitHub\Do_an_tot_nghiep\data\processed\full_org\original_39_7.png,1,genuine_genuine,39,39
D:\GitHub\Do_an_tot_nghiep\data\processed\full_org\original_1_2.png,D:\GitHub\Do_an_tot_nghiep\data\processed\full_forg\forgeries_1_5.png,0,skilled_forgery,1,1
D:\GitHub\Do_an_tot_nghiep\data\processed\full_org\original_53_4.png,D:\GitHub\Do_an_tot_nghiep\data\processed\full_forg\forgeries_53_22.png,0,skilled_forgery,53,53
D:\GitHub\Do_an_tot_nghiep\data\processed\full_org\original_30_2.png,D:\GitHub\Do_an_tot_nghiep\data\processed\full_org\original_30_4.png,1,genuine_genuine,30,30
D:\GitHub\Do_an_tot_nghiep\data\processed\full_org\original_55_21.png,D:\GitHub\Do_an_tot_nghiep\data\processed\full_forg\forgeries_55_3.png,0,skilled_forgery,55,55
D:\GitHub\Do_an_tot_nghiep\data\processed\full_org\original_16_24.png,D:\GitHub\Do_an_tot_nghiep\data\processed\full_org\original_16_9.png,1,genuine_genuine,16,16
D:\GitHub\Do_an_tot_nghiep\data\processed\full_org\original_49_16.png,D:\GitHub\Do_an_tot_nghiep\data\processed\full_org\original_49_5.png,1,genuine_genuine,49,49
D:\GitHub\Do_an_tot_nghiep\data\processed\full_org\original_22_24.png,D:\GitHub\Do_an_tot_nghiep\data\processed\full_org\original_10_8.png,0,random_forgery,22,10
D:\GitHub\Do_an_tot_nghiep\data\processed\full_org\original_47_23.png,D:\GitHub\Do_an_tot_nghiep\data\processed\full_org\original_47_8.png,1,genuine_genuine,47,47
D:\GitHub\Do_an_tot_nghiep\data\processed\full_org\original_36_2.png,D:\GitHub\Do_an_tot_nghiep\data\processed\full_forg\forgeries_36_15.png,0,skilled_forgery,36,36
D:\GitHub\Do_an_tot_nghiep\data\processed\full_org\original_26_6.png,D:\GitHub\Do_an_tot_nghiep\data\processed\full_org\original_26_8.png,1,genuine_genuine,26,26
D:\GitHub\Do_an_tot_nghiep\data\processed\full_org\original_25_5.png,D:\GitHub\Do_an_tot_nghiep\data\processed\full_org\original_28_21.png,0,random_forgery,25,28
D:\GitHub\Do_an_tot_nghiep\data\processed\full_org\original_12_8.png,D:\GitHub\Do_an_tot_nghiep\data\processed\full_forg\forgeries_12_18.png,0,skilled_forgery,12,12
D:\GitHub\Do_an_tot_nghiep\data\processed\full_org\original_29_21.png,D:\GitHub\Do_an_tot_nghiep\data\processed\full_forg\forgeries_29_3.png,0,skilled_forgery,29,29
D:\GitHub\Do_an_tot_nghiep\data\processed\full_org\original_18_7.png,D:\GitHub\Do_an_tot_nghiep\data\processed\full_org\original_34_21.png,0,random_forgery,18,34
D:\GitHub\Do_an_tot_nghiep\data\processed\full_org\original_39_20.png,D:\GitHub\Do_an_tot_nghiep\data\processed\full_forg\forgeries_39_9.png,0,skilled_forgery,39,39
D:\GitHub\Do_an_tot_nghiep\data\processed\full_org\original_22_5.png,D:\GitHub\Do_an_tot_nghiep\data\processed\full_org\original_22_9.png,1,genuine_genuine,22,22
D:\GitHub\Do_an_tot_nghiep\data\processed\full_org\original_24_3.png,D:\GitHub\Do_an_tot_nghiep\data\processed\full_forg\forgeries_24_13.png,0,skilled_forgery,24,24
D:\GitHub\Do_an_tot_nghiep\data\processed\full_org\original_16_23.png,D:\GitHub\Do_an_tot_nghiep\data\processed\full_org\original_16_8.png,1,genuine_genuine,16,16
D:\GitHub\Do_an_tot_nghiep\data\processed\full_org\original_49_11.png,D:\GitHub\Do_an_tot_nghiep\data\processed\full_org\original_49_15.png,1,genuine_genuine,49,49
D:\GitHub\Do_an_tot_nghiep\data\processed\full_org\original_34_19.png,D:\GitHub\Do_an_tot_nghiep\data\processed\full_forg\forgeries_34_4.png,0,skilled_forgery,34,34
D:\GitHub\Do_an_tot_nghiep\data\processed\full_org\original_39_11.png,D:\GitHub\Do_an_tot_nghiep\data\processed\full_org\original_39_7.png,1,genuine_genuine,39,39
D:\GitHub\Do_an_tot_nghiep\data\processed\full_org\original_55_21.png,D:\GitHub\Do_an_tot_nghiep\data\processed\full_org\original_55_22.png,1,genuine_genuine,55,55
D:\GitHub\Do_an_tot_nghiep\data\processed\full_org\original_17_18.png,D:\GitHub\Do_an_tot_nghiep\data\processed\full_forg\forgeries_17_2.png,0,skilled_forgery,17,17
D:\GitHub\Do_an_tot_nghiep\data\processed\full_org\original_5_16.png,D:\GitHub\Do_an_tot_nghiep\data\processed\full_org\original_11_10.png,0,random_forgery,5,11
D:\GitHub\Do_an_tot_nghiep\data\processed\full_org\original_51_8.png,D:\GitHub\Do_an_tot_nghiep\data\processed\full_forg\forgeries_51_11.png,0,skilled_forgery,51,51
D:\GitHub\Do_an_tot_nghiep\data\processed\full_org\original_12_11.png,D:\GitHub\Do_an_tot_nghiep\data\processed\full_org\original_12_9.png,1,genuine_genuine,12,12
D:\GitHub\Do_an_tot_nghiep\data\processed\full_org\original_7_16.png,D:\GitHub\Do_an_tot_nghiep\data\processed\full_org\original_7_2.png,1,genuine_genuine,7,7
D:\GitHub\Do_an_tot_nghiep\data\processed\full_org\original_4_19.png,D:\GitHub\Do_an_tot_nghiep\data\processed\full_org\original_37_23.png,0,random_forgery,4,37
D:\GitHub\Do_an_tot_nghiep\data\processed\full_org\original_53_24.png,D:\GitHub\Do_an_tot_nghiep\data\processed\full_org\original_53_9.png,1,genuine_genuine,53,53
D:\GitHub\Do_an_tot_nghiep\data\processed\full_org\original_3_11.png,D:\GitHub\Do_an_tot_nghiep\data\processed\full_forg\forgeries_3_11.png,0,skilled_forgery,3,3
D:\GitHub\Do_an_tot_nghiep\data\processed\full_org\original_31_14.png,D:\GitHub\Do_an_tot_nghiep\data\processed\full_org\original_31_17.png,1,genuine_genuine,31,31
D:\GitHub\Do_an_tot_nghiep\data\processed\full_org\original_38_8.png,D:\GitHub\Do_an_tot_nghiep\data\processed\full_forg\forgeries_38_12.png,0,skilled_forgery,38,38
D:\GitHub\Do_an_tot_nghiep\data\processed\full_org\original_19_12.png,D:\GitHub\Do_an_tot_nghiep\data\processed\full_forg\forgeries_19_15.png,0,skilled_forgery,19,19
D:\GitHub\Do_an_tot_nghiep\data\processed\full_org\original_31_14.png,D:\GitHub\Do_an_tot_nghiep\data\processed\full_forg\forgeries_31_24.png,0,skilled_forgery,31,31
D:\GitHub\Do_an_tot_nghiep\data\processed\full_org\original_40_9.png,D:\GitHub\Do_an_tot_nghiep\data\processed\full_org\original_26_4.png,0,random_forgery,40,26
D:\GitHub\Do_an_tot_nghiep\data\processed\full_org\original_5_14.png,D:\GitHub\Do_an_tot_nghiep\data\processed\full_org\original_5_9.png,1,genuine_genuine,5,5
D:\GitHub\Do_an_tot_nghiep\data\processed\full_org\original_34_12.png,D:\GitHub\Do_an_tot_nghiep\data\processed\full_org\original_34_21.png,1,genuine_genuine,34,34
D:\GitHub\Do_an_tot_nghiep\data\processed\full_org\original_4_4.png,D:\GitHub\Do_an_tot_nghiep\data\processed\full_forg\forgeries_4_9.png,0,skilled_forgery,4,4
D:\GitHub\Do_an_tot_nghiep\data\processed\full_org\original_47_15.png,D:\GitHub\Do_an_tot_nghiep\data\processed\full_org\original_34_19.png,0,random_forgery,47,34
D:\GitHub\Do_an_tot_nghiep\data\processed\full_org\original_28_5.png,D:\GitHub\Do_an_tot_nghiep\data\processed\full_forg\forgeries_28_17.png,0,skilled_forgery,28,28
D:\GitHub\Do_an_tot_nghiep\data\processed\full_org\original_4_22.png,D:\GitHub\Do_an_tot_nghiep\data\processed\full_forg\forgeries_4_23.png,0,skilled_forgery,4,4
D:\GitHub\Do_an_tot_nghiep\data\processed\full_org\original_11_13.png,D:\GitHub\Do_an_tot_nghiep\data\processed\full_org\original_10_7.png,0,random_forgery,11,10
D:\GitHub\Do_an_tot_nghiep\data\processed\full_org\original_55_17.png,D:\GitHub\Do_an_tot_nghiep\data\processed\full_forg\forgeries_55_20.png,0,skilled_forgery,55,55
D:\GitHub\Do_an_tot_nghiep\data\processed\full_org\original_4_24.png,D:\GitHub\Do_an_tot_nghiep\data\processed\full_forg\forgeries_4_22.png,0,skilled_forgery,4,4
D:\GitHub\Do_an_tot_nghiep\data\processed\full_org\original_51_13.png,D:\GitHub\Do_an_tot_nghiep\data\processed\full_org\original_5_21.png,0,random_forgery,51,5
D:\GitHub\Do_an_tot_nghiep\data\processed\full_org\original_7_3.png,D:\GitHub\Do_an_tot_nghiep\data\processed\full_forg\forgeries_7_21.png,0,skilled_forgery,7,7
D:\GitHub\Do_an_tot_nghiep\data\processed\full_org\original_31_17.png,D:\GitHub\Do_an_tot_nghiep\data\processed\full_org\original_31_20.png,1,genuine_genuine,31,31
D:\GitHub\Do_an_tot_nghiep\data\processed\full_org\original_51_16.png,D:\GitHub\Do_an_tot_nghiep\data\processed\full_org\original_51_9.png,1,genuine_genuine,51,51
D:\GitHub\Do_an_tot_nghiep\data\processed\full_org\original_49_23.png,D:\GitHub\Do_an_tot_nghiep\data\processed\full_org\original_49_5.png,1,genuine_genuine,49,49
D:\GitHub\Do_an_tot_nghiep\data\processed\full_org\original_16_15.png,D:\GitHub\Do_an_tot_nghiep\data\processed\full_org\original_16_6.png,1,genuine_genuine,16,16
D:\GitHub\Do_an_tot_nghiep\data\processed\full_org\original_30_19.png,D:\GitHub\Do_an_tot_nghiep\data\processed\full_org\original_30_8.png,1,genuine_genuine,30,30
D:\GitHub\Do_an_tot_nghiep\data\processed\full_org\original_46_18.png,D:\GitHub\Do_an_tot_nghiep\data\processed\full_forg\forgeries_46_2.png,0,skilled_forgery,46,46
D:\GitHub\Do_an_tot_nghiep\data\processed\full_org\original_55_4.png,D:\GitHub\Do_an_tot_nghiep\data\processed\full_org\original_17_20.png,0,random_forgery,55,17
D:\GitHub\Do_an_tot_nghiep\data\processed\full_org\original_29_10.png,D:\GitHub\Do_an_tot_nghiep\data\processed\full_org\original_29_7.png,1,genuine_genuine,29,29
D:\GitHub\Do_an_tot_nghiep\data\processed\full_org\original_39_12.png,D:\GitHub\Do_an_tot_nghiep\data\processed\full_forg\forgeries_39_12.png,0,skilled_forgery,39,39
D:\GitHub\Do_an_tot_nghiep\data\processed\full_org\original_4_12.png,D:\GitHub\Do_an_tot_nghiep\data\processed\full_forg\forgeries_4_8.png,0,skilled_forgery,4,4
D:\GitHub\Do_an_tot_nghiep\data\processed\full_org\original_10_11.png,D:\GitHub\Do_an_tot_nghiep\data\processed\full_forg\forgeries_10_9.png,0,skilled_forgery,10,10
D:\GitHub\Do_an_tot_nghiep\data\processed\full_org\original_12_14.png,D:\GitHub\Do_an_tot_nghiep\data\processed\full_org\original_12_4.png,1,genuine_genuine,12,12
D:\GitHub\Do_an_tot_nghiep\data\processed\full_org\original_5_17.png,D:\GitHub\Do_an_tot_nghiep\data\processed\full_org\original_5_19.png,1,genuine_genuine,5,5
D:\GitHub\Do_an_tot_nghiep\data\processed\full_org\original_19_10.png,D:\GitHub\Do_an_tot_nghiep\data\processed\full_org\original_19_7.png,1,genuine_genuine,19,19
D:\GitHub\Do_an_tot_nghiep\data\processed\full_org\original_24_15.png,D:\GitHub\Do_an_tot_nghiep\data\processed\full_forg\forgeries_24_2.png,0,skilled_forgery,24,24
D:\GitHub\Do_an_tot_nghiep\data\processed\full_org\original_53_23.png,D:\GitHub\Do_an_tot_nghiep\data\processed\full_org\original_36_12.png,0,random_forgery,53,36
D:\GitHub\Do_an_tot_nghiep\data\processed\full_org\original_1_16.png,D:\GitHub\Do_an_tot_nghiep\data\processed\full_org\original_1_2.png,1,genuine_genuine,1,1
D:\GitHub\Do_an_tot_nghiep\data\processed\full_org\original_47_1.png,D:\GitHub\Do_an_tot_nghiep\data\processed\full_forg\forgeries_47_17.png,0,skilled_forgery,47,47
D:\GitHub\Do_an_tot_nghiep\data\processed\full_org\original_38_2.png,D:\GitHub\Do_an_tot_nghiep\data\processed\full_forg\forgeries_38_14.png,0,skilled_forgery,38,38
D:\GitHub\Do_an_tot_nghiep\data\processed\full_org\original_45_10.png,D:\GitHub\Do_an_tot_nghiep\data\processed\full_org\original_45_20.png,1,genuine_genuine,45,45
D:\GitHub\Do_an_tot_nghiep\data\processed\full_org\original_5_24.png,D:\GitHub\Do_an_tot_nghiep\data\processed\full_forg\forgeries_5_24.png,0,skilled_forgery,5,5
D:\GitHub\Do_an_tot_nghiep\data\processed\full_org\original_3_4.png,D:\GitHub\Do_an_tot_nghiep\data\processed\full_org\original_29_7.png,0,random_forgery,3,29
D:\GitHub\Do_an_tot_nghiep\data\processed\full_org\original_19_18.png,D:\GitHub\Do_an_tot_nghiep\data\processed\full_org\original_45_21.png,0,random_forgery,19,45
D:\GitHub\Do_an_tot_nghiep\data\processed\full_org\original_40_18.png,D:\GitHub\Do_an_tot_nghiep\data\processed\full_forg\forgeries_40_24.png,0,skilled_forgery,40,40
D:\GitHub\Do_an_tot_nghiep\data\processed\full_org\original_19_10.png,D:\GitHub\Do_an_tot_nghiep\data\processed\full_org\original_19_3.png,1,genuine_genuine,19,19
D:\GitHub\Do_an_tot_nghiep\data\processed\full_org\original_19_12.png,D:\GitHub\Do_an_tot_nghiep\data\processed\full_org\original_47_16.png,0,random_forgery,19,47
D:\GitHub\Do_an_tot_nghiep\data\processed\full_org\original_39_7.png,D:\GitHub\Do_an_tot_nghiep\data\processed\full_forg\forgeries_39_16.png,0,skilled_forgery,39,39
D:\GitHub\Do_an_tot_nghiep\data\processed\full_org\original_11_1.png,D:\GitHub\Do_an_tot_nghiep\data\processed\full_org\original_11_19.png,1,genuine_genuine,11,11
D:\GitHub\Do_an_tot_nghiep\data\processed\full_org\original_24_15.png,D:\GitHub\Do_an_tot_nghiep\data\processed\full_forg\forgeries_24_11.png,0,skilled_forgery,24,24
D:\GitHub\Do_an_tot_nghiep\data\processed\full_org\original_7_17.png,D:\GitHub\Do_an_tot_nghiep\data\processed\full_org\original_7_9.png,1,genuine_genuine,7,7
D:\GitHub\Do_an_tot_nghiep\data\processed\full_org\original_17_18.png,D:\GitHub\Do_an_tot_nghiep\data\processed\full_org\original_17_6.png,1,genuine_genuine,17,17
D:\GitHub\Do_an_tot_nghiep\data\processed\full_org\original_37_21.png,D:\GitHub\Do_an_tot_nghiep\data\processed\full_org\original_37_5.png,1,genuine_genuine,37,37
D:\GitHub\Do_an_tot_nghiep\data\processed\full_org\original_37_12.png,D:\GitHub\Do_an_tot_nghiep\data\processed\full_org\original_37_22.png,1,genuine_genuine,37,37
D:\GitHub\Do_an_tot_nghiep\data\processed\full_org\original_12_16.png,D:\GitHub\Do_an_tot_nghiep\data\processed\full_org\original_12_9.png,1,genuine_genuine,12,12
D:\GitHub\Do_an_tot_nghiep\data\processed\full_org\original_16_11.png,D:\GitHub\Do_an_tot_nghiep\data\processed\full_org\original_16_7.png,1,genuine_genuine,16,16
D:\GitHub\Do_an_tot_nghiep\data\processed\full_org\original_25_5.png,D:\GitHub\Do_an_tot_nghiep\data\processed\full_org\original_25_6.png,1,genuine_genuine,25,25
D:\GitHub\Do_an_tot_nghiep\data\processed\full_org\original_3_1.png,D:\GitHub\Do_an_tot_nghiep\data\processed\full_org\original_3_4.png,1,genuine_genuine,3,3
D:\GitHub\Do_an_tot_nghiep\data\processed\full_org\original_11_15.png,D:\GitHub\Do_an_tot_nghiep\data\processed\full_org\original_11_20.png,1,genuine_genuine,11,11
D:\GitHub\Do_an_tot_nghiep\data\processed\full_org\original_5_3.png,D:\GitHub\Do_an_tot_nghiep\data\processed\full_org\original_5_8.png,1,genuine_genuine,5,5
D:\GitHub\Do_an_tot_nghiep\data\processed\full_org\original_5_10.png,D:\GitHub\Do_an_tot_nghiep\data\processed\full_org\original_18_9.png,0,random_forgery,5,18
D:\GitHub\Do_an_tot_nghiep\data\processed\full_org\original_40_6.png,D:\GitHub\Do_an_tot_nghiep\data\processed\full_org\original_29_4.png,0,random_forgery,40,29
D:\GitHub\Do_an_tot_nghiep\data\processed\full_org\original_29_21.png,D:\GitHub\Do_an_tot_nghiep\data\processed\full_org\original_29_5.png,1,genuine_genuine,29,29
D:\GitHub\Do_an_tot_nghiep\data\processed\full_org\original_49_9.png,D:\GitHub\Do_an_tot_nghiep\data\processed\full_forg\forgeries_49_19.png,0,skilled_forgery,49,49
D:\GitHub\Do_an_tot_nghiep\data\processed\full_org\original_12_1.png,D:\GitHub\Do_an_tot_nghiep\data\processed\full_org\original_12_5.png,1,genuine_genuine,12,12
D:\GitHub\Do_an_tot_nghiep\data\processed\full_org\original_18_15.png,D:\GitHub\Do_an_tot_nghiep\data\processed\full_org\original_18_2.png,1,genuine_genuine,18,18
D:\GitHub\Do_an_tot_nghiep\data\processed\full_org\original_49_10.png,D:\GitHub\Do_an_tot_nghiep\data\processed\full_org\original_51_20.png,0,random_forgery,49,51
D:\GitHub\Do_an_tot_nghiep\data\processed\full_org\original_47_23.png,D:\GitHub\Do_an_tot_nghiep\data\processed\full_org\original_47_4.png,1,genuine_genuine,47,47
D:\GitHub\Do_an_tot_nghiep\data\processed\full_org\original_25_6.png,D:\GitHub\Do_an_tot_nghiep\data\processed\full_forg\forgeries_25_16.png,0,skilled_forgery,25,25
D:\GitHub\Do_an_tot_nghiep\data\processed\full_org\original_51_12.png,D:\GitHub\Do_an_tot_nghiep\data\processed\full_org\original_51_4.png,1,genuine_genuine,51,51
D:\GitHub\Do_an_tot_nghiep\data\processed\full_org\original_46_20.png,D:\GitHub\Do_an_tot_nghiep\data\processed\full_org\original_46_5.png,1,genuine_genuine,46,46
D:\GitHub\Do_an_tot_nghiep\data\processed\full_org\original_19_13.png,D:\GitHub\Do_an_tot_nghiep\data\processed\full_org\original_19_19.png,1,genuine_genuine,19,19
D:\GitHub\Do_an_tot_nghiep\data\processed\full_org\original_21_19.png,D:\GitHub\Do_an_tot_nghiep\data\processed\full_org\original_21_5.png,1,genuine_genuine,21,21
D:\GitHub\Do_an_tot_nghiep\data\processed\full_org\original_37_23.png,D:\GitHub\Do_an_tot_nghiep\data\processed\full_forg\forgeries_37_24.png,0,skilled_forgery,37,37
D:\GitHub\Do_an_tot_nghiep\data\processed\full_org\original_25_12.png,D:\GitHub\Do_an_tot_nghiep\data\processed\full_org\original_25_9.png,1,genuine_genuine,25,25
D:\GitHub\Do_an_tot_nghiep\data\processed\full_org\original_28_5.png,D:\GitHub\Do_an_tot_nghiep\data\processed\full_forg\forgeries_28_21.png,0,skilled_forgery,28,28
D:\GitHub\Do_an_tot_nghiep\data\processed\full_org\original_53_23.png,D:\GitHub\Do_an_tot_nghiep\data\processed\full_org\original_22_17.png,0,random_forgery,53,22
D:\GitHub\Do_an_tot_nghiep\data\processed\full_org\original_5_1.png,D:\GitHub\Do_an_tot_nghiep\data\processed\full_org\original_5_3.png,1,genuine_genuine,5,5
D:\GitHub\Do_an_tot_nghiep\data\processed\full_org\original_4_13.png,D:\GitHub\Do_an_tot_nghiep\data\processed\full_org\original_4_7.png,1,genuine_genuine,4,4
D:\GitHub\Do_an_tot_nghiep\data\processed\full_org\original_22_16.png,D:\GitHub\Do_an_tot_nghiep\data\processed\full_forg\forgeries_22_15.png,0,skilled_forgery,22,22
D:\GitHub\Do_an_tot_nghiep\data\processed\full_org\original_46_11.png,D:\GitHub\Do_an_tot_nghiep\data\processed\full_org\original_46_3.png,1,genuine_genuine,46,46
D:\GitHub\Do_an_tot_nghiep\data\processed\full_org\original_51_14.png,D:\GitHub\Do_an_tot_nghiep\data\processed\full_forg\forgeries_51_5.png,0,skilled_forgery,51,51
D:\GitHub\Do_an_tot_nghiep\data\processed\full_org\original_36_2.png,D:\GitHub\Do_an_tot_nghiep\data\processed\full_forg\forgeries_36_9.png,0,skilled_forgery,36,36
D:\GitHub\Do_an_tot_nghiep\data\processed\full_org\original_53_23.png,D:\GitHub\Do_an_tot_nghiep\data\processed\full_forg\forgeries_53_22.png,0,skilled_forgery,53,53
D:\GitHub\Do_an_tot_nghiep\data\processed\full_org\original_37_14.png,D:\GitHub\Do_an_tot_nghiep\data\processed\full_forg\forgeries_37_9.png,0,skilled_forgery,37,37
D:\GitHub\Do_an_tot_nghiep\data\processed\full_org\original_3_5.png,D:\GitHub\Do_an_tot_nghiep\data\processed\full_org\original_3_8.png,1,genuine_genuine,3,3
D:\GitHub\Do_an_tot_nghiep\data\processed\full_org\original_39_18.png,D:\GitHub\Do_an_tot_nghiep\data\processed\full_org\original_39_4.png,1,genuine_genuine,39,39
D:\GitHub\Do_an_tot_nghiep\data\processed\full_org\original_3_23.png,D:\GitHub\Do_an_tot_nghiep\data\processed\full_forg\forgeries_3_9.png,0,skilled_forgery,3,3
D:\GitHub\Do_an_tot_nghiep\data\processed\full_org\original_3_13.png,D:\GitHub\Do_an_tot_nghiep\data\processed\full_org\original_3_20.png,1,genuine_genuine,3,3
D:\GitHub\Do_an_tot_nghiep\data\processed\full_org\original_38_15.png,D:\GitHub\Do_an_tot_nghiep\data\processed\full_forg\forgeries_38_15.png,0,skilled_forgery,38,38
D:\GitHub\Do_an_tot_nghiep\data\processed\full_org\original_55_16.png,D:\GitHub\Do_an_tot_nghiep\data\processed\full_org\original_18_12.png,0,random_forgery,55,18
D:\GitHub\Do_an_tot_nghiep\data\processed\full_org\original_39_12.png,D:\GitHub\Do_an_tot_nghiep\data\processed\full_forg\forgeries_39_21.png,0,skilled_forgery,39,39
D:\GitHub\Do_an_tot_nghiep\data\processed\full_org\original_37_20.png,D:\GitHub\Do_an_tot_nghiep\data\processed\full_forg\forgeries_37_2.png,0,skilled_forgery,37,37
D:\GitHub\Do_an_tot_nghiep\data\processed\full_org\original_40_24.png,D:\GitHub\Do_an_tot_nghiep\data\processed\full_forg\forgeries_40_15.png,0,skilled_forgery,40,40
D:\GitHub\Do_an_tot_nghiep\data\processed\full_org\original_47_11.png,D:\GitHub\Do_an_tot_nghiep\data\processed\full_org\original_47_3.png,1,genuine_genuine,47,47
D:\GitHub\Do_an_tot_nghiep\data\processed\full_org\original_37_24.png,D:\GitHub\Do_an_tot_nghiep\data\processed\full_forg\forgeries_37_5.png,0,skilled_forgery,37,37
D:\GitHub\Do_an_tot_nghiep\data\processed\full_org\original_40_15.png,D:\GitHub\Do_an_tot_nghiep\data\processed\full_org\original_40_5.png,1,genuine_genuine,40,40
D:\GitHub\Do_an_tot_nghiep\data\processed\full_org\original_43_13.png,D:\GitHub\Do_an_tot_nghiep\data\processed\full_org\original_43_8.png,1,genuine_genuine,43,43
D:\GitHub\Do_an_tot_nghiep\data\processed\full_org\original_51_16.png,D:\GitHub\Do_an_tot_nghiep\data\processed\full_org\original_51_19.png,1,genuine_genuine,51,51
D:\GitHub\Do_an_tot_nghiep\data\processed\full_org\original_18_2.png,D:\GitHub\Do_an_tot_nghiep\data\processed\full_forg\forgeries_18_18.png,0,skilled_forgery,18,18
D:\GitHub\Do_an_tot_nghiep\data\processed\full_org\original_34_12.png,D:\GitHub\Do_an_tot_nghiep\data\processed\full_org\original_34_20.png,1,genuine_genuine,34,34
D:\GitHub\Do_an_tot_nghiep\data\processed\full_org\original_25_16.png,D:\GitHub\Do_an_tot_nghiep\data\processed\full_org\original_25_21.png,1,genuine_genuine,25,25
D:\GitHub\Do_an_tot_nghiep\data\processed\full_org\original_46_20.png,D:\GitHub\Do_an_tot_nghiep\data\processed\full_org\original_25_23.png,0,random_forgery,46,25
D:\GitHub\Do_an_tot_nghiep\data\processed\full_org\original_7_12.png,D:\GitHub\Do_an_tot_nghiep\data\processed\full_org\original_39_5.png,0,random_forgery,7,39
D:\GitHub\Do_an_tot_nghiep\data\processed\full_org\original_38_11.png,D:\GitHub\Do_an_tot_nghiep\data\processed\full_org\original_26_3.png,0,random_forgery,38,26
D:\GitHub\Do_an_tot_nghiep\data\processed\full_org\original_39_20.png,D:\GitHub\Do_an_tot_nghiep\data\processed\full_org\original_17_22.png,0,random_forgery,39,17
D:\GitHub\Do_an_tot_nghiep\data\processed\full_org\original_28_16.png,D:\GitHub\Do_an_tot_nghiep\data\processed\full_forg\forgeries_28_1.png,0,skilled_forgery,28,28
D:\GitHub\Do_an_tot_nghiep\data\processed\full_org\original_45_20.png,D:\GitHub\Do_an_tot_nghiep\data\processed\full_forg\forgeries_45_16.png,0,skilled_forgery,45,45
D:\GitHub\Do_an_tot_nghiep\data\processed\full_org\original_46_17.png,D:\GitHub\Do_an_tot_nghiep\data\processed\full_forg\forgeries_46_6.png,0,skilled_forgery,46,46
D:\GitHub\Do_an_tot_nghiep\data\processed\full_org\original_38_7.png,D:\GitHub\Do_an_tot_nghiep\data\processed\full_org\original_38_9.png,1,genuine_genuine,38,38
D:\GitHub\Do_an_tot_nghiep\data\processed\full_org\original_37_14.png,D:\GitHub\Do_an_tot_nghiep\data\processed\full_org\original_1_17.png,0,random_forgery,37,1
D:\GitHub\Do_an_tot_nghiep\data\processed\full_org\original_7_18.png,D:\GitHub\Do_an_tot_nghiep\data\processed\full_org\original_7_2.png,1,genuine_genuine,7,7
D:\GitHub\Do_an_tot_nghiep\data\processed\full_org\original_12_2.png,D:\GitHub\Do_an_tot_nghiep\data\processed\full_forg\forgeries_12_12.png,0,skilled_forgery,12,12
D:\GitHub\Do_an_tot_nghiep\data\processed\full_org\original_40_1.png,D:\GitHub\Do_an_tot_nghiep\data\processed\full_org\original_40_12.png,1,genuine_genuine,40,40
D:\GitHub\Do_an_tot_nghiep\data\processed\full_org\original_1_11.png,D:\GitHub\Do_an_tot_nghiep\data\processed\full_org\original_36_21.png,0,random_forgery,1,36
D:\GitHub\Do_an_tot_nghiep\data\processed\full_org\original_22_22.png,D:\GitHub\Do_an_tot_nghiep\data\processed\full_org\original_22_8.png,1,genuine_genuine,22,22
D:\GitHub\Do_an_tot_nghiep\data\processed\full_org\original_43_10.png,D:\GitHub\Do_an_tot_nghiep\data\processed\full_org\original_1_11.png,0,random_forgery,43,1
D:\GitHub\Do_an_tot_nghiep\data\processed\full_org\original_51_10.png,D:\GitHub\Do_an_tot_nghiep\data\processed\full_org\original_51_24.png,1,genuine_genuine,51,51
D:\GitHub\Do_an_tot_nghiep\data\processed\full_org\original_37_11.png,D:\GitHub\Do_an_tot_nghiep\data\processed\full_org\original_37_20.png,1,genuine_genuine,37,37
D:\GitHub\Do_an_tot_nghiep\data\processed\full_org\original_31_10.png,D:\GitHub\Do_an_tot_nghiep\data\processed\full_forg\forgeries_31_21.png,0,skilled_forgery,31,31
D:\GitHub\Do_an_tot_nghiep\data\processed\full_org\original_38_3.png,D:\GitHub\Do_an_tot_nghiep\data\processed\full_forg\forgeries_38_9.png,0,skilled_forgery,38,38
D:\GitHub\Do_an_tot_nghiep\data\processed\full_org\original_3_7.png,D:\GitHub\Do_an_tot_nghiep\data\processed\full_forg\forgeries_3_8.png,0,skilled_forgery,3,3
D:\GitHub\Do_an_tot_nghiep\data\processed\full_org\original_1_19.png,D:\GitHub\Do_an_tot_nghiep\data\processed\full_org\original_1_3.png,1,genuine_genuine,1,1
D:\GitHub\Do_an_tot_nghiep\data\processed\full_org\original_38_10.png,D:\GitHub\Do_an_tot_nghiep\data\processed\full_org\original_38_4.png,1,genuine_genuine,38,38
D:\GitHub\Do_an_tot_nghiep\data\processed\full_org\original_37_10.png,D:\GitHub\Do_an_tot_nghiep\data\processed\full_org\original_37_22.png,1,genuine_genuine,37,37
D:\GitHub\Do_an_tot_nghiep\data\processed\full_org\original_11_16.png,D:\GitHub\Do_an_tot_nghiep\data\processed\full_org\original_24_13.png,0,random_forgery,11,24
D:\GitHub\Do_an_tot_nghiep\data\processed\full_org\original_22_22.png,D:\GitHub\Do_an_tot_nghiep\data\processed\full_org\original_55_21.png,0,random_forgery,22,55
D:\GitHub\Do_an_tot_nghiep\data\processed\full_org\original_29_10.png,D:\GitHub\Do_an_tot_nghiep\data\processed\full_forg\forgeries_29_19.png,0,skilled_forgery,29,29
D:\GitHub\Do_an_tot_nghiep\data\processed\full_org\original_38_17.png,D:\GitHub\Do_an_tot_nghiep\data\processed\full_org\original_38_9.png,1,genuine_genuine,38,38
D:\GitHub\Do_an_tot_nghiep\data\processed\full_org\original_25_8.png,D:\GitHub\Do_an_tot_nghiep\data\processed\full_org\original_18_5.png,0,random_forgery,25,18
D:\GitHub\Do_an_tot_nghiep\data\processed\full_org\original_12_17.png,D:\GitHub\Do_an_tot_nghiep\data\processed\full_org\original_12_20.png,1,genuine_genuine,12,12
D:\GitHub\Do_an_tot_nghiep\data\processed\full_org\original_28_18.png,D:\GitHub\Do_an_tot_nghiep\data\processed\full_org\original_28_19.png,1,genuine_genuine,28,28
D:\GitHub\Do_an_tot_nghiep\data\processed\full_org\original_7_9.png,D:\GitHub\Do_an_tot_nghiep\data\processed\full_forg\forgeries_7_13.png,0,skilled_forgery,7,7
D:\GitHub\Do_an_tot_nghiep\data\processed\full_org\original_31_11.png,D:\GitHub\Do_an_tot_nghiep\data\processed\full_forg\forgeries_31_24.png,0,skilled_forgery,31,31
D:\GitHub\Do_an_tot_nghiep\data\processed\full_org\original_47_7.png,D:\GitHub\Do_an_tot_nghiep\data\processed\full_forg\forgeries_47_8.png,0,skilled_forgery,47,47
D:\GitHub\Do_an_tot_nghiep\data\processed\full_org\original_11_12.png,D:\GitHub\Do_an_tot_nghiep\data\processed\full_org\original_11_24.png,1,genuine_genuine,11,11
D:\GitHub\Do_an_tot_nghiep\data\processed\full_org\original_3_19.png,D:\GitHub\Do_an_tot_nghiep\data\processed\full_forg\forgeries_3_22.png,0,skilled_forgery,3,3
D:\GitHub\Do_an_tot_nghiep\data\processed\full_org\original_12_1.png,D:\GitHub\Do_an_tot_nghiep\data\processed\full_org\original_12_21.png,1,genuine_genuine,12,12
D:\GitHub\Do_an_tot_nghiep\data\processed\full_org\original_39_1.png,D:\GitHub\Do_an_tot_nghiep\data\processed\full_org\original_39_12.png,1,genuine_genuine,39,39
D:\GitHub\Do_an_tot_nghiep\data\processed\full_org\original_49_18.png,D:\GitHub\Do_an_tot_nghiep\data\processed\full_org\original_49_20.png,1,genuine_genuine,49,49
D:\GitHub\Do_an_tot_nghiep\data\processed\full_org\original_37_15.png,D:\GitHub\Do_an_tot_nghiep\data\processed\full_org\original_37_9.png,1,genuine_genuine,37,37
D:\GitHub\Do_an_tot_nghiep\data\processed\full_org\original_26_15.png,D:\GitHub\Do_an_tot_nghiep\data\processed\full_org\original_26_24.png,1,genuine_genuine,26,26
D:\GitHub\Do_an_tot_nghiep\data\processed\full_org\original_10_9.png,D:\GitHub\Do_an_tot_nghiep\data\processed\full_org\original_4_17.png,0,random_forgery,10,4
D:\GitHub\Do_an_tot_nghiep\data\processed\full_org\original_24_18.png,D:\GitHub\Do_an_tot_nghiep\data\processed\full_org\original_24_20.png,1,genuine_genuine,24,24
D:\GitHub\Do_an_tot_nghiep\data\processed\full_org\original_28_12.png,D:\GitHub\Do_an_tot_nghiep\data\processed\full_org\original_28_23.png,1,genuine_genuine,28,28
D:\GitHub\Do_an_tot_nghiep\data\processed\full_org\original_49_1.png,D:\GitHub\Do_an_tot_nghiep\data\processed\full_org\original_4_3.png,0,random_forgery,49,4
D:\GitHub\Do_an_tot_nghiep\data\processed\full_org\original_43_2.png,D:\GitHub\Do_an_tot_nghiep\data\processed\full_forg\forgeries_43_8.png,0,skilled_forgery,43,43
D:\GitHub\Do_an_tot_nghiep\data\processed\full_org\original_22_19.png,D:\GitHub\Do_an_tot_nghiep\data\processed\full_forg\forgeries_22_9.png,0,skilled_forgery,22,22
D:\GitHub\Do_an_tot_nghiep\data\processed\full_org\original_31_18.png,D:\GitHub\Do_an_tot_nghiep\data\processed\full_org\original_39_10.png,0,random_forgery,31,39
D:\GitHub\Do_an_tot_nghiep\data\processed\full_org\original_34_16.png,D:\GitHub\Do_an_tot_nghiep\data\processed\full_forg\forgeries_34_15.png,0,skilled_forgery,34,34
D:\GitHub\Do_an_tot_nghiep\data\processed\full_org\original_39_16.png,D:\GitHub\Do_an_tot_nghiep\data\processed\full_org\original_39_9.png,1,genuine_genuine,39,39
D:\GitHub\Do_an_tot_nghiep\data\processed\full_org\original_36_17.png,D:\GitHub\Do_an_tot_nghiep\data\processed\full_forg\forgeries_36_7.png,0,skilled_forgery,36,36
D:\GitHub\Do_an_tot_nghiep\data\processed\full_org\original_45_21.png,D:\GitHub\Do_an_tot_nghiep\data\processed\full_forg\forgeries_45_14.png,0,skilled_forgery,45,45
D:\GitHub\Do_an_tot_nghiep\data\processed\full_org\original_7_1.png,D:\GitHub\Do_an_tot_nghiep\data\processed\full_forg\forgeries_7_22.png,0,skilled_forgery,7,7
D:\GitHub\Do_an_tot_nghiep\data\processed\full_org\original_31_4.png,D:\GitHub\Do_an_tot_nghiep\data\processed\full_forg\forgeries_31_7.png,0,skilled_forgery,31,31
D:\GitHub\Do_an_tot_nghiep\data\processed\full_org\original_22_18.png,D:\GitHub\Do_an_tot_nghiep\data\processed\full_org\original_22_4.png,1,genuine_genuine,22,22
D:\GitHub\Do_an_tot_nghiep\data\processed\full_org\original_46_8.png,D:\GitHub\Do_an_tot_nghiep\data\processed\full_forg\forgeries_46_6.png,0,skilled_forgery,46,46
D:\GitHub\Do_an_tot_nghiep\data\processed\full_org\original_22_1.png,D:\GitHub\Do_an_tot_nghiep\data\processed\full_org\original_22_15.png,1,genuine_genuine,22,22
D:\GitHub\Do_an_tot_nghiep\data\processed\full_org\original_4_12.png,D:\GitHub\Do_an_tot_nghiep\data\processed\full_org\original_4_2.png,1,genuine_genuine,4,4
D:\GitHub\Do_an_tot_nghiep\data\processed\full_org\original_10_12.png,D:\GitHub\Do_an_tot_nghiep\data\processed\full_org\original_10_21.png,1,genuine_genuine,10,10
D:\GitHub\Do_an_tot_nghiep\data\processed\full_org\original_12_17.png,D:\GitHub\Do_an_tot_nghiep\data\processed\full_org\original_12_2.png,1,genuine_genuine,12,12
D:\GitHub\Do_an_tot_nghiep\data\processed\full_org\original_47_21.png,D:\GitHub\Do_an_tot_nghiep\data\processed\full_org\original_5_21.png,0,random_forgery,47,5
D:\GitHub\Do_an_tot_nghiep\data\processed\full_org\original_34_21.png,D:\GitHub\Do_an_tot_nghiep\data\processed\full_org\original_34_24.png,1,genuine_genuine,34,34
D:\GitHub\Do_an_tot_nghiep\data\processed\full_org\original_10_19.png,D:\GitHub\Do_an_tot_nghiep\data\processed\full_org\original_11_16.png,0,random_forgery,10,11
D:\GitHub\Do_an_tot_nghiep\data\processed\full_org\original_22_2.png,D:\GitHub\Do_an_tot_nghiep\data\processed\full_org\original_22_5.png,1,genuine_genuine,22,22
D:\GitHub\Do_an_tot_nghiep\data\processed\full_org\original_22_15.png,D:\GitHub\Do_an_tot_nghiep\data\processed\full_org\original_3_21.png,0,random_forgery,22,3
D:\GitHub\Do_an_tot_nghiep\data\processed\full_org\original_36_10.png,D:\GitHub\Do_an_tot_nghiep\data\processed\full_org\original_45_8.png,0,random_forgery,36,45
D:\GitHub\Do_an_tot_nghiep\data\processed\full_org\original_40_10.png,D:\GitHub\Do_an_tot_nghiep\data\processed\full_org\original_40_4.png,1,genuine_genuine,40,40
D:\GitHub\Do_an_tot_nghiep\data\processed\full_org\original_51_20.png,D:\GitHub\Do_an_tot_nghiep\data\processed\full_forg\forgeries_51_18.png,0,skilled_forgery,51,51
D:\GitHub\Do_an_tot_nghiep\data\processed\full_org\original_17_10.png,D:\GitHub\Do_an_tot_nghiep\data\processed\full_org\original_17_21.png,1,genuine_genuine,17,17
D:\GitHub\Do_an_tot_nghiep\data\processed\full_org\original_46_17.png,D:\GitHub\Do_an_tot_nghiep\data\processed\full_forg\forgeries_46_16.png,0,skilled_forgery,46,46
D:\GitHub\Do_an_tot_nghiep\data\processed\full_org\original_21_18.png,D:\GitHub\Do_an_tot_nghiep\data\processed\full_forg\forgeries_21_1.png,0,skilled_forgery,21,21
D:\GitHub\Do_an_tot_nghiep\data\processed\full_org\original_49_7.png,D:\GitHub\Do_an_tot_nghiep\data\processed\full_forg\forgeries_49_11.png,0,skilled_forgery,49,49
D:\GitHub\Do_an_tot_nghiep\data\processed\full_org\original_53_7.png,D:\GitHub\Do_an_tot_nghiep\data\processed\full_forg\forgeries_53_9.png,0,skilled_forgery,53,53
D:\GitHub\Do_an_tot_nghiep\data\processed\full_org\original_43_9.png,D:\GitHub\Do_an_tot_nghiep\data\processed\full_org\original_40_1.png,0,random_forgery,43,40
D:\GitHub\Do_an_tot_nghiep\data\processed\full_org\original_49_18.png,D:\GitHub\Do_an_tot_nghiep\data\processed\full_forg\forgeries_49_4.png,0,skilled_forgery,49,49
D:\GitHub\Do_an_tot_nghiep\data\processed\full_org\original_46_12.png,D:\GitHub\Do_an_tot_nghiep\data\processed\full_org\original_46_23.png,1,genuine_genuine,46,46
D:\GitHub\Do_an_tot_nghiep\data\processed\full_org\original_12_12.png,D:\GitHub\Do_an_tot_nghiep\data\processed\full_org\original_12_23.png,1,genuine_genuine,12,12
D:\GitHub\Do_an_tot_nghiep\data\processed\full_org\original_47_12.png,D:\GitHub\Do_an_tot_nghiep\data\processed\full_org\original_51_22.png,0,random_forgery,47,51
D:\GitHub\Do_an_tot_nghiep\data\processed\full_org\original_12_5.png,D:\GitHub\Do_an_tot_nghiep\data\processed\full_forg\forgeries_12_7.png,0,skilled_forgery,12,12
D:\GitHub\Do_an_tot_nghiep\data\processed\full_org\original_30_13.png,D:\GitHub\Do_an_tot_nghiep\data\processed\full_org\original_30_4.png,1,genuine_genuine,30,30
D:\GitHub\Do_an_tot_nghiep\data\processed\full_org\original_37_6.png,D:\GitHub\Do_an_tot_nghiep\data\processed\full_org\original_37_9.png,1,genuine_genuine,37,37
D:\GitHub\Do_an_tot_nghiep\data\processed\full_org\original_10_16.png,D:\GitHub\Do_an_tot_nghiep\data\processed\full_org\original_10_3.png,1,genuine_genuine,10,10
D:\GitHub\Do_an_tot_nghiep\data\processed\full_org\original_1_16.png,D:\GitHub\Do_an_tot_nghiep\data\processed\full_org\original_26_5.png,0,random_forgery,1,26
D:\GitHub\Do_an_tot_nghiep\data\processed\full_org\original_22_22.png,D:\GitHub\Do_an_tot_nghiep\data\processed\full_org\original_22_23.png,1,genuine_genuine,22,22
D:\GitHub\Do_an_tot_nghiep\data\processed\full_org\original_46_16.png,D:\GitHub\Do_an_tot_nghiep\data\processed\full_org\original_46_24.png,1,genuine_genuine,46,46
D:\GitHub\Do_an_tot_nghiep\data\processed\full_org\original_17_16.png,D:\GitHub\Do_an_tot_nghiep\data\processed\full_org\original_17_21.png,1,genuine_genuine,17,17
D:\GitHub\Do_an_tot_nghiep\data\processed\full_org\original_51_14.png,D:\GitHub\Do_an_tot_nghiep\data\processed\full_org\original_51_20.png,1,genuine_genuine,51,51
D:\GitHub\Do_an_tot_nghiep\data\processed\full_org\original_51_1.png,D:\GitHub\Do_an_tot_nghiep\data\processed\full_org\original_51_21.png,1,genuine_genuine,51,51
D:\GitHub\Do_an_tot_nghiep\data\processed\full_org\original_12_6.png,D:\GitHub\Do_an_tot_nghiep\data\processed\full_forg\forgeries_12_22.png,0,skilled_forgery,12,12
D:\GitHub\Do_an_tot_nghiep\data\processed\full_org\original_5_14.png,D:\GitHub\Do_an_tot_nghiep\data\processed\full_org\original_5_3.png,1,genuine_genuine,5,5
D:\GitHub\Do_an_tot_nghiep\data\processed\full_org\original_31_15.png,D:\GitHub\Do_an_tot_nghiep\data\processed\full_forg\forgeries_31_4.png,0,skilled_forgery,31,31
D:\GitHub\Do_an_tot_nghiep\data\processed\full_org\original_31_1.png,D:\GitHub\Do_an_tot_nghiep\data\processed\full_org\original_31_6.png,1,genuine_genuine,31,31
D:\GitHub\Do_an_tot_nghiep\data\processed\full_org\original_17_12.png,D:\GitHub\Do_an_tot_nghiep\data\processed\full_forg\forgeries_17_11.png,0,skilled_forgery,17,17
D:\GitHub\Do_an_tot_nghiep\data\processed\full_org\original_16_19.png,D:\GitHub\Do_an_tot_nghiep\data\processed\full_org\original_16_3.png,1,genuine_genuine,16,16
D:\GitHub\Do_an_tot_nghiep\data\processed\full_org\original_17_15.png,D:\GitHub\Do_an_tot_nghiep\data\processed\full_org\original_17_19.png,1,genuine_genuine,17,17
D:\GitHub\Do_an_tot_nghiep\data\processed\full_org\original_3_10.png,D:\GitHub\Do_an_tot_nghiep\data\processed\full_org\original_46_24.png,0,random_forgery,3,46
D:\GitHub\Do_an_tot_nghiep\data\processed\full_org\original_3_11.png,D:\GitHub\Do_an_tot_nghiep\data\processed\full_forg\forgeries_3_21.png,0,skilled_forgery,3,3
D:\GitHub\Do_an_tot_nghiep\data\processed\full_org\original_25_17.png,D:\GitHub\Do_an_tot_nghiep\data\processed\full_org\original_25_20.png,1,genuine_genuine,25,25
D:\GitHub\Do_an_tot_nghiep\data\processed\full_org\original_7_2.png,D:\GitHub\Do_an_tot_nghiep\data\processed\full_forg\forgeries_7_18.png,0,skilled_forgery,7,7
D:\GitHub\Do_an_tot_nghiep\data\processed\full_org\original_22_23.png,D:\GitHub\Do_an_tot_nghiep\data\processed\full_org\original_22_9.png,1,genuine_genuine,22,22
D:\GitHub\Do_an_tot_nghiep\data\processed\full_org\original_19_2.png,D:\GitHub\Do_an_tot_nghiep\data\processed\full_org\original_19_24.png,1,genuine_genuine,19,19
D:\GitHub\Do_an_tot_nghiep\data\processed\full_org\original_46_2.png,D:\GitHub\Do_an_tot_nghiep\data\processed\full_org\original_46_24.png,1,genuine_genuine,46,46
D:\GitHub\Do_an_tot_nghiep\data\processed\full_org\original_21_13.png,D:\GitHub\Do_an_tot_nghiep\data\processed\full_org\original_43_12.png,0,random_forgery,21,43
D:\GitHub\Do_an_tot_nghiep\data\processed\full_org\original_5_11.png,D:\GitHub\Do_an_tot_nghiep\data\processed\full_org\original_5_23.png,1,genuine_genuine,5,5
D:\GitHub\Do_an_tot_nghiep\data\processed\full_org\original_28_11.png,D:\GitHub\Do_an_tot_nghiep\data\processed\full_org\original_5_1.png,0,random_forgery,28,5
D:\GitHub\Do_an_tot_nghiep\data\processed\full_org\original_47_14.png,D:\GitHub\Do_an_tot_nghiep\data\processed\full_org\original_21_6.png,0,random_forgery,47,21
D:\GitHub\Do_an_tot_nghiep\data\processed\full_org\original_31_10.png,D:\GitHub\Do_an_tot_nghiep\data\processed\full_org\original_31_18.png,1,genuine_genuine,31,31
D:\GitHub\Do_an_tot_nghiep\data\processed\full_org\original_29_4.png,D:\GitHub\Do_an_tot_nghiep\data\processed\full_forg\forgeries_29_9.png,0,skilled_forgery,29,29
D:\GitHub\Do_an_tot_nghiep\data\processed\full_org\original_5_21.png,D:\GitHub\Do_an_tot_nghiep\data\processed\full_org\original_5_7.png,1,genuine_genuine,5,5
D:\GitHub\Do_an_tot_nghiep\data\processed\full_org\original_16_22.png,D:\GitHub\Do_an_tot_nghiep\data\processed\full_org\original_16_4.png,1,genuine_genuine,16,16
D:\GitHub\Do_an_tot_nghiep\data\processed\full_org\original_21_3.png,D:\GitHub\Do_an_tot_nghiep\data\processed\full_org\original_21_9.png,1,genuine_genuine,21,21
D:\GitHub\Do_an_tot_nghiep\data\processed\full_org\original_53_11.png,D:\GitHub\Do_an_tot_nghiep\data\processed\full_org\original_53_13.png,1,genuine_genuine,53,53
D:\GitHub\Do_an_tot_nghiep\data\processed\full_org\original_37_19.png,D:\GitHub\Do_an_tot_nghiep\data\processed\full_org\original_37_4.png,1,genuine_genuine,37,37
D:\GitHub\Do_an_tot_nghiep\data\processed\full_org\original_34_19.png,D:\GitHub\Do_an_tot_nghiep\data\processed\full_org\original_34_3.png,1,genuine_genuine,34,34
D:\GitHub\Do_an_tot_nghiep\data\processed\full_org\original_36_2.png,D:\GitHub\Do_an_tot_nghiep\data\processed\full_org\original_36_22.png,1,genuine_genuine,36,36
D:\GitHub\Do_an_tot_nghiep\data\processed\full_org\original_45_7.png,D:\GitHub\Do_an_tot_nghiep\data\processed\full_org\original_3_13.png,0,random_forgery,45,3
D:\GitHub\Do_an_tot_nghiep\data\processed\full_org\original_24_18.png,D:\GitHub\Do_an_tot_nghiep\data\processed\full_org\original_51_17.png,0,random_forgery,24,51
D:\GitHub\Do_an_tot_nghiep\data\processed\full_org\original_12_9.png,D:\GitHub\Do_an_tot_nghiep\data\processed\full_forg\forgeries_12_9.png,0,skilled_forgery,12,12
D:\GitHub\Do_an_tot_nghiep\data\processed\full_org\original_12_13.png,D:\GitHub\Do_an_tot_nghiep\data\processed\full_org\original_22_6.png,0,random_forgery,12,22
D:\GitHub\Do_an_tot_nghiep\data\processed\full_org\original_1_9.png,D:\GitHub\Do_an_tot_nghiep\data\processed\full_forg\forgeries_1_10.png,0,skilled_forgery,1,1
D:\GitHub\Do_an_tot_nghiep\data\processed\full_org\original_30_2.png,D:\GitHub\Do_an_tot_nghiep\data\processed\full_org\original_30_24.png,1,genuine_genuine,30,30
D:\GitHub\Do_an_tot_nghiep\data\processed\full_org\original_47_12.png,D:\GitHub\Do_an_tot_nghiep\data\processed\full_org\original_47_5.png,1,genuine_genuine,47,47
D:\GitHub\Do_an_tot_nghiep\data\processed\full_org\original_49_17.png,D:\GitHub\Do_an_tot_nghiep\data\processed\full_org\original_49_5.png,1,genuine_genuine,49,49
D:\GitHub\Do_an_tot_nghiep\data\processed\full_org\original_28_10.png,D:\GitHub\Do_an_tot_nghiep\data\processed\full_org\original_28_6.png,1,genuine_genuine,28,28
D:\GitHub\Do_an_tot_nghiep\data\processed\full_org\original_34_4.png,D:\GitHub\Do_an_tot_nghiep\data\processed\full_forg\forgeries_34_14.png,0,skilled_forgery,34,34
D:\GitHub\Do_an_tot_nghiep\data\processed\full_org\original_51_3.png,D:\GitHub\Do_an_tot_nghiep\data\processed\full_forg\forgeries_51_14.png,0,skilled_forgery,51,51
D:\GitHub\Do_an_tot_nghiep\data\processed\full_org\original_17_12.png,D:\GitHub\Do_an_tot_nghiep\data\processed\full_org\original_18_16.png,0,random_forgery,17,18
D:\GitHub\Do_an_tot_nghiep\data\processed\full_org\original_39_15.png,D:\GitHub\Do_an_tot_nghiep\data\processed\full_org\original_39_18.png,1,genuine_genuine,39,39
D:\GitHub\Do_an_tot_nghiep\data\processed\full_org\original_22_10.png,D:\GitHub\Do_an_tot_nghiep\data\processed\full_org\original_46_19.png,0,random_forgery,22,46
D:\GitHub\Do_an_tot_nghiep\data\processed\full_org\original_12_19.png,D:\GitHub\Do_an_tot_nghiep\data\processed\full_forg\forgeries_12_23.png,0,skilled_forgery,12,12
D:\GitHub\Do_an_tot_nghiep\data\processed\full_org\original_47_13.png,D:\GitHub\Do_an_tot_nghiep\data\processed\full_org\original_22_16.png,0,random_forgery,47,22
D:\GitHub\Do_an_tot_nghiep\data\processed\full_org\original_4_14.png,D:\GitHub\Do_an_tot_nghiep\data\processed\full_org\original_11_9.png,0,random_forgery,4,11
D:\GitHub\Do_an_tot_nghiep\data\processed\full_org\original_47_2.png,D:\GitHub\Do_an_tot_nghiep\data\processed\full_forg\forgeries_47_5.png,0,skilled_forgery,47,47
D:\GitHub\Do_an_tot_nghiep\data\processed\full_org\original_7_1.png,D:\GitHub\Do_an_tot_nghiep\data\processed\full_org\original_7_19.png,1,genuine_genuine,7,7
D:\GitHub\Do_an_tot_nghiep\data\processed\full_org\original_31_8.png,D:\GitHub\Do_an_tot_nghiep\data\processed\full_forg\forgeries_31_22.png,0,skilled_forgery,31,31
D:\GitHub\Do_an_tot_nghiep\data\processed\full_org\original_12_10.png,D:\GitHub\Do_an_tot_nghiep\data\processed\full_org\original_12_24.png,1,genuine_genuine,12,12
D:\GitHub\Do_an_tot_nghiep\data\processed\full_org\original_17_21.png,D:\GitHub\Do_an_tot_nghiep\data\processed\full_forg\forgeries_17_18.png,0,skilled_forgery,17,17
D:\GitHub\Do_an_tot_nghiep\data\processed\full_org\original_36_5.png,D:\GitHub\Do_an_tot_nghiep\data\processed\full_forg\forgeries_36_10.png,0,skilled_forgery,36,36
D:\GitHub\Do_an_tot_nghiep\data\processed\full_org\original_17_13.png,D:\GitHub\Do_an_tot_nghiep\data\processed\full_org\original_38_22.png,0,random_forgery,17,38
D:\GitHub\Do_an_tot_nghiep\data\processed\full_org\original_51_12.png,D:\GitHub\Do_an_tot_nghiep\data\processed\full_forg\forgeries_51_7.png,0,skilled_forgery,51,51
D:\GitHub\Do_an_tot_nghiep\data\processed\full_org\original_37_14.png,D:\GitHub\Do_an_tot_nghiep\data\processed\full_forg\forgeries_37_21.png,0,skilled_forgery,37,37
D:\GitHub\Do_an_tot_nghiep\data\processed\full_org\original_5_20.png,D:\GitHub\Do_an_tot_nghiep\data\processed\full_org\original_5_24.png,1,genuine_genuine,5,5
D:\GitHub\Do_an_tot_nghiep\data\processed\full_org\original_22_23.png,D:\GitHub\Do_an_tot_nghiep\data\processed\full_org\original_28_18.png,0,random_forgery,22,28
D:\GitHub\Do_an_tot_nghiep\data\processed\full_org\original_28_22.png,D:\GitHub\Do_an_tot_nghiep\data\processed\full_org\original_28_7.png,1,genuine_genuine,28,28
D:\GitHub\Do_an_tot_nghiep\data\processed\full_org\original_18_3.png,D:\GitHub\Do_an_tot_nghiep\data\processed\full_org\original_7_13.png,0,random_forgery,18,7
D:\GitHub\Do_an_tot_nghiep\data\processed\full_org\original_5_20.png,D:\GitHub\Do_an_tot_nghiep\data\processed\full_forg\forgeries_5_9.png,0,skilled_forgery,5,5
D:\GitHub\Do_an_tot_nghiep\data\processed\full_org\original_3_7.png,D:\GitHub\Do_an_tot_nghiep\data\processed\full_forg\forgeries_3_10.png,0,skilled_forgery,3,3
D:\GitHub\Do_an_tot_nghiep\data\processed\full_org\original_43_12.png,D:\GitHub\Do_an_tot_nghiep\data\processed\full_org\original_43_22.png,1,genuine_genuine,43,43
D:\GitHub\Do_an_tot_nghiep\data\processed\full_org\original_19_20.png,D:\GitHub\Do_an_tot_nghiep\data\processed\full_org\original_19_8.png,1,genuine_genuine,19,19
D:\GitHub\Do_an_tot_nghiep\data\processed\full_org\original_16_16.png,D:\GitHub\Do_an_tot_nghiep\data\processed\full_forg\forgeries_16_2.png,0,skilled_forgery,16,16
D:\GitHub\Do_an_tot_nghiep\data\processed\full_org\original_17_2.png,D:\GitHub\Do_an_tot_nghiep\data\processed\full_forg\forgeries_17_4.png,0,skilled_forgery,17,17
D:\GitHub\Do_an_tot_nghiep\data\processed\full_org\original_45_2.png,D:\GitHub\Do_an_tot_nghiep\data\processed\full_forg\forgeries_45_22.png,0,skilled_forgery,45,45
D:\GitHub\Do_an_tot_nghiep\data\processed\full_org\original_36_12.png,D:\GitHub\Do_an_tot_nghiep\data\processed\full_org\original_36_8.png,1,genuine_genuine,36,36
D:\GitHub\Do_an_tot_nghiep\data\processed\full_org\original_11_10.png,D:\GitHub\Do_an_tot_nghiep\data\processed\full_forg\forgeries_11_6.png,0,skilled_forgery,11,11
D:\GitHub\Do_an_tot_nghiep\data\processed\full_org\original_18_23.png,D:\GitHub\Do_an_tot_nghiep\data\processed\full_org\original_18_4.png,1,genuine_genuine,18,18
D:\GitHub\Do_an_tot_nghiep\data\processed\full_org\original_53_22.png,D:\GitHub\Do_an_tot_nghiep\data\processed\full_org\original_53_5.png,1,genuine_genuine,53,53
D:\GitHub\Do_an_tot_nghiep\data\processed\full_org\original_47_3.png,D:\GitHub\Do_an_tot_nghiep\data\processed\full_org\original_47_7.png,1,genuine_genuine,47,47
D:\GitHub\Do_an_tot_nghiep\data\processed\full_org\original_43_12.png,D:\GitHub\Do_an_tot_nghiep\data\processed\full_org\original_43_18.png,1,genuine_genuine,43,43
D:\GitHub\Do_an_tot_nghiep\data\processed\full_org\original_47_21.png,D:\GitHub\Do_an_tot_nghiep\data\processed\full_org\original_34_23.png,0,random_forgery,47,34
D:\GitHub\Do_an_tot_nghiep\data\processed\full_org\original_29_13.png,D:\GitHub\Do_an_tot_nghiep\data\processed\full_forg\forgeries_29_20.png,0,skilled_forgery,29,29
D:\GitHub\Do_an_tot_nghiep\data\processed\full_org\original_51_21.png,D:\GitHub\Do_an_tot_nghiep\data\processed\full_org\original_21_7.png,0,random_forgery,51,21
D:\GitHub\Do_an_tot_nghiep\data\processed\full_org\original_21_19.png,D:\GitHub\Do_an_tot_nghiep\data\processed\full_org\original_21_22.png,1,genuine_genuine,21,21
D:\GitHub\Do_an_tot_nghiep\data\processed\full_org\original_30_15.png,D:\GitHub\Do_an_tot_nghiep\data\processed\full_org\original_4_11.png,0,random_forgery,30,4
D:\GitHub\Do_an_tot_nghiep\data\processed\full_org\original_1_19.png,D:\GitHub\Do_an_tot_nghiep\data\processed\full_org\original_1_21.png,1,genuine_genuine,1,1
D:\GitHub\Do_an_tot_nghiep\data\processed\full_org\original_51_21.png,D:\GitHub\Do_an_tot_nghiep\data\processed\full_org\original_26_7.png,0,random_forgery,51,26
D:\GitHub\Do_an_tot_nghiep\data\processed\full_org\original_37_4.png,D:\GitHub\Do_an_tot_nghiep\data\processed\full_forg\forgeries_37_4.png,0,skilled_forgery,37,37
D:\GitHub\Do_an_tot_nghiep\data\processed\full_org\original_55_10.png,D:\GitHub\Do_an_tot_nghiep\data\processed\full_forg\forgeries_55_3.png,0,skilled_forgery,55,55
D:\GitHub\Do_an_tot_nghiep\data\processed\full_org\original_40_14.png,D:\GitHub\Do_an_tot_nghiep\data\processed\full_org\original_24_22.png,0,random_forgery,40,24
D:\GitHub\Do_an_tot_nghiep\data\processed\full_org\original_16_22.png,D:\GitHub\Do_an_tot_nghiep\data\processed\full_forg\forgeries_16_12.png,0,skilled_forgery,16,16
D:\GitHub\Do_an_tot_nghiep\data\processed\full_org\original_49_21.png,D:\GitHub\Do_an_tot_nghiep\data\processed\full_forg\forgeries_49_11.png,0,skilled_forgery,49,49
D:\GitHub\Do_an_tot_nghiep\data\processed\full_org\original_17_11.png,D:\GitHub\Do_an_tot_nghiep\data\processed\full_org\original_17_14.png,1,genuine_genuine,17,17
D:\GitHub\Do_an_tot_nghiep\data\processed\full_org\original_46_13.png,D:\GitHub\Do_an_tot_nghiep\data\processed\full_org\original_46_5.png,1,genuine_genuine,46,46
D:\GitHub\Do_an_tot_nghiep\data\processed\full_org\original_55_9.png,D:\GitHub\Do_an_tot_nghiep\data\processed\full_forg\forgeries_55_18.png,0,skilled_forgery,55,55
D:\GitHub\Do_an_tot_nghiep\data\processed\full_org\original_5_18.png,D:\GitHub\Do_an_tot_nghiep\data\processed\full_org\original_29_17.png,0,random_forgery,5,29
D:\GitHub\Do_an_tot_nghiep\data\processed\full_org\original_51_13.png,D:\GitHub\Do_an_tot_nghiep\data\processed\full_org\original_28_8.png,0,random_forgery,51,28
D:\GitHub\Do_an_tot_nghiep\data\processed\full_org\original_51_1.png,D:\GitHub\Do_an_tot_nghiep\data\processed\full_org\original_51_20.png,1,genuine_genuine,51,51
D:\GitHub\Do_an_tot_nghiep\data\processed\full_org\original_39_11.png,D:\GitHub\Do_an_tot_nghiep\data\processed\full_forg\forgeries_39_12.png,0,skilled_forgery,39,39
D:\GitHub\Do_an_tot_nghiep\data\processed\full_org\original_36_23.png,D:\GitHub\Do_an_tot_nghiep\data\processed\full_org\original_53_15.png,0,random_forgery,36,53
D:\GitHub\Do_an_tot_nghiep\data\processed\full_org\original_45_11.png,D:\GitHub\Do_an_tot_nghiep\data\processed\full_forg\forgeries_45_23.png,0,skilled_forgery,45,45
D:\GitHub\Do_an_tot_nghiep\data\processed\full_org\original_17_11.png,D:\GitHub\Do_an_tot_nghiep\data\processed\full_org\original_17_12.png,1,genuine_genuine,17,17
D:\GitHub\Do_an_tot_nghiep\data\processed\full_org\original_47_7.png,D:\GitHub\Do_an_tot_nghiep\data\processed\full_org\original_47_9.png,1,genuine_genuine,47,47
D:\GitHub\Do_an_tot_nghiep\data\processed\full_org\original_37_10.png,D:\GitHub\Do_an_tot_nghiep\data\processed\full_forg\forgeries_37_17.png,0,skilled_forgery,37,37
D:\GitHub\Do_an_tot_nghiep\data\processed\full_org\original_55_17.png,D:\GitHub\Do_an_tot_nghiep\data\processed\full_org\original_55_3.png,1,genuine_genuine,55,55
D:\GitHub\Do_an_tot_nghiep\data\processed\full_org\original_22_10.png,D:\GitHub\Do_an_tot_nghiep\data\processed\full_org\original_22_17.png,1,genuine_genuine,22,22
D:\GitHub\Do_an_tot_nghiep\data\processed\full_org\original_30_1.png,D:\GitHub\Do_an_tot_nghiep\data\processed\full_org\original_30_12.png,1,genuine_genuine,30,30
D:\GitHub\Do_an_tot_nghiep\data\processed\full_org\original_17_11.png,D:\GitHub\Do_an_tot_nghiep\data\processed\full_org\original_17_13.png,1,genuine_genuine,17,17
D:\GitHub\Do_an_tot_nghiep\data\processed\full_org\original_10_2.png,D:\GitHub\Do_an_tot_nghiep\data\processed\full_forg\forgeries_10_4.png,0,skilled_forgery,10,10
D:\GitHub\Do_an_tot_nghiep\data\processed\full_org\original_29_1.png,D:\GitHub\Do_an_tot_nghiep\data\processed\full_forg\forgeries_29_16.png,0,skilled_forgery,29,29
D:\GitHub\Do_an_tot_nghiep\data\processed\full_org\original_55_12.png,D:\GitHub\Do_an_tot_nghiep\data\processed\full_org\original_55_9.png,1,genuine_genuine,55,55
D:\GitHub\Do_an_tot_nghiep\data\processed\full_org\original_26_16.png,D:\GitHub\Do_an_tot_nghiep\data\processed\full_forg\forgeries_26_9.png,0,skilled_forgery,26,26
D:\GitHub\Do_an_tot_nghiep\data\processed\full_org\original_38_19.png,D:\GitHub\Do_an_tot_nghiep\data\processed\full_org\original_28_20.png,0,random_forgery,38,28
D:\GitHub\Do_an_tot_nghiep\data\processed\full_org\original_28_18.png,D:\GitHub\Do_an_tot_nghiep\data\processed\full_org\original_55_9.png,0,random_forgery,28,55
D:\GitHub\Do_an_tot_nghiep\data\processed\full_org\original_24_20.png,D:\GitHub\Do_an_tot_nghiep\data\processed\full_org\original_24_7.png,1,genuine_genuine,24,24
D:\GitHub\Do_an_tot_nghiep\data\processed\full_org\original_43_10.png,D:\GitHub\Do_an_tot_nghiep\data\processed\full_org\original_43_20.png,1,genuine_genuine,43,43
D:\GitHub\Do_an_tot_nghiep\data\processed\full_org\original_18_3.png,D:\GitHub\Do_an_tot_nghiep\data\processed\full_org\original_18_4.png,1,genuine_genuine,18,18
D:\GitHub\Do_an_tot_nghiep\data\processed\full_org\original_30_1.png,D:\GitHub\Do_an_tot_nghiep\data\processed\full_org\original_30_9.png,1,genuine_genuine,30,30
D:\GitHub\Do_an_tot_nghiep\data\processed\full_org\original_40_1.png,D:\GitHub\Do_an_tot_nghiep\data\processed\full_org\original_40_3.png,1,genuine_genuine,40,40
D:\GitHub\Do_an_tot_nghiep\data\processed\full_org\original_3_1.png,D:\GitHub\Do_an_tot_nghiep\data\processed\full_org\original_3_13.png,1,genuine_genuine,3,3
D:\GitHub\Do_an_tot_nghiep\data\processed\full_org\original_51_15.png,D:\GitHub\Do_an_tot_nghiep\data\processed\full_org\original_51_18.png,1,genuine_genuine,51,51
D:\GitHub\Do_an_tot_nghiep\data\processed\full_org\original_22_14.png,D:\GitHub\Do_an_tot_nghiep\data\processed\full_forg\forgeries_22_16.png,0,skilled_forgery,22,22
D:\GitHub\Do_an_tot_nghiep\data\processed\full_org\original_5_19.png,D:\GitHub\Do_an_tot_nghiep\data\processed\full_forg\forgeries_5_24.png,0,skilled_forgery,5,5
D:\GitHub\Do_an_tot_nghiep\data\processed\full_org\original_16_12.png,D:\GitHub\Do_an_tot_nghiep\data\processed\full_org\original_16_24.png,1,genuine_genuine,16,16
D:\GitHub\Do_an_tot_nghiep\data\processed\full_org\original_26_1.png,D:\GitHub\Do_an_tot_nghiep\data\processed\full_org\original_26_15.png,1,genuine_genuine,26,26
D:\GitHub\Do_an_tot_nghiep\data\processed\full_org\original_17_13.png,D:\GitHub\Do_an_tot_nghiep\data\processed\full_org\original_39_5.png,0,random_forgery,17,39
D:\GitHub\Do_an_tot_nghiep\data\processed\full_org\original_34_7.png,D:\GitHub\Do_an_tot_nghiep\data\processed\full_org\original_12_6.png,0,random_forgery,34,12
D:\GitHub\Do_an_tot_nghiep\data\processed\full_org\original_46_19.png,D:\GitHub\Do_an_tot_nghiep\data\processed\full_forg\forgeries_46_19.png,0,skilled_forgery,46,46
D:\GitHub\Do_an_tot_nghiep\data\processed\full_org\original_5_17.png,D:\GitHub\Do_an_tot_nghiep\data\processed\full_forg\forgeries_5_13.png,0,skilled_forgery,5,5
D:\GitHub\Do_an_tot_nghiep\data\processed\full_org\original_37_24.png,D:\GitHub\Do_an_tot_nghiep\data\processed\full_forg\forgeries_37_8.png,0,skilled_forgery,37,37
D:\GitHub\Do_an_tot_nghiep\data\processed\full_org\original_5_20.png,D:\GitHub\Do_an_tot_nghiep\data\processed\full_forg\forgeries_5_22.png,0,skilled_forgery,5,5
D:\GitHub\Do_an_tot_nghiep\data\processed\full_org\original_38_17.png,D:\GitHub\Do_an_tot_nghiep\data\processed\full_org\original_38_8.png,1,genuine_genuine,38,38
D:\GitHub\Do_an_tot_nghiep\data\processed\full_org\original_46_24.png,D:\GitHub\Do_an_tot_nghiep\data\processed\full_forg\forgeries_46_19.png,0,skilled_forgery,46,46
D:\GitHub\Do_an_tot_nghiep\data\processed\full_org\original_12_20.png,D:\GitHub\Do_an_tot_nghiep\data\processed\full_org\original_12_9.png,1,genuine_genuine,12,12
D:\GitHub\Do_an_tot_nghiep\data\processed\full_org\original_38_18.png,D:\GitHub\Do_an_tot_nghiep\data\processed\full_org\original_38_9.png,1,genuine_genuine,38,38
D:\GitHub\Do_an_tot_nghiep\data\processed\full_org\original_1_17.png,D:\GitHub\Do_an_tot_nghiep\data\processed\full_org\original_1_3.png,1,genuine_genuine,1,1
D:\GitHub\Do_an_tot_nghiep\data\processed\full_org\original_45_1.png,D:\GitHub\Do_an_tot_nghiep\data\processed\full_org\original_45_4.png,1,genuine_genuine,45,45
D:\GitHub\Do_an_tot_nghiep\data\processed\full_org\original_34_24.png,D:\GitHub\Do_an_tot_nghiep\data\processed\full_org\original_34_9.png,1,genuine_genuine,34,34
D:\GitHub\Do_an_tot_nghiep\data\processed\full_org\original_29_22.png,D:\GitHub\Do_an_tot_nghiep\data\processed\full_org\original_29_5.png,1,genuine_genuine,29,29
D:\GitHub\Do_an_tot_nghiep\data\processed\full_org\original_12_7.png,D:\GitHub\Do_an_tot_nghiep\data\processed\full_org\original_25_7.png,0,random_forgery,12,25
D:\GitHub\Do_an_tot_nghiep\data\processed\full_org\original_51_24.png,D:\GitHub\Do_an_tot_nghiep\data\processed\full_org\original_51_9.png,1,genuine_genuine,51,51
D:\GitHub\Do_an_tot_nghiep\data\processed\full_org\original_1_22.png,D:\GitHub\Do_an_tot_nghiep\data\processed\full_org\original_19_19.png,0,random_forgery,1,19
D:\GitHub\Do_an_tot_nghiep\data\processed\full_org\original_3_12.png,D:\GitHub\Do_an_tot_nghiep\data\processed\full_org\original_3_17.png,1,genuine_genuine,3,3
D:\GitHub\Do_an_tot_nghiep\data\processed\full_org\original_37_6.png,D:\GitHub\Do_an_tot_nghiep\data\processed\full_forg\forgeries_37_15.png,0,skilled_forgery,37,37
D:\GitHub\Do_an_tot_nghiep\data\processed\full_org\original_40_4.png,D:\GitHub\Do_an_tot_nghiep\data\processed\full_org\original_40_5.png,1,genuine_genuine,40,40
D:\GitHub\Do_an_tot_nghiep\data\processed\full_org\original_53_21.png,D:\GitHub\Do_an_tot_nghiep\data\processed\full_org\original_45_18.png,0,random_forgery,53,45
D:\GitHub\Do_an_tot_nghiep\data\processed\full_org\original_36_6.png,D:\GitHub\Do_an_tot_nghiep\data\processed\full_forg\forgeries_36_7.png,0,skilled_forgery,36,36
D:\GitHub\Do_an_tot_nghiep\data\processed\full_org\original_30_16.png,D:\GitHub\Do_an_tot_nghiep\data\processed\full_org\original_30_9.png,1,genuine_genuine,30,30
D:\GitHub\Do_an_tot_nghiep\data\processed\full_org\original_39_10.png,D:\GitHub\Do_an_tot_nghiep\data\processed\full_forg\forgeries_39_18.png,0,skilled_forgery,39,39
D:\GitHub\Do_an_tot_nghiep\data\processed\full_org\original_43_15.png,D:\GitHub\Do_an_tot_nghiep\data\processed\full_org\original_28_6.png,0,random_forgery,43,28
D:\GitHub\Do_an_tot_nghiep\data\processed\full_org\original_30_18.png,D:\GitHub\Do_an_tot_nghiep\data\processed\full_org\original_30_21.png,1,genuine_genuine,30,30
D:\GitHub\Do_an_tot_nghiep\data\processed\full_org\original_39_14.png,D:\GitHub\Do_an_tot_nghiep\data\processed\full_org\original_39_20.png,1,genuine_genuine,39,39
D:\GitHub\Do_an_tot_nghiep\data\processed\full_org\original_29_4.png,D:\GitHub\Do_an_tot_nghiep\data\processed\full_forg\forgeries_29_14.png,0,skilled_forgery,29,29
D:\GitHub\Do_an_tot_nghiep\data\processed\full_org\original_26_14.png,D:\GitHub\Do_an_tot_nghiep\data\processed\full_forg\forgeries_26_11.png,0,skilled_forgery,26,26
D:\GitHub\Do_an_tot_nghiep\data\processed\full_org\original_10_24.png,D:\GitHub\Do_an_tot_nghiep\data\processed\full_org\original_10_5.png,1,genuine_genuine,10,10
D:\GitHub\Do_an_tot_nghiep\data\processed\full_org\original_29_15.png,D:\GitHub\Do_an_tot_nghiep\data\processed\full_forg\forgeries_29_4.png,0,skilled_forgery,29,29
D:\GitHub\Do_an_tot_nghiep\data\processed\full_org\original_36_19.png,D:\GitHub\Do_an_tot_nghiep\data\processed\full_forg\forgeries_36_24.png,0,skilled_forgery,36,36
D:\GitHub\Do_an_tot_nghiep\data\processed\full_org\original_21_19.png,D:\GitHub\Do_an_tot_nghiep\data\processed\full_forg\forgeries_21_12.png,0,skilled_forgery,21,21
D:\GitHub\Do_an_tot_nghiep\data\processed\full_org\original_53_17.png,D:\GitHub\Do_an_tot_nghiep\data\processed\full_forg\forgeries_53_6.png,0,skilled_forgery,53,53
D:\GitHub\Do_an_tot_nghiep\data\processed\full_org\original_17_13.png,D:\GitHub\Do_an_tot_nghiep\data\processed\full_forg\forgeries_17_14.png,0,skilled_forgery,17,17
D:\GitHub\Do_an_tot_nghiep\data\processed\full_org\original_19_15.png,D:\GitHub\Do_an_tot_nghiep\data\processed\full_org\original_19_7.png,1,genuine_genuine,19,19
D:\GitHub\Do_an_tot_nghiep\data\processed\full_org\original_36_15.png,D:\GitHub\Do_an_tot_nghiep\data\processed\full_org\original_36_17.png,1,genuine_genuine,36,36
D:\GitHub\Do_an_tot_nghiep\data\processed\full_org\original_7_18.png,D:\GitHub\Do_an_tot_nghiep\data\processed\full_org\original_7_22.png,1,genuine_genuine,7,7
D:\GitHub\Do_an_tot_nghiep\data\processed\full_org\original_17_19.png,D:\GitHub\Do_an_tot_nghiep\data\processed\full_org\original_17_7.png,1,genuine_genuine,17,17
D:\GitHub\Do_an_tot_nghiep\data\processed\full_org\original_39_14.png,D:\GitHub\Do_an_tot_nghiep\data\processed\full_forg\forgeries_39_19.png,0,skilled_forgery,39,39
D:\GitHub\Do_an_tot_nghiep\data\processed\full_org\original_7_17.png,D:\GitHub\Do_an_tot_nghiep\data\processed\full_forg\forgeries_7_14.png,0,skilled_forgery,7,7
D:\GitHub\Do_an_tot_nghiep\data\processed\full_org\original_31_11.png,D:\GitHub\Do_an_tot_nghiep\data\processed\full_org\original_31_20.png,1,genuine_genuine,31,31
D:\GitHub\Do_an_tot_nghiep\data\processed\full_org\original_43_17.png,D:\GitHub\Do_an_tot_nghiep\data\processed\full_forg\forgeries_43_12.png,0,skilled_forgery,43,43
D:\GitHub\Do_an_tot_nghiep\data\processed\full_org\original_26_3.png,D:\GitHub\Do_an_tot_nghiep\data\processed\full_org\original_36_3.png,0,random_forgery,26,36
D:\GitHub\Do_an_tot_nghiep\data\processed\full_org\original_39_15.png,D:\GitHub\Do_an_tot_nghiep\data\processed\full_org\original_24_23.png,0,random_forgery,39,24
D:\GitHub\Do_an_tot_nghiep\data\processed\full_org\original_24_2.png,D:\GitHub\Do_an_tot_nghiep\data\processed\full_forg\forgeries_24_8.png,0,skilled_forgery,24,24
D:\GitHub\Do_an_tot_nghiep\data\processed\full_org\original_21_10.png,D:\GitHub\Do_an_tot_nghiep\data\processed\full_org\original_21_12.png,1,genuine_genuine,21,21
D:\GitHub\Do_an_tot_nghiep\data\processed\full_org\original_26_10.png,D:\GitHub\Do_an_tot_nghiep\data\processed\full_forg\forgeries_26_9.png,0,skilled_forgery,26,26
D:\GitHub\Do_an_tot_nghiep\data\processed\full_org\original_51_24.png,D:\GitHub\Do_an_tot_nghiep\data\processed\full_forg\forgeries_51_16.png,0,skilled_forgery,51,51
D:\GitHub\Do_an_tot_nghiep\data\processed\full_org\original_30_19.png,D:\GitHub\Do_an_tot_nghiep\data\processed\full_forg\forgeries_30_3.png,0,skilled_forgery,30,30
D:\GitHub\Do_an_tot_nghiep\data\processed\full_org\original_34_14.png,D:\GitHub\Do_an_tot_nghiep\data\processed\full_forg\forgeries_34_7.png,0,skilled_forgery,34,34
D:\GitHub\Do_an_tot_nghiep\data\processed\full_org\original_16_24.png,D:\GitHub\Do_an_tot_nghiep\data\processed\full_org\original_16_8.png,1,genuine_genuine,16,16
D:\GitHub\Do_an_tot_nghiep\data\processed\full_org\original_30_3.png,D:\GitHub\Do_an_tot_nghiep\data\processed\full_org\original_37_21.png,0,random_forgery,30,37
D:\GitHub\Do_an_tot_nghiep\data\processed\full_org\original_53_12.png,D:\GitHub\Do_an_tot_nghiep\data\processed\full_forg\forgeries_53_4.png,0,skilled_forgery,53,53
D:\GitHub\Do_an_tot_nghiep\data\processed\full_org\original_21_15.png,D:\GitHub\Do_an_tot_nghiep\data\processed\full_forg\forgeries_21_24.png,0,skilled_forgery,21,21
D:\GitHub\Do_an_tot_nghiep\data\processed\full_org\original_39_5.png,D:\GitHub\Do_an_tot_nghiep\data\processed\full_forg\forgeries_39_8.png,0,skilled_forgery,39,39
D:\GitHub\Do_an_tot_nghiep\data\processed\full_org\original_49_12.png,D:\GitHub\Do_an_tot_nghiep\data\processed\full_forg\forgeries_49_17.png,0,skilled_forgery,49,49
D:\GitHub\Do_an_tot_nghiep\data\processed\full_org\original_34_11.png,D:\GitHub\Do_an_tot_nghiep\data\processed\full_org\original_17_22.png,0,random_forgery,34,17
D:\GitHub\Do_an_tot_nghiep\data\processed\full_org\original_47_17.png,D:\GitHub\Do_an_tot_nghiep\data\processed\full_forg\forgeries_47_23.png,0,skilled_forgery,47,47
D:\GitHub\Do_an_tot_nghiep\data\processed\full_org\original_18_8.png,D:\GitHub\Do_an_tot_nghiep\data\processed\full_forg\forgeries_18_5.png,0,skilled_forgery,18,18
D:\GitHub\Do_an_tot_nghiep\data\processed\full_org\original_29_18.png,D:\GitHub\Do_an_tot_nghiep\data\processed\full_org\original_12_5.png,0,random_forgery,29,12
D:\GitHub\Do_an_tot_nghiep\data\processed\full_org\original_11_1.png,D:\GitHub\Do_an_tot_nghiep\data\processed\full_org\original_11_8.png,1,genuine_genuine,11,11
D:\GitHub\Do_an_tot_nghiep\data\processed\full_org\original_22_14.png,D:\GitHub\Do_an_tot_nghiep\data\processed\full_org\original_22_9.png,1,genuine_genuine,22,22
D:\GitHub\Do_an_tot_nghiep\data\processed\full_org\original_53_11.png,D:\GitHub\Do_an_tot_nghiep\data\processed\full_forg\forgeries_53_10.png,0,skilled_forgery,53,53
D:\GitHub\Do_an_tot_nghiep\data\processed\full_org\original_55_14.png,D:\GitHub\Do_an_tot_nghiep\data\processed\full_org\original_55_4.png,1,genuine_genuine,55,55
D:\GitHub\Do_an_tot_nghiep\data\processed\full_org\original_55_14.png,D:\GitHub\Do_an_tot_nghiep\data\processed\full_org\original_55_8.png,1,genuine_genuine,55,55
D:\GitHub\Do_an_tot_nghiep\data\processed\full_org\original_34_5.png,D:\GitHub\Do_an_tot_nghiep\data\processed\full_org\original_34_9.png,1,genuine_genuine,34,34
D:\GitHub\Do_an_tot_nghiep\data\processed\full_org\original_49_17.png,D:\GitHub\Do_an_tot_nghiep\data\processed\full_org\original_39_8.png,0,random_forgery,49,39
D:\GitHub\Do_an_tot_nghiep\data\processed\full_org\original_28_10.png,D:\GitHub\Do_an_tot_nghiep\data\processed\full_forg\forgeries_28_6.png,0,skilled_forgery,28,28
D:\GitHub\Do_an_tot_nghiep\data\processed\full_org\original_55_3.png,D:\GitHub\Do_an_tot_nghiep\data\processed\full_forg\forgeries_55_8.png,0,skilled_forgery,55,55
D:\GitHub\Do_an_tot_nghiep\data\processed\full_org\original_3_20.png,D:\GitHub\Do_an_tot_nghiep\data\processed\full_org\original_3_4.png,1,genuine_genuine,3,3
D:\GitHub\Do_an_tot_nghiep\data\processed\full_org\original_1_7.png,D:\GitHub\Do_an_tot_nghiep\data\processed\full_forg\forgeries_1_2.png,0,skilled_forgery,1,1
D:\GitHub\Do_an_tot_nghiep\data\processed\full_org\original_31_6.png,D:\GitHub\Do_an_tot_nghiep\data\processed\full_forg\forgeries_31_23.png,0,skilled_forgery,31,31
D:\GitHub\Do_an_tot_nghiep\data\processed\full_org\original_12_19.png,D:\GitHub\Do_an_tot_nghiep\data\processed\full_org\original_12_24.png,1,genuine_genuine,12,12
D:\GitHub\Do_an_tot_nghiep\data\processed\full_org\original_22_18.png,D:\GitHub\Do_an_tot_nghiep\data\processed\full_org\original_22_3.png,1,genuine_genuine,22,22
D:\GitHub\Do_an_tot_nghiep\data\processed\full_org\original_29_3.png,D:\GitHub\Do_an_tot_nghiep\data\processed\full_forg\forgeries_29_7.png,0,skilled_forgery,29,29
D:\GitHub\Do_an_tot_nghiep\data\processed\full_org\original_55_12.png,D:\GitHub\Do_an_tot_nghiep\data\processed\full_org\original_55_14.png,1,genuine_genuine,55,55
D:\GitHub\Do_an_tot_nghiep\data\processed\full_org\original_40_1.png,D:\GitHub\Do_an_tot_nghiep\data\processed\full_org\original_26_14.png,0,random_forgery,40,26
D:\GitHub\Do_an_tot_nghiep\data\processed\full_org\original_45_18.png,D:\GitHub\Do_an_tot_nghiep\data\processed\full_org\original_51_2.png,0,random_forgery,45,51
D:\GitHub\Do_an_tot_nghiep\data\processed\full_org\original_22_1.png,D:\GitHub\Do_an_tot_nghiep\data\processed\full_forg\forgeries_22_12.png,0,skilled_forgery,22,22
D:\GitHub\Do_an_tot_nghiep\data\processed\full_org\original_29_9.png,D:\GitHub\Do_an_tot_nghiep\data\processed\full_forg\forgeries_29_3.png,0,skilled_forgery,29,29
D:\GitHub\Do_an_tot_nghiep\data\processed\full_org\original_22_16.png,D:\GitHub\Do_an_tot_nghiep\data\processed\full_org\original_22_6.png,1,genuine_genuine,22,22
D:\GitHub\Do_an_tot_nghiep\data\processed\full_org\original_53_16.png,D:\GitHub\Do_an_tot_nghiep\data\processed\full_forg\forgeries_53_21.png,0,skilled_forgery,53,53
D:\GitHub\Do_an_tot_nghiep\data\processed\full_org\original_39_9.png,D:\GitHub\Do_an_tot_nghiep\data\processed\full_forg\forgeries_39_23.png,0,skilled_forgery,39,39
D:\GitHub\Do_an_tot_nghiep\data\processed\full_org\original_5_9.png,D:\GitHub\Do_an_tot_nghiep\data\processed\full_forg\forgeries_5_5.png,0,skilled_forgery,5,5
D:\GitHub\Do_an_tot_nghiep\data\processed\full_org\original_30_15.png,D:\GitHub\Do_an_tot_nghiep\data\processed\full_org\original_30_4.png,1,genuine_genuine,30,30
D:\GitHub\Do_an_tot_nghiep\data\processed\full_org\original_5_15.png,D:\GitHub\Do_an_tot_nghiep\data\processed\full_org\original_5_2.png,1,genuine_genuine,5,5
D:\GitHub\Do_an_tot_nghiep\data\processed\full_org\original_55_16.png,D:\GitHub\Do_an_tot_nghiep\data\processed\full_forg\forgeries_55_11.png,0,skilled_forgery,55,55
D:\GitHub\Do_an_tot_nghiep\data\processed\full_org\original_40_12.png,D:\GitHub\Do_an_tot_nghiep\data\processed\full_org\original_39_1.png,0,random_forgery,40,39
D:\GitHub\Do_an_tot_nghiep\data\processed\full_org\original_37_2.png,D:\GitHub\Do_an_tot_nghiep\data\processed\full_forg\forgeries_37_17.png,0,skilled_forgery,37,37
D:\GitHub\Do_an_tot_nghiep\data\processed\full_org\original_26_10.png,D:\GitHub\Do_an_tot_nghiep\data\processed\full_org\original_26_21.png,1,genuine_genuine,26,26
D:\GitHub\Do_an_tot_nghiep\data\processed\full_org\original_19_23.png,D:\GitHub\Do_an_tot_nghiep\data\processed\full_org\original_19_5.png,1,genuine_genuine,19,19
D:\GitHub\Do_an_tot_nghiep\data\processed\full_org\original_51_3.png,D:\GitHub\Do_an_tot_nghiep\data\processed\full_org\original_26_18.png,0,random_forgery,51,26
D:\GitHub\Do_an_tot_nghiep\data\processed\full_org\original_30_15.png,D:\GitHub\Do_an_tot_nghiep\data\processed\full_forg\forgeries_30_18.png,0,skilled_forgery,30,30
D:\GitHub\Do_an_tot_nghiep\data\processed\full_org\original_40_23.png,D:\GitHub\Do_an_tot_nghiep\data\processed\full_forg\forgeries_40_6.png,0,skilled_forgery,40,40
D:\GitHub\Do_an_tot_nghiep\data\processed\full_org\original_37_12.png,D:\GitHub\Do_an_tot_nghiep\data\processed\full_forg\forgeries_37_17.png,0,skilled_forgery,37,37
D:\GitHub\Do_an_tot_nghiep\data\processed\full_org\original_46_6.png,D:\GitHub\Do_an_tot_nghiep\data\processed\full_org\original_46_9.png,1,genuine_genuine,46,46
D:\GitHub\Do_an_tot_nghiep\data\processed\full_org\original_22_6.png,D:\GitHub\Do_an_tot_nghiep\data\processed\full_forg\forgeries_22_15.png,0,skilled_forgery,22,22
D:\GitHub\Do_an_tot_nghiep\data\processed\full_org\original_5_12.png,D:\GitHub\Do_an_tot_nghiep\data\processed\full_org\original_5_22.png,1,genuine_genuine,5,5
D:\GitHub\Do_an_tot_nghiep\data\processed\full_org\original_26_13.png,D:\GitHub\Do_an_tot_nghiep\data\processed\full_org\original_26_8.png,1,genuine_genuine,26,26
D:\GitHub\Do_an_tot_nghiep\data\processed\full_org\original_45_4.png,D:\GitHub\Do_an_tot_nghiep\data\processed\full_forg\forgeries_45_2.png,0,skilled_forgery,45,45
D:\GitHub\Do_an_tot_nghiep\data\processed\full_org\original_31_2.png,D:\GitHub\Do_an_tot_nghiep\data\processed\full_forg\forgeries_31_9.png,0,skilled_forgery,31,31
D:\GitHub\Do_an_tot_nghiep\data\processed\full_org\original_36_12.png,D:\GitHub\Do_an_tot_nghiep\data\processed\full_org\original_36_5.png,1,genuine_genuine,36,36
D:\GitHub\Do_an_tot_nghiep\data\processed\full_org\original_26_22.png,D:\GitHub\Do_an_tot_nghiep\data\processed\full_forg\forgeries_26_12.png,0,skilled_forgery,26,26
D:\GitHub\Do_an_tot_nghiep\data\processed\full_org\original_30_9.png,D:\GitHub\Do_an_tot_nghiep\data\processed\full_forg\forgeries_30_14.png,0,skilled_forgery,30,30
D:\GitHub\Do_an_tot_nghiep\data\processed\full_org\original_4_10.png,D:\GitHub\Do_an_tot_nghiep\data\processed\full_forg\forgeries_4_11.png,0,skilled_forgery,4,4
D:\GitHub\Do_an_tot_nghiep\data\processed\full_org\original_43_21.png,D:\GitHub\Do_an_tot_nghiep\data\processed\full_forg\forgeries_43_4.png,0,skilled_forgery,43,43
D:\GitHub\Do_an_tot_nghiep\data\processed\full_org\original_31_18.png,D:\GitHub\Do_an_tot_nghiep\data\processed\full_org\original_31_21.png,1,genuine_genuine,31,31
D:\GitHub\Do_an_tot_nghiep\data\processed\full_org\original_11_6.png,D:\GitHub\Do_an_tot_nghiep\data\processed\full_org\original_51_24.png,0,random_forgery,11,51
D:\GitHub\Do_an_tot_nghiep\data\processed\full_org\original_17_5.png,D:\GitHub\Do_an_tot_nghiep\data\processed\full_org\original_17_6.png,1,genuine_genuine,17,17
D:\GitHub\Do_an_tot_nghiep\data\processed\full_org\original_37_11.png,D:\GitHub\Do_an_tot_nghiep\data\processed\full_org\original_37_23.png,1,genuine_genuine,37,37
D:\GitHub\Do_an_tot_nghiep\data\processed\full_org\original_31_3.png,D:\GitHub\Do_an_tot_nghiep\data\processed\full_org\original_31_8.png,1,genuine_genuine,31,31
D:\GitHub\Do_an_tot_nghiep\data\processed\full_org\original_3_18.png,D:\GitHub\Do_an_tot_nghiep\data\processed\full_org\original_3_2.png,1,genuine_genuine,3,3
D:\GitHub\Do_an_tot_nghiep\data\processed\full_org\original_30_1.png,D:\GitHub\Do_an_tot_nghiep\data\processed\full_org\original_30_21.png,1,genuine_genuine,30,30
D:\GitHub\Do_an_tot_nghiep\data\processed\full_org\original_29_16.png,D:\GitHub\Do_an_tot_nghiep\data\processed\full_org\original_29_22.png,1,genuine_genuine,29,29
D:\GitHub\Do_an_tot_nghiep\data\processed\full_org\original_25_23.png,D:\GitHub\Do_an_tot_nghiep\data\processed\full_forg\forgeries_25_1.png,0,skilled_forgery,25,25
D:\GitHub\Do_an_tot_nghiep\data\processed\full_org\original_5_11.png,D:\GitHub\Do_an_tot_nghiep\data\processed\full_org\original_5_4.png,1,genuine_genuine,5,5
D:\GitHub\Do_an_tot_nghiep\data\processed\full_org\original_11_3.png,D:\GitHub\Do_an_tot_nghiep\data\processed\full_forg\forgeries_11_7.png,0,skilled_forgery,11,11
D:\GitHub\Do_an_tot_nghiep\data\processed\full_org\original_34_2.png,D:\GitHub\Do_an_tot_nghiep\data\processed\full_org\original_34_22.png,1,genuine_genuine,34,34
D:\GitHub\Do_an_tot_nghiep\data\processed\full_org\original_43_1.png,D:\GitHub\Do_an_tot_nghiep\data\processed\full_org\original_43_21.png,1,genuine_genuine,43,43
D:\GitHub\Do_an_tot_nghiep\data\processed\full_org\original_10_1.png,D:\GitHub\Do_an_tot_nghiep\data\processed\full_forg\forgeries_10_3.png,0,skilled_forgery,10,10
D:\GitHub\Do_an_tot_nghiep\data\processed\full_org\original_34_14.png,D:\GitHub\Do_an_tot_nghiep\data\processed\full_org\original_45_3.png,0,random_forgery,34,45
D:\GitHub\Do_an_tot_nghiep\data\processed\full_org\original_3_10.png,D:\GitHub\Do_an_tot_nghiep\data\processed\full_org\original_3_18.png,1,genuine_genuine,3,3
D:\GitHub\Do_an_tot_nghiep\data\processed\full_org\original_10_16.png,D:\GitHub\Do_an_tot_nghiep\data\processed\full_org\original_10_18.png,1,genuine_genuine,10,10
D:\GitHub\Do_an_tot_nghiep\data\processed\full_org\original_4_20.png,D:\GitHub\Do_an_tot_nghiep\data\processed\full_org\original_4_4.png,1,genuine_genuine,4,4
D:\GitHub\Do_an_tot_nghiep\data\processed\full_org\original_12_15.png,D:\GitHub\Do_an_tot_nghiep\data\processed\full_org\original_12_23.png,1,genuine_genuine,12,12
D:\GitHub\Do_an_tot_nghiep\data\processed\full_org\original_45_20.png,D:\GitHub\Do_an_tot_nghiep\data\processed\full_org\original_45_6.png,1,genuine_genuine,45,45
D:\GitHub\Do_an_tot_nghiep\data\processed\full_org\original_46_3.png,D:\GitHub\Do_an_tot_nghiep\data\processed\full_org\original_18_6.png,0,random_forgery,46,18
D:\GitHub\Do_an_tot_nghiep\data\processed\full_org\original_24_12.png,D:\GitHub\Do_an_tot_nghiep\data\processed\full_org\original_24_8.png,1,genuine_genuine,24,24
D:\GitHub\Do_an_tot_nghiep\data\processed\full_org\original_37_12.png,D:\GitHub\Do_an_tot_nghiep\data\processed\full_forg\forgeries_37_1.png,0,skilled_forgery,37,37
D:\GitHub\Do_an_tot_nghiep\data\processed\full_org\original_43_11.png,D:\GitHub\Do_an_tot_nghiep\data\processed\full_org\original_43_8.png,1,genuine_genuine,43,43
D:\GitHub\Do_an_tot_nghiep\data\processed\full_org\original_43_18.png,D:\GitHub\Do_an_tot_nghiep\data\processed\full_org\original_39_19.png,0,random_forgery,43,39
D:\GitHub\Do_an_tot_nghiep\data\processed\full_org\original_24_14.png,D:\GitHub\Do_an_tot_nghiep\data\processed\full_forg\forgeries_24_4.png,0,skilled_forgery,24,24
D:\GitHub\Do_an_tot_nghiep\data\processed\full_org\original_49_19.png,D:\GitHub\Do_an_tot_nghiep\data\processed\full_forg\forgeries_49_18.png,0,skilled_forgery,49,49
D:\GitHub\Do_an_tot_nghiep\data\processed\full_org\original_16_13.png,D:\GitHub\Do_an_tot_nghiep\data\processed\full_forg\forgeries_16_3.png,0,skilled_forgery,16,16
D:\GitHub\Do_an_tot_nghiep\data\processed\full_org\original_3_5.png,D:\GitHub\Do_an_tot_nghiep\data\processed\full_org\original_1_16.png,0,random_forgery,3,1
D:\GitHub\Do_an_tot_nghiep\data\processed\full_org\original_24_18.png,D:\GitHub\Do_an_tot_nghiep\data\processed\full_forg\forgeries_24_10.png,0,skilled_forgery,24,24
D:\GitHub\Do_an_tot_nghiep\data\processed\full_org\original_17_15.png,D:\GitHub\Do_an_tot_nghiep\data\processed\full_forg\forgeries_17_24.png,0,skilled_forgery,17,17
D:\GitHub\Do_an_tot_nghiep\data\processed\full_org\original_31_1.png,D:\GitHub\Do_an_tot_nghiep\data\processed\full_org\original_31_3.png,1,genuine_genuine,31,31
D:\GitHub\Do_an_tot_nghiep\data\processed\full_org\original_26_17.png,D:\GitHub\Do_an_tot_nghiep\data\processed\full_org\original_26_18.png,1,genuine_genuine,26,26
D:\GitHub\Do_an_tot_nghiep\data\processed\full_org\original_3_14.png,D:\GitHub\Do_an_tot_nghiep\data\processed\full_org\original_3_2.png,1,genuine_genuine,3,3
D:\GitHub\Do_an_tot_nghiep\data\processed\full_org\original_11_11.png,D:\GitHub\Do_an_tot_nghiep\data\processed\full_forg\forgeries_11_12.png,0,skilled_forgery,11,11
D:\GitHub\Do_an_tot_nghiep\data\processed\full_org\original_29_7.png,D:\GitHub\Do_an_tot_nghiep\data\processed\full_forg\forgeries_29_21.png,0,skilled_forgery,29,29
D:\GitHub\Do_an_tot_nghiep\data\processed\full_org\original_1_24.png,D:\GitHub\Do_an_tot_nghiep\data\processed\full_org\original_1_7.png,1,genuine_genuine,1,1
D:\GitHub\Do_an_tot_nghiep\data\processed\full_org\original_1_23.png,D:\GitHub\Do_an_tot_nghiep\data\processed\full_forg\forgeries_1_12.png,0,skilled_forgery,1,1
D:\GitHub\Do_an_tot_nghiep\data\processed\full_org\original_28_2.png,D:\GitHub\Do_an_tot_nghiep\data\processed\full_forg\forgeries_28_3.png,0,skilled_forgery,28,28
D:\GitHub\Do_an_tot_nghiep\data\processed\full_org\original_7_1.png,D:\GitHub\Do_an_tot_nghiep\data\processed\full_forg\forgeries_7_2.png,0,skilled_forgery,7,7
D:\GitHub\Do_an_tot_nghiep\data\processed\full_org\original_1_24.png,D:\GitHub\Do_an_tot_nghiep\data\processed\full_org\original_1_9.png,1,genuine_genuine,1,1
D:\GitHub\Do_an_tot_nghiep\data\processed\full_org\original_21_5.png,D:\GitHub\Do_an_tot_nghiep\data\processed\full_forg\forgeries_21_7.png,0,skilled_forgery,21,21
D:\GitHub\Do_an_tot_nghiep\data\processed\full_org\original_17_15.png,D:\GitHub\Do_an_tot_nghiep\data\processed\full_org\original_17_3.png,1,genuine_genuine,17,17
D:\GitHub\Do_an_tot_nghiep\data\processed\full_org\original_4_12.png,D:\GitHub\Do_an_tot_nghiep\data\processed\full_org\original_4_6.png,1,genuine_genuine,4,4
D:\GitHub\Do_an_tot_nghiep\data\processed\full_org\original_18_2.png,D:\GitHub\Do_an_tot_nghiep\data\processed\full_forg\forgeries_18_17.png,0,skilled_forgery,18,18
D:\GitHub\Do_an_tot_nghiep\data\processed\full_org\original_4_24.png,D:\GitHub\Do_an_tot_nghiep\data\processed\full_forg\forgeries_4_11.png,0,skilled_forgery,4,4
D:\GitHub\Do_an_tot_nghiep\data\processed\full_org\original_40_15.png,D:\GitHub\Do_an_tot_nghiep\data\processed\full_forg\forgeries_40_18.png,0,skilled_forgery,40,40
D:\GitHub\Do_an_tot_nghiep\data\processed\full_org\original_19_12.png,D:\GitHub\Do_an_tot_nghiep\data\processed\full_forg\forgeries_19_12.png,0,skilled_forgery,19,19
D:\GitHub\Do_an_tot_nghiep\data\processed\full_org\original_46_24.png,D:\GitHub\Do_an_tot_nghiep\data\processed\full_org\original_46_6.png,1,genuine_genuine,46,46
D:\GitHub\Do_an_tot_nghiep\data\processed\full_org\original_55_14.png,D:\GitHub\Do_an_tot_nghiep\data\processed\full_org\original_22_8.png,0,random_forgery,55,22
D:\GitHub\Do_an_tot_nghiep\data\processed\full_org\original_25_1.png,D:\GitHub\Do_an_tot_nghiep\data\processed\full_org\original_25_5.png,1,genuine_genuine,25,25
D:\GitHub\Do_an_tot_nghiep\data\processed\full_org\original_26_12.png,D:\GitHub\Do_an_tot_nghiep\data\processed\full_org\original_26_16.png,1,genuine_genuine,26,26
D:\GitHub\Do_an_tot_nghiep\data\processed\full_org\original_51_6.png,D:\GitHub\Do_an_tot_nghiep\data\processed\full_forg\forgeries_51_11.png,0,skilled_forgery,51,51
D:\GitHub\Do_an_tot_nghiep\data\processed\full_org\original_55_19.png,D:\GitHub\Do_an_tot_nghiep\data\processed\full_forg\forgeries_55_7.png,0,skilled_forgery,55,55
D:\GitHub\Do_an_tot_nghiep\data\processed\full_org\original_43_13.png,D:\GitHub\Do_an_tot_nghiep\data\processed\full_org\original_43_14.png,1,genuine_genuine,43,43
D:\GitHub\Do_an_tot_nghiep\data\processed\full_org\original_46_20.png,D:\GitHub\Do_an_tot_nghiep\data\processed\full_forg\forgeries_46_3.png,0,skilled_forgery,46,46
D:\GitHub\Do_an_tot_nghiep\data\processed\full_org\original_30_23.png,D:\GitHub\Do_an_tot_nghiep\data\processed\full_org\original_16_14.png,0,random_forgery,30,16
D:\GitHub\Do_an_tot_nghiep\data\processed\full_org\original_43_1.png,D:\GitHub\Do_an_tot_nghiep\data\processed\full_forg\forgeries_43_12.png,0,skilled_forgery,43,43
D:\GitHub\Do_an_tot_nghiep\data\processed\full_org\original_37_1.png,D:\GitHub\Do_an_tot_nghiep\data\processed\full_forg\forgeries_37_23.png,0,skilled_forgery,37,37
D:\GitHub\Do_an_tot_nghiep\data\processed\full_org\original_30_19.png,D:\GitHub\Do_an_tot_nghiep\data\processed\full_forg\forgeries_30_2.png,0,skilled_forgery,30,30
D:\GitHub\Do_an_tot_nghiep\data\processed\full_org\original_28_6.png,D:\GitHub\Do_an_tot_nghiep\data\processed\full_forg\forgeries_28_14.png,0,skilled_forgery,28,28
D:\GitHub\Do_an_tot_nghiep\data\processed\full_org\original_22_17.png,D:\GitHub\Do_an_tot_nghiep\data\processed\full_org\original_22_8.png,1,genuine_genuine,22,22
D:\GitHub\Do_an_tot_nghiep\data\processed\full_org\original_25_14.png,D:\GitHub\Do_an_tot_nghiep\data\processed\full_forg\forgeries_25_9.png,0,skilled_forgery,25,25
D:\GitHub\Do_an_tot_nghiep\data\processed\full_org\original_38_20.png,D:\GitHub\Do_an_tot_nghiep\data\processed\full_forg\forgeries_38_12.png,0,skilled_forgery,38,38
D:\GitHub\Do_an_tot_nghiep\data\processed\full_org\original_11_16.png,D:\GitHub\Do_an_tot_nghiep\data\processed\full_org\original_11_24.png,1,genuine_genuine,11,11
D:\GitHub\Do_an_tot_nghiep\data\processed\full_org\original_43_17.png,D:\GitHub\Do_an_tot_nghiep\data\processed\full_org\original_43_18.png,1,genuine_genuine,43,43
D:\GitHub\Do_an_tot_nghiep\data\processed\full_org\original_24_4.png,D:\GitHub\Do_an_tot_nghiep\data\processed\full_org\original_49_11.png,0,random_forgery,24,49
D:\GitHub\Do_an_tot_nghiep\data\processed\full_org\original_3_11.png,D:\GitHub\Do_an_tot_nghiep\data\processed\full_org\original_3_21.png,1,genuine_genuine,3,3
D:\GitHub\Do_an_tot_nghiep\data\processed\full_org\original_36_9.png,D:\GitHub\Do_an_tot_nghiep\data\processed\full_forg\forgeries_36_10.png,0,skilled_forgery,36,36
D:\GitHub\Do_an_tot_nghiep\data\processed\full_org\original_40_6.png,D:\GitHub\Do_an_tot_nghiep\data\processed\full_forg\forgeries_40_11.png,0,skilled_forgery,40,40
D:\GitHub\Do_an_tot_nghiep\data\processed\full_org\original_19_2.png,D:\GitHub\Do_an_tot_nghiep\data\processed\full_forg\forgeries_19_7.png,0,skilled_forgery,19,19
D:\GitHub\Do_an_tot_nghiep\data\processed\full_org\original_45_5.png,D:\GitHub\Do_an_tot_nghiep\data\processed\full_forg\forgeries_45_15.png,0,skilled_forgery,45,45
D:\GitHub\Do_an_tot_nghiep\data\processed\full_org\original_4_1.png,D:\GitHub\Do_an_tot_nghiep\data\processed\full_org\original_4_16.png,1,genuine_genuine,4,4
D:\GitHub\Do_an_tot_nghiep\data\processed\full_org\original_1_1.png,D:\GitHub\Do_an_tot_nghiep\data\processed\full_forg\forgeries_1_16.png,0,skilled_forgery,1,1
D:\GitHub\Do_an_tot_nghiep\data\processed\full_org\original_49_20.png,D:\GitHub\Do_an_tot_nghiep\data\processed\full_forg\forgeries_49_11.png,0,skilled_forgery,49,49
D:\GitHub\Do_an_tot_nghiep\data\processed\full_org\original_31_3.png,D:\GitHub\Do_an_tot_nghiep\data\processed\full_forg\forgeries_31_8.png,0,skilled_forgery,31,31
D:\GitHub\Do_an_tot_nghiep\data\processed\full_org\original_34_8.png,D:\GitHub\Do_an_tot_nghiep\data\processed\full_org\original_38_17.png,0,random_forgery,34,38
D:\GitHub\Do_an_tot_nghiep\data\processed\full_org\original_10_14.png,D:\GitHub\Do_an_tot_nghiep\data\processed\full_org\original_10_2.png,1,genuine_genuine,10,10
D:\GitHub\Do_an_tot_nghiep\data\processed\full_org\original_3_14.png,D:\GitHub\Do_an_tot_nghiep\data\processed\full_org\original_3_20.png,1,genuine_genuine,3,3
D:\GitHub\Do_an_tot_nghiep\data\processed\full_org\original_34_13.png,D:\GitHub\Do_an_tot_nghiep\data\processed\full_org\original_34_16.png,1,genuine_genuine,34,34
D:\GitHub\Do_an_tot_nghiep\data\processed\full_org\original_21_14.png,D:\GitHub\Do_an_tot_nghiep\data\processed\full_forg\forgeries_21_12.png,0,skilled_forgery,21,21
D:\GitHub\Do_an_tot_nghiep\data\processed\full_org\original_45_3.png,D:\GitHub\Do_an_tot_nghiep\data\processed\full_org\original_30_20.png,0,random_forgery,45,30
D:\GitHub\Do_an_tot_nghiep\data\processed\full_org\original_30_22.png,D:\GitHub\Do_an_tot_nghiep\data\processed\full_forg\forgeries_30_5.png,0,skilled_forgery,30,30
D:\GitHub\Do_an_tot_nghiep\data\processed\full_org\original_45_21.png,D:\GitHub\Do_an_tot_nghiep\data\processed\full_forg\forgeries_45_3.png,0,skilled_forgery,45,45
D:\GitHub\Do_an_tot_nghiep\data\processed\full_org\original_43_1.png,D:\GitHub\Do_an_tot_nghiep\data\processed\full_org\original_43_11.png,1,genuine_genuine,43,43
D:\GitHub\Do_an_tot_nghiep\data\processed\full_org\original_31_22.png,D:\GitHub\Do_an_tot_nghiep\data\processed\full_forg\forgeries_31_23.png,0,skilled_forgery,31,31
D:\GitHub\Do_an_tot_nghiep\data\processed\full_org\original_7_21.png,D:\GitHub\Do_an_tot_nghiep\data\processed\full_org\original_34_17.png,0,random_forgery,7,34
D:\GitHub\Do_an_tot_nghiep\data\processed\full_org\original_26_14.png,D:\GitHub\Do_an_tot_nghiep\data\processed\full_forg\forgeries_26_15.png,0,skilled_forgery,26,26
D:\GitHub\Do_an_tot_nghiep\data\processed\full_org\original_49_14.png,D:\GitHub\Do_an_tot_nghiep\data\processed\full_org\original_49_4.png,1,genuine_genuine,49,49
D:\GitHub\Do_an_tot_nghiep\data\processed\full_org\original_40_13.png,D:\GitHub\Do_an_tot_nghiep\data\processed\full_forg\forgeries_40_17.png,0,skilled_forgery,40,40
D:\GitHub\Do_an_tot_nghiep\data\processed\full_org\original_45_13.png,D:\GitHub\Do_an_tot_nghiep\data\processed\full_org\original_45_3.png,1,genuine_genuine,45,45
D:\GitHub\Do_an_tot_nghiep\data\processed\full_org\original_28_22.png,D:\GitHub\Do_an_tot_nghiep\data\processed\full_forg\forgeries_28_17.png,0,skilled_forgery,28,28
D:\GitHub\Do_an_tot_nghiep\data\processed\full_org\original_38_13.png,D:\GitHub\Do_an_tot_nghiep\data\processed\full_org\original_38_9.png,1,genuine_genuine,38,38
D:\GitHub\Do_an_tot_nghiep\data\processed\full_org\original_17_14.png,D:\GitHub\Do_an_tot_nghiep\data\processed\full_org\original_17_2.png,1,genuine_genuine,17,17
D:\GitHub\Do_an_tot_nghiep\data\processed\full_org\original_26_15.png,D:\GitHub\Do_an_tot_nghiep\data\processed\full_forg\forgeries_26_8.png,0,skilled_forgery,26,26
D:\GitHub\Do_an_tot_nghiep\data\processed\full_org\original_18_22.png,D:\GitHub\Do_an_tot_nghiep\data\processed\full_org\original_18_6.png,1,genuine_genuine,18,18
D:\GitHub\Do_an_tot_nghiep\data\processed\full_org\original_18_17.png,D:\GitHub\Do_an_tot_nghiep\data\processed\full_org\original_18_21.png,1,genuine_genuine,18,18
D:\GitHub\Do_an_tot_nghiep\data\processed\full_org\original_16_9.png,D:\GitHub\Do_an_tot_nghiep\data\processed\full_org\original_25_8.png,0,random_forgery,16,25
D:\GitHub\Do_an_tot_nghiep\data\processed\full_org\original_22_21.png,D:\GitHub\Do_an_tot_nghiep\data\processed\full_org\original_22_6.png,1,genuine_genuine,22,22
D:\GitHub\Do_an_tot_nghiep\data\processed\full_org\original_51_14.png,D:\GitHub\Do_an_tot_nghiep\data\processed\full_org\original_51_24.png,1,genuine_genuine,51,51
D:\GitHub\Do_an_tot_nghiep\data\processed\full_org\original_5_8.png,D:\GitHub\Do_an_tot_nghiep\data\processed\full_forg\forgeries_5_3.png,0,skilled_forgery,5,5
D:\GitHub\Do_an_tot_nghiep\data\processed\full_org\original_34_1.png,D:\GitHub\Do_an_tot_nghiep\data\processed\full_org\original_34_17.png,1,genuine_genuine,34,34
D:\GitHub\Do_an_tot_nghiep\data\processed\full_org\original_1_14.png,D:\GitHub\Do_an_tot_nghiep\data\processed\full_org\original_1_19.png,1,genuine_genuine,1,1
D:\GitHub\Do_an_tot_nghiep\data\processed\full_org\original_7_21.png,D:\GitHub\Do_an_tot_nghiep\data\processed\full_forg\forgeries_7_8.png,0,skilled_forgery,7,7
D:\GitHub\Do_an_tot_nghiep\data\processed\full_org\original_10_11.png,D:\GitHub\Do_an_tot_nghiep\data\processed\full_org\original_10_6.png,1,genuine_genuine,10,10
D:\GitHub\Do_an_tot_nghiep\data\processed\full_org\original_12_14.png,D:\GitHub\Do_an_tot_nghiep\data\processed\full_org\original_12_18.png,1,genuine_genuine,12,12
D:\GitHub\Do_an_tot_nghiep\data\processed\full_org\original_1_6.png,D:\GitHub\Do_an_tot_nghiep\data\processed\full_forg\forgeries_1_19.png,0,skilled_forgery,1,1
D:\GitHub\Do_an_tot_nghiep\data\processed\full_org\original_11_10.png,D:\GitHub\Do_an_tot_nghiep\data\processed\full_org\original_11_17.png,1,genuine_genuine,11,11
D:\GitHub\Do_an_tot_nghiep\data\processed\full_org\original_5_14.png,D:\GitHub\Do_an_tot_nghiep\data\processed\full_org\original_5_23.png,1,genuine_genuine,5,5
D:\GitHub\Do_an_tot_nghiep\data\processed\full_org\original_47_15.png,D:\GitHub\Do_an_tot_nghiep\data\processed\full_forg\forgeries_47_23.png,0,skilled_forgery,47,47
D:\GitHub\Do_an_tot_nghiep\data\processed\full_org\original_21_22.png,D:\GitHub\Do_an_tot_nghiep\data\processed\full_forg\forgeries_21_1.png,0,skilled_forgery,21,21
D:\GitHub\Do_an_tot_nghiep\data\processed\full_org\original_47_18.png,D:\GitHub\Do_an_tot_nghiep\data\processed\full_forg\forgeries_47_10.png,0,skilled_forgery,47,47
D:\GitHub\Do_an_tot_nghiep\data\processed\full_org\original_11_17.png,D:\GitHub\Do_an_tot_nghiep\data\processed\full_org\original_11_2.png,1,genuine_genuine,11,11
D:\GitHub\Do_an_tot_nghiep\data\processed\full_org\original_31_8.png,D:\GitHub\Do_an_tot_nghiep\data\processed\full_forg\forgeries_31_14.png,0,skilled_forgery,31,31
D:\GitHub\Do_an_tot_nghiep\data\processed\full_org\original_21_13.png,D:\GitHub\Do_an_tot_nghiep\data\processed\full_org\original_49_8.png,0,random_forgery,21,49
D:\GitHub\Do_an_tot_nghiep\data\processed\full_org\original_18_13.png,D:\GitHub\Do_an_tot_nghiep\data\processed\full_forg\forgeries_18_21.png,0,skilled_forgery,18,18
D:\GitHub\Do_an_tot_nghiep\data\processed\full_org\original_5_13.png,D:\GitHub\Do_an_tot_nghiep\data\processed\full_org\original_5_23.png,1,genuine_genuine,5,5
D:\GitHub\Do_an_tot_nghiep\data\processed\full_org\original_1_5.png,D:\GitHub\Do_an_tot_nghiep\data\processed\full_forg\forgeries_1_16.png,0,skilled_forgery,1,1
D:\GitHub\Do_an_tot_nghiep\data\processed\full_org\original_3_14.png,D:\GitHub\Do_an_tot_nghiep\data\processed\full_org\original_3_24.png,1,genuine_genuine,3,3
D:\GitHub\Do_an_tot_nghiep\data\processed\full_org\original_37_19.png,D:\GitHub\Do_an_tot_nghiep\data\processed\full_org\original_26_22.png,0,random_forgery,37,26
D:\GitHub\Do_an_tot_nghiep\data\processed\full_org\original_18_1.png,D:\GitHub\Do_an_tot_nghiep\data\processed\full_forg\forgeries_18_7.png,0,skilled_forgery,18,18
D:\GitHub\Do_an_tot_nghiep\data\processed\full_org\original_36_7.png,D:\GitHub\Do_an_tot_nghiep\data\processed\full_org\original_4_5.png,0,random_forgery,36,4
D:\GitHub\Do_an_tot_nghiep\data\processed\full_org\original_36_4.png,D:\GitHub\Do_an_tot_nghiep\data\processed\full_forg\forgeries_36_8.png,0,skilled_forgery,36,36
D:\GitHub\Do_an_tot_nghiep\data\processed\full_org\original_19_5.png,D:\GitHub\Do_an_tot_nghiep\data\processed\full_forg\forgeries_19_6.png,0,skilled_forgery,19,19
D:\GitHub\Do_an_tot_nghiep\data\processed\full_org\original_43_11.png,D:\GitHub\Do_an_tot_nghiep\data\processed\full_org\original_7_2.png,0,random_forgery,43,7
D:\GitHub\Do_an_tot_nghiep\data\processed\full_org\original_36_14.png,D:\GitHub\Do_an_tot_nghiep\data\processed\full_org\original_1_11.png,0,random_forgery,36,1
D:\GitHub\Do_an_tot_nghiep\data\processed\full_org\original_29_21.png,D:\GitHub\Do_an_tot_nghiep\data\processed\full_org\original_29_4.png,1,genuine_genuine,29,29
D:\GitHub\Do_an_tot_nghiep\data\processed\full_org\original_28_20.png,D:\GitHub\Do_an_tot_nghiep\data\processed\full_forg\forgeries_28_4.png,0,skilled_forgery,28,28
D:\GitHub\Do_an_tot_nghiep\data\processed\full_org\original_19_12.png,D:\GitHub\Do_an_tot_nghiep\data\processed\full_org\original_19_16.png,1,genuine_genuine,19,19
D:\GitHub\Do_an_tot_nghiep\data\processed\full_org\original_30_15.png,D:\GitHub\Do_an_tot_nghiep\data\processed\full_forg\forgeries_30_14.png,0,skilled_forgery,30,30
D:\GitHub\Do_an_tot_nghiep\data\processed\full_org\original_40_14.png,D:\GitHub\Do_an_tot_nghiep\data\processed\full_forg\forgeries_40_21.png,0,skilled_forgery,40,40
D:\GitHub\Do_an_tot_nghiep\data\processed\full_org\original_51_10.png,D:\GitHub\Do_an_tot_nghiep\data\processed\full_org\original_51_2.png,1,genuine_genuine,51,51
D:\GitHub\Do_an_tot_nghiep\data\processed\full_org\original_10_22.png,D:\GitHub\Do_an_tot_nghiep\data\processed\full_org\original_10_7.png,1,genuine_genuine,10,10
D:\GitHub\Do_an_tot_nghiep\data\processed\full_org\original_36_10.png,D:\GitHub\Do_an_tot_nghiep\data\processed\full_org\original_55_5.png,0,random_forgery,36,55
D:\GitHub\Do_an_tot_nghiep\data\processed\full_org\original_24_18.png,D:\GitHub\Do_an_tot_nghiep\data\processed\full_org\original_24_2.png,1,genuine_genuine,24,24
D:\GitHub\Do_an_tot_nghiep\data\processed\full_org\original_39_8.png,D:\GitHub\Do_an_tot_nghiep\data\processed\full_org\original_5_8.png,0,random_forgery,39,5
D:\GitHub\Do_an_tot_nghiep\data\processed\full_org\original_47_13.png,D:\GitHub\Do_an_tot_nghiep\data\processed\full_forg\forgeries_47_5.png,0,skilled_forgery,47,47
D:\GitHub\Do_an_tot_nghiep\data\processed\full_org\original_11_11.png,D:\GitHub\Do_an_tot_nghiep\data\processed\full_org\original_11_16.png,1,genuine_genuine,11,11
D:\GitHub\Do_an_tot_nghiep\data\processed\full_org\original_24_16.png,D:\GitHub\Do_an_tot_nghiep\data\processed\full_org\original_5_16.png,0,random_forgery,24,5
D:\GitHub\Do_an_tot_nghiep\data\processed\full_org\original_43_1.png,D:\GitHub\Do_an_tot_nghiep\data\processed\full_org\original_43_3.png,1,genuine_genuine,43,43
D:\GitHub\Do_an_tot_nghiep\data\processed\full_org\original_1_18.png,D:\GitHub\Do_an_tot_nghiep\data\processed\full_forg\forgeries_1_5.png,0,skilled_forgery,1,1
D:\GitHub\Do_an_tot_nghiep\data\processed\full_org\original_51_20.png,D:\GitHub\Do_an_tot_nghiep\data\processed\full_org\original_51_4.png,1,genuine_genuine,51,51
D:\GitHub\Do_an_tot_nghiep\data\processed\full_org\original_11_10.png,D:\GitHub\Do_an_tot_nghiep\data\processed\full_forg\forgeries_11_17.png,0,skilled_forgery,11,11
D:\GitHub\Do_an_tot_nghiep\data\processed\full_org\original_1_17.png,D:\GitHub\Do_an_tot_nghiep\data\processed\full_org\original_3_3.png,0,random_forgery,1,3
D:\GitHub\Do_an_tot_nghiep\data\processed\full_org\original_11_13.png,D:\GitHub\Do_an_tot_nghiep\data\processed\full_forg\forgeries_11_12.png,0,skilled_forgery,11,11
D:\GitHub\Do_an_tot_nghiep\data\processed\full_org\original_29_14.png,D:\GitHub\Do_an_tot_nghiep\data\processed\full_org\original_19_5.png,0,random_forgery,29,19
D:\GitHub\Do_an_tot_nghiep\data\processed\full_org\original_4_3.png,D:\GitHub\Do_an_tot_nghiep\data\processed\full_org\original_43_6.png,0,random_forgery,4,43
D:\GitHub\Do_an_tot_nghiep\data\processed\full_org\original_28_15.png,D:\GitHub\Do_an_tot_nghiep\data\processed\full_org\original_28_16.png,1,genuine_genuine,28,28
D:\GitHub\Do_an_tot_nghiep\data\processed\full_org\original_5_13.png,D:\GitHub\Do_an_tot_nghiep\data\processed\full_forg\forgeries_5_1.png,0,skilled_forgery,5,5
D:\GitHub\Do_an_tot_nghiep\data\processed\full_org\original_16_11.png,D:\GitHub\Do_an_tot_nghiep\data\processed\full_org\original_43_2.png,0,random_forgery,16,43
D:\GitHub\Do_an_tot_nghiep\data\processed\full_org\original_30_10.png,D:\GitHub\Do_an_tot_nghiep\data\processed\full_org\original_30_23.png,1,genuine_genuine,30,30
D:\GitHub\Do_an_tot_nghiep\data\processed\full_org\original_30_2.png,D:\GitHub\Do_an_tot_nghiep\data\processed\full_org\original_45_21.png,0,random_forgery,30,45
D:\GitHub\Do_an_tot_nghiep\data\processed\full_org\original_40_17.png,D:\GitHub\Do_an_tot_nghiep\data\processed\full_org\original_5_22.png,0,random_forgery,40,5
D:\GitHub\Do_an_tot_nghiep\data\processed\full_org\original_12_8.png,D:\GitHub\Do_an_tot_nghiep\data\processed\full_forg\forgeries_12_9.png,0,skilled_forgery,12,12
D:\GitHub\Do_an_tot_nghiep\data\processed\full_org\original_34_23.png,D:\GitHub\Do_an_tot_nghiep\data\processed\full_forg\forgeries_34_22.png,0,skilled_forgery,34,34
D:\GitHub\Do_an_tot_nghiep\data\processed\full_org\original_47_21.png,D:\GitHub\Do_an_tot_nghiep\data\processed\full_forg\forgeries_47_16.png,0,skilled_forgery,47,47
D:\GitHub\Do_an_tot_nghiep\data\processed\full_org\original_1_23.png,D:\GitHub\Do_an_tot_nghiep\data\processed\full_forg\forgeries_1_15.png,0,skilled_forgery,1,1
D:\GitHub\Do_an_tot_nghiep\data\processed\full_org\original_34_13.png,D:\GitHub\Do_an_tot_nghiep\data\processed\full_forg\forgeries_34_5.png,0,skilled_forgery,34,34
D:\GitHub\Do_an_tot_nghiep\data\processed\full_org\original_4_23.png,D:\GitHub\Do_an_tot_nghiep\data\processed\full_org\original_4_8.png,1,genuine_genuine,4,4
D:\GitHub\Do_an_tot_nghiep\data\processed\full_org\original_24_19.png,D:\GitHub\Do_an_tot_nghiep\data\processed\full_forg\forgeries_24_2.png,0,skilled_forgery,24,24
D:\GitHub\Do_an_tot_nghiep\data\processed\full_org\original_34_14.png,D:\GitHub\Do_an_tot_nghiep\data\processed\full_org\original_34_4.png,1,genuine_genuine,34,34
D:\GitHub\Do_an_tot_nghiep\data\processed\full_org\original_39_24.png,D:\GitHub\Do_an_tot_nghiep\data\processed\full_org\original_18_15.png,0,random_forgery,39,18
D:\GitHub\Do_an_tot_nghiep\data\processed\full_org\original_1_23.png,D:\GitHub\Do_an_tot_nghiep\data\processed\full_forg\forgeries_1_1.png,0,skilled_forgery,1,1
D:\GitHub\Do_an_tot_nghiep\data\processed\full_org\original_29_11.png,D:\GitHub\Do_an_tot_nghiep\data\processed\full_forg\forgeries_29_13.png,0,skilled_forgery,29,29
D:\GitHub\Do_an_tot_nghiep\data\processed\full_org\original_43_24.png,D:\GitHub\Do_an_tot_nghiep\data\processed\full_forg\forgeries_43_17.png,0,skilled_forgery,43,43
D:\GitHub\Do_an_tot_nghiep\data\processed\full_org\original_36_18.png,D:\GitHub\Do_an_tot_nghiep\data\processed\full_org\original_36_6.png,1,genuine_genuine,36,36
D:\GitHub\Do_an_tot_nghiep\data\processed\full_org\original_3_7.png,D:\GitHub\Do_an_tot_nghiep\data\processed\full_org\original_3_8.png,1,genuine_genuine,3,3
D:\GitHub\Do_an_tot_nghiep\data\processed\full_org\original_12_22.png,D:\GitHub\Do_an_tot_nghiep\data\processed\full_org\original_31_17.png,0,random_forgery,12,31
D:\GitHub\Do_an_tot_nghiep\data\processed\full_org\original_34_15.png,D:\GitHub\Do_an_tot_nghiep\data\processed\full_org\original_47_8.png,0,random_forgery,34,47
D:\GitHub\Do_an_tot_nghiep\data\processed\full_org\original_34_13.png,D:\GitHub\Do_an_tot_nghiep\data\processed\full_org\original_34_20.png,1,genuine_genuine,34,34
D:\GitHub\Do_an_tot_nghiep\data\processed\full_org\original_12_2.png,D:\GitHub\Do_an_tot_nghiep\data\processed\full_forg\forgeries_12_23.png,0,skilled_forgery,12,12
D:\GitHub\Do_an_tot_nghiep\data\processed\full_org\original_10_13.png,D:\GitHub\Do_an_tot_nghiep\data\processed\full_forg\forgeries_10_20.png,0,skilled_forgery,10,10
D:\GitHub\Do_an_tot_nghiep\data\processed\full_org\original_18_16.png,D:\GitHub\Do_an_tot_nghiep\data\processed\full_org\original_18_9.png,1,genuine_genuine,18,18
D:\GitHub\Do_an_tot_nghiep\data\processed\full_org\original_40_11.png,D:\GitHub\Do_an_tot_nghiep\data\processed\full_forg\forgeries_40_6.png,0,skilled_forgery,40,40
D:\GitHub\Do_an_tot_nghiep\data\processed\full_org\original_3_8.png,D:\GitHub\Do_an_tot_nghiep\data\processed\full_forg\forgeries_3_17.png,0,skilled_forgery,3,3
D:\GitHub\Do_an_tot_nghiep\data\processed\full_org\original_4_9.png,D:\GitHub\Do_an_tot_nghiep\data\processed\full_forg\forgeries_4_9.png,0,skilled_forgery,4,4
D:\GitHub\Do_an_tot_nghiep\data\processed\full_org\original_22_16.png,D:\GitHub\Do_an_tot_nghiep\data\processed\full_org\original_22_22.png,1,genuine_genuine,22,22
D:\GitHub\Do_an_tot_nghiep\data\processed\full_org\original_31_11.png,D:\GitHub\Do_an_tot_nghiep\data\processed\full_org\original_31_2.png,1,genuine_genuine,31,31
D:\GitHub\Do_an_tot_nghiep\data\processed\full_org\original_7_7.png,D:\GitHub\Do_an_tot_nghiep\data\processed\full_forg\forgeries_7_7.png,0,skilled_forgery,7,7
D:\GitHub\Do_an_tot_nghiep\data\processed\full_org\original_38_4.png,D:\GitHub\Do_an_tot_nghiep\data\processed\full_org\original_37_5.png,0,random_forgery,38,37
D:\GitHub\Do_an_tot_nghiep\data\processed\full_org\original_22_24.png,D:\GitHub\Do_an_tot_nghiep\data\processed\full_forg\forgeries_22_17.png,0,skilled_forgery,22,22
D:\GitHub\Do_an_tot_nghiep\data\processed\full_org\original_34_21.png,D:\GitHub\Do_an_tot_nghiep\data\processed\full_forg\forgeries_34_9.png,0,skilled_forgery,34,34
D:\GitHub\Do_an_tot_nghiep\data\processed\full_org\original_22_11.png,D:\GitHub\Do_an_tot_nghiep\data\processed\full_org\original_22_13.png,1,genuine_genuine,22,22
D:\GitHub\Do_an_tot_nghiep\data\processed\full_org\original_53_19.png,D:\GitHub\Do_an_tot_nghiep\data\processed\full_org\original_29_6.png,0,random_forgery,53,29
D:\GitHub\Do_an_tot_nghiep\data\processed\full_org\original_34_11.png,D:\GitHub\Do_an_tot_nghiep\data\processed\full_forg\forgeries_34_7.png,0,skilled_forgery,34,34
D:\GitHub\Do_an_tot_nghiep\data\processed\full_org\original_7_17.png,D:\GitHub\Do_an_tot_nghiep\data\processed\full_org\original_7_24.png,1,genuine_genuine,7,7
D:\GitHub\Do_an_tot_nghiep\data\processed\full_org\original_34_12.png,D:\GitHub\Do_an_tot_nghiep\data\processed\full_org\original_34_18.png,1,genuine_genuine,34,34
D:\GitHub\Do_an_tot_nghiep\data\processed\full_org\original_10_24.png,D:\GitHub\Do_an_tot_nghiep\data\processed\full_forg\forgeries_10_17.png,0,skilled_forgery,10,10
D:\GitHub\Do_an_tot_nghiep\data\processed\full_org\original_43_7.png,D:\GitHub\Do_an_tot_nghiep\data\processed\full_org\original_36_20.png,0,random_forgery,43,36
D:\GitHub\Do_an_tot_nghiep\data\processed\full_org\original_49_6.png,D:\GitHub\Do_an_tot_nghiep\data\processed\full_org\original_11_23.png,0,random_forgery,49,11
D:\GitHub\Do_an_tot_nghiep\data\processed\full_org\original_38_5.png,D:\GitHub\Do_an_tot_nghiep\data\processed\full_forg\forgeries_38_8.png,0,skilled_forgery,38,38
D:\GitHub\Do_an_tot_nghiep\data\processed\full_org\original_29_3.png,D:\GitHub\Do_an_tot_nghiep\data\processed\full_forg\forgeries_29_13.png,0,skilled_forgery,29,29
D:\GitHub\Do_an_tot_nghiep\data\processed\full_org\original_12_20.png,D:\GitHub\Do_an_tot_nghiep\data\processed\full_forg\forgeries_12_2.png,0,skilled_forgery,12,12
D:\GitHub\Do_an_tot_nghiep\data\processed\full_org\original_5_11.png,D:\GitHub\Do_an_tot_nghiep\data\processed\full_org\original_40_22.png,0,random_forgery,5,40
D:\GitHub\Do_an_tot_nghiep\data\processed\full_org\original_4_15.png,D:\GitHub\Do_an_tot_nghiep\data\processed\full_org\original_4_7.png,1,genuine_genuine,4,4
D:\GitHub\Do_an_tot_nghiep\data\processed\full_org\original_47_22.png,D:\GitHub\Do_an_tot_nghiep\data\processed\full_org\original_47_23.png,1,genuine_genuine,47,47
D:\GitHub\Do_an_tot_nghiep\data\processed\full_org\original_30_4.png,D:\GitHub\Do_an_tot_nghiep\data\processed\full_org\original_1_14.png,0,random_forgery,30,1
D:\GitHub\Do_an_tot_nghiep\data\processed\full_org\original_4_14.png,D:\GitHub\Do_an_tot_nghiep\data\processed\full_forg\forgeries_4_10.png,0,skilled_forgery,4,4
D:\GitHub\Do_an_tot_nghiep\data\processed\full_org\original_12_18.png,D:\GitHub\Do_an_tot_nghiep\data\processed\full_forg\forgeries_12_21.png,0,skilled_forgery,12,12
D:\GitHub\Do_an_tot_nghiep\data\processed\full_org\original_34_16.png,D:\GitHub\Do_an_tot_nghiep\data\processed\full_forg\forgeries_34_4.png,0,skilled_forgery,34,34
D:\GitHub\Do_an_tot_nghiep\data\processed\full_org\original_7_20.png,D:\GitHub\Do_an_tot_nghiep\data\processed\full_org\original_7_5.png,1,genuine_genuine,7,7
D:\GitHub\Do_an_tot_nghiep\data\processed\full_org\original_11_6.png,D:\GitHub\Do_an_tot_nghiep\data\processed\full_forg\forgeries_11_1.png,0,skilled_forgery,11,11
D:\GitHub\Do_an_tot_nghiep\data\processed\full_org\original_4_19.png,D:\GitHub\Do_an_tot_nghiep\data\processed\full_forg\forgeries_4_21.png,0,skilled_forgery,4,4
D:\GitHub\Do_an_tot_nghiep\data\processed\full_org\original_36_16.png,D:\GitHub\Do_an_tot_nghiep\data\processed\full_org\original_36_19.png,1,genuine_genuine,36,36
D:\GitHub\Do_an_tot_nghiep\data\processed\full_org\original_25_16.png,D:\GitHub\Do_an_tot_nghiep\data\processed\full_forg\forgeries_25_21.png,0,skilled_forgery,25,25
D:\GitHub\Do_an_tot_nghiep\data\processed\full_org\original_34_15.png,D:\GitHub\Do_an_tot_nghiep\data\processed\full_forg\forgeries_34_4.png,0,skilled_forgery,34,34
D:\GitHub\Do_an_tot_nghiep\data\processed\full_org\original_31_24.png,D:\GitHub\Do_an_tot_nghiep\data\processed\full_org\original_38_9.png,0,random_forgery,31,38
D:\GitHub\Do_an_tot_nghiep\data\processed\full_org\original_47_24.png,D:\GitHub\Do_an_tot_nghiep\data\processed\full_forg\forgeries_47_6.png,0,skilled_forgery,47,47
D:\GitHub\Do_an_tot_nghiep\data\processed\full_org\original_46_24.png,D:\GitHub\Do_an_tot_nghiep\data\processed\full_org\original_47_15.png,0,random_forgery,46,47
D:\GitHub\Do_an_tot_nghiep\data\processed\full_org\original_49_1.png,D:\GitHub\Do_an_tot_nghiep\data\processed\full_org\original_17_3.png,0,random_forgery,49,17
D:\GitHub\Do_an_tot_nghiep\data\processed\full_org\original_7_20.png,D:\GitHub\Do_an_tot_nghiep\data\processed\full_forg\forgeries_7_7.png,0,skilled_forgery,7,7
D:\GitHub\Do_an_tot_nghiep\data\processed\full_org\original_24_10.png,D:\GitHub\Do_an_tot_nghiep\data\processed\full_forg\forgeries_24_7.png,0,skilled_forgery,24,24
D:\GitHub\Do_an_tot_nghiep\data\processed\full_org\original_12_19.png,D:\GitHub\Do_an_tot_nghiep\data\processed\full_org\original_12_2.png,1,genuine_genuine,12,12
D:\GitHub\Do_an_tot_nghiep\data\processed\full_org\original_43_18.png,D:\GitHub\Do_an_tot_nghiep\data\processed\full_org\original_26_21.png,0,random_forgery,43,26
D:\GitHub\Do_an_tot_nghiep\data\processed\full_org\original_47_13.png,D:\GitHub\Do_an_tot_nghiep\data\processed\full_forg\forgeries_47_21.png,0,skilled_forgery,47,47
D:\GitHub\Do_an_tot_nghiep\data\processed\full_org\original_31_8.png,D:\GitHub\Do_an_tot_nghiep\data\processed\full_forg\forgeries_31_11.png,0,skilled_forgery,31,31
D:\GitHub\Do_an_tot_nghiep\data\processed\full_org\original_30_13.png,D:\GitHub\Do_an_tot_nghiep\data\processed\full_org\original_30_7.png,1,genuine_genuine,30,30
D:\GitHub\Do_an_tot_nghiep\data\processed\full_org\original_46_19.png,D:\GitHub\Do_an_tot_nghiep\data\processed\full_org\original_46_8.png,1,genuine_genuine,46,46
D:\GitHub\Do_an_tot_nghiep\data\processed\full_org\original_19_13.png,D:\GitHub\Do_an_tot_nghiep\data\processed\full_forg\forgeries_19_11.png,0,skilled_forgery,19,19
D:\GitHub\Do_an_tot_nghiep\data\processed\full_org\original_1_7.png,D:\GitHub\Do_an_tot_nghiep\data\processed\full_org\original_30_12.png,0,random_forgery,1,30
D:\GitHub\Do_an_tot_nghiep\data\processed\full_org\original_45_15.png,D:\GitHub\Do_an_tot_nghiep\data\processed\full_org\original_45_7.png,1,genuine_genuine,45,45
D:\GitHub\Do_an_tot_nghiep\data\processed\full_org\original_24_15.png,D:\GitHub\Do_an_tot_nghiep\data\processed\full_forg\forgeries_24_10.png,0,skilled_forgery,24,24
D:\GitHub\Do_an_tot_nghiep\data\processed\full_org\original_29_17.png,D:\GitHub\Do_an_tot_nghiep\data\processed\full_org\original_39_2.png,0,random_forgery,29,39
D:\GitHub\Do_an_tot_nghiep\data\processed\full_org\original_26_16.png,D:\GitHub\Do_an_tot_nghiep\data\processed\full_forg\forgeries_26_8.png,0,skilled_forgery,26,26
D:\GitHub\Do_an_tot_nghiep\data\processed\full_org\original_31_11.png,D:\GitHub\Do_an_tot_nghiep\data\processed\full_org\original_31_12.png,1,genuine_genuine,31,31
D:\GitHub\Do_an_tot_nghiep\data\processed\full_org\original_7_12.png,D:\GitHub\Do_an_tot_nghiep\data\processed\full_forg\forgeries_7_14.png,0,skilled_forgery,7,7
D:\GitHub\Do_an_tot_nghiep\data\processed\full_org\original_10_14.png,D:\GitHub\Do_an_tot_nghiep\data\processed\full_org\original_10_17.png,1,genuine_genuine,10,10
D:\GitHub\Do_an_tot_nghiep\data\processed\full_org\original_7_14.png,D:\GitHub\Do_an_tot_nghiep\data\processed\full_org\original_7_17.png,1,genuine_genuine,7,7
D:\GitHub\Do_an_tot_nghiep\data\processed\full_org\original_5_10.png,D:\GitHub\Do_an_tot_nghiep\data\processed\full_org\original_36_2.png,0,random_forgery,5,36
D:\GitHub\Do_an_tot_nghiep\data\processed\full_org\original_45_15.png,D:\GitHub\Do_an_tot_nghiep\data\processed\full_org\original_45_19.png,1,genuine_genuine,45,45
D:\GitHub\Do_an_tot_nghiep\data\processed\full_org\original_34_19.png,D:\GitHub\Do_an_tot_nghiep\data\processed\full_forg\forgeries_34_24.png,0,skilled_forgery,34,34
D:\GitHub\Do_an_tot_nghiep\data\processed\full_org\original_26_14.png,D:\GitHub\Do_an_tot_nghiep\data\processed\full_org\original_26_20.png,1,genuine_genuine,26,26
D:\GitHub\Do_an_tot_nghiep\data\processed\full_org\original_53_11.png,D:\GitHub\Do_an_tot_nghiep\data\processed\full_org\original_53_2.png,1,genuine_genuine,53,53
D:\GitHub\Do_an_tot_nghiep\data\processed\full_org\original_11_23.png,D:\GitHub\Do_an_tot_nghiep\data\processed\full_org\original_36_9.png,0,random_forgery,11,36
D:\GitHub\Do_an_tot_nghiep\data\processed\full_org\original_21_11.png,D:\GitHub\Do_an_tot_nghiep\data\processed\full_forg\forgeries_21_12.png,0,skilled_forgery,21,21
D:\GitHub\Do_an_tot_nghiep\data\processed\full_org\original_1_14.png,D:\GitHub\Do_an_tot_nghiep\data\processed\full_forg\forgeries_1_6.png,0,skilled_forgery,1,1
D:\GitHub\Do_an_tot_nghiep\data\processed\full_org\original_16_23.png,D:\GitHub\Do_an_tot_nghiep\data\processed\full_forg\forgeries_16_14.png,0,skilled_forgery,16,16
D:\GitHub\Do_an_tot_nghiep\data\processed\full_org\original_51_11.png,D:\GitHub\Do_an_tot_nghiep\data\processed\full_org\original_51_13.png,1,genuine_genuine,51,51
D:\GitHub\Do_an_tot_nghiep\data\processed\full_org\original_45_3.png,D:\GitHub\Do_an_tot_nghiep\data\processed\full_org\original_22_22.png,0,random_forgery,45,22
D:\GitHub\Do_an_tot_nghiep\data\processed\full_org\original_21_2.png,D:\GitHub\Do_an_tot_nghiep\data\processed\full_forg\forgeries_21_22.png,0,skilled_forgery,21,21
D:\GitHub\Do_an_tot_nghiep\data\processed\full_org\original_4_11.png,D:\GitHub\Do_an_tot_nghiep\data\processed\full_org\original_4_18.png,1,genuine_genuine,4,4
D:\GitHub\Do_an_tot_nghiep\data\processed\full_org\original_34_5.png,D:\GitHub\Do_an_tot_nghiep\data\processed\full_org\original_16_23.png,0,random_forgery,34,16
D:\GitHub\Do_an_tot_nghiep\data\processed\full_org\original_5_15.png,D:\GitHub\Do_an_tot_nghiep\data\processed\full_forg\forgeries_5_9.png,0,skilled_forgery,5,5
D:\GitHub\Do_an_tot_nghiep\data\processed\full_org\original_29_12.png,D:\GitHub\Do_an_tot_nghiep\data\processed\full_org\original_29_4.png,1,genuine_genuine,29,29
D:\GitHub\Do_an_tot_nghiep\data\processed\full_org\original_46_17.png,D:\GitHub\Do_an_tot_nghiep\data\processed\full_forg\forgeries_46_17.png,0,skilled_forgery,46,46
D:\GitHub\Do_an_tot_nghiep\data\processed\full_org\original_53_16.png,D:\GitHub\Do_an_tot_nghiep\data\processed\full_forg\forgeries_53_12.png,0,skilled_forgery,53,53
D:\GitHub\Do_an_tot_nghiep\data\processed\full_org\original_47_24.png,D:\GitHub\Do_an_tot_nghiep\data\processed\full_org\original_47_9.png,1,genuine_genuine,47,47
D:\GitHub\Do_an_tot_nghiep\data\processed\full_org\original_49_18.png,D:\GitHub\Do_an_tot_nghiep\data\processed\full_org\original_49_21.png,1,genuine_genuine,49,49
D:\GitHub\Do_an_tot_nghiep\data\processed\full_org\original_1_15.png,D:\GitHub\Do_an_tot_nghiep\data\processed\full_org\original_1_24.png,1,genuine_genuine,1,1
D:\GitHub\Do_an_tot_nghiep\data\processed\full_org\original_38_15.png,D:\GitHub\Do_an_tot_nghiep\data\processed\full_org\original_46_14.png,0,random_forgery,38,46
D:\GitHub\Do_an_tot_nghiep\data\processed\full_org\original_30_7.png,D:\GitHub\Do_an_tot_nghiep\data\processed\full_forg\forgeries_30_21.png,0,skilled_forgery,30,30
D:\GitHub\Do_an_tot_nghiep\data\processed\full_org\original_29_4.png,D:\GitHub\Do_an_tot_nghiep\data\processed\full_org\original_29_9.png,1,genuine_genuine,29,29
D:\GitHub\Do_an_tot_nghiep\data\processed\full_org\original_12_15.png,D:\GitHub\Do_an_tot_nghiep\data\processed\full_org\original_12_5.png,1,genuine_genuine,12,12
D:\GitHub\Do_an_tot_nghiep\data\processed\full_org\original_4_22.png,D:\GitHub\Do_an_tot_nghiep\data\processed\full_forg\forgeries_4_5.png,0,skilled_forgery,4,4
D:\GitHub\Do_an_tot_nghiep\data\processed\full_org\original_26_10.png,D:\GitHub\Do_an_tot_nghiep\data\processed\full_org\original_26_12.png,1,genuine_genuine,26,26
D:\GitHub\Do_an_tot_nghiep\data\processed\full_org\original_5_3.png,D:\GitHub\Do_an_tot_nghiep\data\processed\full_org\original_55_22.png,0,random_forgery,5,55
D:\GitHub\Do_an_tot_nghiep\data\processed\full_org\original_25_15.png,D:\GitHub\Do_an_tot_nghiep\data\processed\full_org\original_31_17.png,0,random_forgery,25,31
D:\GitHub\Do_an_tot_nghiep\data\processed\full_org\original_17_14.png,D:\GitHub\Do_an_tot_nghiep\data\processed\full_org\original_17_8.png,1,genuine_genuine,17,17
D:\GitHub\Do_an_tot_nghiep\data\processed\full_org\original_39_10.png,D:\GitHub\Do_an_tot_nghiep\data\processed\full_org\original_39_14.png,1,genuine_genuine,39,39
D:\GitHub\Do_an_tot_nghiep\data\processed\full_org\original_31_15.png,D:\GitHub\Do_an_tot_nghiep\data\processed\full_org\original_31_3.png,1,genuine_genuine,31,31
D:\GitHub\Do_an_tot_nghiep\data\processed\full_org\original_43_4.png,D:\GitHub\Do_an_tot_nghiep\data\processed\full_org\original_40_9.png,0,random_forgery,43,40
D:\GitHub\Do_an_tot_nghiep\data\processed\full_org\original_21_12.png,D:\GitHub\Do_an_tot_nghiep\data\processed\full_org\original_21_7.png,1,genuine_genuine,21,21
D:\GitHub\Do_an_tot_nghiep\data\processed\full_org\original_39_3.png,D:\GitHub\Do_an_tot_nghiep\data\processed\full_forg\forgeries_39_21.png,0,skilled_forgery,39,39
D:\GitHub\Do_an_tot_nghiep\data\processed\full_org\original_30_15.png,D:\GitHub\Do_an_tot_nghiep\data\processed\full_forg\forgeries_30_23.png,0,skilled_forgery,30,30
D:\GitHub\Do_an_tot_nghiep\data\processed\full_org\original_12_4.png,D:\GitHub\Do_an_tot_nghiep\data\processed\full_org\original_12_7.png,1,genuine_genuine,12,12
D:\GitHub\Do_an_tot_nghiep\data\processed\full_org\original_1_22.png,D:\GitHub\Do_an_tot_nghiep\data\processed\full_forg\forgeries_1_20.png,0,skilled_forgery,1,1
D:\GitHub\Do_an_tot_nghiep\data\processed\full_org\original_16_23.png,D:\GitHub\Do_an_tot_nghiep\data\processed\full_forg\forgeries_16_22.png,0,skilled_forgery,16,16
D:\GitHub\Do_an_tot_nghiep\data\processed\full_org\original_10_16.png,D:\GitHub\Do_an_tot_nghiep\data\processed\full_org\original_10_8.png,1,genuine_genuine,10,10
D:\GitHub\Do_an_tot_nghiep\data\processed\full_org\original_43_22.png,D:\GitHub\Do_an_tot_nghiep\data\processed\full_forg\forgeries_43_19.png,0,skilled_forgery,43,43
D:\GitHub\Do_an_tot_nghiep\data\processed\full_org\original_46_10.png,D:\GitHub\Do_an_tot_nghiep\data\processed\full_org\original_46_15.png,1,genuine_genuine,46,46
D:\GitHub\Do_an_tot_nghiep\data\processed\full_org\original_43_17.png,D:\GitHub\Do_an_tot_nghiep\data\processed\full_org\original_43_6.png,1,genuine_genuine,43,43
D:\GitHub\Do_an_tot_nghiep\data\processed\full_org\original_22_5.png,D:\GitHub\Do_an_tot_nghiep\data\processed\full_forg\forgeries_22_10.png,0,skilled_forgery,22,22
D:\GitHub\Do_an_tot_nghiep\data\processed\full_org\original_19_8.png,D:\GitHub\Do_an_tot_nghiep\data\processed\full_forg\forgeries_19_6.png,0,skilled_forgery,19,19
D:\GitHub\Do_an_tot_nghiep\data\processed\full_org\original_18_14.png,D:\GitHub\Do_an_tot_nghiep\data\processed\full_org\original_18_3.png,1,genuine_genuine,18,18
D:\GitHub\Do_an_tot_nghiep\data\processed\full_org\original_5_19.png,D:\GitHub\Do_an_tot_nghiep\data\processed\full_forg\forgeries_5_17.png,0,skilled_forgery,5,5
D:\GitHub\Do_an_tot_nghiep\data\processed\full_org\original_11_7.png,D:\GitHub\Do_an_tot_nghiep\data\processed\full_forg\forgeries_11_8.png,0,skilled_forgery,11,11
D:\GitHub\Do_an_tot_nghiep\data\processed\full_org\original_5_5.png,D:\GitHub\Do_an_tot_nghiep\data\processed\full_forg\forgeries_5_15.png,0,skilled_forgery,5,5
D:\GitHub\Do_an_tot_nghiep\data\processed\full_org\original_17_20.png,D:\GitHub\Do_an_tot_nghiep\data\processed\full_forg\forgeries_17_7.png,0,skilled_forgery,17,17
D:\GitHub\Do_an_tot_nghiep\data\processed\full_org\original_22_6.png,D:\GitHub\Do_an_tot_nghiep\data\processed\full_forg\forgeries_22_4.png,0,skilled_forgery,22,22
D:\GitHub\Do_an_tot_nghiep\data\processed\full_org\original_18_20.png,D:\GitHub\Do_an_tot_nghiep\data\processed\full_org\original_18_4.png,1,genuine_genuine,18,18
D:\GitHub\Do_an_tot_nghiep\data\processed\full_org\original_7_24.png,D:\GitHub\Do_an_tot_nghiep\data\processed\full_forg\forgeries_7_20.png,0,skilled_forgery,7,7
D:\GitHub\Do_an_tot_nghiep\data\processed\full_org\original_47_13.png,D:\GitHub\Do_an_tot_nghiep\data\processed\full_org\original_47_22.png,1,genuine_genuine,47,47
D:\GitHub\Do_an_tot_nghiep\data\processed\full_org\original_22_5.png,D:\GitHub\Do_an_tot_nghiep\data\processed\full_org\original_30_18.png,0,random_forgery,22,30
D:\GitHub\Do_an_tot_nghiep\data\processed\full_org\original_47_5.png,D:\GitHub\Do_an_tot_nghiep\data\processed\full_forg\forgeries_47_7.png,0,skilled_forgery,47,47
D:\GitHub\Do_an_tot_nghiep\data\processed\full_org\original_25_19.png,D:\GitHub\Do_an_tot_nghiep\data\processed\full_forg\forgeries_25_7.png,0,skilled_forgery,25,25
D:\GitHub\Do_an_tot_nghiep\data\processed\full_org\original_21_3.png,D:\GitHub\Do_an_tot_nghiep\data\processed\full_forg\forgeries_21_14.png,0,skilled_forgery,21,21
D:\GitHub\Do_an_tot_nghiep\data\processed\full_org\original_31_16.png,D:\GitHub\Do_an_tot_nghiep\data\processed\full_org\original_10_14.png,0,random_forgery,31,10
D:\GitHub\Do_an_tot_nghiep\data\processed\full_org\original_25_14.png,D:\GitHub\Do_an_tot_nghiep\data\processed\full_forg\forgeries_25_19.png,0,skilled_forgery,25,25
D:\GitHub\Do_an_tot_nghiep\data\processed\full_org\original_47_20.png,D:\GitHub\Do_an_tot_nghiep\data\processed\full_org\original_47_9.png,1,genuine_genuine,47,47
D:\GitHub\Do_an_tot_nghiep\data\processed\full_org\original_21_2.png,D:\GitHub\Do_an_tot_nghiep\data\processed\full_forg\forgeries_21_8.png,0,skilled_forgery,21,21
D:\GitHub\Do_an_tot_nghiep\data\processed\full_org\original_26_14.png,D:\GitHub\Do_an_tot_nghiep\data\processed\full_org\original_5_4.png,0,random_forgery,26,5
D:\GitHub\Do_an_tot_nghiep\data\processed\full_org\original_21_17.png,D:\GitHub\Do_an_tot_nghiep\data\processed\full_forg\forgeries_21_1.png,0,skilled_forgery,21,21
D:\GitHub\Do_an_tot_nghiep\data\processed\full_org\original_51_15.png,D:\GitHub\Do_an_tot_nghiep\data\processed\full_forg\forgeries_51_3.png,0,skilled_forgery,51,51
D:\GitHub\Do_an_tot_nghiep\data\processed\full_org\original_1_19.png,D:\GitHub\Do_an_tot_nghiep\data\processed\full_forg\forgeries_1_21.png,0,skilled_forgery,1,1
D:\GitHub\Do_an_tot_nghiep\data\processed\full_org\original_19_14.png,D:\GitHub\Do_an_tot_nghiep\data\processed\full_forg\forgeries_19_1.png,0,skilled_forgery,19,19
D:\GitHub\Do_an_tot_nghiep\data\processed\full_org\original_16_19.png,D:\GitHub\Do_an_tot_nghiep\data\processed\full_org\original_16_8.png,1,genuine_genuine,16,16
D:\GitHub\Do_an_tot_nghiep\data\processed\full_org\original_29_22.png,D:\GitHub\Do_an_tot_nghiep\data\processed\full_forg\forgeries_29_15.png,0,skilled_forgery,29,29
D:\GitHub\Do_an_tot_nghiep\data\processed\full_org\original_36_11.png,D:\GitHub\Do_an_tot_nghiep\data\processed\full_org\original_36_17.png,1,genuine_genuine,36,36
D:\GitHub\Do_an_tot_nghiep\data\processed\full_org\original_43_15.png,D:\GitHub\Do_an_tot_nghiep\data\processed\full_org\original_43_9.png,1,genuine_genuine,43,43
D:\GitHub\Do_an_tot_nghiep\data\processed\full_org\original_53_21.png,D:\GitHub\Do_an_tot_nghiep\data\processed\full_forg\forgeries_53_3.png,0,skilled_forgery,53,53
D:\GitHub\Do_an_tot_nghiep\data\processed\full_org\original_34_10.png,D:\GitHub\Do_an_tot_nghiep\data\processed\full_org\original_34_17.png,1,genuine_genuine,34,34
D:\GitHub\Do_an_tot_nghiep\data\processed\full_org\original_3_21.png,D:\GitHub\Do_an_tot_nghiep\data\processed\full_org\original_3_23.png,1,genuine_genuine,3,3
D:\GitHub\Do_an_tot_nghiep\data\processed\full_org\original_19_6.png,D:\GitHub\Do_an_tot_nghiep\data\processed\full_forg\forgeries_19_19.png,0,skilled_forgery,19,19
D:\GitHub\Do_an_tot_nghiep\data\processed\full_org\original_17_19.png,D:\GitHub\Do_an_tot_nghiep\data\processed\full_org\original_17_2.png,1,genuine_genuine,17,17
D:\GitHub\Do_an_tot_nghiep\data\processed\full_org\original_17_2.png,D:\GitHub\Do_an_tot_nghiep\data\processed\full_org\original_17_24.png,1,genuine_genuine,17,17
D:\GitHub\Do_an_tot_nghiep\data\processed\full_org\original_16_20.png,D:\GitHub\Do_an_tot_nghiep\data\processed\full_org\original_16_4.png,1,genuine_genuine,16,16
D:\GitHub\Do_an_tot_nghiep\data\processed\full_org\original_25_4.png,D:\GitHub\Do_an_tot_nghiep\data\processed\full_org\original_25_6.png,1,genuine_genuine,25,25
D:\GitHub\Do_an_tot_nghiep\data\processed\full_org\original_21_17.png,D:\GitHub\Do_an_tot_nghiep\data\processed\full_org\original_21_22.png,1,genuine_genuine,21,21
D:\GitHub\Do_an_tot_nghiep\data\processed\full_org\original_10_12.png,D:\GitHub\Do_an_tot_nghiep\data\processed\full_org\original_10_9.png,1,genuine_genuine,10,10
D:\GitHub\Do_an_tot_nghiep\data\processed\full_org\original_55_23.png,D:\GitHub\Do_an_tot_nghiep\data\processed\full_forg\forgeries_55_18.png,0,skilled_forgery,55,55
D:\GitHub\Do_an_tot_nghiep\data\processed\full_org\original_37_7.png,D:\GitHub\Do_an_tot_nghiep\data\processed\full_org\original_51_5.png,0,random_forgery,37,51
D:\GitHub\Do_an_tot_nghiep\data\processed\full_org\original_30_8.png,D:\GitHub\Do_an_tot_nghiep\data\processed\full_org\original_37_13.png,0,random_forgery,30,37
D:\GitHub\Do_an_tot_nghiep\data\processed\full_org\original_38_11.png,D:\GitHub\Do_an_tot_nghiep\data\processed\full_org\original_38_24.png,1,genuine_genuine,38,38
D:\GitHub\Do_an_tot_nghiep\data\processed\full_org\original_30_20.png,D:\GitHub\Do_an_tot_nghiep\data\processed\full_forg\forgeries_30_21.png,0,skilled_forgery,30,30
D:\GitHub\Do_an_tot_nghiep\data\processed\full_org\original_22_5.png,D:\GitHub\Do_an_tot_nghiep\data\processed\full_org\original_18_11.png,0,random_forgery,22,18
D:\GitHub\Do_an_tot_nghiep\data\processed\full_org\original_16_8.png,D:\GitHub\Do_an_tot_nghiep\data\processed\full_org\original_19_21.png,0,random_forgery,16,19
D:\GitHub\Do_an_tot_nghiep\data\processed\full_org\original_16_2.png,D:\GitHub\Do_an_tot_nghiep\data\processed\full_org\original_16_20.png,1,genuine_genuine,16,16
D:\GitHub\Do_an_tot_nghiep\data\processed\full_org\original_55_2.png,D:\GitHub\Do_an_tot_nghiep\data\processed\full_org\original_55_9.png,1,genuine_genuine,55,55
D:\GitHub\Do_an_tot_nghiep\data\processed\full_org\original_39_19.png,D:\GitHub\Do_an_tot_nghiep\data\processed\full_org\original_39_20.png,1,genuine_genuine,39,39
D:\GitHub\Do_an_tot_nghiep\data\processed\full_org\original_26_23.png,D:\GitHub\Do_an_tot_nghiep\data\processed\full_org\original_4_22.png,0,random_forgery,26,4
D:\GitHub\Do_an_tot_nghiep\data\processed\full_org\original_47_11.png,D:\GitHub\Do_an_tot_nghiep\data\processed\full_org\original_47_14.png,1,genuine_genuine,47,47
D:\GitHub\Do_an_tot_nghiep\data\processed\full_org\original_46_9.png,D:\GitHub\Do_an_tot_nghiep\data\processed\full_org\original_12_15.png,0,random_forgery,46,12
D:\GitHub\Do_an_tot_nghiep\data\processed\full_org\original_49_14.png,D:\GitHub\Do_an_tot_nghiep\data\processed\full_org\original_49_17.png,1,genuine_genuine,49,49
D:\GitHub\Do_an_tot_nghiep\data\processed\full_org\original_11_19.png,D:\GitHub\Do_an_tot_nghiep\data\processed\full_forg\forgeries_11_4.png,0,skilled_forgery,11,11
D:\GitHub\Do_an_tot_nghiep\data\processed\full_org\original_3_1.png,D:\GitHub\Do_an_tot_nghiep\data\processed\full_forg\forgeries_3_2.png,0,skilled_forgery,3,3
D:\GitHub\Do_an_tot_nghiep\data\processed\full_org\original_1_18.png,D:\GitHub\Do_an_tot_nghiep\data\processed\full_org\original_1_3.png,1,genuine_genuine,1,1
D:\GitHub\Do_an_tot_nghiep\data\processed\full_org\original_53_14.png,D:\GitHub\Do_an_tot_nghiep\data\processed\full_org\original_53_6.png,1,genuine_genuine,53,53
D:\GitHub\Do_an_tot_nghiep\data\processed\full_org\original_12_18.png,D:\GitHub\Do_an_tot_nghiep\data\processed\full_org\original_12_8.png,1,genuine_genuine,12,12
D:\GitHub\Do_an_tot_nghiep\data\processed\full_org\original_1_2.png,D:\GitHub\Do_an_tot_nghiep\data\processed\full_org\original_10_6.png,0,random_forgery,1,10
D:\GitHub\Do_an_tot_nghiep\data\processed\full_org\original_55_9.png,D:\GitHub\Do_an_tot_nghiep\data\processed\full_forg\forgeries_55_4.png,0,skilled_forgery,55,55
D:\GitHub\Do_an_tot_nghiep\data\processed\full_org\original_21_12.png,D:\GitHub\Do_an_tot_nghiep\data\processed\full_org\original_21_20.png,1,genuine_genuine,21,21
D:\GitHub\Do_an_tot_nghiep\data\processed\full_org\original_45_13.png,D:\GitHub\Do_an_tot_nghiep\data\processed\full_org\original_38_7.png,0,random_forgery,45,38
D:\GitHub\Do_an_tot_nghiep\data\processed\full_org\original_47_20.png,D:\GitHub\Do_an_tot_nghiep\data\processed\full_org\original_47_7.png,1,genuine_genuine,47,47
D:\GitHub\Do_an_tot_nghiep\data\processed\full_org\original_29_1.png,D:\GitHub\Do_an_tot_nghiep\data\processed\full_org\original_29_9.png,1,genuine_genuine,29,29
D:\GitHub\Do_an_tot_nghiep\data\processed\full_org\original_19_11.png,D:\GitHub\Do_an_tot_nghiep\data\processed\full_forg\forgeries_19_13.png,0,skilled_forgery,19,19
D:\GitHub\Do_an_tot_nghiep\data\processed\full_org\original_22_21.png,D:\GitHub\Do_an_tot_nghiep\data\processed\full_org\original_22_8.png,1,genuine_genuine,22,22
D:\GitHub\Do_an_tot_nghiep\data\processed\full_org\original_4_15.png,D:\GitHub\Do_an_tot_nghiep\data\processed\full_org\original_4_16.png,1,genuine_genuine,4,4
D:\GitHub\Do_an_tot_nghiep\data\processed\full_org\original_10_12.png,D:\GitHub\Do_an_tot_nghiep\data\processed\full_org\original_10_19.png,1,genuine_genuine,10,10
D:\GitHub\Do_an_tot_nghiep\data\processed\full_org\original_26_7.png,D:\GitHub\Do_an_tot_nghiep\data\processed\full_org\original_38_22.png,0,random_forgery,26,38
D:\GitHub\Do_an_tot_nghiep\data\processed\full_org\original_7_16.png,D:\GitHub\Do_an_tot_nghiep\data\processed\full_org\original_37_16.png,0,random_forgery,7,37
D:\GitHub\Do_an_tot_nghiep\data\processed\full_org\original_45_5.png,D:\GitHub\Do_an_tot_nghiep\data\processed\full_org\original_31_15.png,0,random_forgery,45,31
D:\GitHub\Do_an_tot_nghiep\data\processed\full_org\original_29_21.png,D:\GitHub\Do_an_tot_nghiep\data\processed\full_forg\forgeries_29_6.png,0,skilled_forgery,29,29
D:\GitHub\Do_an_tot_nghiep\data\processed\full_org\original_22_17.png,D:\GitHub\Do_an_tot_nghiep\data\processed\full_org\original_26_9.png,0,random_forgery,22,26
D:\GitHub\Do_an_tot_nghiep\data\processed\full_org\original_25_11.png,D:\GitHub\Do_an_tot_nghiep\data\processed\full_org\original_25_21.png,1,genuine_genuine,25,25
D:\GitHub\Do_an_tot_nghiep\data\processed\full_org\original_37_1.png,D:\GitHub\Do_an_tot_nghiep\data\processed\full_org\original_36_12.png,0,random_forgery,37,36
D:\GitHub\Do_an_tot_nghiep\data\processed\full_org\original_55_12.png,D:\GitHub\Do_an_tot_nghiep\data\processed\full_org\original_3_2.png,0,random_forgery,55,3
D:\GitHub\Do_an_tot_nghiep\data\processed\full_org\original_31_19.png,D:\GitHub\Do_an_tot_nghiep\data\processed\full_forg\forgeries_31_8.png,0,skilled_forgery,31,31
D:\GitHub\Do_an_tot_nghiep\data\processed\full_org\original_25_20.png,D:\GitHub\Do_an_tot_nghiep\data\processed\full_forg\forgeries_25_3.png,0,skilled_forgery,25,25
D:\GitHub\Do_an_tot_nghiep\data\processed\full_org\original_21_15.png,D:\GitHub\Do_an_tot_nghiep\data\processed\full_org\original_21_5.png,1,genuine_genuine,21,21
D:\GitHub\Do_an_tot_nghiep\data\processed\full_org\original_40_11.png,D:\GitHub\Do_an_tot_nghiep\data\processed\full_org\original_16_19.png,0,random_forgery,40,16
D:\GitHub\Do_an_tot_nghiep\data\processed\full_org\original_53_10.png,D:\GitHub\Do_an_tot_nghiep\data\processed\full_forg\forgeries_53_23.png,0,skilled_forgery,53,53
D:\GitHub\Do_an_tot_nghiep\data\processed\full_org\original_24_15.png,D:\GitHub\Do_an_tot_nghiep\data\processed\full_org\original_24_21.png,1,genuine_genuine,24,24
D:\GitHub\Do_an_tot_nghiep\data\processed\full_org\original_36_24.png,D:\GitHub\Do_an_tot_nghiep\data\processed\full_org\original_36_5.png,1,genuine_genuine,36,36
D:\GitHub\Do_an_tot_nghiep\data\processed\full_org\original_46_11.png,D:\GitHub\Do_an_tot_nghiep\data\processed\full_org\original_46_16.png,1,genuine_genuine,46,46
D:\GitHub\Do_an_tot_nghiep\data\processed\full_org\original_26_4.png,D:\GitHub\Do_an_tot_nghiep\data\processed\full_forg\forgeries_26_14.png,0,skilled_forgery,26,26
D:\GitHub\Do_an_tot_nghiep\data\processed\full_org\original_19_24.png,D:\GitHub\Do_an_tot_nghiep\data\processed\full_org\original_55_11.png,0,random_forgery,19,55
D:\GitHub\Do_an_tot_nghiep\data\processed\full_org\original_25_15.png,D:\GitHub\Do_an_tot_nghiep\data\processed\full_forg\forgeries_25_2.png,0,skilled_forgery,25,25
D:\GitHub\Do_an_tot_nghiep\data\processed\full_org\original_39_13.png,D:\GitHub\Do_an_tot_nghiep\data\processed\full_org\original_39_9.png,1,genuine_genuine,39,39
D:\GitHub\Do_an_tot_nghiep\data\processed\full_org\original_17_1.png,D:\GitHub\Do_an_tot_nghiep\data\processed\full_forg\forgeries_17_2.png,0,skilled_forgery,17,17
D:\GitHub\Do_an_tot_nghiep\data\processed\full_org\original_40_16.png,D:\GitHub\Do_an_tot_nghiep\data\processed\full_org\original_40_5.png,1,genuine_genuine,40,40
D:\GitHub\Do_an_tot_nghiep\data\processed\full_org\original_12_18.png,D:\GitHub\Do_an_tot_nghiep\data\processed\full_forg\forgeries_12_5.png,0,skilled_forgery,12,12
D:\GitHub\Do_an_tot_nghiep\data\processed\full_org\original_43_12.png,D:\GitHub\Do_an_tot_nghiep\data\processed\full_org\original_43_23.png,1,genuine_genuine,43,43
D:\GitHub\Do_an_tot_nghiep\data\processed\full_org\original_4_1.png,D:\GitHub\Do_an_tot_nghiep\data\processed\full_org\original_4_21.png,1,genuine_genuine,4,4
D:\GitHub\Do_an_tot_nghiep\data\processed\full_org\original_12_1.png,D:\GitHub\Do_an_tot_nghiep\data\processed\full_org\original_12_4.png,1,genuine_genuine,12,12
D:\GitHub\Do_an_tot_nghiep\data\processed\full_org\original_55_22.png,D:\GitHub\Do_an_tot_nghiep\data\processed\full_org\original_7_9.png,0,random_forgery,55,7
D:\GitHub\Do_an_tot_nghiep\data\processed\full_org\original_19_21.png,D:\GitHub\Do_an_tot_nghiep\data\processed\full_forg\forgeries_19_11.png,0,skilled_forgery,19,19
D:\GitHub\Do_an_tot_nghiep\data\processed\full_org\original_47_10.png,D:\GitHub\Do_an_tot_nghiep\data\processed\full_org\original_47_16.png,1,genuine_genuine,47,47
D:\GitHub\Do_an_tot_nghiep\data\processed\full_org\original_38_22.png,D:\GitHub\Do_an_tot_nghiep\data\processed\full_forg\forgeries_38_24.png,0,skilled_forgery,38,38
D:\GitHub\Do_an_tot_nghiep\data\processed\full_org\original_21_15.png,D:\GitHub\Do_an_tot_nghiep\data\processed\full_org\original_21_3.png,1,genuine_genuine,21,21
D:\GitHub\Do_an_tot_nghiep\data\processed\full_org\original_18_24.png,D:\GitHub\Do_an_tot_nghiep\data\processed\full_forg\forgeries_18_21.png,0,skilled_forgery,18,18
D:\GitHub\Do_an_tot_nghiep\data\processed\full_org\original_34_1.png,D:\GitHub\Do_an_tot_nghiep\data\processed\full_forg\forgeries_34_9.png,0,skilled_forgery,34,34
D:\GitHub\Do_an_tot_nghiep\data\processed\full_org\original_18_6.png,D:\GitHub\Do_an_tot_nghiep\data\processed\full_forg\forgeries_18_4.png,0,skilled_forgery,18,18
D:\GitHub\Do_an_tot_nghiep\data\processed\full_org\original_40_14.png,D:\GitHub\Do_an_tot_nghiep\data\processed\full_org\original_40_24.png,1,genuine_genuine,40,40
D:\GitHub\Do_an_tot_nghiep\data\processed\full_org\original_19_4.png,D:\GitHub\Do_an_tot_nghiep\data\processed\full_forg\forgeries_19_24.png,0,skilled_forgery,19,19
D:\GitHub\Do_an_tot_nghiep\data\processed\full_org\original_24_5.png,D:\GitHub\Do_an_tot_nghiep\data\processed\full_org\original_17_16.png,0,random_forgery,24,17
D:\GitHub\Do_an_tot_nghiep\data\processed\full_org\original_45_13.png,D:\GitHub\Do_an_tot_nghiep\data\processed\full_org\original_11_14.png,0,random_forgery,45,11
D:\GitHub\Do_an_tot_nghiep\data\processed\full_org\original_16_19.png,D:\GitHub\Do_an_tot_nghiep\data\processed\full_org\original_53_20.png,0,random_forgery,16,53
D:\GitHub\Do_an_tot_nghiep\data\processed\full_org\original_3_11.png,D:\GitHub\Do_an_tot_nghiep\data\processed\full_forg\forgeries_3_13.png,0,skilled_forgery,3,3
D:\GitHub\Do_an_tot_nghiep\data\processed\full_org\original_55_20.png,D:\GitHub\Do_an_tot_nghiep\data\processed\full_org\original_55_6.png,1,genuine_genuine,55,55
D:\GitHub\Do_an_tot_nghiep\data\processed\full_org\original_16_24.png,D:\GitHub\Do_an_tot_nghiep\data\processed\full_forg\forgeries_16_23.png,0,skilled_forgery,16,16
D:\GitHub\Do_an_tot_nghiep\data\processed\full_org\original_43_9.png,D:\GitHub\Do_an_tot_nghiep\data\processed\full_org\original_19_3.png,0,random_forgery,43,19
D:\GitHub\Do_an_tot_nghiep\data\processed\full_org\original_12_2.png,D:\GitHub\Do_an_tot_nghiep\data\processed\full_org\original_12_4.png,1,genuine_genuine,12,12
D:\GitHub\Do_an_tot_nghiep\data\processed\full_org\original_53_3.png,D:\GitHub\Do_an_tot_nghiep\data\processed\full_org\original_53_6.png,1,genuine_genuine,53,53
D:\GitHub\Do_an_tot_nghiep\data\processed\full_org\original_39_17.png,D:\GitHub\Do_an_tot_nghiep\data\processed\full_org\original_39_19.png,1,genuine_genuine,39,39
D:\GitHub\Do_an_tot_nghiep\data\processed\full_org\original_4_19.png,D:\GitHub\Do_an_tot_nghiep\data\processed\full_forg\forgeries_4_23.png,0,skilled_forgery,4,4
D:\GitHub\Do_an_tot_nghiep\data\processed\full_org\original_1_23.png,D:\GitHub\Do_an_tot_nghiep\data\processed\full_forg\forgeries_1_5.png,0,skilled_forgery,1,1
D:\GitHub\Do_an_tot_nghiep\data\processed\full_org\original_38_3.png,D:\GitHub\Do_an_tot_nghiep\data\processed\full_org\original_31_3.png,0,random_forgery,38,31
D:\GitHub\Do_an_tot_nghiep\data\processed\full_org\original_5_20.png,D:\GitHub\Do_an_tot_nghiep\data\processed\full_org\original_38_13.png,0,random_forgery,5,38
D:\GitHub\Do_an_tot_nghiep\data\processed\full_org\original_46_4.png,D:\GitHub\Do_an_tot_nghiep\data\processed\full_forg\forgeries_46_7.png,0,skilled_forgery,46,46
D:\GitHub\Do_an_tot_nghiep\data\processed\full_org\original_36_21.png,D:\GitHub\Do_an_tot_nghiep\data\processed\full_org\original_36_5.png,1,genuine_genuine,36,36
D:\GitHub\Do_an_tot_nghiep\data\processed\full_org\original_51_14.png,D:\GitHub\Do_an_tot_nghiep\data\processed\full_forg\forgeries_51_1.png,0,skilled_forgery,51,51
D:\GitHub\Do_an_tot_nghiep\data\processed\full_org\original_5_14.png,D:\GitHub\Do_an_tot_nghiep\data\processed\full_org\original_49_18.png,0,random_forgery,5,49
D:\GitHub\Do_an_tot_nghiep\data\processed\full_org\original_22_4.png,D:\GitHub\Do_an_tot_nghiep\data\processed\full_forg\forgeries_22_9.png,0,skilled_forgery,22,22
D:\GitHub\Do_an_tot_nghiep\data\processed\full_org\original_51_4.png,D:\GitHub\Do_an_tot_nghiep\data\processed\full_org\original_51_5.png,1,genuine_genuine,51,51
D:\GitHub\Do_an_tot_nghiep\data\processed\full_org\original_30_14.png,D:\GitHub\Do_an_tot_nghiep\data\processed\full_org\original_30_19.png,1,genuine_genuine,30,30
D:\GitHub\Do_an_tot_nghiep\data\processed\full_org\original_10_4.png,D:\GitHub\Do_an_tot_nghiep\data\processed\full_org\original_25_2.png,0,random_forgery,10,25
D:\GitHub\Do_an_tot_nghiep\data\processed\full_org\original_34_21.png,D:\GitHub\Do_an_tot_nghiep\data\processed\full_org\original_34_6.png,1,genuine_genuine,34,34
D:\GitHub\Do_an_tot_nghiep\data\processed\full_org\original_21_9.png,D:\GitHub\Do_an_tot_nghiep\data\processed\full_org\original_29_19.png,0,random_forgery,21,29
D:\GitHub\Do_an_tot_nghiep\data\processed\full_org\original_29_10.png,D:\GitHub\Do_an_tot_nghiep\data\processed\full_org\original_29_20.png,1,genuine_genuine,29,29
D:\GitHub\Do_an_tot_nghiep\data\processed\full_org\original_16_13.png,D:\GitHub\Do_an_tot_nghiep\data\processed\full_forg\forgeries_16_15.png,0,skilled_forgery,16,16
D:\GitHub\Do_an_tot_nghiep\data\processed\full_org\original_53_3.png,D:\GitHub\Do_an_tot_nghiep\data\processed\full_org\original_43_24.png,0,random_forgery,53,43
D:\GitHub\Do_an_tot_nghiep\data\processed\full_org\original_37_24.png,D:\GitHub\Do_an_tot_nghiep\data\processed\full_org\original_37_5.png,1,genuine_genuine,37,37
D:\GitHub\Do_an_tot_nghiep\data\processed\full_org\original_25_1.png,D:\GitHub\Do_an_tot_nghiep\data\processed\full_forg\forgeries_25_5.png,0,skilled_forgery,25,25
D:\GitHub\Do_an_tot_nghiep\data\processed\full_org\original_1_20.png,D:\GitHub\Do_an_tot_nghiep\data\processed\full_org\original_1_6.png,1,genuine_genuine,1,1
D:\GitHub\Do_an_tot_nghiep\data\processed\full_org\original_43_17.png,D:\GitHub\Do_an_tot_nghiep\data\processed\full_org\original_43_8.png,1,genuine_genuine,43,43
D:\GitHub\Do_an_tot_nghiep\data\processed\full_org\original_46_23.png,D:\GitHub\Do_an_tot_nghiep\data\processed\full_forg\forgeries_46_16.png,0,skilled_forgery,46,46
D:\GitHub\Do_an_tot_nghiep\data\processed\full_org\original_34_23.png,D:\GitHub\Do_an_tot_nghiep\data\processed\full_forg\forgeries_34_20.png,0,skilled_forgery,34,34
D:\GitHub\Do_an_tot_nghiep\data\processed\full_org\original_46_19.png,D:\GitHub\Do_an_tot_nghiep\data\processed\full_forg\forgeries_46_6.png,0,skilled_forgery,46,46
D:\GitHub\Do_an_tot_nghiep\data\processed\full_org\original_17_22.png,D:\GitHub\Do_an_tot_nghiep\data\processed\full_forg\forgeries_17_20.png,0,skilled_forgery,17,17
D:\GitHub\Do_an_tot_nghiep\data\processed\full_org\original_25_13.png,D:\GitHub\Do_an_tot_nghiep\data\processed\full_forg\forgeries_25_3.png,0,skilled_forgery,25,25
D:\GitHub\Do_an_tot_nghiep\data\processed\full_org\original_19_2.png,D:\GitHub\Do_an_tot_nghiep\data\processed\full_org\original_19_21.png,1,genuine_genuine,19,19
D:\GitHub\Do_an_tot_nghiep\data\processed\full_org\original_43_14.png,D:\GitHub\Do_an_tot_nghiep\data\processed\full_org\original_7_2.png,0,random_forgery,43,7
D:\GitHub\Do_an_tot_nghiep\data\processed\full_org\original_36_2.png,D:\GitHub\Do_an_tot_nghiep\data\processed\full_org\original_36_20.png,1,genuine_genuine,36,36
D:\GitHub\Do_an_tot_nghiep\data\processed\full_org\original_39_20.png,D:\GitHub\Do_an_tot_nghiep\data\processed\full_org\original_39_24.png,1,genuine_genuine,39,39
D:\GitHub\Do_an_tot_nghiep\data\processed\full_org\original_29_19.png,D:\GitHub\Do_an_tot_nghiep\data\processed\full_org\original_22_5.png,0,random_forgery,29,22
D:\GitHub\Do_an_tot_nghiep\data\processed\full_org\original_11_20.png,D:\GitHub\Do_an_tot_nghiep\data\processed\full_forg\forgeries_11_23.png,0,skilled_forgery,11,11
D:\GitHub\Do_an_tot_nghiep\data\processed\full_org\original_45_15.png,D:\GitHub\Do_an_tot_nghiep\data\processed\full_org\original_45_5.png,1,genuine_genuine,45,45
D:\GitHub\Do_an_tot_nghiep\data\processed\full_org\original_12_15.png,D:\GitHub\Do_an_tot_nghiep\data\processed\full_org\original_12_22.png,1,genuine_genuine,12,12
D:\GitHub\Do_an_tot_nghiep\data\processed\full_org\original_7_12.png,D:\GitHub\Do_an_tot_nghiep\data\processed\full_org\original_7_24.png,1,genuine_genuine,7,7
D:\GitHub\Do_an_tot_nghiep\data\processed\full_org\original_25_21.png,D:\GitHub\Do_an_tot_nghiep\data\processed\full_org\original_25_8.png,1,genuine_genuine,25,25
D:\GitHub\Do_an_tot_nghiep\data\processed\full_org\original_26_14.png,D:\GitHub\Do_an_tot_nghiep\data\processed\full_forg\forgeries_26_12.png,0,skilled_forgery,26,26
D:\GitHub\Do_an_tot_nghiep\data\processed\full_org\original_16_16.png,D:\GitHub\Do_an_tot_nghiep\data\processed\full_org\original_16_17.png,1,genuine_genuine,16,16
D:\GitHub\Do_an_tot_nghiep\data\processed\full_org\original_11_15.png,D:\GitHub\Do_an_tot_nghiep\data\processed\full_org\original_11_18.png,1,genuine_genuine,11,11
D:\GitHub\Do_an_tot_nghiep\data\processed\full_org\original_3_20.png,D:\GitHub\Do_an_tot_nghiep\data\processed\full_org\original_3_7.png,1,genuine_genuine,3,3
D:\GitHub\Do_an_tot_nghiep\data\processed\full_org\original_7_2.png,D:\GitHub\Do_an_tot_nghiep\data\processed\full_org\original_7_9.png,1,genuine_genuine,7,7
D:\GitHub\Do_an_tot_nghiep\data\processed\full_org\original_26_17.png,D:\GitHub\Do_an_tot_nghiep\data\processed\full_org\original_26_20.png,1,genuine_genuine,26,26
D:\GitHub\Do_an_tot_nghiep\data\processed\full_org\original_40_22.png,D:\GitHub\Do_an_tot_nghiep\data\processed\full_forg\forgeries_40_19.png,0,skilled_forgery,40,40
D:\GitHub\Do_an_tot_nghiep\data\processed\full_org\original_55_20.png,D:\GitHub\Do_an_tot_nghiep\data\processed\full_org\original_55_22.png,1,genuine_genuine,55,55
D:\GitHub\Do_an_tot_nghiep\data\processed\full_org\original_1_8.png,D:\GitHub\Do_an_tot_nghiep\data\processed\full_org\original_43_8.png,0,random_forgery,1,43
D:\GitHub\Do_an_tot_nghiep\data\processed\full_org\original_45_3.png,D:\GitHub\Do_an_tot_nghiep\data\processed\full_org\original_29_6.png,0,random_forgery,45,29
D:\GitHub\Do_an_tot_nghiep\data\processed\full_org\original_47_16.png,D:\GitHub\Do_an_tot_nghiep\data\processed\full_forg\forgeries_47_1.png,0,skilled_forgery,47,47
D:\GitHub\Do_an_tot_nghiep\data\processed\full_org\original_31_10.png,D:\GitHub\Do_an_tot_nghiep\data\processed\full_org\original_12_19.png,0,random_forgery,31,12
D:\GitHub\Do_an_tot_nghiep\data\processed\full_org\original_12_16.png,D:\GitHub\Do_an_tot_nghiep\data\processed\full_forg\forgeries_12_4.png,0,skilled_forgery,12,12
D:\GitHub\Do_an_tot_nghiep\data\processed\full_org\original_39_8.png,D:\GitHub\Do_an_tot_nghiep\data\processed\full_forg\forgeries_39_18.png,0,skilled_forgery,39,39
D:\GitHub\Do_an_tot_nghiep\data\processed\full_org\original_26_15.png,D:\GitHub\Do_an_tot_nghiep\data\processed\full_org\original_26_21.png,1,genuine_genuine,26,26
D:\GitHub\Do_an_tot_nghiep\data\processed\full_org\original_1_14.png,D:\GitHub\Do_an_tot_nghiep\data\processed\full_org\original_1_6.png,1,genuine_genuine,1,1
D:\GitHub\Do_an_tot_nghiep\data\processed\full_org\original_38_10.png,D:\GitHub\Do_an_tot_nghiep\data\processed\full_forg\forgeries_38_9.png,0,skilled_forgery,38,38
D:\GitHub\Do_an_tot_nghiep\data\processed\full_org\original_4_12.png,D:\GitHub\Do_an_tot_nghiep\data\processed\full_org\original_55_9.png,0,random_forgery,4,55
D:\GitHub\Do_an_tot_nghiep\data\processed\full_org\original_18_15.png,D:\GitHub\Do_an_tot_nghiep\data\processed\full_forg\forgeries_18_5.png,0,skilled_forgery,18,18
D:\GitHub\Do_an_tot_nghiep\data\processed\full_org\original_19_1.png,D:\GitHub\Do_an_tot_nghiep\data\processed\full_org\original_28_3.png,0,random_forgery,19,28
D:\GitHub\Do_an_tot_nghiep\data\processed\full_org\original_24_21.png,D:\GitHub\Do_an_tot_nghiep\data\processed\full_forg\forgeries_24_1.png,0,skilled_forgery,24,24
D:\GitHub\Do_an_tot_nghiep\data\processed\full_org\original_51_1.png,D:\GitHub\Do_an_tot_nghiep\data\processed\full_forg\forgeries_51_6.png,0,skilled_forgery,51,51
D:\GitHub\Do_an_tot_nghiep\data\processed\full_org\original_51_4.png,D:\GitHub\Do_an_tot_nghiep\data\processed\full_forg\forgeries_51_10.png,0,skilled_forgery,51,51
D:\GitHub\Do_an_tot_nghiep\data\processed\full_org\original_43_10.png,D:\GitHub\Do_an_tot_nghiep\data\processed\full_org\original_43_13.png,1,genuine_genuine,43,43
D:\GitHub\Do_an_tot_nghiep\data\processed\full_org\original_49_14.png,D:\GitHub\Do_an_tot_nghiep\data\processed\full_forg\forgeries_49_9.png,0,skilled_forgery,49,49
D:\GitHub\Do_an_tot_nghiep\data\processed\full_org\original_25_21.png,D:\GitHub\Do_an_tot_nghiep\data\processed\full_forg\forgeries_25_20.png,0,skilled_forgery,25,25
D:\GitHub\Do_an_tot_nghiep\data\processed\full_org\original_38_17.png,D:\GitHub\Do_an_tot_nghiep\data\processed\full_org\original_38_24.png,1,genuine_genuine,38,38
D:\GitHub\Do_an_tot_nghiep\data\processed\full_org\original_43_21.png,D:\GitHub\Do_an_tot_nghiep\data\processed\full_org\original_43_4.png,1,genuine_genuine,43,43
D:\GitHub\Do_an_tot_nghiep\data\processed\full_org\original_47_5.png,D:\GitHub\Do_an_tot_nghiep\data\processed\full_org\original_47_9.png,1,genuine_genuine,47,47
D:\GitHub\Do_an_tot_nghiep\data\processed\full_org\original_26_9.png,D:\GitHub\Do_an_tot_nghiep\data\processed\full_org\original_24_7.png,0,random_forgery,26,24
D:\GitHub\Do_an_tot_nghiep\data\processed\full_org\original_16_6.png,D:\GitHub\Do_an_tot_nghiep\data\processed\full_forg\forgeries_16_6.png,0,skilled_forgery,16,16
D:\GitHub\Do_an_tot_nghiep\data\processed\full_org\original_36_14.png,D:\GitHub\Do_an_tot_nghiep\data\processed\full_org\original_36_8.png,1,genuine_genuine,36,36
D:\GitHub\Do_an_tot_nghiep\data\processed\full_org\original_16_1.png,D:\GitHub\Do_an_tot_nghiep\data\processed\full_org\original_19_1.png,0,random_forgery,16,19
D:\GitHub\Do_an_tot_nghiep\data\processed\full_org\original_7_4.png,D:\GitHub\Do_an_tot_nghiep\data\processed\full_org\original_4_13.png,0,random_forgery,7,4
D:\GitHub\Do_an_tot_nghiep\data\processed\full_org\original_37_12.png,D:\GitHub\Do_an_tot_nghiep\data\processed\full_org\original_37_24.png,1,genuine_genuine,37,37
D:\GitHub\Do_an_tot_nghiep\data\processed\full_org\original_28_19.png,D:\GitHub\Do_an_tot_nghiep\data\processed\full_org\original_55_12.png,0,random_forgery,28,55
D:\GitHub\Do_an_tot_nghiep\data\processed\full_org\original_5_21.png,D:\GitHub\Do_an_tot_nghiep\data\processed\full_org\original_5_22.png,1,genuine_genuine,5,5
D:\GitHub\Do_an_tot_nghiep\data\processed\full_org\original_45_10.png,D:\GitHub\Do_an_tot_nghiep\data\processed\full_org\original_45_15.png,1,genuine_genuine,45,45
D:\GitHub\Do_an_tot_nghiep\data\processed\full_org\original_10_16.png,D:\GitHub\Do_an_tot_nghiep\data\processed\full_org\original_10_2.png,1,genuine_genuine,10,10
D:\GitHub\Do_an_tot_nghiep\data\processed\full_org\original_22_3.png,D:\GitHub\Do_an_tot_nghiep\data\processed\full_forg\forgeries_22_17.png,0,skilled_forgery,22,22
D:\GitHub\Do_an_tot_nghiep\data\processed\full_org\original_18_13.png,D:\GitHub\Do_an_tot_nghiep\data\processed\full_org\original_18_19.png,1,genuine_genuine,18,18
D:\GitHub\Do_an_tot_nghiep\data\processed\full_org\original_45_10.png,D:\GitHub\Do_an_tot_nghiep\data\processed\full_org\original_45_8.png,1,genuine_genuine,45,45
D:\GitHub\Do_an_tot_nghiep\data\processed\full_org\original_51_11.png,D:\GitHub\Do_an_tot_nghiep\data\processed\full_forg\forgeries_51_23.png,0,skilled_forgery,51,51
D:\GitHub\Do_an_tot_nghiep\data\processed\full_org\original_51_4.png,D:\GitHub\Do_an_tot_nghiep\data\processed\full_forg\forgeries_51_7.png,0,skilled_forgery,51,51
D:\GitHub\Do_an_tot_nghiep\data\processed\full_org\original_45_13.png,D:\GitHub\Do_an_tot_nghiep\data\processed\full_org\original_45_20.png,1,genuine_genuine,45,45
D:\GitHub\Do_an_tot_nghiep\data\processed\full_org\original_46_20.png,D:\GitHub\Do_an_tot_nghiep\data\processed\full_org\original_21_22.png,0,random_forgery,46,21
D:\GitHub\Do_an_tot_nghiep\data\processed\full_org\original_28_11.png,D:\GitHub\Do_an_tot_nghiep\data\processed\full_org\original_25_16.png,0,random_forgery,28,25
D:\GitHub\Do_an_tot_nghiep\data\processed\full_org\original_39_7.png,D:\GitHub\Do_an_tot_nghiep\data\processed\full_forg\forgeries_39_1.png,0,skilled_forgery,39,39
D:\GitHub\Do_an_tot_nghiep\data\processed\full_org\original_28_14.png,D:\GitHub\Do_an_tot_nghiep\data\processed\full_org\original_37_3.png,0,random_forgery,28,37
D:\GitHub\Do_an_tot_nghiep\data\processed\full_org\original_31_18.png,D:\GitHub\Do_an_tot_nghiep\data\processed\full_forg\forgeries_31_19.png,0,skilled_forgery,31,31
D:\GitHub\Do_an_tot_nghiep\data\processed\full_org\original_5_5.png,D:\GitHub\Do_an_tot_nghiep\data\processed\full_forg\forgeries_5_9.png,0,skilled_forgery,5,5
D:\GitHub\Do_an_tot_nghiep\data\processed\full_org\original_53_24.png,D:\GitHub\Do_an_tot_nghiep\data\processed\full_org\original_53_8.png,1,genuine_genuine,53,53
D:\GitHub\Do_an_tot_nghiep\data\processed\full_org\original_22_16.png,D:\GitHub\Do_an_tot_nghiep\data\processed\full_org\original_22_3.png,1,genuine_genuine,22,22
D:\GitHub\Do_an_tot_nghiep\data\processed\full_org\original_26_5.png,D:\GitHub\Do_an_tot_nghiep\data\processed\full_org\original_26_7.png,1,genuine_genuine,26,26
D:\GitHub\Do_an_tot_nghiep\data\processed\full_org\original_10_16.png,D:\GitHub\Do_an_tot_nghiep\data\processed\full_forg\forgeries_10_10.png,0,skilled_forgery,10,10
D:\GitHub\Do_an_tot_nghiep\data\processed\full_org\original_37_24.png,D:\GitHub\Do_an_tot_nghiep\data\processed\full_org\original_45_23.png,0,random_forgery,37,45
D:\GitHub\Do_an_tot_nghiep\data\processed\full_org\original_38_3.png,D:\GitHub\Do_an_tot_nghiep\data\processed\full_forg\forgeries_38_1.png,0,skilled_forgery,38,38
D:\GitHub\Do_an_tot_nghiep\data\processed\full_org\original_39_5.png,D:\GitHub\Do_an_tot_nghiep\data\processed\full_org\original_39_8.png,1,genuine_genuine,39,39
D:\GitHub\Do_an_tot_nghiep\data\processed\full_org\original_36_17.png,D:\GitHub\Do_an_tot_nghiep\data\processed\full_forg\forgeries_36_20.png,0,skilled_forgery,36,36
D:\GitHub\Do_an_tot_nghiep\data\processed\full_org\original_46_15.png,D:\GitHub\Do_an_tot_nghiep\data\processed\full_forg\forgeries_46_24.png,0,skilled_forgery,46,46
D:\GitHub\Do_an_tot_nghiep\data\processed\full_org\original_21_16.png,D:\GitHub\Do_an_tot_nghiep\data\processed\full_org\original_21_5.png,1,genuine_genuine,21,21
D:\GitHub\Do_an_tot_nghiep\data\processed\full_org\original_49_11.png,D:\GitHub\Do_an_tot_nghiep\data\processed\full_org\original_49_9.png,1,genuine_genuine,49,49
D:\GitHub\Do_an_tot_nghiep\data\processed\full_org\original_17_7.png,D:\GitHub\Do_an_tot_nghiep\data\processed\full_forg\forgeries_17_13.png,0,skilled_forgery,17,17
D:\GitHub\Do_an_tot_nghiep\data\processed\full_org\original_28_7.png,D:\GitHub\Do_an_tot_nghiep\data\processed\full_forg\forgeries_28_11.png,0,skilled_forgery,28,28
D:\GitHub\Do_an_tot_nghiep\data\processed\full_org\original_34_24.png,D:\GitHub\Do_an_tot_nghiep\data\processed\full_forg\forgeries_34_16.png,0,skilled_forgery,34,34
D:\GitHub\Do_an_tot_nghiep\data\processed\full_org\original_18_13.png,D:\GitHub\Do_an_tot_nghiep\data\processed\full_org\original_18_2.png,1,genuine_genuine,18,18
D:\GitHub\Do_an_tot_nghiep\data\processed\full_org\original_18_24.png,D:\GitHub\Do_an_tot_nghiep\data\processed\full_org\original_31_2.png,0,random_forgery,18,31
D:\GitHub\Do_an_tot_nghiep\data\processed\full_org\original_49_13.png,D:\GitHub\Do_an_tot_nghiep\data\processed\full_org\original_49_24.png,1,genuine_genuine,49,49
D:\GitHub\Do_an_tot_nghiep\data\processed\full_org\original_43_19.png,D:\GitHub\Do_an_tot_nghiep\data\processed\full_forg\forgeries_43_20.png,0,skilled_forgery,43,43
D:\GitHub\Do_an_tot_nghiep\data\processed\full_org\original_17_22.png,D:\GitHub\Do_an_tot_nghiep\data\processed\full_org\original_12_3.png,0,random_forgery,17,12
D:\GitHub\Do_an_tot_nghiep\data\processed\full_org\original_26_21.png,D:\GitHub\Do_an_tot_nghiep\data\processed\full_forg\forgeries_26_1.png,0,skilled_forgery,26,26
D:\GitHub\Do_an_tot_nghiep\data\processed\full_org\original_3_20.png,D:\GitHub\Do_an_tot_nghiep\data\processed\full_forg\forgeries_3_2.png,0,skilled_forgery,3,3
D:\GitHub\Do_an_tot_nghiep\data\processed\full_org\original_51_13.png,D:\GitHub\Do_an_tot_nghiep\data\processed\full_forg\forgeries_51_3.png,0,skilled_forgery,51,51
D:\GitHub\Do_an_tot_nghiep\data\processed\full_org\original_46_12.png,D:\GitHub\Do_an_tot_nghiep\data\processed\full_org\original_46_21.png,1,genuine_genuine,46,46
D:\GitHub\Do_an_tot_nghiep\data\processed\full_org\original_45_15.png,D:\GitHub\Do_an_tot_nghiep\data\processed\full_org\original_45_4.png,1,genuine_genuine,45,45
D:\GitHub\Do_an_tot_nghiep\data\processed\full_org\original_10_7.png,D:\GitHub\Do_an_tot_nghiep\data\processed\full_org\original_17_6.png,0,random_forgery,10,17
D:\GitHub\Do_an_tot_nghiep\data\processed\full_org\original_24_24.png,D:\GitHub\Do_an_tot_nghiep\data\processed\full_forg\forgeries_24_23.png,0,skilled_forgery,24,24
D:\GitHub\Do_an_tot_nghiep\data\processed\full_org\original_12_15.png,D:\GitHub\Do_an_tot_nghiep\data\processed\full_org\original_12_24.png,1,genuine_genuine,12,12
D:\GitHub\Do_an_tot_nghiep\data\processed\full_org\original_21_12.png,D:\GitHub\Do_an_tot_nghiep\data\processed\full_org\original_21_2.png,1,genuine_genuine,21,21
D:\GitHub\Do_an_tot_nghiep\data\processed\full_org\original_16_15.png,D:\GitHub\Do_an_tot_nghiep\data\processed\full_org\original_18_2.png,0,random_forgery,16,18
D:\GitHub\Do_an_tot_nghiep\data\processed\full_org\original_7_2.png,D:\GitHub\Do_an_tot_nghiep\data\processed\full_org\original_51_17.png,0,random_forgery,7,51
D:\GitHub\Do_an_tot_nghiep\data\processed\full_org\original_10_20.png,D:\GitHub\Do_an_tot_nghiep\data\processed\full_forg\forgeries_10_6.png,0,skilled_forgery,10,10
D:\GitHub\Do_an_tot_nghiep\data\processed\full_org\original_19_7.png,D:\GitHub\Do_an_tot_nghiep\data\processed\full_forg\forgeries_19_11.png,0,skilled_forgery,19,19
D:\GitHub\Do_an_tot_nghiep\data\processed\full_org\original_19_20.png,D:\GitHub\Do_an_tot_nghiep\data\processed\full_org\original_19_6.png,1,genuine_genuine,19,19
D:\GitHub\Do_an_tot_nghiep\data\processed\full_org\original_45_1.png,D:\GitHub\Do_an_tot_nghiep\data\processed\full_forg\forgeries_45_12.png,0,skilled_forgery,45,45
D:\GitHub\Do_an_tot_nghiep\data\processed\full_org\original_10_10.png,D:\GitHub\Do_an_tot_nghiep\data\processed\full_org\original_10_7.png,1,genuine_genuine,10,10
D:\GitHub\Do_an_tot_nghiep\data\processed\full_org\original_11_13.png,D:\GitHub\Do_an_tot_nghiep\data\processed\full_org\original_11_24.png,1,genuine_genuine,11,11
D:\GitHub\Do_an_tot_nghiep\data\processed\full_org\original_47_3.png,D:\GitHub\Do_an_tot_nghiep\data\processed\full_org\original_47_5.png,1,genuine_genuine,47,47
D:\GitHub\Do_an_tot_nghiep\data\processed\full_org\original_26_2.png,D:\GitHub\Do_an_tot_nghiep\data\processed\full_forg\forgeries_26_11.png,0,skilled_forgery,26,26
D:\GitHub\Do_an_tot_nghiep\data\processed\full_org\original_18_10.png,D:\GitHub\Do_an_tot_nghiep\data\processed\full_org\original_18_13.png,1,genuine_genuine,18,18
D:\GitHub\Do_an_tot_nghiep\data\processed\full_org\original_30_12.png,D:\GitHub\Do_an_tot_nghiep\data\processed\full_org\original_30_21.png,1,genuine_genuine,30,30
D:\GitHub\Do_an_tot_nghiep\data\processed\full_org\original_19_1.png,D:\GitHub\Do_an_tot_nghiep\data\processed\full_forg\forgeries_19_23.png,0,skilled_forgery,19,19
D:\GitHub\Do_an_tot_nghiep\data\processed\full_org\original_45_16.png,D:\GitHub\Do_an_tot_nghiep\data\processed\full_org\original_45_9.png,1,genuine_genuine,45,45
D:\GitHub\Do_an_tot_nghiep\data\processed\full_org\original_51_10.png,D:\GitHub\Do_an_tot_nghiep\data\processed\full_forg\forgeries_51_16.png,0,skilled_forgery,51,51
D:\GitHub\Do_an_tot_nghiep\data\processed\full_org\original_3_7.png,D:\GitHub\Do_an_tot_nghiep\data\processed\full_org\original_3_9.png,1,genuine_genuine,3,3
D:\GitHub\Do_an_tot_nghiep\data\processed\full_org\original_12_7.png,D:\GitHub\Do_an_tot_nghiep\data\processed\full_forg\forgeries_12_21.png,0,skilled_forgery,12,12
D:\GitHub\Do_an_tot_nghiep\data\processed\full_org\original_51_19.png,D:\GitHub\Do_an_tot_nghiep\data\processed\full_org\original_51_9.png,1,genuine_genuine,51,51
D:\GitHub\Do_an_tot_nghiep\data\processed\full_org\original_30_6.png,D:\GitHub\Do_an_tot_nghiep\data\processed\full_forg\forgeries_30_2.png,0,skilled_forgery,30,30
D:\GitHub\Do_an_tot_nghiep\data\processed\full_org\original_18_18.png,D:\GitHub\Do_an_tot_nghiep\data\processed\full_org\original_5_22.png,0,random_forgery,18,5
D:\GitHub\Do_an_tot_nghiep\data\processed\full_org\original_29_11.png,D:\GitHub\Do_an_tot_nghiep\data\processed\full_org\original_29_9.png,1,genuine_genuine,29,29
D:\GitHub\Do_an_tot_nghiep\data\processed\full_org\original_16_10.png,D:\GitHub\Do_an_tot_nghiep\data\processed\full_org\original_16_17.png,1,genuine_genuine,16,16
D:\GitHub\Do_an_tot_nghiep\data\processed\full_org\original_3_1.png,D:\GitHub\Do_an_tot_nghiep\data\processed\full_org\original_3_22.png,1,genuine_genuine,3,3
D:\GitHub\Do_an_tot_nghiep\data\processed\full_org\original_11_3.png,D:\GitHub\Do_an_tot_nghiep\data\processed\full_forg\forgeries_11_20.png,0,skilled_forgery,11,11
D:\GitHub\Do_an_tot_nghiep\data\processed\full_org\original_49_3.png,D:\GitHub\Do_an_tot_nghiep\data\processed\full_org\original_31_12.png,0,random_forgery,49,31
D:\GitHub\Do_an_tot_nghiep\data\processed\full_org\original_49_1.png,D:\GitHub\Do_an_tot_nghiep\data\processed\full_org\original_49_3.png,1,genuine_genuine,49,49
D:\GitHub\Do_an_tot_nghiep\data\processed\full_org\original_55_10.png,D:\GitHub\Do_an_tot_nghiep\data\processed\full_org\original_55_8.png,1,genuine_genuine,55,55
D:\GitHub\Do_an_tot_nghiep\data\processed\full_org\original_11_4.png,D:\GitHub\Do_an_tot_nghiep\data\processed\full_org\original_11_6.png,1,genuine_genuine,11,11
D:\GitHub\Do_an_tot_nghiep\data\processed\full_org\original_5_1.png,D:\GitHub\Do_an_tot_nghiep\data\processed\full_forg\forgeries_5_8.png,0,skilled_forgery,5,5
D:\GitHub\Do_an_tot_nghiep\data\processed\full_org\original_4_8.png,D:\GitHub\Do_an_tot_nghiep\data\processed\full_forg\forgeries_4_23.png,0,skilled_forgery,4,4
D:\GitHub\Do_an_tot_nghiep\data\processed\full_org\original_43_13.png,D:\GitHub\Do_an_tot_nghiep\data\processed\full_org\original_43_20.png,1,genuine_genuine,43,43
D:\GitHub\Do_an_tot_nghiep\data\processed\full_org\original_46_20.png,D:\GitHub\Do_an_tot_nghiep\data\processed\full_org\original_53_3.png,0,random_forgery,46,53
D:\GitHub\Do_an_tot_nghiep\data\processed\full_org\original_45_4.png,D:\GitHub\Do_an_tot_nghiep\data\processed\full_forg\forgeries_45_3.png,0,skilled_forgery,45,45
D:\GitHub\Do_an_tot_nghiep\data\processed\full_org\original_46_23.png,D:\GitHub\Do_an_tot_nghiep\data\processed\full_org\original_46_24.png,1,genuine_genuine,46,46
D:\GitHub\Do_an_tot_nghiep\data\processed\full_org\original_1_23.png,D:\GitHub\Do_an_tot_nghiep\data\processed\full_forg\forgeries_1_18.png,0,skilled_forgery,1,1
D:\GitHub\Do_an_tot_nghiep\data\processed\full_org\original_51_3.png,D:\GitHub\Do_an_tot_nghiep\data\processed\full_forg\forgeries_51_21.png,0,skilled_forgery,51,51
D:\GitHub\Do_an_tot_nghiep\data\processed\full_org\original_17_18.png,D:\GitHub\Do_an_tot_nghiep\data\processed\full_org\original_28_6.png,0,random_forgery,17,28
D:\GitHub\Do_an_tot_nghiep\data\processed\full_org\original_16_11.png,D:\GitHub\Do_an_tot_nghiep\data\processed\full_forg\forgeries_16_8.png,0,skilled_forgery,16,16
D:\GitHub\Do_an_tot_nghiep\data\processed\full_org\original_12_13.png,D:\GitHub\Do_an_tot_nghiep\data\processed\full_forg\forgeries_12_7.png,0,skilled_forgery,12,12
D:\GitHub\Do_an_tot_nghiep\data\processed\full_org\original_21_16.png,D:\GitHub\Do_an_tot_nghiep\data\processed\full_org\original_21_7.png,1,genuine_genuine,21,21
D:\GitHub\Do_an_tot_nghiep\data\processed\full_org\original_19_17.png,D:\GitHub\Do_an_tot_nghiep\data\processed\full_org\original_19_18.png,1,genuine_genuine,19,19
D:\GitHub\Do_an_tot_nghiep\data\processed\full_org\original_1_5.png,D:\GitHub\Do_an_tot_nghiep\data\processed\full_org\original_1_6.png,1,genuine_genuine,1,1
D:\GitHub\Do_an_tot_nghiep\data\processed\full_org\original_25_22.png,D:\GitHub\Do_an_tot_nghiep\data\processed\full_org\original_12_14.png,0,random_forgery,25,12
D:\GitHub\Do_an_tot_nghiep\data\processed\full_org\original_37_14.png,D:\GitHub\Do_an_tot_nghiep\data\processed\full_org\original_37_23.png,1,genuine_genuine,37,37
D:\GitHub\Do_an_tot_nghiep\data\processed\full_org\original_53_1.png,D:\GitHub\Do_an_tot_nghiep\data\processed\full_forg\forgeries_53_20.png,0,skilled_forgery,53,53
D:\GitHub\Do_an_tot_nghiep\data\processed\full_org\original_38_15.png,D:\GitHub\Do_an_tot_nghiep\data\processed\full_org\original_51_11.png,0,random_forgery,38,51
D:\GitHub\Do_an_tot_nghiep\data\processed\full_org\original_18_20.png,D:\GitHub\Do_an_tot_nghiep\data\processed\full_forg\forgeries_18_11.png,0,skilled_forgery,18,18
D:\GitHub\Do_an_tot_nghiep\data\processed\full_org\original_16_8.png,D:\GitHub\Do_an_tot_nghiep\data\processed\full_org\original_16_9.png,1,genuine_genuine,16,16
D:\GitHub\Do_an_tot_nghiep\data\processed\full_org\original_11_17.png,D:\GitHub\Do_an_tot_nghiep\data\processed\full_org\original_24_2.png,0,random_forgery,11,24
D:\GitHub\Do_an_tot_nghiep\data\processed\full_org\original_28_20.png,D:\GitHub\Do_an_tot_nghiep\data\processed\full_org\original_28_7.png,1,genuine_genuine,28,28
D:\GitHub\Do_an_tot_nghiep\data\processed\full_org\original_37_21.png,D:\GitHub\Do_an_tot_nghiep\data\processed\full_forg\forgeries_37_18.png,0,skilled_forgery,37,37
D:\GitHub\Do_an_tot_nghiep\data\processed\full_org\original_40_12.png,D:\GitHub\Do_an_tot_nghiep\data\processed\full_org\original_40_17.png,1,genuine_genuine,40,40
D:\GitHub\Do_an_tot_nghiep\data\processed\full_org\original_37_24.png,D:\GitHub\Do_an_tot_nghiep\data\processed\full_forg\forgeries_37_12.png,0,skilled_forgery,37,37
D:\GitHub\Do_an_tot_nghiep\data\processed\full_org\original_34_5.png,D:\GitHub\Do_an_tot_nghiep\data\processed\full_org\original_46_5.png,0,random_forgery,34,46
D:\GitHub\Do_an_tot_nghiep\data\processed\full_org\original_19_9.png,D:\GitHub\Do_an_tot_nghiep\data\processed\full_forg\forgeries_19_23.png,0,skilled_forgery,19,19
D:\GitHub\Do_an_tot_nghiep\data\processed\full_org\original_10_10.png,D:\GitHub\Do_an_tot_nghiep\data\processed\full_forg\forgeries_10_7.png,0,skilled_forgery,10,10
D:\GitHub\Do_an_tot_nghiep\data\processed\full_org\original_1_14.png,D:\GitHub\Do_an_tot_nghiep\data\processed\full_forg\forgeries_1_5.png,0,skilled_forgery,1,1
D:\GitHub\Do_an_tot_nghiep\data\processed\full_org\original_16_16.png,D:\GitHub\Do_an_tot_nghiep\data\processed\full_forg\forgeries_16_4.png,0,skilled_forgery,16,16
D:\GitHub\Do_an_tot_nghiep\data\processed\full_org\original_30_5.png,D:\GitHub\Do_an_tot_nghiep\data\processed\full_org\original_53_17.png,0,random_forgery,30,53
D:\GitHub\Do_an_tot_nghiep\data\processed\full_org\original_43_23.png,D:\GitHub\Do_an_tot_nghiep\data\processed\full_forg\forgeries_43_10.png,0,skilled_forgery,43,43
D:\GitHub\Do_an_tot_nghiep\data\processed\full_org\original_29_14.png,D:\GitHub\Do_an_tot_nghiep\data\processed\full_org\original_29_24.png,1,genuine_genuine,29,29
D:\GitHub\Do_an_tot_nghiep\data\processed\full_org\original_16_13.png,D:\GitHub\Do_an_tot_nghiep\data\processed\full_org\original_16_23.png,1,genuine_genuine,16,16
D:\GitHub\Do_an_tot_nghiep\data\processed\full_org\original_19_17.png,D:\GitHub\Do_an_tot_nghiep\data\processed\full_org\original_19_9.png,1,genuine_genuine,19,19
D:\GitHub\Do_an_tot_nghiep\data\processed\full_org\original_19_13.png,D:\GitHub\Do_an_tot_nghiep\data\processed\full_forg\forgeries_19_6.png,0,skilled_forgery,19,19
D:\GitHub\Do_an_tot_nghiep\data\processed\full_org\original_39_22.png,D:\GitHub\Do_an_tot_nghiep\data\processed\full_org\original_39_4.png,1,genuine_genuine,39,39
D:\GitHub\Do_an_tot_nghiep\data\processed\full_org\original_30_17.png,D:\GitHub\Do_an_tot_nghiep\data\processed\full_org\original_30_7.png,1,genuine_genuine,30,30
D:\GitHub\Do_an_tot_nghiep\data\processed\full_org\original_17_13.png,D:\GitHub\Do_an_tot_nghiep\data\processed\full_forg\forgeries_17_1.png,0,skilled_forgery,17,17
D:\GitHub\Do_an_tot_nghiep\data\processed\full_org\original_43_2.png,D:\GitHub\Do_an_tot_nghiep\data\processed\full_org\original_43_9.png,1,genuine_genuine,43,43
D:\GitHub\Do_an_tot_nghiep\data\processed\full_org\original_5_24.png,D:\GitHub\Do_an_tot_nghiep\data\processed\full_org\original_19_12.png,0,random_forgery,5,19
D:\GitHub\Do_an_tot_nghiep\data\processed\full_org\original_39_16.png,D:\GitHub\Do_an_tot_nghiep\data\processed\full_forg\forgeries_39_10.png,0,skilled_forgery,39,39
D:\GitHub\Do_an_tot_nghiep\data\processed\full_org\original_37_17.png,D:\GitHub\Do_an_tot_nghiep\data\processed\full_forg\forgeries_37_19.png,0,skilled_forgery,37,37
D:\GitHub\Do_an_tot_nghiep\data\processed\full_org\original_1_3.png,D:\GitHub\Do_an_tot_nghiep\data\processed\full_org\original_1_7.png,1,genuine_genuine,1,1
D:\GitHub\Do_an_tot_nghiep\data\processed\full_org\original_11_9.png,D:\GitHub\Do_an_tot_nghiep\data\processed\full_org\original_36_24.png,0,random_forgery,11,36
D:\GitHub\Do_an_tot_nghiep\data\processed\full_org\original_1_13.png,D:\GitHub\Do_an_tot_nghiep\data\processed\full_org\original_1_7.png,1,genuine_genuine,1,1
D:\GitHub\Do_an_tot_nghiep\data\processed\full_org\original_46_10.png,D:\GitHub\Do_an_tot_nghiep\data\processed\full_forg\forgeries_46_10.png,0,skilled_forgery,46,46
D:\GitHub\Do_an_tot_nghiep\data\processed\full_org\original_53_2.png,D:\GitHub\Do_an_tot_nghiep\data\processed\full_org\original_53_8.png,1,genuine_genuine,53,53
D:\GitHub\Do_an_tot_nghiep\data\processed\full_org\original_45_24.png,D:\GitHub\Do_an_tot_nghiep\data\processed\full_forg\forgeries_45_13.png,0,skilled_forgery,45,45
D:\GitHub\Do_an_tot_nghiep\data\processed\full_org\original_10_14.png,D:\GitHub\Do_an_tot_nghiep\data\processed\full_org\original_10_15.png,1,genuine_genuine,10,10
D:\GitHub\Do_an_tot_nghiep\data\processed\full_org\original_38_1.png,D:\GitHub\Do_an_tot_nghiep\data\processed\full_forg\forgeries_38_1.png,0,skilled_forgery,38,38
D:\GitHub\Do_an_tot_nghiep\data\processed\full_org\original_17_22.png,D:\GitHub\Do_an_tot_nghiep\data\processed\full_org\original_17_4.png,1,genuine_genuine,17,17
D:\GitHub\Do_an_tot_nghiep\data\processed\full_org\original_29_14.png,D:\GitHub\Do_an_tot_nghiep\data\processed\full_forg\forgeries_29_21.png,0,skilled_forgery,29,29
D:\GitHub\Do_an_tot_nghiep\data\processed\full_org\original_29_19.png,D:\GitHub\Do_an_tot_nghiep\data\processed\full_org\original_47_17.png,0,random_forgery,29,47
D:\GitHub\Do_an_tot_nghiep\data\processed\full_org\original_10_24.png,D:\GitHub\Do_an_tot_nghiep\data\processed\full_org\original_10_6.png,1,genuine_genuine,10,10
D:\GitHub\Do_an_tot_nghiep\data\processed\full_org\original_45_11.png,D:\GitHub\Do_an_tot_nghiep\data\processed\full_org\original_45_5.png,1,genuine_genuine,45,45
D:\GitHub\Do_an_tot_nghiep\data\processed\full_org\original_28_11.png,D:\GitHub\Do_an_tot_nghiep\data\processed\full_org\original_28_18.png,1,genuine_genuine,28,28
D:\GitHub\Do_an_tot_nghiep\data\processed\full_org\original_55_10.png,D:\GitHub\Do_an_tot_nghiep\data\processed\full_org\original_55_5.png,1,genuine_genuine,55,55
D:\GitHub\Do_an_tot_nghiep\data\processed\full_org\original_4_9.png,D:\GitHub\Do_an_tot_nghiep\data\processed\full_forg\forgeries_4_2.png,0,skilled_forgery,4,4
D:\GitHub\Do_an_tot_nghiep\data\processed\full_org\original_12_16.png,D:\GitHub\Do_an_tot_nghiep\data\processed\full_org\original_46_19.png,0,random_forgery,12,46
D:\GitHub\Do_an_tot_nghiep\data\processed\full_org\original_24_18.png,D:\GitHub\Do_an_tot_nghiep\data\processed\full_org\original_24_22.png,1,genuine_genuine,24,24
D:\GitHub\Do_an_tot_nghiep\data\processed\full_org\original_39_19.png,D:\GitHub\Do_an_tot_nghiep\data\processed\full_org\original_39_7.png,1,genuine_genuine,39,39
D:\GitHub\Do_an_tot_nghiep\data\processed\full_org\original_3_22.png,D:\GitHub\Do_an_tot_nghiep\data\processed\full_forg\forgeries_3_3.png,0,skilled_forgery,3,3
D:\GitHub\Do_an_tot_nghiep\data\processed\full_org\original_47_16.png,D:\GitHub\Do_an_tot_nghiep\data\processed\full_org\original_47_6.png,1,genuine_genuine,47,47
D:\GitHub\Do_an_tot_nghiep\data\processed\full_org\original_26_8.png,D:\GitHub\Do_an_tot_nghiep\data\processed\full_org\original_3_8.png,0,random_forgery,26,3
D:\GitHub\Do_an_tot_nghiep\data\processed\full_org\original_46_15.png,D:\GitHub\Do_an_tot_nghiep\data\processed\full_org\original_46_7.png,1,genuine_genuine,46,46
D:\GitHub\Do_an_tot_nghiep\data\processed\full_org\original_11_22.png,D:\GitHub\Do_an_tot_nghiep\data\processed\full_org\original_11_23.png,1,genuine_genuine,11,11
D:\GitHub\Do_an_tot_nghiep\data\processed\full_org\original_43_22.png,D:\GitHub\Do_an_tot_nghiep\data\processed\full_org\original_43_3.png,1,genuine_genuine,43,43
D:\GitHub\Do_an_tot_nghiep\data\processed\full_org\original_53_24.png,D:\GitHub\Do_an_tot_nghiep\data\processed\full_forg\forgeries_53_16.png,0,skilled_forgery,53,53
D:\GitHub\Do_an_tot_nghiep\data\processed\full_org\original_22_13.png,D:\GitHub\Do_an_tot_nghiep\data\processed\full_forg\forgeries_22_2.png,0,skilled_forgery,22,22
D:\GitHub\Do_an_tot_nghiep\data\processed\full_org\original_10_9.png,D:\GitHub\Do_an_tot_nghiep\data\processed\full_forg\forgeries_10_24.png,0,skilled_forgery,10,10
D:\GitHub\Do_an_tot_nghiep\data\processed\full_org\original_55_23.png,D:\GitHub\Do_an_tot_nghiep\data\processed\full_org\original_55_6.png,1,genuine_genuine,55,55
D:\GitHub\Do_an_tot_nghiep\data\processed\full_org\original_28_10.png,D:\GitHub\Do_an_tot_nghiep\data\processed\full_forg\forgeries_28_3.png,0,skilled_forgery,28,28
D:\GitHub\Do_an_tot_nghiep\data\processed\full_org\original_29_10.png,D:\GitHub\Do_an_tot_nghiep\data\processed\full_org\original_29_17.png,1,genuine_genuine,29,29
D:\GitHub\Do_an_tot_nghiep\data\processed\full_org\original_31_13.png,D:\GitHub\Do_an_tot_nghiep\data\processed\full_forg\forgeries_31_23.png,0,skilled_forgery,31,31
D:\GitHub\Do_an_tot_nghiep\data\processed\full_org\original_3_3.png,D:\GitHub\Do_an_tot_nghiep\data\processed\full_org\original_3_5.png,1,genuine_genuine,3,3
D:\GitHub\Do_an_tot_nghiep\data\processed\full_org\original_55_11.png,D:\GitHub\Do_an_tot_nghiep\data\processed\full_forg\forgeries_55_2.png,0,skilled_forgery,55,55
D:\GitHub\Do_an_tot_nghiep\data\processed\full_org\original_31_13.png,D:\GitHub\Do_an_tot_nghiep\data\processed\full_org\original_31_16.png,1,genuine_genuine,31,31
D:\GitHub\Do_an_tot_nghiep\data\processed\full_org\original_46_10.png,D:\GitHub\Do_an_tot_nghiep\data\processed\full_forg\forgeries_46_17.png,0,skilled_forgery,46,46
D:\GitHub\Do_an_tot_nghiep\data\processed\full_org\original_17_21.png,D:\GitHub\Do_an_tot_nghiep\data\processed\full_org\original_31_22.png,0,random_forgery,17,31
D:\GitHub\Do_an_tot_nghiep\data\processed\full_org\original_55_14.png,D:\GitHub\Do_an_tot_nghiep\data\processed\full_forg\forgeries_55_24.png,0,skilled_forgery,55,55
D:\GitHub\Do_an_tot_nghiep\data\processed\full_org\original_3_3.png,D:\GitHub\Do_an_tot_nghiep\data\processed\full_org\original_12_24.png,0,random_forgery,3,12
D:\GitHub\Do_an_tot_nghiep\data\processed\full_org\original_19_10.png,D:\GitHub\Do_an_tot_nghiep\data\processed\full_org\original_19_16.png,1,genuine_genuine,19,19
D:\GitHub\Do_an_tot_nghiep\data\processed\full_org\original_17_14.png,D:\GitHub\Do_an_tot_nghiep\data\processed\full_org\original_47_5.png,0,random_forgery,17,47
D:\GitHub\Do_an_tot_nghiep\data\processed\full_org\original_11_18.png,D:\GitHub\Do_an_tot_nghiep\data\processed\full_org\original_17_10.png,0,random_forgery,11,17
D:\GitHub\Do_an_tot_nghiep\data\processed\full_org\original_11_22.png,D:\GitHub\Do_an_tot_nghiep\data\processed\full_org\original_11_8.png,1,genuine_genuine,11,11
D:\GitHub\Do_an_tot_nghiep\data\processed\full_org\original_3_13.png,D:\GitHub\Do_an_tot_nghiep\data\processed\full_org\original_39_11.png,0,random_forgery,3,39
D:\GitHub\Do_an_tot_nghiep\data\processed\full_org\original_5_2.png,D:\GitHub\Do_an_tot_nghiep\data\processed\full_org\original_5_4.png,1,genuine_genuine,5,5
D:\GitHub\Do_an_tot_nghiep\data\processed\full_org\original_39_19.png,D:\GitHub\Do_an_tot_nghiep\data\processed\full_forg\forgeries_39_2.png,0,skilled_forgery,39,39
D:\GitHub\Do_an_tot_nghiep\data\processed\full_org\original_53_18.png,D:\GitHub\Do_an_tot_nghiep\data\processed\full_org\original_53_19.png,1,genuine_genuine,53,53
D:\GitHub\Do_an_tot_nghiep\data\processed\full_org\original_18_16.png,D:\GitHub\Do_an_tot_nghiep\data\processed\full_forg\forgeries_18_12.png,0,skilled_forgery,18,18
D:\GitHub\Do_an_tot_nghiep\data\processed\full_org\original_53_3.png,D:\GitHub\Do_an_tot_nghiep\data\processed\full_forg\forgeries_53_19.png,0,skilled_forgery,53,53
D:\GitHub\Do_an_tot_nghiep\data\processed\full_org\original_53_20.png,D:\GitHub\Do_an_tot_nghiep\data\processed\full_forg\forgeries_53_3.png,0,skilled_forgery,53,53
D:\GitHub\Do_an_tot_nghiep\data\processed\full_org\original_39_9.png,D:\GitHub\Do_an_tot_nghiep\data\processed\full_forg\forgeries_39_11.png,0,skilled_forgery,39,39
D:\GitHub\Do_an_tot_nghiep\data\processed\full_org\original_18_18.png,D:\GitHub\Do_an_tot_nghiep\data\processed\full_forg\forgeries_18_16.png,0,skilled_forgery,18,18
D:\GitHub\Do_an_tot_nghiep\data\processed\full_org\original_39_18.png,D:\GitHub\Do_an_tot_nghiep\data\processed\full_org\original_39_2.png,1,genuine_genuine,39,39
D:\GitHub\Do_an_tot_nghiep\data\processed\full_org\original_36_17.png,D:\GitHub\Do_an_tot_nghiep\data\processed\full_org\original_36_5.png,1,genuine_genuine,36,36
D:\GitHub\Do_an_tot_nghiep\data\processed\full_org\original_21_1.png,D:\GitHub\Do_an_tot_nghiep\data\processed\full_forg\forgeries_21_8.png,0,skilled_forgery,21,21
D:\GitHub\Do_an_tot_nghiep\data\processed\full_org\original_1_11.png,D:\GitHub\Do_an_tot_nghiep\data\processed\full_org\original_1_18.png,1,genuine_genuine,1,1
D:\GitHub\Do_an_tot_nghiep\data\processed\full_org\original_49_14.png,D:\GitHub\Do_an_tot_nghiep\data\processed\full_org\original_49_8.png,1,genuine_genuine,49,49
D:\GitHub\Do_an_tot_nghiep\data\processed\full_org\original_55_10.png,D:\GitHub\Do_an_tot_nghiep\data\processed\full_forg\forgeries_55_11.png,0,skilled_forgery,55,55
D:\GitHub\Do_an_tot_nghiep\data\processed\full_org\original_10_22.png,D:\GitHub\Do_an_tot_nghiep\data\processed\full_forg\forgeries_10_7.png,0,skilled_forgery,10,10
D:\GitHub\Do_an_tot_nghiep\data\processed\full_org\original_11_15.png,D:\GitHub\Do_an_tot_nghiep\data\processed\full_forg\forgeries_11_7.png,0,skilled_forgery,11,11
D:\GitHub\Do_an_tot_nghiep\data\processed\full_org\original_49_11.png,D:\GitHub\Do_an_tot_nghiep\data\processed\full_forg\forgeries_49_16.png,0,skilled_forgery,49,49
D:\GitHub\Do_an_tot_nghiep\data\processed\full_org\original_47_14.png,D:\GitHub\Do_an_tot_nghiep\data\processed\full_forg\forgeries_47_24.png,0,skilled_forgery,47,47
D:\GitHub\Do_an_tot_nghiep\data\processed\full_org\original_49_2.png,D:\GitHub\Do_an_tot_nghiep\data\processed\full_org\original_51_17.png,0,random_forgery,49,51
D:\GitHub\Do_an_tot_nghiep\data\processed\full_org\original_25_10.png,D:\GitHub\Do_an_tot_nghiep\data\processed\full_org\original_25_2.png,1,genuine_genuine,25,25
D:\GitHub\Do_an_tot_nghiep\data\processed\full_org\original_17_13.png,D:\GitHub\Do_an_tot_nghiep\data\processed\full_forg\forgeries_17_24.png,0,skilled_forgery,17,17
D:\GitHub\Do_an_tot_nghiep\data\processed\full_org\original_46_15.png,D:\GitHub\Do_an_tot_nghiep\data\processed\full_org\original_46_19.png,1,genuine_genuine,46,46
D:\GitHub\Do_an_tot_nghiep\data\processed\full_org\original_37_3.png,D:\GitHub\Do_an_tot_nghiep\data\processed\full_org\original_37_6.png,1,genuine_genuine,37,37
D:\GitHub\Do_an_tot_nghiep\data\processed\full_org\original_12_10.png,D:\GitHub\Do_an_tot_nghiep\data\processed\full_org\original_31_22.png,0,random_forgery,12,31
D:\GitHub\Do_an_tot_nghiep\data\processed\full_org\original_4_13.png,D:\GitHub\Do_an_tot_nghiep\data\processed\full_org\original_4_6.png,1,genuine_genuine,4,4
D:\GitHub\Do_an_tot_nghiep\data\processed\full_org\original_31_5.png,D:\GitHub\Do_an_tot_nghiep\data\processed\full_forg\forgeries_31_1.png,0,skilled_forgery,31,31
D:\GitHub\Do_an_tot_nghiep\data\processed\full_org\original_28_18.png,D:\GitHub\Do_an_tot_nghiep\data\processed\full_org\original_30_5.png,0,random_forgery,28,30
D:\GitHub\Do_an_tot_nghiep\data\processed\full_org\original_38_5.png,D:\GitHub\Do_an_tot_nghiep\data\processed\full_org\original_26_13.png,0,random_forgery,38,26
D:\GitHub\Do_an_tot_nghiep\data\processed\full_org\original_55_15.png,D:\GitHub\Do_an_tot_nghiep\data\processed\full_forg\forgeries_55_19.png,0,skilled_forgery,55,55
D:\GitHub\Do_an_tot_nghiep\data\processed\full_org\original_36_11.png,D:\GitHub\Do_an_tot_nghiep\data\processed\full_forg\forgeries_36_22.png,0,skilled_forgery,36,36
D:\GitHub\Do_an_tot_nghiep\data\processed\full_org\original_31_17.png,D:\GitHub\Do_an_tot_nghiep\data\processed\full_org\original_45_23.png,0,random_forgery,31,45
D:\GitHub\Do_an_tot_nghiep\data\processed\full_org\original_26_12.png,D:\GitHub\Do_an_tot_nghiep\data\processed\full_org\original_7_9.png,0,random_forgery,26,7
D:\GitHub\Do_an_tot_nghiep\data\processed\full_org\original_43_11.png,D:\GitHub\Do_an_tot_nghiep\data\processed\full_org\original_51_22.png,0,random_forgery,43,51
D:\GitHub\Do_an_tot_nghiep\data\processed\full_org\original_18_18.png,D:\GitHub\Do_an_tot_nghiep\data\processed\full_forg\forgeries_18_9.png,0,skilled_forgery,18,18
D:\GitHub\Do_an_tot_nghiep\data\processed\full_org\original_7_22.png,D:\GitHub\Do_an_tot_nghiep\data\processed\full_forg\forgeries_7_19.png,0,skilled_forgery,7,7
D:\GitHub\Do_an_tot_nghiep\data\processed\full_org\original_17_21.png,D:\GitHub\Do_an_tot_nghiep\data\processed\full_forg\forgeries_17_21.png,0,skilled_forgery,17,17
D:\GitHub\Do_an_tot_nghiep\data\processed\full_org\original_55_7.png,D:\GitHub\Do_an_tot_nghiep\data\processed\full_forg\forgeries_55_7.png,0,skilled_forgery,55,55
D:\GitHub\Do_an_tot_nghiep\data\processed\full_org\original_43_20.png,D:\GitHub\Do_an_tot_nghiep\data\processed\full_org\original_43_21.png,1,genuine_genuine,43,43
D:\GitHub\Do_an_tot_nghiep\data\processed\full_org\original_53_14.png,D:\GitHub\Do_an_tot_nghiep\data\processed\full_forg\forgeries_53_20.png,0,skilled_forgery,53,53
D:\GitHub\Do_an_tot_nghiep\data\processed\full_org\original_11_11.png,D:\GitHub\Do_an_tot_nghiep\data\processed\full_org\original_11_23.png,1,genuine_genuine,11,11
D:\GitHub\Do_an_tot_nghiep\data\processed\full_org\original_51_10.png,D:\GitHub\Do_an_tot_nghiep\data\processed\full_forg\forgeries_51_19.png,0,skilled_forgery,51,51
D:\GitHub\Do_an_tot_nghiep\data\processed\full_org\original_21_10.png,D:\GitHub\Do_an_tot_nghiep\data\processed\full_org\original_21_23.png,1,genuine_genuine,21,21
D:\GitHub\Do_an_tot_nghiep\data\processed\full_org\original_19_17.png,D:\GitHub\Do_an_tot_nghiep\data\processed\full_forg\forgeries_19_8.png,0,skilled_forgery,19,19
D:\GitHub\Do_an_tot_nghiep\data\processed\full_org\original_24_19.png,D:\GitHub\Do_an_tot_nghiep\data\processed\full_org\original_24_4.png,1,genuine_genuine,24,24
D:\GitHub\Do_an_tot_nghiep\data\processed\full_org\original_49_2.png,D:\GitHub\Do_an_tot_nghiep\data\processed\full_forg\forgeries_49_16.png,0,skilled_forgery,49,49
D:\GitHub\Do_an_tot_nghiep\data\processed\full_org\original_25_6.png,D:\GitHub\Do_an_tot_nghiep\data\processed\full_org\original_25_8.png,1,genuine_genuine,25,25
D:\GitHub\Do_an_tot_nghiep\data\processed\full_org\original_55_14.png,D:\GitHub\Do_an_tot_nghiep\data\processed\full_org\original_55_6.png,1,genuine_genuine,55,55
D:\GitHub\Do_an_tot_nghiep\data\processed\full_org\original_22_13.png,D:\GitHub\Do_an_tot_nghiep\data\processed\full_org\original_22_18.png,1,genuine_genuine,22,22
D:\GitHub\Do_an_tot_nghiep\data\processed\full_org\original_53_7.png,D:\GitHub\Do_an_tot_nghiep\data\processed\full_forg\forgeries_53_1.png,0,skilled_forgery,53,53
D:\GitHub\Do_an_tot_nghiep\data\processed\full_org\original_45_15.png,D:\GitHub\Do_an_tot_nghiep\data\processed\full_forg\forgeries_45_24.png,0,skilled_forgery,45,45
D:\GitHub\Do_an_tot_nghiep\data\processed\full_org\original_26_11.png,D:\GitHub\Do_an_tot_nghiep\data\processed\full_org\original_26_17.png,1,genuine_genuine,26,26
D:\GitHub\Do_an_tot_nghiep\data\processed\full_org\original_3_17.png,D:\GitHub\Do_an_tot_nghiep\data\processed\full_forg\forgeries_3_10.png,0,skilled_forgery,3,3
D:\GitHub\Do_an_tot_nghiep\data\processed\full_org\original_28_20.png,D:\GitHub\Do_an_tot_nghiep\data\processed\full_org\original_28_8.png,1,genuine_genuine,28,28
D:\GitHub\Do_an_tot_nghiep\data\processed\full_org\original_17_7.png,D:\GitHub\Do_an_tot_nghiep\data\processed\full_forg\forgeries_17_21.png,0,skilled_forgery,17,17
D:\GitHub\Do_an_tot_nghiep\data\processed\full_org\original_45_13.png,D:\GitHub\Do_an_tot_nghiep\data\processed\full_forg\forgeries_45_9.png,0,skilled_forgery,45,45
D:\GitHub\Do_an_tot_nghiep\data\processed\full_org\original_55_1.png,D:\GitHub\Do_an_tot_nghiep\data\processed\full_org\original_55_11.png,1,genuine_genuine,55,55
D:\GitHub\Do_an_tot_nghiep\data\processed\full_org\original_16_6.png,D:\GitHub\Do_an_tot_nghiep\data\processed\full_forg\forgeries_16_23.png,0,skilled_forgery,16,16
D:\GitHub\Do_an_tot_nghiep\data\processed\full_org\original_30_20.png,D:\GitHub\Do_an_tot_nghiep\data\processed\full_org\original_30_21.png,1,genuine_genuine,30,30
D:\GitHub\Do_an_tot_nghiep\data\processed\full_org\original_46_14.png,D:\GitHub\Do_an_tot_nghiep\data\processed\full_forg\forgeries_46_21.png,0,skilled_forgery,46,46
D:\GitHub\Do_an_tot_nghiep\data\processed\full_org\original_29_23.png,D:\GitHub\Do_an_tot_nghiep\data\processed\full_org\original_34_21.png,0,random_forgery,29,34
D:\GitHub\Do_an_tot_nghiep\data\processed\full_org\original_36_19.png,D:\GitHub\Do_an_tot_nghiep\data\processed\full_org\original_36_21.png,1,genuine_genuine,36,36
D:\GitHub\Do_an_tot_nghiep\data\processed\full_org\original_1_7.png,D:\GitHub\Do_an_tot_nghiep\data\processed\full_org\original_47_1.png,0,random_forgery,1,47
D:\GitHub\Do_an_tot_nghiep\data\processed\full_org\original_51_8.png,D:\GitHub\Do_an_tot_nghiep\data\processed\full_org\original_26_12.png,0,random_forgery,51,26
D:\GitHub\Do_an_tot_nghiep\data\processed\full_org\original_39_19.png,D:\GitHub\Do_an_tot_nghiep\data\processed\full_forg\forgeries_39_6.png,0,skilled_forgery,39,39
D:\GitHub\Do_an_tot_nghiep\data\processed\full_org\original_4_10.png,D:\GitHub\Do_an_tot_nghiep\data\processed\full_forg\forgeries_4_13.png,0,skilled_forgery,4,4
D:\GitHub\Do_an_tot_nghiep\data\processed\full_org\original_3_15.png,D:\GitHub\Do_an_tot_nghiep\data\processed\full_org\original_3_8.png,1,genuine_genuine,3,3
D:\GitHub\Do_an_tot_nghiep\data\processed\full_org\original_24_13.png,D:\GitHub\Do_an_tot_nghiep\data\processed\full_forg\forgeries_24_5.png,0,skilled_forgery,24,24
D:\GitHub\Do_an_tot_nghiep\data\processed\full_org\original_24_4.png,D:\GitHub\Do_an_tot_nghiep\data\processed\full_forg\forgeries_24_22.png,0,skilled_forgery,24,24
D:\GitHub\Do_an_tot_nghiep\data\processed\full_org\original_26_7.png,D:\GitHub\Do_an_tot_nghiep\data\processed\full_forg\forgeries_26_13.png,0,skilled_forgery,26,26
D:\GitHub\Do_an_tot_nghiep\data\processed\full_org\original_10_12.png,D:\GitHub\Do_an_tot_nghiep\data\processed\full_org\original_28_11.png,0,random_forgery,10,28
D:\GitHub\Do_an_tot_nghiep\data\processed\full_org\original_11_1.png,D:\GitHub\Do_an_tot_nghiep\data\processed\full_org\original_11_20.png,1,genuine_genuine,11,11
D:\GitHub\Do_an_tot_nghiep\data\processed\full_org\original_26_8.png,D:\GitHub\Do_an_tot_nghiep\data\processed\full_org\original_21_17.png,0,random_forgery,26,21
D:\GitHub\Do_an_tot_nghiep\data\processed\full_org\original_34_6.png,D:\GitHub\Do_an_tot_nghiep\data\processed\full_org\original_34_8.png,1,genuine_genuine,34,34
D:\GitHub\Do_an_tot_nghiep\data\processed\full_org\original_34_22.png,D:\GitHub\Do_an_tot_nghiep\data\processed\full_org\original_25_9.png,0,random_forgery,34,25
D:\GitHub\Do_an_tot_nghiep\data\processed\full_org\original_7_14.png,D:\GitHub\Do_an_tot_nghiep\data\processed\full_org\original_7_7.png,1,genuine_genuine,7,7
D:\GitHub\Do_an_tot_nghiep\data\processed\full_org\original_19_10.png,D:\GitHub\Do_an_tot_nghiep\data\processed\full_forg\forgeries_19_2.png,0,skilled_forgery,19,19
D:\GitHub\Do_an_tot_nghiep\data\processed\full_org\original_36_8.png,D:\GitHub\Do_an_tot_nghiep\data\processed\full_forg\forgeries_36_18.png,0,skilled_forgery,36,36
D:\GitHub\Do_an_tot_nghiep\data\processed\full_org\original_45_16.png,D:\GitHub\Do_an_tot_nghiep\data\processed\full_forg\forgeries_45_19.png,0,skilled_forgery,45,45
D:\GitHub\Do_an_tot_nghiep\data\processed\full_org\original_26_23.png,D:\GitHub\Do_an_tot_nghiep\data\processed\full_org\original_19_17.png,0,random_forgery,26,19
D:\GitHub\Do_an_tot_nghiep\data\processed\full_org\original_49_24.png,D:\GitHub\Do_an_tot_nghiep\data\processed\full_forg\forgeries_49_9.png,0,skilled_forgery,49,49
D:\GitHub\Do_an_tot_nghiep\data\processed\full_org\original_31_4.png,D:\GitHub\Do_an_tot_nghiep\data\processed\full_forg\forgeries_31_18.png,0,skilled_forgery,31,31
D:\GitHub\Do_an_tot_nghiep\data\processed\full_org\original_47_15.png,D:\GitHub\Do_an_tot_nghiep\data\processed\full_forg\forgeries_47_4.png,0,skilled_forgery,47,47
D:\GitHub\Do_an_tot_nghiep\data\processed\full_org\original_53_1.png,D:\GitHub\Do_an_tot_nghiep\data\processed\full_org\original_53_8.png,1,genuine_genuine,53,53
D:\GitHub\Do_an_tot_nghiep\data\processed\full_org\original_49_8.png,D:\GitHub\Do_an_tot_nghiep\data\processed\full_org\original_49_9.png,1,genuine_genuine,49,49
D:\GitHub\Do_an_tot_nghiep\data\processed\full_org\original_7_19.png,D:\GitHub\Do_an_tot_nghiep\data\processed\full_forg\forgeries_7_8.png,0,skilled_forgery,7,7
D:\GitHub\Do_an_tot_nghiep\data\processed\full_org\original_37_3.png,D:\GitHub\Do_an_tot_nghiep\data\processed\full_org\original_37_4.png,1,genuine_genuine,37,37
D:\GitHub\Do_an_tot_nghiep\data\processed\full_org\original_22_20.png,D:\GitHub\Do_an_tot_nghiep\data\processed\full_org\original_22_8.png,1,genuine_genuine,22,22
D:\GitHub\Do_an_tot_nghiep\data\processed\full_org\original_46_24.png,D:\GitHub\Do_an_tot_nghiep\data\processed\full_forg\forgeries_46_3.png,0,skilled_forgery,46,46
D:\GitHub\Do_an_tot_nghiep\data\processed\full_org\original_31_19.png,D:\GitHub\Do_an_tot_nghiep\data\processed\full_forg\forgeries_31_15.png,0,skilled_forgery,31,31
D:\GitHub\Do_an_tot_nghiep\data\processed\full_org\original_16_13.png,D:\GitHub\Do_an_tot_nghiep\data\processed\full_org\original_38_14.png,0,random_forgery,16,38
D:\GitHub\Do_an_tot_nghiep\data\processed\full_org\original_55_16.png,D:\GitHub\Do_an_tot_nghiep\data\processed\full_org\original_55_2.png,1,genuine_genuine,55,55
D:\GitHub\Do_an_tot_nghiep\data\processed\full_org\original_11_11.png,D:\GitHub\Do_an_tot_nghiep\data\processed\full_org\original_11_20.png,1,genuine_genuine,11,11
D:\GitHub\Do_an_tot_nghiep\data\processed\full_org\original_37_14.png,D:\GitHub\Do_an_tot_nghiep\data\processed\full_org\original_3_14.png,0,random_forgery,37,3
D:\GitHub\Do_an_tot_nghiep\data\processed\full_org\original_51_13.png,D:\GitHub\Do_an_tot_nghiep\data\processed\full_org\original_51_20.png,1,genuine_genuine,51,51
D:\GitHub\Do_an_tot_nghiep\data\processed\full_org\original_28_12.png,D:\GitHub\Do_an_tot_nghiep\data\processed\full_org\original_31_21.png,0,random_forgery,28,31
D:\GitHub\Do_an_tot_nghiep\data\processed\full_org\original_4_12.png,D:\GitHub\Do_an_tot_nghiep\data\processed\full_forg\forgeries_4_17.png,0,skilled_forgery,4,4
D:\GitHub\Do_an_tot_nghiep\data\processed\full_org\original_26_6.png,D:\GitHub\Do_an_tot_nghiep\data\processed\full_org\original_26_9.png,1,genuine_genuine,26,26
D:\GitHub\Do_an_tot_nghiep\data\processed\full_org\original_24_2.png,D:\GitHub\Do_an_tot_nghiep\data\processed\full_org\original_24_7.png,1,genuine_genuine,24,24
D:\GitHub\Do_an_tot_nghiep\data\processed\full_org\original_34_24.png,D:\GitHub\Do_an_tot_nghiep\data\processed\full_org\original_3_16.png,0,random_forgery,34,3
D:\GitHub\Do_an_tot_nghiep\data\processed\full_org\original_30_1.png,D:\GitHub\Do_an_tot_nghiep\data\processed\full_forg\forgeries_30_10.png,0,skilled_forgery,30,30
D:\GitHub\Do_an_tot_nghiep\data\processed\full_org\original_39_12.png,D:\GitHub\Do_an_tot_nghiep\data\processed\full_org\original_39_18.png,1,genuine_genuine,39,39
D:\GitHub\Do_an_tot_nghiep\data\processed\full_org\original_29_10.png,D:\GitHub\Do_an_tot_nghiep\data\processed\full_org\original_29_8.png,1,genuine_genuine,29,29
D:\GitHub\Do_an_tot_nghiep\data\processed\full_org\original_11_23.png,D:\GitHub\Do_an_tot_nghiep\data\processed\full_forg\forgeries_11_9.png,0,skilled_forgery,11,11
D:\GitHub\Do_an_tot_nghiep\data\processed\full_org\original_55_15.png,D:\GitHub\Do_an_tot_nghiep\data\processed\full_org\original_12_7.png,0,random_forgery,55,12
D:\GitHub\Do_an_tot_nghiep\data\processed\full_org\original_37_9.png,D:\GitHub\Do_an_tot_nghiep\data\processed\full_org\original_21_17.png,0,random_forgery,37,21
D:\GitHub\Do_an_tot_nghiep\data\processed\full_org\original_39_5.png,D:\GitHub\Do_an_tot_nghiep\data\processed\full_org\original_26_13.png,0,random_forgery,39,26
D:\GitHub\Do_an_tot_nghiep\data\processed\full_org\original_53_19.png,D:\GitHub\Do_an_tot_nghiep\data\processed\full_org\original_53_9.png,1,genuine_genuine,53,53
D:\GitHub\Do_an_tot_nghiep\data\processed\full_org\original_30_13.png,D:\GitHub\Do_an_tot_nghiep\data\processed\full_forg\forgeries_30_18.png,0,skilled_forgery,30,30
D:\GitHub\Do_an_tot_nghiep\data\processed\full_org\original_46_12.png,D:\GitHub\Do_an_tot_nghiep\data\processed\full_forg\forgeries_46_13.png,0,skilled_forgery,46,46
D:\GitHub\Do_an_tot_nghiep\data\processed\full_org\original_7_24.png,D:\GitHub\Do_an_tot_nghiep\data\processed\full_org\original_40_17.png,0,random_forgery,7,40
D:\GitHub\Do_an_tot_nghiep\data\processed\full_org\original_29_16.png,D:\GitHub\Do_an_tot_nghiep\data\processed\full_forg\forgeries_29_22.png,0,skilled_forgery,29,29
D:\GitHub\Do_an_tot_nghiep\data\processed\full_org\original_28_3.png,D:\GitHub\Do_an_tot_nghiep\data\processed\full_org\original_28_8.png,1,genuine_genuine,28,28
D:\GitHub\Do_an_tot_nghiep\data\processed\full_org\original_46_12.png,D:\GitHub\Do_an_tot_nghiep\data\processed\full_org\original_46_8.png,1,genuine_genuine,46,46
D:\GitHub\Do_an_tot_nghiep\data\processed\full_org\original_51_21.png,D:\GitHub\Do_an_tot_nghiep\data\processed\full_org\original_51_22.png,1,genuine_genuine,51,51
D:\GitHub\Do_an_tot_nghiep\data\processed\full_org\original_3_24.png,D:\GitHub\Do_an_tot_nghiep\data\processed\full_forg\forgeries_3_17.png,0,skilled_forgery,3,3
D:\GitHub\Do_an_tot_nghiep\data\processed\full_org\original_25_18.png,D:\GitHub\Do_an_tot_nghiep\data\processed\full_org\original_25_22.png,1,genuine_genuine,25,25
D:\GitHub\Do_an_tot_nghiep\data\processed\full_org\original_30_23.png,D:\GitHub\Do_an_tot_nghiep\data\processed\full_org\original_31_17.png,0,random_forgery,30,31
D:\GitHub\Do_an_tot_nghiep\data\processed\full_org\original_22_23.png,D:\GitHub\Do_an_tot_nghiep\data\processed\full_forg\forgeries_22_18.png,0,skilled_forgery,22,22
D:\GitHub\Do_an_tot_nghiep\data\processed\full_org\original_38_5.png,D:\GitHub\Do_an_tot_nghiep\data\processed\full_forg\forgeries_38_18.png,0,skilled_forgery,38,38
D:\GitHub\Do_an_tot_nghiep\data\processed\full_org\original_55_10.png,D:\GitHub\Do_an_tot_nghiep\data\processed\full_org\original_55_24.png,1,genuine_genuine,55,55
D:\GitHub\Do_an_tot_nghiep\data\processed\full_org\original_47_1.png,D:\GitHub\Do_an_tot_nghiep\data\processed\full_org\original_47_12.png,1,genuine_genuine,47,47
D:\GitHub\Do_an_tot_nghiep\data\processed\full_org\original_45_11.png,D:\GitHub\Do_an_tot_nghiep\data\processed\full_org\original_45_24.png,1,genuine_genuine,45,45
D:\GitHub\Do_an_tot_nghiep\data\processed\full_org\original_11_13.png,D:\GitHub\Do_an_tot_nghiep\data\processed\full_forg\forgeries_11_16.png,0,skilled_forgery,11,11
D:\GitHub\Do_an_tot_nghiep\data\processed\full_org\original_28_4.png,D:\GitHub\Do_an_tot_nghiep\data\processed\full_org\original_47_19.png,0,random_forgery,28,47
D:\GitHub\Do_an_tot_nghiep\data\processed\full_org\original_39_3.png,D:\GitHub\Do_an_tot_nghiep\data\processed\full_org\original_39_9.png,1,genuine_genuine,39,39
D:\GitHub\Do_an_tot_nghiep\data\processed\full_org\original_3_16.png,D:\GitHub\Do_an_tot_nghiep\data\processed\full_org\original_18_17.png,0,random_forgery,3,18
D:\GitHub\Do_an_tot_nghiep\data\processed\full_org\original_19_21.png,D:\GitHub\Do_an_tot_nghiep\data\processed\full_forg\forgeries_19_1.png,0,skilled_forgery,19,19
D:\GitHub\Do_an_tot_nghiep\data\processed\full_org\original_11_16.png,D:\GitHub\Do_an_tot_nghiep\data\processed\full_org\original_11_19.png,1,genuine_genuine,11,11
D:\GitHub\Do_an_tot_nghiep\data\processed\full_org\original_34_6.png,D:\GitHub\Do_an_tot_nghiep\data\processed\full_org\original_43_8.png,0,random_forgery,34,43
D:\GitHub\Do_an_tot_nghiep\data\processed\full_org\original_43_24.png,D:\GitHub\Do_an_tot_nghiep\data\processed\full_org\original_31_21.png,0,random_forgery,43,31
D:\GitHub\Do_an_tot_nghiep\data\processed\full_org\original_30_20.png,D:\GitHub\Do_an_tot_nghiep\data\processed\full_org\original_30_22.png,1,genuine_genuine,30,30
D:\GitHub\Do_an_tot_nghiep\data\processed\full_org\original_47_24.png,D:\GitHub\Do_an_tot_nghiep\data\processed\full_org\original_47_6.png,1,genuine_genuine,47,47
D:\GitHub\Do_an_tot_nghiep\data\processed\full_org\original_3_2.png,D:\GitHub\Do_an_tot_nghiep\data\processed\full_org\original_43_9.png,0,random_forgery,3,43
D:\GitHub\Do_an_tot_nghiep\data\processed\full_org\original_46_4.png,D:\GitHub\Do_an_tot_nghiep\data\processed\full_org\original_46_8.png,1,genuine_genuine,46,46
D:\GitHub\Do_an_tot_nghiep\data\processed\full_org\original_37_17.png,D:\GitHub\Do_an_tot_nghiep\data\processed\full_org\original_37_24.png,1,genuine_genuine,37,37
D:\GitHub\Do_an_tot_nghiep\data\processed\full_org\original_4_24.png,D:\GitHub\Do_an_tot_nghiep\data\processed\full_org\original_16_19.png,0,random_forgery,4,16
D:\GitHub\Do_an_tot_nghiep\data\processed\full_org\original_12_23.png,D:\GitHub\Do_an_tot_nghiep\data\processed\full_forg\forgeries_12_10.png,0,skilled_forgery,12,12
D:\GitHub\Do_an_tot_nghiep\data\processed\full_org\original_7_23.png,D:\GitHub\Do_an_tot_nghiep\data\processed\full_org\original_7_24.png,1,genuine_genuine,7,7
D:\GitHub\Do_an_tot_nghiep\data\processed\full_org\original_3_2.png,D:\GitHub\Do_an_tot_nghiep\data\processed\full_org\original_3_3.png,1,genuine_genuine,3,3
D:\GitHub\Do_an_tot_nghiep\data\processed\full_org\original_4_1.png,D:\GitHub\Do_an_tot_nghiep\data\processed\full_org\original_4_9.png,1,genuine_genuine,4,4
D:\GitHub\Do_an_tot_nghiep\data\processed\full_org\original_16_14.png,D:\GitHub\Do_an_tot_nghiep\data\processed\full_org\original_16_16.png,1,genuine_genuine,16,16
D:\GitHub\Do_an_tot_nghiep\data\processed\full_org\original_36_19.png,D:\GitHub\Do_an_tot_nghiep\data\processed\full_org\original_29_13.png,0,random_forgery,36,29
D:\GitHub\Do_an_tot_nghiep\data\processed\full_org\original_24_1.png,D:\GitHub\Do_an_tot_nghiep\data\processed\full_org\original_24_20.png,1,genuine_genuine,24,24
D:\GitHub\Do_an_tot_nghiep\data\processed\full_org\original_28_11.png,D:\GitHub\Do_an_tot_nghiep\data\processed\full_org\original_28_19.png,1,genuine_genuine,28,28
D:\GitHub\Do_an_tot_nghiep\data\processed\full_org\original_26_2.png,D:\GitHub\Do_an_tot_nghiep\data\processed\full_org\original_31_13.png,0,random_forgery,26,31
D:\GitHub\Do_an_tot_nghiep\data\processed\full_org\original_55_12.png,D:\GitHub\Do_an_tot_nghiep\data\processed\full_org\original_55_17.png,1,genuine_genuine,55,55
D:\GitHub\Do_an_tot_nghiep\data\processed\full_org\original_28_12.png,D:\GitHub\Do_an_tot_nghiep\data\processed\full_org\original_28_24.png,1,genuine_genuine,28,28
D:\GitHub\Do_an_tot_nghiep\data\processed\full_org\original_53_11.png,D:\GitHub\Do_an_tot_nghiep\data\processed\full_org\original_29_23.png,0,random_forgery,53,29
D:\GitHub\Do_an_tot_nghiep\data\processed\full_org\original_19_17.png,D:\GitHub\Do_an_tot_nghiep\data\processed\full_forg\forgeries_19_13.png,0,skilled_forgery,19,19
D:\GitHub\Do_an_tot_nghiep\data\processed\full_org\original_26_22.png,D:\GitHub\Do_an_tot_nghiep\data\processed\full_forg\forgeries_26_8.png,0,skilled_forgery,26,26
D:\GitHub\Do_an_tot_nghiep\data\processed\full_org\original_38_13.png,D:\GitHub\Do_an_tot_nghiep\data\processed\full_org\original_38_19.png,1,genuine_genuine,38,38
D:\GitHub\Do_an_tot_nghiep\data\processed\full_org\original_28_1.png,D:\GitHub\Do_an_tot_nghiep\data\processed\full_forg\forgeries_28_14.png,0,skilled_forgery,28,28
D:\GitHub\Do_an_tot_nghiep\data\processed\full_org\original_16_15.png,D:\GitHub\Do_an_tot_nghiep\data\processed\full_forg\forgeries_16_16.png,0,skilled_forgery,16,16
D:\GitHub\Do_an_tot_nghiep\data\processed\full_org\original_25_23.png,D:\GitHub\Do_an_tot_nghiep\data\processed\full_org\original_51_22.png,0,random_forgery,25,51
D:\GitHub\Do_an_tot_nghiep\data\processed\full_org\original_36_8.png,D:\GitHub\Do_an_tot_nghiep\data\processed\full_forg\forgeries_36_12.png,0,skilled_forgery,36,36
D:\GitHub\Do_an_tot_nghiep\data\processed\full_org\original_11_6.png,D:\GitHub\Do_an_tot_nghiep\data\processed\full_forg\forgeries_11_24.png,0,skilled_forgery,11,11
D:\GitHub\Do_an_tot_nghiep\data\processed\full_org\original_1_21.png,D:\GitHub\Do_an_tot_nghiep\data\processed\full_org\original_1_8.png,1,genuine_genuine,1,1
D:\GitHub\Do_an_tot_nghiep\data\processed\full_org\original_34_10.png,D:\GitHub\Do_an_tot_nghiep\data\processed\full_forg\forgeries_34_2.png,0,skilled_forgery,34,34
D:\GitHub\Do_an_tot_nghiep\data\processed\full_org\original_11_12.png,D:\GitHub\Do_an_tot_nghiep\data\processed\full_org\original_25_21.png,0,random_forgery,11,25
D:\GitHub\Do_an_tot_nghiep\data\processed\full_org\original_55_17.png,D:\GitHub\Do_an_tot_nghiep\data\processed\full_org\original_55_8.png,1,genuine_genuine,55,55
D:\GitHub\Do_an_tot_nghiep\data\processed\full_org\original_46_20.png,D:\GitHub\Do_an_tot_nghiep\data\processed\full_org\original_40_1.png,0,random_forgery,46,40
D:\GitHub\Do_an_tot_nghiep\data\processed\full_org\original_26_20.png,D:\GitHub\Do_an_tot_nghiep\data\processed\full_org\original_26_24.png,1,genuine_genuine,26,26
D:\GitHub\Do_an_tot_nghiep\data\processed\full_org\original_49_14.png,D:\GitHub\Do_an_tot_nghiep\data\processed\full_org\original_11_17.png,0,random_forgery,49,11
D:\GitHub\Do_an_tot_nghiep\data\processed\full_org\original_21_11.png,D:\GitHub\Do_an_tot_nghiep\data\processed\full_org\original_53_4.png,0,random_forgery,21,53
D:\GitHub\Do_an_tot_nghiep\data\processed\full_org\original_53_15.png,D:\GitHub\Do_an_tot_nghiep\data\processed\full_org\original_53_19.png,1,genuine_genuine,53,53
D:\GitHub\Do_an_tot_nghiep\data\processed\full_org\original_38_15.png,D:\GitHub\Do_an_tot_nghiep\data\processed\full_org\original_12_9.png,0,random_forgery,38,12
D:\GitHub\Do_an_tot_nghiep\data\processed\full_org\original_25_18.png,D:\GitHub\Do_an_tot_nghiep\data\processed\full_org\original_25_6.png,1,genuine_genuine,25,25
D:\GitHub\Do_an_tot_nghiep\data\processed\full_org\original_29_22.png,D:\GitHub\Do_an_tot_nghiep\data\processed\full_forg\forgeries_29_16.png,0,skilled_forgery,29,29
D:\GitHub\Do_an_tot_nghiep\data\processed\full_org\original_19_16.png,D:\GitHub\Do_an_tot_nghiep\data\processed\full_org\original_19_17.png,1,genuine_genuine,19,19
D:\GitHub\Do_an_tot_nghiep\data\processed\full_org\original_53_14.png,D:\GitHub\Do_an_tot_nghiep\data\processed\full_org\original_21_1.png,0,random_forgery,53,21
D:\GitHub\Do_an_tot_nghiep\data\processed\full_org\original_26_24.png,D:\GitHub\Do_an_tot_nghiep\data\processed\full_org\original_26_7.png,1,genuine_genuine,26,26
D:\GitHub\Do_an_tot_nghiep\data\processed\full_org\original_30_20.png,D:\GitHub\Do_an_tot_nghiep\data\processed\full_org\original_55_13.png,0,random_forgery,30,55
D:\GitHub\Do_an_tot_nghiep\data\processed\full_org\original_11_2.png,D:\GitHub\Do_an_tot_nghiep\data\processed\full_forg\forgeries_11_16.png,0,skilled_forgery,11,11
D:\GitHub\Do_an_tot_nghiep\data\processed\full_org\original_11_9.png,D:\GitHub\Do_an_tot_nghiep\data\processed\full_org\original_7_6.png,0,random_forgery,11,7
D:\GitHub\Do_an_tot_nghiep\data\processed\full_org\original_21_12.png,D:\GitHub\Do_an_tot_nghiep\data\processed\full_forg\forgeries_21_11.png,0,skilled_forgery,21,21
D:\GitHub\Do_an_tot_nghiep\data\processed\full_org\original_5_19.png,D:\GitHub\Do_an_tot_nghiep\data\processed\full_org\original_5_5.png,1,genuine_genuine,5,5
D:\GitHub\Do_an_tot_nghiep\data\processed\full_org\original_11_11.png,D:\GitHub\Do_an_tot_nghiep\data\processed\full_forg\forgeries_11_6.png,0,skilled_forgery,11,11
D:\GitHub\Do_an_tot_nghiep\data\processed\full_org\original_24_13.png,D:\GitHub\Do_an_tot_nghiep\data\processed\full_org\original_24_24.png,1,genuine_genuine,24,24
D:\GitHub\Do_an_tot_nghiep\data\processed\full_org\original_24_22.png,D:\GitHub\Do_an_tot_nghiep\data\processed\full_forg\forgeries_24_23.png,0,skilled_forgery,24,24
D:\GitHub\Do_an_tot_nghiep\data\processed\full_org\original_12_12.png,D:\GitHub\Do_an_tot_nghiep\data\processed\full_org\original_12_22.png,1,genuine_genuine,12,12
D:\GitHub\Do_an_tot_nghiep\data\processed\full_org\original_21_2.png,D:\GitHub\Do_an_tot_nghiep\data\processed\full_org\original_40_2.png,0,random_forgery,21,40
D:\GitHub\Do_an_tot_nghiep\data\processed\full_org\original_28_12.png,D:\GitHub\Do_an_tot_nghiep\data\processed\full_forg\forgeries_28_24.png,0,skilled_forgery,28,28
D:\GitHub\Do_an_tot_nghiep\data\processed\full_org\original_17_1.png,D:\GitHub\Do_an_tot_nghiep\data\processed\full_forg\forgeries_17_15.png,0,skilled_forgery,17,17
D:\GitHub\Do_an_tot_nghiep\data\processed\full_org\original_40_11.png,D:\GitHub\Do_an_tot_nghiep\data\processed\full_forg\forgeries_40_19.png,0,skilled_forgery,40,40
D:\GitHub\Do_an_tot_nghiep\data\processed\full_org\original_40_9.png,D:\GitHub\Do_an_tot_nghiep\data\processed\full_org\original_24_20.png,0,random_forgery,40,24
D:\GitHub\Do_an_tot_nghiep\data\processed\full_org\original_22_20.png,D:\GitHub\Do_an_tot_nghiep\data\processed\full_org\original_22_3.png,1,genuine_genuine,22,22
D:\GitHub\Do_an_tot_nghiep\data\processed\full_org\original_24_15.png,D:\GitHub\Do_an_tot_nghiep\data\processed\full_org\original_24_17.png,1,genuine_genuine,24,24
D:\GitHub\Do_an_tot_nghiep\data\processed\full_org\original_24_12.png,D:\GitHub\Do_an_tot_nghiep\data\processed\full_org\original_24_22.png,1,genuine_genuine,24,24
D:\GitHub\Do_an_tot_nghiep\data\processed\full_org\original_51_13.png,D:\GitHub\Do_an_tot_nghiep\data\processed\full_org\original_49_18.png,0,random_forgery,51,49
D:\GitHub\Do_an_tot_nghiep\data\processed\full_org\original_36_10.png,D:\GitHub\Do_an_tot_nghiep\data\processed\full_org\original_36_9.png,1,genuine_genuine,36,36
D:\GitHub\Do_an_tot_nghiep\data\processed\full_org\original_24_13.png,D:\GitHub\Do_an_tot_nghiep\data\processed\full_org\original_16_15.png,0,random_forgery,24,16
D:\GitHub\Do_an_tot_nghiep\data\processed\full_org\original_31_24.png,D:\GitHub\Do_an_tot_nghiep\data\processed\full_org\original_31_8.png,1,genuine_genuine,31,31
D:\GitHub\Do_an_tot_nghiep\data\processed\full_org\original_25_11.png,D:\GitHub\Do_an_tot_nghiep\data\processed\full_org\original_25_9.png,1,genuine_genuine,25,25
D:\GitHub\Do_an_tot_nghiep\data\processed\full_org\original_26_18.png,D:\GitHub\Do_an_tot_nghiep\data\processed\full_forg\forgeries_26_7.png,0,skilled_forgery,26,26
D:\GitHub\Do_an_tot_nghiep\data\processed\full_org\original_22_15.png,D:\GitHub\Do_an_tot_nghiep\data\processed\full_forg\forgeries_22_8.png,0,skilled_forgery,22,22
D:\GitHub\Do_an_tot_nghiep\data\processed\full_org\original_55_19.png,D:\GitHub\Do_an_tot_nghiep\data\processed\full_org\original_55_20.png,1,genuine_genuine,55,55
D:\GitHub\Do_an_tot_nghiep\data\processed\full_org\original_55_2.png,D:\GitHub\Do_an_tot_nghiep\data\processed\full_org\original_55_20.png,1,genuine_genuine,55,55
D:\GitHub\Do_an_tot_nghiep\data\processed\full_org\original_26_22.png,D:\GitHub\Do_an_tot_nghiep\data\processed\full_forg\forgeries_26_3.png,0,skilled_forgery,26,26
D:\GitHub\Do_an_tot_nghiep\data\processed\full_org\original_18_7.png,D:\GitHub\Do_an_tot_nghiep\data\processed\full_forg\forgeries_18_13.png,0,skilled_forgery,18,18
D:\GitHub\Do_an_tot_nghiep\data\processed\full_org\original_12_13.png,D:\GitHub\Do_an_tot_nghiep\data\processed\full_org\original_10_13.png,0,random_forgery,12,10
D:\GitHub\Do_an_tot_nghiep\data\processed\full_org\original_40_20.png,D:\GitHub\Do_an_tot_nghiep\data\processed\full_org\original_30_5.png,0,random_forgery,40,30
D:\GitHub\Do_an_tot_nghiep\data\processed\full_org\original_47_1.png,D:\GitHub\Do_an_tot_nghiep\data\processed\full_forg\forgeries_47_8.png,0,skilled_forgery,47,47
D:\GitHub\Do_an_tot_nghiep\data\processed\full_org\original_25_10.png,D:\GitHub\Do_an_tot_nghiep\data\processed\full_org\original_31_5.png,0,random_forgery,25,31
D:\GitHub\Do_an_tot_nghiep\data\processed\full_org\original_40_15.png,D:\GitHub\Do_an_tot_nghiep\data\processed\full_org\original_40_8.png,1,genuine_genuine,40,40
D:\GitHub\Do_an_tot_nghiep\data\processed\full_org\original_43_14.png,D:\GitHub\Do_an_tot_nghiep\data\processed\full_org\original_43_3.png,1,genuine_genuine,43,43
D:\GitHub\Do_an_tot_nghiep\data\processed\full_org\original_40_15.png,D:\GitHub\Do_an_tot_nghiep\data\processed\full_org\original_40_19.png,1,genuine_genuine,40,40
D:\GitHub\Do_an_tot_nghiep\data\processed\full_org\original_29_10.png,D:\GitHub\Do_an_tot_nghiep\data\processed\full_org\original_29_15.png,1,genuine_genuine,29,29
D:\GitHub\Do_an_tot_nghiep\data\processed\full_org\original_49_10.png,D:\GitHub\Do_an_tot_nghiep\data\processed\full_forg\forgeries_49_3.png,0,skilled_forgery,49,49
D:\GitHub\Do_an_tot_nghiep\data\processed\full_org\original_53_17.png,D:\GitHub\Do_an_tot_nghiep\data\processed\full_org\original_53_22.png,1,genuine_genuine,53,53
D:\GitHub\Do_an_tot_nghiep\data\processed\full_org\original_28_12.png,D:\GitHub\Do_an_tot_nghiep\data\processed\full_org\original_28_17.png,1,genuine_genuine,28,28
D:\GitHub\Do_an_tot_nghiep\data\processed\full_org\original_19_11.png,D:\GitHub\Do_an_tot_nghiep\data\processed\full_org\original_18_10.png,0,random_forgery,19,18
D:\GitHub\Do_an_tot_nghiep\data\processed\full_org\original_39_2.png,D:\GitHub\Do_an_tot_nghiep\data\processed\full_forg\forgeries_39_5.png,0,skilled_forgery,39,39
D:\GitHub\Do_an_tot_nghiep\data\processed\full_org\original_18_15.png,D:\GitHub\Do_an_tot_nghiep\data\processed\full_forg\forgeries_18_20.png,0,skilled_forgery,18,18
D:\GitHub\Do_an_tot_nghiep\data\processed\full_org\original_10_7.png,D:\GitHub\Do_an_tot_nghiep\data\processed\full_forg\forgeries_10_23.png,0,skilled_forgery,10,10
D:\GitHub\Do_an_tot_nghiep\data\processed\full_org\original_51_10.png,D:\GitHub\Do_an_tot_nghiep\data\processed\full_forg\forgeries_51_5.png,0,skilled_forgery,51,51
D:\GitHub\Do_an_tot_nghiep\data\processed\full_org\original_26_13.png,D:\GitHub\Do_an_tot_nghiep\data\processed\full_forg\forgeries_26_24.png,0,skilled_forgery,26,26
D:\GitHub\Do_an_tot_nghiep\data\processed\full_org\original_43_8.png,D:\GitHub\Do_an_tot_nghiep\data\processed\full_org\original_3_16.png,0,random_forgery,43,3
D:\GitHub\Do_an_tot_nghiep\data\processed\full_org\original_53_1.png,D:\GitHub\Do_an_tot_nghiep\data\processed\full_forg\forgeries_53_13.png,0,skilled_forgery,53,53
D:\GitHub\Do_an_tot_nghiep\data\processed\full_org\original_39_19.png,D:\GitHub\Do_an_tot_nghiep\data\processed\full_org\original_39_3.png,1,genuine_genuine,39,39
D:\GitHub\Do_an_tot_nghiep\data\processed\full_org\original_28_5.png,D:\GitHub\Do_an_tot_nghiep\data\processed\full_forg\forgeries_28_15.png,0,skilled_forgery,28,28
D:\GitHub\Do_an_tot_nghiep\data\processed\full_org\original_30_24.png,D:\GitHub\Do_an_tot_nghiep\data\processed\full_org\original_30_4.png,1,genuine_genuine,30,30
D:\GitHub\Do_an_tot_nghiep\data\processed\full_org\original_1_17.png,D:\GitHub\Do_an_tot_nghiep\data\processed\full_org\original_38_12.png,0,random_forgery,1,38
D:\GitHub\Do_an_tot_nghiep\data\processed\full_org\original_18_10.png,D:\GitHub\Do_an_tot_nghiep\data\processed\full_org\original_18_20.png,1,genuine_genuine,18,18
D:\GitHub\Do_an_tot_nghiep\data\processed\full_org\original_10_13.png,D:\GitHub\Do_an_tot_nghiep\data\processed\full_forg\forgeries_10_24.png,0,skilled_forgery,10,10
D:\GitHub\Do_an_tot_nghiep\data\processed\full_org\original_53_12.png,D:\GitHub\Do_an_tot_nghiep\data\processed\full_org\original_53_3.png,1,genuine_genuine,53,53
D:\GitHub\Do_an_tot_nghiep\data\processed\full_org\original_43_14.png,D:\GitHub\Do_an_tot_nghiep\data\processed\full_org\original_22_23.png,0,random_forgery,43,22
D:\GitHub\Do_an_tot_nghiep\data\processed\full_org\original_16_16.png,D:\GitHub\Do_an_tot_nghiep\data\processed\full_forg\forgeries_16_10.png,0,skilled_forgery,16,16
D:\GitHub\Do_an_tot_nghiep\data\processed\full_org\original_24_2.png,D:\GitHub\Do_an_tot_nghiep\data\processed\full_org\original_47_14.png,0,random_forgery,24,47
D:\GitHub\Do_an_tot_nghiep\data\processed\full_org\original_46_21.png,D:\GitHub\Do_an_tot_nghiep\data\processed\full_org\original_46_6.png,1,genuine_genuine,46,46
D:\GitHub\Do_an_tot_nghiep\data\processed\full_org\original_29_13.png,D:\GitHub\Do_an_tot_nghiep\data\processed\full_org\original_26_23.png,0,random_forgery,29,26
D:\GitHub\Do_an_tot_nghiep\data\processed\full_org\original_18_24.png,D:\GitHub\Do_an_tot_nghiep\data\processed\full_org\original_18_8.png,1,genuine_genuine,18,18
D:\GitHub\Do_an_tot_nghiep\data\processed\full_org\original_4_24.png,D:\GitHub\Do_an_tot_nghiep\data\processed\full_org\original_4_5.png,1,genuine_genuine,4,4
D:\GitHub\Do_an_tot_nghiep\data\processed\full_org\original_5_22.png,D:\GitHub\Do_an_tot_nghiep\data\processed\full_org\original_37_15.png,0,random_forgery,5,37
D:\GitHub\Do_an_tot_nghiep\data\processed\full_org\original_45_24.png,D:\GitHub\Do_an_tot_nghiep\data\processed\full_forg\forgeries_45_8.png,0,skilled_forgery,45,45
D:\GitHub\Do_an_tot_nghiep\data\processed\full_org\original_16_14.png,D:\GitHub\Do_an_tot_nghiep\data\processed\full_forg\forgeries_16_14.png,0,skilled_forgery,16,16
D:\GitHub\Do_an_tot_nghiep\data\processed\full_org\original_5_20.png,D:\GitHub\Do_an_tot_nghiep\data\processed\full_org\original_16_23.png,0,random_forgery,5,16
D:\GitHub\Do_an_tot_nghiep\data\processed\full_org\original_45_15.png,D:\GitHub\Do_an_tot_nghiep\data\processed\full_org\original_45_23.png,1,genuine_genuine,45,45
D:\GitHub\Do_an_tot_nghiep\data\processed\full_org\original_53_18.png,D:\GitHub\Do_an_tot_nghiep\data\processed\full_forg\forgeries_53_14.png,0,skilled_forgery,53,53
D:\GitHub\Do_an_tot_nghiep\data\processed\full_org\original_51_23.png,D:\GitHub\Do_an_tot_nghiep\data\processed\full_org\original_5_21.png,0,random_forgery,51,5
D:\GitHub\Do_an_tot_nghiep\data\processed\full_org\original_18_11.png,D:\GitHub\Do_an_tot_nghiep\data\processed\full_org\original_18_16.png,1,genuine_genuine,18,18
D:\GitHub\Do_an_tot_nghiep\data\processed\full_org\original_40_19.png,D:\GitHub\Do_an_tot_nghiep\data\processed\full_org\original_55_13.png,0,random_forgery,40,55
D:\GitHub\Do_an_tot_nghiep\data\processed\full_org\original_24_1.png,D:\GitHub\Do_an_tot_nghiep\data\processed\full_org\original_11_3.png,0,random_forgery,24,11
D:\GitHub\Do_an_tot_nghiep\data\processed\full_org\original_40_22.png,D:\GitHub\Do_an_tot_nghiep\data\processed\full_forg\forgeries_40_12.png,0,skilled_forgery,40,40
D:\GitHub\Do_an_tot_nghiep\data\processed\full_org\original_17_17.png,D:\GitHub\Do_an_tot_nghiep\data\processed\full_forg\forgeries_17_10.png,0,skilled_forgery,17,17
D:\GitHub\Do_an_tot_nghiep\data\processed\full_org\original_25_14.png,D:\GitHub\Do_an_tot_nghiep\data\processed\full_forg\forgeries_25_14.png,0,skilled_forgery,25,25
D:\GitHub\Do_an_tot_nghiep\data\processed\full_org\original_43_20.png,D:\GitHub\Do_an_tot_nghiep\data\processed\full_forg\forgeries_43_11.png,0,skilled_forgery,43,43
D:\GitHub\Do_an_tot_nghiep\data\processed\full_org\original_29_16.png,D:\GitHub\Do_an_tot_nghiep\data\processed\full_org\original_18_7.png,0,random_forgery,29,18
D:\GitHub\Do_an_tot_nghiep\data\processed\full_org\original_43_1.png,D:\GitHub\Do_an_tot_nghiep\data\processed\full_org\original_43_17.png,1,genuine_genuine,43,43
D:\GitHub\Do_an_tot_nghiep\data\processed\full_org\original_34_3.png,D:\GitHub\Do_an_tot_nghiep\data\processed\full_forg\forgeries_34_15.png,0,skilled_forgery,34,34
D:\GitHub\Do_an_tot_nghiep\data\processed\full_org\original_16_13.png,D:\GitHub\Do_an_tot_nghiep\data\processed\full_org\original_16_15.png,1,genuine_genuine,16,16
D:\GitHub\Do_an_tot_nghiep\data\processed\full_org\original_28_21.png,D:\GitHub\Do_an_tot_nghiep\data\processed\full_forg\forgeries_28_8.png,0,skilled_forgery,28,28
D:\GitHub\Do_an_tot_nghiep\data\processed\full_org\original_38_13.png,D:\GitHub\Do_an_tot_nghiep\data\processed\full_forg\forgeries_38_15.png,0,skilled_forgery,38,38
D:\GitHub\Do_an_tot_nghiep\data\processed\full_org\original_10_10.png,D:\GitHub\Do_an_tot_nghiep\data\processed\full_org\original_10_13.png,1,genuine_genuine,10,10
D:\GitHub\Do_an_tot_nghiep\data\processed\full_org\original_49_1.png,D:\GitHub\Do_an_tot_nghiep\data\processed\full_org\original_49_10.png,1,genuine_genuine,49,49
D:\GitHub\Do_an_tot_nghiep\data\processed\full_org\original_49_7.png,D:\GitHub\Do_an_tot_nghiep\data\processed\full_org\original_49_8.png,1,genuine_genuine,49,49
D:\GitHub\Do_an_tot_nghiep\data\processed\full_org\original_46_10.png,D:\GitHub\Do_an_tot_nghiep\data\processed\full_forg\forgeries_46_3.png,0,skilled_forgery,46,46
D:\GitHub\Do_an_tot_nghiep\data\processed\full_org\original_12_20.png,D:\GitHub\Do_an_tot_nghiep\data\processed\full_forg\forgeries_12_23.png,0,skilled_forgery,12,12
D:\GitHub\Do_an_tot_nghiep\data\processed\full_org\original_29_9.png,D:\GitHub\Do_an_tot_nghiep\data\processed\full_forg\forgeries_29_8.png,0,skilled_forgery,29,29
D:\GitHub\Do_an_tot_nghiep\data\processed\full_org\original_4_11.png,D:\GitHub\Do_an_tot_nghiep\data\processed\full_org\original_4_24.png,1,genuine_genuine,4,4
D:\GitHub\Do_an_tot_nghiep\data\processed\full_org\original_34_5.png,D:\GitHub\Do_an_tot_nghiep\data\processed\full_org\original_29_17.png,0,random_forgery,34,29
D:\GitHub\Do_an_tot_nghiep\data\processed\full_org\original_47_5.png,D:\GitHub\Do_an_tot_nghiep\data\processed\full_org\original_51_7.png,0,random_forgery,47,51
D:\GitHub\Do_an_tot_nghiep\data\processed\full_org\original_31_1.png,D:\GitHub\Do_an_tot_nghiep\data\processed\full_org\original_38_12.png,0,random_forgery,31,38
D:\GitHub\Do_an_tot_nghiep\data\processed\full_org\original_47_14.png,D:\GitHub\Do_an_tot_nghiep\data\processed\full_forg\forgeries_47_20.png,0,skilled_forgery,47,47
D:\GitHub\Do_an_tot_nghiep\data\processed\full_org\original_36_18.png,D:\GitHub\Do_an_tot_nghiep\data\processed\full_forg\forgeries_36_20.png,0,skilled_forgery,36,36
D:\GitHub\Do_an_tot_nghiep\data\processed\full_org\original_28_23.png,D:\GitHub\Do_an_tot_nghiep\data\processed\full_org\original_53_8.png,0,random_forgery,28,53
D:\GitHub\Do_an_tot_nghiep\data\processed\full_org\original_5_15.png,D:\GitHub\Do_an_tot_nghiep\data\processed\full_forg\forgeries_5_19.png,0,skilled_forgery,5,5
D:\GitHub\Do_an_tot_nghiep\data\processed\full_org\original_37_17.png,D:\GitHub\Do_an_tot_nghiep\data\processed\full_org\original_37_7.png,1,genuine_genuine,37,37
D:\GitHub\Do_an_tot_nghiep\data\processed\full_org\original_7_1.png,D:\GitHub\Do_an_tot_nghiep\data\processed\full_org\original_7_17.png,1,genuine_genuine,7,7
D:\GitHub\Do_an_tot_nghiep\data\processed\full_org\original_26_9.png,D:\GitHub\Do_an_tot_nghiep\data\processed\full_org\original_51_11.png,0,random_forgery,26,51
D:\GitHub\Do_an_tot_nghiep\data\processed\full_org\original_5_11.png,D:\GitHub\Do_an_tot_nghiep\data\processed\full_org\original_40_22.png,0,random_forgery,5,40
D:\GitHub\Do_an_tot_nghiep\data\processed\full_org\original_40_9.png,D:\GitHub\Do_an_tot_nghiep\data\processed\full_forg\forgeries_40_24.png,0,skilled_forgery,40,40
D:\GitHub\Do_an_tot_nghiep\data\processed\full_org\original_25_18.png,D:\GitHub\Do_an_tot_nghiep\data\processed\full_org\original_25_20.png,1,genuine_genuine,25,25
D:\GitHub\Do_an_tot_nghiep\data\processed\full_org\original_19_4.png,D:\GitHub\Do_an_tot_nghiep\data\processed\full_forg\forgeries_19_13.png,0,skilled_forgery,19,19
D:\GitHub\Do_an_tot_nghiep\data\processed\full_org\original_49_2.png,D:\GitHub\Do_an_tot_nghiep\data\processed\full_org\original_49_20.png,1,genuine_genuine,49,49
D:\GitHub\Do_an_tot_nghiep\data\processed\full_org\original_24_8.png,D:\GitHub\Do_an_tot_nghiep\data\processed\full_org\original_11_10.png,0,random_forgery,24,11
D:\GitHub\Do_an_tot_nghiep\data\processed\full_org\original_40_23.png,D:\GitHub\Do_an_tot_nghiep\data\processed\full_org\original_5_8.png,0,random_forgery,40,5
D:\GitHub\Do_an_tot_nghiep\data\processed\full_org\original_31_3.png,D:\GitHub\Do_an_tot_nghiep\data\processed\full_org\original_31_4.png,1,genuine_genuine,31,31
D:\GitHub\Do_an_tot_nghiep\data\processed\full_org\original_19_22.png,D:\GitHub\Do_an_tot_nghiep\data\processed\full_forg\forgeries_19_17.png,0,skilled_forgery,19,19
D:\GitHub\Do_an_tot_nghiep\data\processed\full_org\original_22_15.png,D:\GitHub\Do_an_tot_nghiep\data\processed\full_forg\forgeries_22_9.png,0,skilled_forgery,22,22
D:\GitHub\Do_an_tot_nghiep\data\processed\full_org\original_39_13.png,D:\GitHub\Do_an_tot_nghiep\data\processed\full_forg\forgeries_39_12.png,0,skilled_forgery,39,39
D:\GitHub\Do_an_tot_nghiep\data\processed\full_org\original_1_17.png,D:\GitHub\Do_an_tot_nghiep\data\processed\full_forg\forgeries_1_21.png,0,skilled_forgery,1,1
D:\GitHub\Do_an_tot_nghiep\data\processed\full_org\original_31_7.png,D:\GitHub\Do_an_tot_nghiep\data\processed\full_forg\forgeries_31_3.png,0,skilled_forgery,31,31
D:\GitHub\Do_an_tot_nghiep\data\processed\full_org\original_19_2.png,D:\GitHub\Do_an_tot_nghiep\data\processed\full_org\original_39_4.png,0,random_forgery,19,39
D:\GitHub\Do_an_tot_nghiep\data\processed\full_org\original_49_10.png,D:\GitHub\Do_an_tot_nghiep\data\processed\full_org\original_49_19.png,1,genuine_genuine,49,49
D:\GitHub\Do_an_tot_nghiep\data\processed\full_org\original_7_5.png,D:\GitHub\Do_an_tot_nghiep\data\processed\full_org\original_5_8.png,0,random_forgery,7,5
D:\GitHub\Do_an_tot_nghiep\data\processed\full_org\original_5_5.png,D:\GitHub\Do_an_tot_nghiep\data\processed\full_forg\forgeries_5_22.png,0,skilled_forgery,5,5
D:\GitHub\Do_an_tot_nghiep\data\processed\full_org\original_36_13.png,D:\GitHub\Do_an_tot_nghiep\data\processed\full_org\original_36_2.png,1,genuine_genuine,36,36
D:\GitHub\Do_an_tot_nghiep\data\processed\full_org\original_12_3.png,D:\GitHub\Do_an_tot_nghiep\data\processed\full_forg\forgeries_12_20.png,0,skilled_forgery,12,12
D:\GitHub\Do_an_tot_nghiep\data\processed\full_org\original_36_17.png,D:\GitHub\Do_an_tot_nghiep\data\processed\full_forg\forgeries_36_17.png,0,skilled_forgery,36,36
D:\GitHub\Do_an_tot_nghiep\data\processed\full_org\original_12_6.png,D:\GitHub\Do_an_tot_nghiep\data\processed\full_org\original_1_20.png,0,random_forgery,12,1
D:\GitHub\Do_an_tot_nghiep\data\processed\full_org\original_18_9.png,D:\GitHub\Do_an_tot_nghiep\data\processed\full_forg\forgeries_18_16.png,0,skilled_forgery,18,18
D:\GitHub\Do_an_tot_nghiep\data\processed\full_org\original_16_22.png,D:\GitHub\Do_an_tot_nghiep\data\processed\full_forg\forgeries_16_8.png,0,skilled_forgery,16,16
D:\GitHub\Do_an_tot_nghiep\data\processed\full_org\original_5_12.png,D:\GitHub\Do_an_tot_nghiep\data\processed\full_org\original_5_23.png,1,genuine_genuine,5,5
D:\GitHub\Do_an_tot_nghiep\data\processed\full_org\original_43_20.png,D:\GitHub\Do_an_tot_nghiep\data\processed\full_forg\forgeries_43_4.png,0,skilled_forgery,43,43
D:\GitHub\Do_an_tot_nghiep\data\processed\full_org\original_37_8.png,D:\GitHub\Do_an_tot_nghiep\data\processed\full_forg\forgeries_37_1.png,0,skilled_forgery,37,37
D:\GitHub\Do_an_tot_nghiep\data\processed\full_org\original_18_10.png,D:\GitHub\Do_an_tot_nghiep\data\processed\full_org\original_18_6.png,1,genuine_genuine,18,18
D:\GitHub\Do_an_tot_nghiep\data\processed\full_org\original_21_10.png,D:\GitHub\Do_an_tot_nghiep\data\processed\full_forg\forgeries_21_6.png,0,skilled_forgery,21,21
D:\GitHub\Do_an_tot_nghiep\data\processed\full_org\original_7_23.png,D:\GitHub\Do_an_tot_nghiep\data\processed\full_forg\forgeries_7_22.png,0,skilled_forgery,7,7
D:\GitHub\Do_an_tot_nghiep\data\processed\full_org\original_53_12.png,D:\GitHub\Do_an_tot_nghiep\data\processed\full_forg\forgeries_53_23.png,0,skilled_forgery,53,53
D:\GitHub\Do_an_tot_nghiep\data\processed\full_org\original_16_22.png,D:\GitHub\Do_an_tot_nghiep\data\processed\full_org\original_16_8.png,1,genuine_genuine,16,16
D:\GitHub\Do_an_tot_nghiep\data\processed\full_org\original_37_21.png,D:\GitHub\Do_an_tot_nghiep\data\processed\full_org\original_37_23.png,1,genuine_genuine,37,37
D:\GitHub\Do_an_tot_nghiep\data\processed\full_org\original_17_21.png,D:\GitHub\Do_an_tot_nghiep\data\processed\full_org\original_12_5.png,0,random_forgery,17,12
D:\GitHub\Do_an_tot_nghiep\data\processed\full_org\original_30_20.png,D:\GitHub\Do_an_tot_nghiep\data\processed\full_org\original_1_15.png,0,random_forgery,30,1
D:\GitHub\Do_an_tot_nghiep\data\processed\full_org\original_4_17.png,D:\GitHub\Do_an_tot_nghiep\data\processed\full_org\original_4_19.png,1,genuine_genuine,4,4
D:\GitHub\Do_an_tot_nghiep\data\processed\full_org\original_3_16.png,D:\GitHub\Do_an_tot_nghiep\data\processed\full_forg\forgeries_3_3.png,0,skilled_forgery,3,3
D:\GitHub\Do_an_tot_nghiep\data\processed\full_org\original_25_19.png,D:\GitHub\Do_an_tot_nghiep\data\processed\full_forg\forgeries_25_10.png,0,skilled_forgery,25,25
D:\GitHub\Do_an_tot_nghiep\data\processed\full_org\original_43_1.png,D:\GitHub\Do_an_tot_nghiep\data\processed\full_forg\forgeries_43_13.png,0,skilled_forgery,43,43
D:\GitHub\Do_an_tot_nghiep\data\processed\full_org\original_38_2.png,D:\GitHub\Do_an_tot_nghiep\data\processed\full_forg\forgeries_38_16.png,0,skilled_forgery,38,38
D:\GitHub\Do_an_tot_nghiep\data\processed\full_org\original_12_3.png,D:\GitHub\Do_an_tot_nghiep\data\processed\full_org\original_12_8.png,1,genuine_genuine,12,12
D:\GitHub\Do_an_tot_nghiep\data\processed\full_org\original_25_17.png,D:\GitHub\Do_an_tot_nghiep\data\processed\full_org\original_25_3.png,1,genuine_genuine,25,25
D:\GitHub\Do_an_tot_nghiep\data\processed\full_org\original_19_19.png,D:\GitHub\Do_an_tot_nghiep\data\processed\full_org\original_19_3.png,1,genuine_genuine,19,19
D:\GitHub\Do_an_tot_nghiep\data\processed\full_org\original_40_15.png,D:\GitHub\Do_an_tot_nghiep\data\processed\full_org\original_40_6.png,1,genuine_genuine,40,40
D:\GitHub\Do_an_tot_nghiep\data\processed\full_org\original_18_13.png,D:\GitHub\Do_an_tot_nghiep\data\processed\full_org\original_18_8.png,1,genuine_genuine,18,18
D:\GitHub\Do_an_tot_nghiep\data\processed\full_org\original_47_14.png,D:\GitHub\Do_an_tot_nghiep\data\processed\full_forg\forgeries_47_9.png,0,skilled_forgery,47,47
D:\GitHub\Do_an_tot_nghiep\data\processed\full_org\original_25_24.png,D:\GitHub\Do_an_tot_nghiep\data\processed\full_org\original_21_11.png,0,random_forgery,25,21
D:\GitHub\Do_an_tot_nghiep\data\processed\full_org\original_30_14.png,D:\GitHub\Do_an_tot_nghiep\data\processed\full_forg\forgeries_30_19.png,0,skilled_forgery,30,30
D:\GitHub\Do_an_tot_nghiep\data\processed\full_org\original_49_2.png,D:\GitHub\Do_an_tot_nghiep\data\processed\full_forg\forgeries_49_21.png,0,skilled_forgery,49,49
D:\GitHub\Do_an_tot_nghiep\data\processed\full_org\original_36_22.png,D:\GitHub\Do_an_tot_nghiep\data\processed\full_forg\forgeries_36_24.png,0,skilled_forgery,36,36
D:\GitHub\Do_an_tot_nghiep\data\processed\full_org\original_1_23.png,D:\GitHub\Do_an_tot_nghiep\data\processed\full_org\original_1_9.png,1,genuine_genuine,1,1
D:\GitHub\Do_an_tot_nghiep\data\processed\full_org\original_12_9.png,D:\GitHub\Do_an_tot_nghiep\data\processed\full_forg\forgeries_12_2.png,0,skilled_forgery,12,12
D:\GitHub\Do_an_tot_nghiep\data\processed\full_org\original_39_21.png,D:\GitHub\Do_an_tot_nghiep\data\processed\full_forg\forgeries_39_24.png,0,skilled_forgery,39,39
D:\GitHub\Do_an_tot_nghiep\data\processed\full_org\original_24_13.png,D:\GitHub\Do_an_tot_nghiep\data\processed\full_forg\forgeries_24_24.png,0,skilled_forgery,24,24
D:\GitHub\Do_an_tot_nghiep\data\processed\full_org\original_47_18.png,D:\GitHub\Do_an_tot_nghiep\data\processed\full_org\original_47_6.png,1,genuine_genuine,47,47
D:\GitHub\Do_an_tot_nghiep\data\processed\full_org\original_22_19.png,D:\GitHub\Do_an_tot_nghiep\data\processed\full_org\original_55_16.png,0,random_forgery,22,55
D:\GitHub\Do_an_tot_nghiep\data\processed\full_org\original_34_11.png,D:\GitHub\Do_an_tot_nghiep\data\processed\full_org\original_34_5.png,1,genuine_genuine,34,34
D:\GitHub\Do_an_tot_nghiep\data\processed\full_org\original_22_22.png,D:\GitHub\Do_an_tot_nghiep\data\processed\full_forg\forgeries_22_21.png,0,skilled_forgery,22,22
D:\GitHub\Do_an_tot_nghiep\data\processed\full_org\original_46_21.png,D:\GitHub\Do_an_tot_nghiep\data\processed\full_forg\forgeries_46_8.png,0,skilled_forgery,46,46
D:\GitHub\Do_an_tot_nghiep\data\processed\full_org\original_40_20.png,D:\GitHub\Do_an_tot_nghiep\data\processed\full_org\original_40_5.png,1,genuine_genuine,40,40
D:\GitHub\Do_an_tot_nghiep\data\processed\full_org\original_55_12.png,D:\GitHub\Do_an_tot_nghiep\data\processed\full_org\original_55_4.png,1,genuine_genuine,55,55
D:\GitHub\Do_an_tot_nghiep\data\processed\full_org\original_45_22.png,D:\GitHub\Do_an_tot_nghiep\data\processed\full_org\original_45_23.png,1,genuine_genuine,45,45
D:\GitHub\Do_an_tot_nghiep\data\processed\full_org\original_31_7.png,D:\GitHub\Do_an_tot_nghiep\data\processed\full_forg\forgeries_31_1.png,0,skilled_forgery,31,31
D:\GitHub\Do_an_tot_nghiep\data\processed\full_org\original_4_12.png,D:\GitHub\Do_an_tot_nghiep\data\processed\full_forg\forgeries_4_11.png,0,skilled_forgery,4,4
D:\GitHub\Do_an_tot_nghiep\data\processed\full_org\original_31_12.png,D:\GitHub\Do_an_tot_nghiep\data\processed\full_forg\forgeries_31_14.png,0,skilled_forgery,31,31
D:\GitHub\Do_an_tot_nghiep\data\processed\full_org\original_37_7.png,D:\GitHub\Do_an_tot_nghiep\data\processed\full_forg\forgeries_37_10.png,0,skilled_forgery,37,37
D:\GitHub\Do_an_tot_nghiep\data\processed\full_org\original_11_24.png,D:\GitHub\Do_an_tot_nghiep\data\processed\full_org\original_11_8.png,1,genuine_genuine,11,11
D:\GitHub\Do_an_tot_nghiep\data\processed\full_org\original_38_11.png,D:\GitHub\Do_an_tot_nghiep\data\processed\full_org\original_38_7.png,1,genuine_genuine,38,38
D:\GitHub\Do_an_tot_nghiep\data\processed\full_org\original_21_20.png,D:\GitHub\Do_an_tot_nghiep\data\processed\full_org\original_47_17.png,0,random_forgery,21,47
D:\GitHub\Do_an_tot_nghiep\data\processed\full_org\original_36_12.png,D:\GitHub\Do_an_tot_nghiep\data\processed\full_org\original_36_6.png,1,genuine_genuine,36,36
D:\GitHub\Do_an_tot_nghiep\data\processed\full_org\original_45_2.png,D:\GitHub\Do_an_tot_nghiep\data\processed\full_org\original_39_13.png,0,random_forgery,45,39
D:\GitHub\Do_an_tot_nghiep\data\processed\full_org\original_31_22.png,D:\GitHub\Do_an_tot_nghiep\data\processed\full_forg\forgeries_31_13.png,0,skilled_forgery,31,31
D:\GitHub\Do_an_tot_nghiep\data\processed\full_org\original_11_18.png,D:\GitHub\Do_an_tot_nghiep\data\processed\full_forg\forgeries_11_23.png,0,skilled_forgery,11,11
D:\GitHub\Do_an_tot_nghiep\data\processed\full_org\original_51_16.png,D:\GitHub\Do_an_tot_nghiep\data\processed\full_org\original_51_23.png,1,genuine_genuine,51,51
D:\GitHub\Do_an_tot_nghiep\data\processed\full_org\original_25_12.png,D:\GitHub\Do_an_tot_nghiep\data\processed\full_org\original_25_15.png,1,genuine_genuine,25,25
D:\GitHub\Do_an_tot_nghiep\data\processed\full_org\original_45_15.png,D:\GitHub\Do_an_tot_nghiep\data\processed\full_forg\forgeries_45_6.png,0,skilled_forgery,45,45
D:\GitHub\Do_an_tot_nghiep\data\processed\full_org\original_21_4.png,D:\GitHub\Do_an_tot_nghiep\data\processed\full_forg\forgeries_21_20.png,0,skilled_forgery,21,21
D:\GitHub\Do_an_tot_nghiep\data\processed\full_org\original_29_17.png,D:\GitHub\Do_an_tot_nghiep\data\processed\full_org\original_39_18.png,0,random_forgery,29,39
D:\GitHub\Do_an_tot_nghiep\data\processed\full_org\original_10_7.png,D:\GitHub\Do_an_tot_nghiep\data\processed\full_forg\forgeries_10_5.png,0,skilled_forgery,10,10
D:\GitHub\Do_an_tot_nghiep\data\processed\full_org\original_55_12.png,D:\GitHub\Do_an_tot_nghiep\data\processed\full_forg\forgeries_55_1.png,0,skilled_forgery,55,55
D:\GitHub\Do_an_tot_nghiep\data\processed\full_org\original_43_16.png,D:\GitHub\Do_an_tot_nghiep\data\processed\full_org\original_43_3.png,1,genuine_genuine,43,43
D:\GitHub\Do_an_tot_nghiep\data\processed\full_org\original_47_10.png,D:\GitHub\Do_an_tot_nghiep\data\processed\full_org\original_47_23.png,1,genuine_genuine,47,47
D:\GitHub\Do_an_tot_nghiep\data\processed\full_org\original_3_23.png,D:\GitHub\Do_an_tot_nghiep\data\processed\full_org\original_18_20.png,0,random_forgery,3,18
D:\GitHub\Do_an_tot_nghiep\data\processed\full_org\original_29_22.png,D:\GitHub\Do_an_tot_nghiep\data\processed\full_org\original_29_6.png,1,genuine_genuine,29,29
D:\GitHub\Do_an_tot_nghiep\data\processed\full_org\original_17_11.png,D:\GitHub\Do_an_tot_nghiep\data\processed\full_forg\forgeries_17_18.png,0,skilled_forgery,17,17
D:\GitHub\Do_an_tot_nghiep\data\processed\full_org\original_43_20.png,D:\GitHub\Do_an_tot_nghiep\data\processed\full_forg\forgeries_43_15.png,0,skilled_forgery,43,43
D:\GitHub\Do_an_tot_nghiep\data\processed\full_org\original_31_14.png,D:\GitHub\Do_an_tot_nghiep\data\processed\full_forg\forgeries_31_8.png,0,skilled_forgery,31,31
D:\GitHub\Do_an_tot_nghiep\data\processed\full_org\original_39_23.png,D:\GitHub\Do_an_tot_nghiep\data\processed\full_forg\forgeries_39_7.png,0,skilled_forgery,39,39
D:\GitHub\Do_an_tot_nghiep\data\processed\full_org\original_18_11.png,D:\GitHub\Do_an_tot_nghiep\data\processed\full_org\original_7_6.png,0,random_forgery,18,7
D:\GitHub\Do_an_tot_nghiep\data\processed\full_org\original_7_4.png,D:\GitHub\Do_an_tot_nghiep\data\processed\full_forg\forgeries_7_23.png,0,skilled_forgery,7,7
D:\GitHub\Do_an_tot_nghiep\data\processed\full_org\original_46_1.png,D:\GitHub\Do_an_tot_nghiep\data\processed\full_org\original_46_11.png,1,genuine_genuine,46,46
D:\GitHub\Do_an_tot_nghiep\data\processed\full_org\original_12_20.png,D:\GitHub\Do_an_tot_nghiep\data\processed\full_forg\forgeries_12_3.png,0,skilled_forgery,12,12
D:\GitHub\Do_an_tot_nghiep\data\processed\full_org\original_37_2.png,D:\GitHub\Do_an_tot_nghiep\data\processed\full_org\original_37_24.png,1,genuine_genuine,37,37
D:\GitHub\Do_an_tot_nghiep\data\processed\full_org\original_1_10.png,D:\GitHub\Do_an_tot_nghiep\data\processed\full_org\original_1_3.png,1,genuine_genuine,1,1
D:\GitHub\Do_an_tot_nghiep\data\processed\full_org\original_53_9.png,D:\GitHub\Do_an_tot_nghiep\data\processed\full_org\original_18_14.png,0,random_forgery,53,18
D:\GitHub\Do_an_tot_nghiep\data\processed\full_org\original_7_11.png,D:\GitHub\Do_an_tot_nghiep\data\processed\full_forg\forgeries_7_17.png,0,skilled_forgery,7,7
D:\GitHub\Do_an_tot_nghiep\data\processed\full_org\original_19_5.png,D:\GitHub\Do_an_tot_nghiep\data\processed\full_org\original_24_2.png,0,random_forgery,19,24
D:\GitHub\Do_an_tot_nghiep\data\processed\full_org\original_37_24.png,D:\GitHub\Do_an_tot_nghiep\data\processed\full_org\original_37_3.png,1,genuine_genuine,37,37
D:\GitHub\Do_an_tot_nghiep\data\processed\full_org\original_17_20.png,D:\GitHub\Do_an_tot_nghiep\data\processed\full_forg\forgeries_17_3.png,0,skilled_forgery,17,17
D:\GitHub\Do_an_tot_nghiep\data\processed\full_org\original_21_13.png,D:\GitHub\Do_an_tot_nghiep\data\processed\full_org\original_21_14.png,1,genuine_genuine,21,21
D:\GitHub\Do_an_tot_nghiep\data\processed\full_org\original_38_21.png,D:\GitHub\Do_an_tot_nghiep\data\processed\full_org\original_38_6.png,1,genuine_genuine,38,38
D:\GitHub\Do_an_tot_nghiep\data\processed\full_org\original_45_13.png,D:\GitHub\Do_an_tot_nghiep\data\processed\full_forg\forgeries_45_17.png,0,skilled_forgery,45,45
D:\GitHub\Do_an_tot_nghiep\data\processed\full_org\original_25_13.png,D:\GitHub\Do_an_tot_nghiep\data\processed\full_org\original_25_8.png,1,genuine_genuine,25,25
D:\GitHub\Do_an_tot_nghiep\data\processed\full_org\original_37_14.png,D:\GitHub\Do_an_tot_nghiep\data\processed\full_org\original_21_1.png,0,random_forgery,37,21
D:\GitHub\Do_an_tot_nghiep\data\processed\full_org\original_12_16.png,D:\GitHub\Do_an_tot_nghiep\data\processed\full_forg\forgeries_12_15.png,0,skilled_forgery,12,12
D:\GitHub\Do_an_tot_nghiep\data\processed\full_org\original_53_3.png,D:\GitHub\Do_an_tot_nghiep\data\processed\full_org\original_18_16.png,0,random_forgery,53,18
D:\GitHub\Do_an_tot_nghiep\data\processed\full_org\original_26_20.png,D:\GitHub\Do_an_tot_nghiep\data\processed\full_org\original_17_15.png,0,random_forgery,26,17
D:\GitHub\Do_an_tot_nghiep\data\processed\full_org\original_3_17.png,D:\GitHub\Do_an_tot_nghiep\data\processed\full_org\original_3_6.png,1,genuine_genuine,3,3
D:\GitHub\Do_an_tot_nghiep\data\processed\full_org\original_46_5.png,D:\GitHub\Do_an_tot_nghiep\data\processed\full_org\original_46_7.png,1,genuine_genuine,46,46
D:\GitHub\Do_an_tot_nghiep\data\processed\full_org\original_49_4.png,D:\GitHub\Do_an_tot_nghiep\data\processed\full_forg\forgeries_49_6.png,0,skilled_forgery,49,49
D:\GitHub\Do_an_tot_nghiep\data\processed\full_org\original_55_13.png,D:\GitHub\Do_an_tot_nghiep\data\processed\full_forg\forgeries_55_24.png,0,skilled_forgery,55,55
D:\GitHub\Do_an_tot_nghiep\data\processed\full_org\original_34_11.png,D:\GitHub\Do_an_tot_nghiep\data\processed\full_org\original_34_15.png,1,genuine_genuine,34,34
D:\GitHub\Do_an_tot_nghiep\data\processed\full_org\original_24_20.png,D:\GitHub\Do_an_tot_nghiep\data\processed\full_org\original_12_2.png,0,random_forgery,24,12
D:\GitHub\Do_an_tot_nghiep\data\processed\full_org\original_5_15.png,D:\GitHub\Do_an_tot_nghiep\data\processed\full_org\original_5_21.png,1,genuine_genuine,5,5
D:\GitHub\Do_an_tot_nghiep\data\processed\full_org\original_21_16.png,D:\GitHub\Do_an_tot_nghiep\data\processed\full_org\original_21_21.png,1,genuine_genuine,21,21
D:\GitHub\Do_an_tot_nghiep\data\processed\full_org\original_7_10.png,D:\GitHub\Do_an_tot_nghiep\data\processed\full_forg\forgeries_7_20.png,0,skilled_forgery,7,7
D:\GitHub\Do_an_tot_nghiep\data\processed\full_org\original_34_13.png,D:\GitHub\Do_an_tot_nghiep\data\processed\full_forg\forgeries_34_23.png,0,skilled_forgery,34,34
D:\GitHub\Do_an_tot_nghiep\data\processed\full_org\original_26_18.png,D:\GitHub\Do_an_tot_nghiep\data\processed\full_org\original_26_5.png,1,genuine_genuine,26,26
D:\GitHub\Do_an_tot_nghiep\data\processed\full_org\original_47_13.png,D:\GitHub\Do_an_tot_nghiep\data\processed\full_org\original_19_24.png,0,random_forgery,47,19
D:\GitHub\Do_an_tot_nghiep\data\processed\full_org\original_18_17.png,D:\GitHub\Do_an_tot_nghiep\data\processed\full_org\original_12_11.png,0,random_forgery,18,12
D:\GitHub\Do_an_tot_nghiep\data\processed\full_org\original_19_10.png,D:\GitHub\Do_an_tot_nghiep\data\processed\full_org\original_19_12.png,1,genuine_genuine,19,19
D:\GitHub\Do_an_tot_nghiep\data\processed\full_org\original_21_5.png,D:\GitHub\Do_an_tot_nghiep\data\processed\full_org\original_3_14.png,0,random_forgery,21,3
D:\GitHub\Do_an_tot_nghiep\data\processed\full_org\original_16_4.png,D:\GitHub\Do_an_tot_nghiep\data\processed\full_forg\forgeries_16_1.png,0,skilled_forgery,16,16
D:\GitHub\Do_an_tot_nghiep\data\processed\full_org\original_49_16.png,D:\GitHub\Do_an_tot_nghiep\data\processed\full_forg\forgeries_49_2.png,0,skilled_forgery,49,49
